customer_id,document_type,document_number,issue_date,expiry_date,verification_status,verified_by,verification_date,uploaded_at,document_expired,uploaded_via,rejection_reason,document_path
605,Passport,H7962151,2023-11-13,2033-11-13,Rejected,28.0,2023-12-08,2023-11-18,0,Internet Banking,Document details mismatch,documents/kyc/CUST_605/Passport/605_696633.pdf
918,Driving License,DL405032574003,2024-05-03,2029-05-03,Verified,35.0,2024-05-14,2024-06-01,0,Mobile App,,documents/kyc/CUST_918/Driving_License/918_845419.pdf
216,Passport,D9791831,2020-01-26,2030-01-26,Pending,,,2020-02-25,0,Mobile App,,documents/kyc/CUST_216/Passport/216_661875.pdf
432,Passport,A8654601,2018-09-09,2028-09-09,Verified,34.0,2018-10-08,2018-09-21,0,Branch,,documents/kyc/CUST_432/Passport/432_598025.pdf
689,Driving License,DL596793948980,2012-03-07,2022-03-07,Verified,75.0,2012-03-29,2012-04-01,1,Mobile App,,documents/kyc/CUST_689/Driving_License/689_192346.pdf
630,Passport,K1317761,2010-05-13,2020-05-13,Pending,,,2010-05-18,1,Branch,,documents/kyc/CUST_630/Passport/630_965582.pdf
921,PAN,HDWGS3519O,2014-08-06,,Pending,,,2014-08-16,0,Mobile App,,documents/kyc/CUST_921/PAN/921_570399.pdf
494,Passport,D3446487,2011-07-23,2016-07-23,Rejected,57.0,2011-08-04,2011-07-26,1,Mobile App,Verification failed,documents/kyc/CUST_494/Passport/494_823081.pdf
322,Passport,D8809603,2022-07-08,2027-07-08,Verified,69.0,2022-07-17,2022-08-04,0,Mobile App,,documents/kyc/CUST_322/Passport/322_574587.pdf
160,Passport,X3800073,2013-07-24,2018-07-24,Verified,62.0,2013-08-12,2013-08-23,1,Mobile App,,documents/kyc/CUST_160/Passport/160_123827.pdf
886,Aadhaar,770835323491,2010-09-24,,Pending,,,2010-09-27,0,Mobile App,,documents/kyc/CUST_886/Aadhaar/886_632013.pdf
740,Voter ID,VID995753129211,2012-11-14,2022-11-14,Verified,97.0,2012-11-15,2012-11-29,1,Mobile App,,documents/kyc/CUST_740/Voter_ID/740_508555.pdf
751,Voter ID,VID132618565541,2012-05-12,2022-05-12,Verified,29.0,2012-05-16,2012-05-19,1,Mobile App,,documents/kyc/CUST_751/Voter_ID/751_860100.pdf
540,Voter ID,VID714792439014,2010-08-21,2020-08-21,Verified,59.0,2010-08-26,2010-09-06,1,Mobile App,,documents/kyc/CUST_540/Voter_ID/540_641334.pdf
488,PAN,EWSVY6831Z,2013-09-09,,Verified,87.0,2013-09-23,2013-09-30,0,Mobile App,,documents/kyc/CUST_488/PAN/488_434105.pdf
602,Aadhaar,121333045991,2018-11-11,,Verified,61.0,2018-12-06,2018-12-08,0,Mobile App,,documents/kyc/CUST_602/Aadhaar/602_347089.pdf
880,Driving License,DL462187912302,2026-06-15,2036-06-15,Verified,67.0,2026-06-23,2026-06-15,0,Mobile App,,documents/kyc/CUST_880/Driving_License/880_824219.pdf
646,Driving License,DL673897440966,2011-04-05,2021-04-05,Verified,57.0,2011-04-19,2011-05-05,1,Mobile App,,documents/kyc/CUST_646/Driving_License/646_667348.pdf
324,Aadhaar,573819431354,2026-04-30,,Pending,,,2026-05-28,0,Mobile App,,documents/kyc/CUST_324/Aadhaar/324_733795.pdf
14,Driving License,DL144298757107,2021-01-02,2026-01-02,Pending,,,2021-01-13,1,Internet Banking,,documents/kyc/CUST_14/Driving_License/14_680535.pdf
129,Voter ID,VID198859192001,2021-08-05,2031-08-05,Verified,90.0,2021-08-16,2021-08-07,0,Internet Banking,,documents/kyc/CUST_129/Voter_ID/129_878691.pdf
1000,PAN,GZJHS7857U,2022-02-26,,Verified,4.0,2022-03-08,2022-03-20,0,Internet Banking,,documents/kyc/CUST_1000/PAN/1000_928446.pdf
602,PAN,TGGEF8614G,2024-12-03,,Verified,88.0,2024-12-10,2024-12-04,0,Mobile App,,documents/kyc/CUST_602/PAN/602_324072.pdf
370,PAN,WDTIU6945P,2010-12-17,,Verified,77.0,2010-12-18,2011-01-01,0,Branch,,documents/kyc/CUST_370/PAN/370_988986.pdf
725,Driving License,DL407856406477,2022-05-09,2027-05-09,Verified,24.0,2022-06-05,2022-05-09,0,Internet Banking,,documents/kyc/CUST_725/Driving_License/725_207978.pdf
790,Aadhaar,752733999306,2025-04-12,,Verified,76.0,2025-05-12,2025-04-18,0,Mobile App,,documents/kyc/CUST_790/Aadhaar/790_147546.pdf
150,Aadhaar,114365745465,2012-12-04,,Verified,51.0,2012-12-07,2012-12-06,0,Mobile App,,documents/kyc/CUST_150/Aadhaar/150_379789.pdf
433,PAN,SDOPI7162B,2011-02-02,,Verified,97.0,2011-03-01,2011-03-01,0,Mobile App,,documents/kyc/CUST_433/PAN/433_633604.pdf
108,PAN,NHHCS1833M,2013-04-05,,Verified,4.0,2013-05-02,2013-04-05,0,Branch,,documents/kyc/CUST_108/PAN/108_368822.pdf
450,PAN,CVHUC3287W,2022-07-15,,Verified,5.0,2022-07-24,2022-07-24,0,Branch,,documents/kyc/CUST_450/PAN/450_195481.pdf
112,Voter ID,VID732082847639,2013-06-03,2023-06-03,Verified,11.0,2013-06-13,2013-07-02,1,Branch,,documents/kyc/CUST_112/Voter_ID/112_318007.pdf
756,Aadhaar,442201432309,2023-11-09,,Verified,60.0,2023-12-07,2023-11-21,0,Mobile App,,documents/kyc/CUST_756/Aadhaar/756_301144.pdf
588,Passport,H7344241,2010-11-19,2015-11-19,Verified,16.0,2010-11-23,2010-12-09,1,Branch,,documents/kyc/CUST_588/Passport/588_407608.pdf
75,Aadhaar,149939107404,2023-06-01,,Rejected,13.0,2023-06-09,2023-06-07,0,Internet Banking,Document expired,documents/kyc/CUST_75/Aadhaar/75_723531.pdf
345,PAN,LEUWR9151M,2014-09-24,,Verified,13.0,2014-10-19,2014-09-29,0,Branch,,documents/kyc/CUST_345/PAN/345_424298.pdf
527,Aadhaar,752509300538,2014-11-18,,Failed,84.0,2014-11-21,2014-12-05,0,Mobile App,Document image unclear,documents/kyc/CUST_527/Aadhaar/527_598533.pdf
355,Passport,B9264423,2024-06-18,2034-06-18,Verified,74.0,2024-07-11,2024-06-26,0,Branch,,documents/kyc/CUST_355/Passport/355_979930.pdf
167,Voter ID,VID165532995572,2025-03-02,2035-03-02,Verified,43.0,2025-03-30,2025-03-13,0,Mobile App,,documents/kyc/CUST_167/Voter_ID/167_798514.pdf
396,Driving License,DL174238678792,2016-12-30,2036-12-30,Verified,38.0,2017-01-25,2017-01-22,0,Mobile App,,documents/kyc/CUST_396/Driving_License/396_474944.pdf
590,Voter ID,VID456928930478,2017-05-16,2027-05-16,Verified,64.0,2017-05-21,2017-06-07,0,Branch,,documents/kyc/CUST_590/Voter_ID/590_682929.pdf
278,Driving License,DL972808740527,2026-08-14,2036-08-14,Verified,13.0,2026-08-15,2026-08-15,0,Branch,,documents/kyc/CUST_278/Driving_License/278_241113.pdf
865,Driving License,DL953621070592,2017-07-07,2027-07-07,Verified,98.0,2017-07-08,2017-07-11,0,Mobile App,,documents/kyc/CUST_865/Driving_License/865_607179.pdf
558,Voter ID,VID188511894975,2022-10-14,2027-10-14,Verified,85.0,2022-11-07,2022-10-27,0,Mobile App,,documents/kyc/CUST_558/Voter_ID/558_408692.pdf
634,Driving License,DL107417722499,2016-02-12,2026-02-12,Verified,86.0,2016-02-28,2016-02-13,1,Mobile App,,documents/kyc/CUST_634/Driving_License/634_777405.pdf
795,Driving License,DL817839630412,2010-05-11,2030-05-11,Verified,43.0,2010-06-06,2010-05-18,0,Mobile App,,documents/kyc/CUST_795/Driving_License/795_480873.pdf
776,Aadhaar,961596546691,2012-08-13,,Verified,24.0,2012-08-16,2012-08-16,0,Branch,,documents/kyc/CUST_776/Aadhaar/776_421129.pdf
22,Driving License,DL277437278458,2010-11-20,2020-11-20,Pending,,,2010-12-04,1,Internet Banking,,documents/kyc/CUST_22/Driving_License/22_349959.pdf
93,Aadhaar,787251755578,2024-09-02,,Verified,45.0,2024-09-09,2024-09-16,0,Internet Banking,,documents/kyc/CUST_93/Aadhaar/93_175940.pdf
881,Aadhaar,892475592410,2012-07-07,,Verified,94.0,2012-08-03,2012-07-23,0,Mobile App,,documents/kyc/CUST_881/Aadhaar/881_923351.pdf
92,Driving License,DL780490346728,2025-05-23,2045-05-23,Verified,98.0,2025-05-31,2025-05-27,0,Mobile App,,documents/kyc/CUST_92/Driving_License/92_552800.pdf
188,Aadhaar,606779334673,2026-06-23,,Verified,68.0,2026-06-29,2026-07-13,0,Branch,,documents/kyc/CUST_188/Aadhaar/188_772977.pdf
106,Voter ID,VID260266058010,2012-12-31,2022-12-31,Verified,88.0,2013-01-29,2013-01-04,1,Internet Banking,,documents/kyc/CUST_106/Voter_ID/106_431396.pdf
103,Voter ID,VID427221428165,2020-07-23,2025-07-23,Failed,84.0,2020-08-15,2020-08-09,1,Mobile App,Document image unclear,documents/kyc/CUST_103/Voter_ID/103_555679.pdf
320,PAN,NQIOL7798R,2015-07-02,,Verified,27.0,2015-07-26,2015-07-17,0,Mobile App,,documents/kyc/CUST_320/PAN/320_803732.pdf
465,Passport,S2323221,2010-10-01,2015-10-01,Verified,78.0,2010-10-18,2010-10-01,1,Mobile App,,documents/kyc/CUST_465/Passport/465_638269.pdf
199,Driving License,DL942680024782,2022-12-08,2032-12-08,Rejected,3.0,2023-01-02,2022-12-12,0,Branch,Verification failed,documents/kyc/CUST_199/Driving_License/199_955875.pdf
697,Voter ID,VID222184133841,2013-12-15,2018-12-15,Pending,,,2014-01-08,1,Mobile App,,documents/kyc/CUST_697/Voter_ID/697_797185.pdf
692,Driving License,DL894851538671,2025-08-25,2035-08-25,Verified,14.0,2025-09-10,2025-09-03,0,Mobile App,,documents/kyc/CUST_692/Driving_License/692_944338.pdf
369,PAN,LIEJJ3670B,2016-01-05,,Verified,38.0,2016-02-04,2016-01-08,0,Mobile App,,documents/kyc/CUST_369/PAN/369_447260.pdf
830,Aadhaar,354774437438,2022-01-24,,Verified,30.0,2022-02-22,2022-02-09,0,Mobile App,,documents/kyc/CUST_830/Aadhaar/830_471469.pdf
763,Passport,P6904394,2025-09-10,2035-09-10,Verified,6.0,2025-10-06,2025-10-05,0,Mobile App,,documents/kyc/CUST_763/Passport/763_141678.pdf
677,Aadhaar,790601024916,2024-05-26,,Verified,74.0,2024-06-20,2024-06-09,0,Mobile App,,documents/kyc/CUST_677/Aadhaar/677_640419.pdf
882,Passport,J9157233,2024-08-20,2034-08-20,Verified,61.0,2024-08-29,2024-08-21,0,Branch,,documents/kyc/CUST_882/Passport/882_812597.pdf
963,Voter ID,VID665271850906,2026-07-18,2031-07-18,Verified,26.0,2026-08-14,2026-07-22,0,Internet Banking,,documents/kyc/CUST_963/Voter_ID/963_638736.pdf
525,Driving License,DL392180575162,2012-12-09,2017-12-09,Verified,37.0,2013-01-02,2012-12-28,1,Mobile App,,documents/kyc/CUST_525/Driving_License/525_815886.pdf
973,Aadhaar,426380181607,2022-09-02,,Verified,37.0,2022-09-14,2022-09-15,0,Mobile App,,documents/kyc/CUST_973/Aadhaar/973_843831.pdf
807,Aadhaar,420438150722,2013-12-07,,Verified,98.0,2014-01-01,2013-12-30,0,Branch,,documents/kyc/CUST_807/Aadhaar/807_190786.pdf
221,Voter ID,VID880869411486,2012-05-13,2017-05-13,Verified,87.0,2012-05-23,2012-06-01,1,Mobile App,,documents/kyc/CUST_221/Voter_ID/221_225266.pdf
596,Aadhaar,872740820396,2017-01-07,,Verified,67.0,2017-01-28,2017-01-16,0,Mobile App,,documents/kyc/CUST_596/Aadhaar/596_640699.pdf
424,Passport,D8230716,2020-11-09,2025-11-09,Verified,22.0,2020-11-23,2020-11-17,1,Branch,,documents/kyc/CUST_424/Passport/424_367918.pdf
619,Voter ID,VID747231785881,2013-03-29,2018-03-29,Verified,3.0,2013-04-18,2013-04-07,1,Internet Banking,,documents/kyc/CUST_619/Voter_ID/619_850859.pdf
344,Voter ID,VID133174109256,2010-06-20,2020-06-20,Verified,86.0,2010-07-05,2010-06-21,1,Mobile App,,documents/kyc/CUST_344/Voter_ID/344_170168.pdf
736,Driving License,DL957474019069,2017-09-01,2027-09-01,Verified,74.0,2017-09-28,2017-09-10,0,Branch,,documents/kyc/CUST_736/Driving_License/736_754409.pdf
329,PAN,TQTVQ5716M,2014-04-29,,Verified,99.0,2014-05-15,2014-05-29,0,Branch,,documents/kyc/CUST_329/PAN/329_964070.pdf
702,Passport,S8346054,2021-03-13,2031-03-13,Verified,21.0,2021-03-24,2021-03-18,0,Mobile App,,documents/kyc/CUST_702/Passport/702_659551.pdf
593,Aadhaar,834216744161,2022-07-19,,Rejected,62.0,2022-07-22,2022-08-02,0,Mobile App,Document expired,documents/kyc/CUST_593/Aadhaar/593_808367.pdf
439,Passport,Z6924646,2019-10-06,2024-10-06,Pending,,,2019-10-12,1,Mobile App,,documents/kyc/CUST_439/Passport/439_530460.pdf
971,PAN,IDIAE7983L,2015-12-31,,Verified,11.0,2016-01-10,2016-01-30,0,Mobile App,,documents/kyc/CUST_971/PAN/971_404377.pdf
418,PAN,OMAKQ7904C,2020-12-23,,Verified,44.0,2021-01-17,2021-01-03,0,Mobile App,,documents/kyc/CUST_418/PAN/418_179408.pdf
534,Aadhaar,115857814745,2023-03-10,,Pending,,,2023-03-17,0,Mobile App,,documents/kyc/CUST_534/Aadhaar/534_537422.pdf
314,Voter ID,VID875223559641,2024-08-15,2034-08-15,Verified,25.0,2024-09-14,2024-09-08,0,Branch,,documents/kyc/CUST_314/Voter_ID/314_171440.pdf
894,Aadhaar,401253445448,2012-04-30,,Verified,91.0,2012-05-04,2012-05-09,0,Internet Banking,,documents/kyc/CUST_894/Aadhaar/894_153714.pdf
798,Voter ID,VID442822173407,2022-04-07,2032-04-07,Verified,61.0,2022-05-01,2022-04-21,0,Branch,,documents/kyc/CUST_798/Voter_ID/798_871067.pdf
888,Voter ID,VID436886525174,2012-11-19,2017-11-19,Verified,46.0,2012-11-21,2012-12-06,1,Branch,,documents/kyc/CUST_888/Voter_ID/888_572468.pdf
804,Voter ID,VID609464181291,2016-12-12,2021-12-12,Verified,96.0,2016-12-14,2016-12-27,1,Mobile App,,documents/kyc/CUST_804/Voter_ID/804_341861.pdf
785,Passport,D4223556,2014-10-08,2019-10-08,Verified,27.0,2014-10-13,2014-10-16,1,Branch,,documents/kyc/CUST_785/Passport/785_388182.pdf
850,PAN,POOIL6258Q,2022-08-18,,Verified,42.0,2022-09-11,2022-09-11,0,Mobile App,,documents/kyc/CUST_850/PAN/850_806917.pdf
746,Driving License,DL354098737397,2017-03-12,2037-03-12,Verified,95.0,2017-03-15,2017-03-24,0,Mobile App,,documents/kyc/CUST_746/Driving_License/746_279161.pdf
469,Driving License,DL167505959830,2025-11-16,2035-11-16,Rejected,13.0,2025-12-16,2025-12-06,0,Mobile App,Document details mismatch,documents/kyc/CUST_469/Driving_License/469_291610.pdf
689,Voter ID,VID817990735031,2018-07-05,2028-07-05,Verified,52.0,2018-07-09,2018-08-04,0,Internet Banking,,documents/kyc/CUST_689/Voter_ID/689_894803.pdf
684,Driving License,DL615505557227,2018-09-12,2028-09-12,Verified,53.0,2018-10-02,2018-09-30,0,Branch,,documents/kyc/CUST_684/Driving_License/684_993470.pdf
857,Voter ID,VID470638577207,2023-01-02,2028-01-02,Verified,51.0,2023-01-12,2023-01-19,0,Mobile App,,documents/kyc/CUST_857/Voter_ID/857_718282.pdf
627,Aadhaar,707885394081,2013-07-01,,Failed,28.0,2013-07-09,2013-07-17,0,Mobile App,Document details mismatch,documents/kyc/CUST_627/Aadhaar/627_690755.pdf
669,Passport,I1735848,2017-06-18,2022-06-18,Pending,,,2017-06-29,1,Mobile App,,documents/kyc/CUST_669/Passport/669_951965.pdf
598,Voter ID,VID106933872939,2015-06-10,2020-06-10,Verified,97.0,2015-07-08,2015-07-10,1,Branch,,documents/kyc/CUST_598/Voter_ID/598_863387.pdf
274,Passport,X1685234,2014-08-29,2024-08-29,Pending,,,2014-09-19,1,Internet Banking,,documents/kyc/CUST_274/Passport/274_390256.pdf
926,Aadhaar,778699565459,2011-05-22,,Verified,27.0,2011-06-15,2011-06-11,0,Internet Banking,,documents/kyc/CUST_926/Aadhaar/926_728558.pdf
122,PAN,KQQKU2368J,2026-04-01,,Pending,,,2026-04-22,0,Mobile App,,documents/kyc/CUST_122/PAN/122_507016.pdf
874,PAN,KXROI5489S,2025-09-16,,Verified,54.0,2025-10-03,2025-09-30,0,Mobile App,,documents/kyc/CUST_874/PAN/874_186935.pdf
49,PAN,QIYDZ2542J,2011-08-19,,Verified,7.0,2011-09-18,2011-09-16,0,Mobile App,,documents/kyc/CUST_49/PAN/49_379016.pdf
243,Voter ID,VID580525404442,2022-02-06,2027-02-06,Verified,31.0,2022-02-27,2022-02-07,0,Mobile App,,documents/kyc/CUST_243/Voter_ID/243_714978.pdf
326,Driving License,DL955888101620,2019-09-07,2039-09-07,Pending,,,2019-09-19,0,Internet Banking,,documents/kyc/CUST_326/Driving_License/326_974119.pdf
788,Driving License,DL740094492103,2025-04-14,2045-04-14,Rejected,93.0,2025-04-19,2025-04-29,0,Mobile App,Invalid document,documents/kyc/CUST_788/Driving_License/788_945440.pdf
482,Driving License,DL758761203709,2016-07-30,2036-07-30,Verified,33.0,2016-08-04,2016-08-27,0,Mobile App,,documents/kyc/CUST_482/Driving_License/482_406755.pdf
307,Aadhaar,903824961165,2018-08-14,,Verified,85.0,2018-08-19,2018-09-06,0,Mobile App,,documents/kyc/CUST_307/Aadhaar/307_365750.pdf
603,Driving License,DL105322300134,2010-11-03,2015-11-03,Failed,21.0,2010-11-14,2010-11-30,1,Internet Banking,Document expired,documents/kyc/CUST_603/Driving_License/603_374666.pdf
81,Voter ID,VID300809452492,2011-07-27,2021-07-27,Verified,11.0,2011-07-30,2011-08-18,1,Internet Banking,,documents/kyc/CUST_81/Voter_ID/81_209725.pdf
980,Voter ID,VID840960498215,2013-09-09,2023-09-09,Verified,2.0,2013-10-03,2013-09-30,1,Mobile App,,documents/kyc/CUST_980/Voter_ID/980_723726.pdf
671,Aadhaar,496315762260,2016-09-28,,Verified,31.0,2016-09-30,2016-09-29,0,Internet Banking,,documents/kyc/CUST_671/Aadhaar/671_809204.pdf
315,Driving License,DL141376122552,2022-08-11,2027-08-11,Verified,49.0,2022-08-20,2022-08-17,0,Mobile App,,documents/kyc/CUST_315/Driving_License/315_500130.pdf
30,Driving License,DL437984853568,2011-05-23,2021-05-23,Verified,6.0,2011-06-15,2011-06-12,1,Internet Banking,,documents/kyc/CUST_30/Driving_License/30_538700.pdf
170,PAN,TWDGT6489E,2012-08-10,,Verified,3.0,2012-08-19,2012-08-14,0,Branch,,documents/kyc/CUST_170/PAN/170_791347.pdf
285,Driving License,DL475301389890,2014-06-04,2019-06-04,Verified,83.0,2014-06-25,2014-06-11,1,Mobile App,,documents/kyc/CUST_285/Driving_License/285_285476.pdf
215,Passport,H3456463,2025-09-25,2035-09-25,Verified,39.0,2025-10-21,2025-10-04,0,Branch,,documents/kyc/CUST_215/Passport/215_504920.pdf
760,Aadhaar,815563938814,2016-10-25,,Verified,68.0,2016-11-04,2016-11-21,0,Branch,,documents/kyc/CUST_760/Aadhaar/760_606673.pdf
930,Voter ID,VID651298592329,2013-11-17,2023-11-17,Verified,53.0,2013-11-23,2013-12-01,1,Internet Banking,,documents/kyc/CUST_930/Voter_ID/930_506805.pdf
871,PAN,FRVWX7056K,2019-05-15,,Verified,30.0,2019-06-12,2019-05-19,0,Mobile App,,documents/kyc/CUST_871/PAN/871_312109.pdf
429,Passport,X8115796,2019-06-04,2024-06-04,Verified,96.0,2019-06-07,2019-06-25,1,Internet Banking,,documents/kyc/CUST_429/Passport/429_903073.pdf
910,Voter ID,VID730523387202,2012-10-11,2017-10-11,Rejected,13.0,2012-11-10,2012-10-20,1,Mobile App,Document image unclear,documents/kyc/CUST_910/Voter_ID/910_708327.pdf
128,PAN,YGVMY8675G,2020-01-10,,Verified,4.0,2020-01-30,2020-01-19,0,Mobile App,,documents/kyc/CUST_128/PAN/128_924984.pdf
747,Passport,S9464458,2025-10-27,2035-10-27,Pending,,,2025-11-06,0,Branch,,documents/kyc/CUST_747/Passport/747_103529.pdf
108,Aadhaar,922582509875,2025-03-29,,Verified,9.0,2025-03-31,2025-04-28,0,Mobile App,,documents/kyc/CUST_108/Aadhaar/108_272283.pdf
215,PAN,MGDRE6824X,2016-04-27,,Verified,96.0,2016-05-11,2016-05-24,0,Mobile App,,documents/kyc/CUST_215/PAN/215_299524.pdf
311,PAN,XBJKC1221M,2018-08-30,,Verified,1.0,2018-09-01,2018-09-07,0,Branch,,documents/kyc/CUST_311/PAN/311_520177.pdf
183,PAN,IUFXS4534Q,2025-05-27,,Verified,71.0,2025-06-07,2025-06-21,0,Mobile App,,documents/kyc/CUST_183/PAN/183_180490.pdf
283,PAN,RTQBV1460L,2014-01-27,,Verified,74.0,2014-02-09,2014-02-24,0,Mobile App,,documents/kyc/CUST_283/PAN/283_832018.pdf
713,Aadhaar,843658736153,2015-06-28,,Verified,47.0,2015-07-04,2015-07-10,0,Mobile App,,documents/kyc/CUST_713/Aadhaar/713_279368.pdf
27,Voter ID,VID954393490176,2011-03-10,2021-03-10,Verified,57.0,2011-03-30,2011-03-18,1,Mobile App,,documents/kyc/CUST_27/Voter_ID/27_949421.pdf
391,Aadhaar,727520152178,2024-06-05,,Verified,79.0,2024-06-30,2024-06-29,0,Mobile App,,documents/kyc/CUST_391/Aadhaar/391_677067.pdf
220,Driving License,DL452105716400,2018-04-11,2038-04-11,Verified,17.0,2018-04-25,2018-05-01,0,Internet Banking,,documents/kyc/CUST_220/Driving_License/220_846376.pdf
153,PAN,ZQBGJ7679L,2018-02-19,,Verified,61.0,2018-02-28,2018-03-06,0,Mobile App,,documents/kyc/CUST_153/PAN/153_802111.pdf
815,PAN,FWHNS3839N,2015-11-29,,Failed,56.0,2015-12-08,2015-12-07,0,Branch,Document expired,documents/kyc/CUST_815/PAN/815_413004.pdf
835,Passport,M9648863,2018-10-08,2028-10-08,Pending,,,2018-11-07,0,Internet Banking,,documents/kyc/CUST_835/Passport/835_875572.pdf
814,Aadhaar,434795404285,2014-01-30,,Verified,89.0,2014-02-04,2014-02-03,0,Mobile App,,documents/kyc/CUST_814/Aadhaar/814_829361.pdf
846,Passport,A2504114,2024-12-16,2034-12-16,Verified,74.0,2025-01-10,2025-01-11,0,Internet Banking,,documents/kyc/CUST_846/Passport/846_850266.pdf
447,Voter ID,VID492915118101,2020-04-14,2025-04-14,Verified,45.0,2020-05-09,2020-04-21,1,Branch,,documents/kyc/CUST_447/Voter_ID/447_317017.pdf
785,Voter ID,VID700237035810,2010-06-27,2020-06-27,Verified,20.0,2010-07-17,2010-07-11,1,Mobile App,,documents/kyc/CUST_785/Voter_ID/785_115189.pdf
500,Aadhaar,171705502201,2024-02-18,,Verified,44.0,2024-03-03,2024-02-25,0,Branch,,documents/kyc/CUST_500/Aadhaar/500_372266.pdf
151,Driving License,DL710709590645,2014-09-08,2034-09-08,Verified,39.0,2014-09-18,2014-10-07,0,Internet Banking,,documents/kyc/CUST_151/Driving_License/151_753409.pdf
187,Aadhaar,624097317406,2014-02-23,,Verified,3.0,2014-03-04,2014-02-25,0,Mobile App,,documents/kyc/CUST_187/Aadhaar/187_946805.pdf
555,Aadhaar,419185249333,2020-07-19,,Pending,,,2020-08-04,0,Mobile App,,documents/kyc/CUST_555/Aadhaar/555_586549.pdf
335,Voter ID,VID465990923341,2024-06-02,2034-06-02,Verified,80.0,2024-06-05,2024-06-19,0,Internet Banking,,documents/kyc/CUST_335/Voter_ID/335_618752.pdf
579,Passport,W8081397,2020-05-05,2025-05-05,Verified,79.0,2020-05-06,2020-06-03,1,Mobile App,,documents/kyc/CUST_579/Passport/579_297709.pdf
699,Driving License,DL306100074852,2026-07-05,2036-07-05,Verified,61.0,2026-07-23,2026-07-30,0,Branch,,documents/kyc/CUST_699/Driving_License/699_441799.pdf
484,Voter ID,VID723634223625,2015-07-31,2025-07-31,Pending,,,2015-08-30,1,Branch,,documents/kyc/CUST_484/Voter_ID/484_301399.pdf
252,Passport,E2185737,2019-11-02,2024-11-02,Verified,8.0,2019-11-25,2019-11-22,1,Mobile App,,documents/kyc/CUST_252/Passport/252_498976.pdf
557,Driving License,DL175117881333,2019-08-25,2039-08-25,Verified,93.0,2019-09-21,2019-09-07,0,Internet Banking,,documents/kyc/CUST_557/Driving_License/557_676498.pdf
832,Passport,A3497720,2020-03-23,2030-03-23,Verified,82.0,2020-03-31,2020-04-19,0,Branch,,documents/kyc/CUST_832/Passport/832_280796.pdf
155,Passport,Y3775182,2019-02-01,2029-02-01,Verified,100.0,2019-02-07,2019-02-15,0,Branch,,documents/kyc/CUST_155/Passport/155_176676.pdf
105,Voter ID,VID209251140290,2014-06-23,2024-06-23,Verified,66.0,2014-07-05,2014-07-23,1,Branch,,documents/kyc/CUST_105/Voter_ID/105_642899.pdf
132,Passport,Q4029300,2025-10-31,2030-10-31,Verified,53.0,2025-11-01,2025-11-30,0,Mobile App,,documents/kyc/CUST_132/Passport/132_283339.pdf
136,Driving License,DL536797933982,2019-05-13,2029-05-13,Verified,62.0,2019-06-12,2019-05-17,0,Mobile App,,documents/kyc/CUST_136/Driving_License/136_280998.pdf
858,PAN,JJYLR4533T,2018-10-30,,Verified,82.0,2018-11-11,2018-11-13,0,Mobile App,,documents/kyc/CUST_858/PAN/858_857021.pdf
627,PAN,EIBME8974M,2013-06-05,,Rejected,20.0,2013-06-20,2013-06-27,0,Mobile App,Verification failed,documents/kyc/CUST_627/PAN/627_195847.pdf
229,Driving License,DL581576189532,2015-10-24,2035-10-24,Verified,81.0,2015-11-23,2015-11-02,0,Mobile App,,documents/kyc/CUST_229/Driving_License/229_704369.pdf
298,Voter ID,VID393756859343,2023-10-24,2033-10-24,Verified,61.0,2023-11-02,2023-10-27,0,Internet Banking,,documents/kyc/CUST_298/Voter_ID/298_517707.pdf
195,Driving License,DL381099405401,2011-12-06,2021-12-06,Verified,8.0,2012-01-01,2011-12-26,1,Branch,,documents/kyc/CUST_195/Driving_License/195_881431.pdf
562,Passport,G2028945,2017-03-08,2027-03-08,Verified,56.0,2017-03-18,2017-04-07,0,Branch,,documents/kyc/CUST_562/Passport/562_934865.pdf
206,Aadhaar,508883329115,2013-11-22,,Verified,44.0,2013-12-04,2013-12-04,0,Branch,,documents/kyc/CUST_206/Aadhaar/206_365272.pdf
961,Passport,C7401367,2013-06-22,2023-06-22,Failed,10.0,2013-07-02,2013-07-16,1,Mobile App,Verification failed,documents/kyc/CUST_961/Passport/961_882490.pdf
664,Aadhaar,524555424508,2018-10-18,,Pending,,,2018-11-08,0,Mobile App,,documents/kyc/CUST_664/Aadhaar/664_888046.pdf
354,Passport,A7258753,2025-11-07,2035-11-07,Pending,,,2025-11-26,0,Mobile App,,documents/kyc/CUST_354/Passport/354_874806.pdf
229,Voter ID,VID616903514474,2014-05-29,2019-05-29,Pending,,,2014-06-22,1,Internet Banking,,documents/kyc/CUST_229/Voter_ID/229_869633.pdf
669,Driving License,DL729976306326,2025-01-17,2030-01-17,Rejected,62.0,2025-02-02,2025-01-30,0,Mobile App,Document image unclear,documents/kyc/CUST_669/Driving_License/669_585650.pdf
610,Driving License,DL748829950444,2017-12-06,2022-12-06,Verified,44.0,2017-12-27,2018-01-03,1,Branch,,documents/kyc/CUST_610/Driving_License/610_280734.pdf
578,PAN,AQJLO4095P,2010-06-13,,Pending,,,2010-06-14,0,Branch,,documents/kyc/CUST_578/PAN/578_255981.pdf
590,PAN,CIXSR3658G,2022-12-28,,Verified,4.0,2022-12-30,2023-01-03,0,Internet Banking,,documents/kyc/CUST_590/PAN/590_424478.pdf
264,Driving License,DL537296372783,2026-01-06,2046-01-06,Verified,15.0,2026-01-29,2026-01-15,0,Mobile App,,documents/kyc/CUST_264/Driving_License/264_878629.pdf
420,Voter ID,VID256198875495,2014-05-26,2024-05-26,Verified,66.0,2014-06-24,2014-06-12,1,Mobile App,,documents/kyc/CUST_420/Voter_ID/420_174952.pdf
73,Voter ID,VID482294824416,2014-07-03,2024-07-03,Rejected,77.0,2014-07-08,2014-07-19,1,Mobile App,Verification failed,documents/kyc/CUST_73/Voter_ID/73_521609.pdf
366,Driving License,DL427488584575,2022-11-08,2032-11-08,Verified,55.0,2022-11-10,2022-11-09,0,Mobile App,,documents/kyc/CUST_366/Driving_License/366_150738.pdf
133,Aadhaar,567503913618,2017-05-22,,Pending,,,2017-06-19,0,Internet Banking,,documents/kyc/CUST_133/Aadhaar/133_317690.pdf
479,Passport,K7900055,2011-07-15,2021-07-15,Verified,47.0,2011-08-03,2011-08-08,1,Mobile App,,documents/kyc/CUST_479/Passport/479_853616.pdf
847,PAN,WKKNO2855Z,2013-05-28,,Verified,89.0,2013-06-12,2013-06-18,0,Internet Banking,,documents/kyc/CUST_847/PAN/847_450328.pdf
203,Aadhaar,186978764501,2017-11-24,,Verified,81.0,2017-12-18,2017-12-16,0,Branch,,documents/kyc/CUST_203/Aadhaar/203_554057.pdf
680,Voter ID,VID473761777767,2025-12-30,2030-12-30,Verified,98.0,2026-01-19,2026-01-01,0,Mobile App,,documents/kyc/CUST_680/Voter_ID/680_472072.pdf
300,Driving License,DL663164839054,2022-06-02,2032-06-02,Verified,86.0,2022-07-02,2022-06-03,0,Mobile App,,documents/kyc/CUST_300/Driving_License/300_358066.pdf
521,Aadhaar,768766231360,2022-10-06,,Verified,73.0,2022-10-07,2022-10-31,0,Mobile App,,documents/kyc/CUST_521/Aadhaar/521_218299.pdf
513,Driving License,DL427190552291,2026-05-19,2036-05-19,Pending,,,2026-06-09,0,Mobile App,,documents/kyc/CUST_513/Driving_License/513_174271.pdf
372,Passport,J1524830,2012-08-22,2017-08-22,Verified,39.0,2012-08-23,2012-08-26,1,Mobile App,,documents/kyc/CUST_372/Passport/372_219686.pdf
894,Driving License,DL696001388718,2021-07-10,2041-07-10,Verified,35.0,2021-07-31,2021-07-21,0,Internet Banking,,documents/kyc/CUST_894/Driving_License/894_192351.pdf
785,PAN,FWPTG7189L,2025-01-05,,Verified,7.0,2025-01-17,2025-01-27,0,Branch,,documents/kyc/CUST_785/PAN/785_380991.pdf
238,Voter ID,VID362191433348,2017-11-11,2027-11-11,Verified,5.0,2017-11-13,2017-12-09,0,Mobile App,,documents/kyc/CUST_238/Voter_ID/238_254965.pdf
672,Passport,D4687231,2021-01-23,2026-01-23,Pending,,,2021-01-25,1,Mobile App,,documents/kyc/CUST_672/Passport/672_802977.pdf
673,Passport,V3453956,2024-06-03,2029-06-03,Verified,59.0,2024-06-25,2024-06-05,0,Branch,,documents/kyc/CUST_673/Passport/673_349733.pdf
101,Aadhaar,193865010798,2013-10-17,,Rejected,80.0,2013-10-30,2013-10-28,0,Mobile App,Invalid document,documents/kyc/CUST_101/Aadhaar/101_957862.pdf
819,PAN,UMMWS7008J,2016-07-29,,Rejected,21.0,2016-08-18,2016-08-19,0,Branch,Invalid document,documents/kyc/CUST_819/PAN/819_214211.pdf
21,Voter ID,VID794276973522,2016-01-29,2021-01-29,Verified,41.0,2016-02-20,2016-02-08,1,Branch,,documents/kyc/CUST_21/Voter_ID/21_531538.pdf
697,Passport,F4945679,2010-04-23,2015-04-23,Verified,22.0,2010-05-08,2010-05-01,1,Branch,,documents/kyc/CUST_697/Passport/697_463173.pdf
287,PAN,ZZQGX9827U,2017-02-16,,Rejected,36.0,2017-03-05,2017-02-26,0,Mobile App,Invalid document,documents/kyc/CUST_287/PAN/287_723553.pdf
541,PAN,RCJBP7063V,2026-03-22,,Verified,42.0,2026-04-16,2026-04-08,0,Branch,,documents/kyc/CUST_541/PAN/541_628369.pdf
288,Driving License,DL168507056017,2019-09-07,2029-09-07,Verified,83.0,2019-09-17,2019-09-26,0,Branch,,documents/kyc/CUST_288/Driving_License/288_890299.pdf
424,Aadhaar,231822112915,2013-10-09,,Verified,42.0,2013-10-25,2013-11-01,0,Branch,,documents/kyc/CUST_424/Aadhaar/424_856702.pdf
815,Passport,F9647770,2021-08-05,2031-08-05,Verified,72.0,2021-08-13,2021-08-17,0,Mobile App,,documents/kyc/CUST_815/Passport/815_603941.pdf
179,Driving License,DL658429760962,2024-01-07,2029-01-07,Pending,,,2024-02-02,0,Mobile App,,documents/kyc/CUST_179/Driving_License/179_228547.pdf
502,Aadhaar,883591105128,2013-10-17,,Verified,62.0,2013-10-18,2013-10-18,0,Branch,,documents/kyc/CUST_502/Aadhaar/502_466570.pdf
906,Driving License,DL144604849724,2014-02-14,2019-02-14,Verified,31.0,2014-02-18,2014-02-27,1,Mobile App,,documents/kyc/CUST_906/Driving_License/906_481081.pdf
533,Passport,J7868354,2024-07-03,2034-07-03,Pending,,,2024-07-17,0,Mobile App,,documents/kyc/CUST_533/Passport/533_623441.pdf
895,Driving License,DL785174168677,2011-10-20,2021-10-20,Verified,90.0,2011-11-07,2011-11-14,1,Mobile App,,documents/kyc/CUST_895/Driving_License/895_237924.pdf
275,Passport,G2616904,2011-05-28,2021-05-28,Verified,19.0,2011-06-03,2011-06-11,1,Mobile App,,documents/kyc/CUST_275/Passport/275_554093.pdf
662,Voter ID,VID579745717239,2014-12-14,2019-12-14,Pending,,,2014-12-30,1,Mobile App,,documents/kyc/CUST_662/Voter_ID/662_759135.pdf
531,Driving License,DL944749668902,2020-04-29,2040-04-29,Verified,51.0,2020-05-29,2020-05-01,0,Mobile App,,documents/kyc/CUST_531/Driving_License/531_836818.pdf
786,Passport,I2030233,2016-02-15,2021-02-15,Verified,70.0,2016-03-07,2016-03-02,1,Mobile App,,documents/kyc/CUST_786/Passport/786_994644.pdf
287,Passport,B2236440,2021-03-04,2031-03-04,Verified,88.0,2021-03-21,2021-03-28,0,Mobile App,,documents/kyc/CUST_287/Passport/287_505848.pdf
611,Driving License,DL923235504126,2026-03-23,2046-03-23,Verified,13.0,2026-04-22,2026-04-09,0,Mobile App,,documents/kyc/CUST_611/Driving_License/611_772634.pdf
639,Passport,M9181921,2017-05-18,2027-05-18,Verified,14.0,2017-06-17,2017-06-09,0,Mobile App,,documents/kyc/CUST_639/Passport/639_418392.pdf
21,Driving License,DL132580816032,2010-05-13,2015-05-13,Pending,,,2010-05-28,1,Mobile App,,documents/kyc/CUST_21/Driving_License/21_434300.pdf
530,Passport,N6405116,2018-06-30,2023-06-30,Verified,22.0,2018-07-20,2018-07-22,1,Mobile App,,documents/kyc/CUST_530/Passport/530_984712.pdf
305,PAN,TJKCW7750N,2016-12-21,,Pending,,,2016-12-22,0,Internet Banking,,documents/kyc/CUST_305/PAN/305_464387.pdf
171,PAN,WRYAN9376M,2020-09-23,,Verified,10.0,2020-10-02,2020-10-09,0,Branch,,documents/kyc/CUST_171/PAN/171_661338.pdf
387,Voter ID,VID903589110887,2016-04-14,2026-04-14,Rejected,57.0,2016-05-05,2016-04-28,1,Mobile App,Verification failed,documents/kyc/CUST_387/Voter_ID/387_376022.pdf
592,PAN,ZBLRA3412O,2019-02-27,,Pending,,,2019-03-16,0,Mobile App,,documents/kyc/CUST_592/PAN/592_951284.pdf
663,PAN,VCLXV1189Y,2020-10-22,,Failed,5.0,2020-11-15,2020-11-12,0,Branch,Document details mismatch,documents/kyc/CUST_663/PAN/663_649739.pdf
90,Aadhaar,651969922114,2022-10-04,,Pending,,,2022-10-17,0,Branch,,documents/kyc/CUST_90/Aadhaar/90_541485.pdf
250,Voter ID,VID190356183614,2020-09-28,2025-09-28,Verified,43.0,2020-10-07,2020-10-21,1,Mobile App,,documents/kyc/CUST_250/Voter_ID/250_634158.pdf
667,Driving License,DL629322270890,2022-11-06,2027-11-06,Verified,79.0,2022-11-22,2022-11-17,0,Branch,,documents/kyc/CUST_667/Driving_License/667_956338.pdf
675,PAN,ETAWB7953A,2011-06-12,,Verified,76.0,2011-06-20,2011-06-24,0,Mobile App,,documents/kyc/CUST_675/PAN/675_993341.pdf
220,Voter ID,VID235049546528,2021-11-25,2031-11-25,Failed,46.0,2021-11-30,2021-12-18,0,Mobile App,Document image unclear,documents/kyc/CUST_220/Voter_ID/220_617459.pdf
373,PAN,SKYPL7689V,2022-08-28,,Verified,91.0,2022-09-16,2022-09-20,0,Branch,,documents/kyc/CUST_373/PAN/373_952037.pdf
529,Aadhaar,242622137125,2015-07-12,,Verified,81.0,2015-07-31,2015-08-10,0,Branch,,documents/kyc/CUST_529/Aadhaar/529_704827.pdf
575,PAN,ZUJCO9721I,2019-01-14,,Rejected,81.0,2019-02-05,2019-01-16,0,Mobile App,Document details mismatch,documents/kyc/CUST_575/PAN/575_668880.pdf
563,Aadhaar,526954157616,2019-03-27,,Verified,10.0,2019-04-17,2019-04-02,0,Mobile App,,documents/kyc/CUST_563/Aadhaar/563_601249.pdf
693,Voter ID,VID611488946026,2011-11-26,2016-11-26,Verified,61.0,2011-12-16,2011-12-11,1,Mobile App,,documents/kyc/CUST_693/Voter_ID/693_440894.pdf
643,Aadhaar,333625934868,2025-03-10,,Verified,10.0,2025-04-09,2025-03-28,0,Branch,,documents/kyc/CUST_643/Aadhaar/643_607224.pdf
957,Passport,I6435963,2019-10-21,2029-10-21,Verified,9.0,2019-11-14,2019-10-25,0,Branch,,documents/kyc/CUST_957/Passport/957_983266.pdf
156,Voter ID,VID502107032671,2015-05-08,2020-05-08,Failed,58.0,2015-06-06,2015-05-23,1,Mobile App,Invalid document,documents/kyc/CUST_156/Voter_ID/156_543829.pdf
277,PAN,RAGKC1580Y,2017-03-19,,Pending,,,2017-03-30,0,Branch,,documents/kyc/CUST_277/PAN/277_179287.pdf
57,PAN,SBLNC5309E,2020-02-12,,Rejected,11.0,2020-02-18,2020-03-05,0,Mobile App,Incorrect document information,documents/kyc/CUST_57/PAN/57_150975.pdf
414,Aadhaar,857365771579,2023-09-11,,Verified,32.0,2023-09-28,2023-09-26,0,Internet Banking,,documents/kyc/CUST_414/Aadhaar/414_252523.pdf
986,Driving License,DL117669808012,2014-08-17,2034-08-17,Failed,59.0,2014-08-30,2014-09-15,0,Mobile App,Document expired,documents/kyc/CUST_986/Driving_License/986_593572.pdf
858,Driving License,DL927330142724,2026-04-19,2036-04-19,Verified,73.0,2026-04-23,2026-05-08,0,Internet Banking,,documents/kyc/CUST_858/Driving_License/858_335027.pdf
741,Aadhaar,634955628977,2017-01-24,,Verified,84.0,2017-02-13,2017-02-11,0,Internet Banking,,documents/kyc/CUST_741/Aadhaar/741_827497.pdf
888,PAN,FEZUP3908X,2019-11-01,,Verified,68.0,2019-11-19,2019-11-28,0,Mobile App,,documents/kyc/CUST_888/PAN/888_447554.pdf
535,Driving License,DL543570196583,2024-05-21,2034-05-21,Verified,26.0,2024-06-08,2024-06-07,0,Internet Banking,,documents/kyc/CUST_535/Driving_License/535_343190.pdf
93,Voter ID,VID123752800264,2020-05-01,2030-05-01,Rejected,66.0,2020-05-30,2020-05-22,0,Internet Banking,Invalid document,documents/kyc/CUST_93/Voter_ID/93_981067.pdf
988,Voter ID,VID470004240498,2011-03-31,2021-03-31,Failed,3.0,2011-04-09,2011-04-04,1,Mobile App,Document details mismatch,documents/kyc/CUST_988/Voter_ID/988_401587.pdf
717,Passport,L9411875,2025-10-09,2030-10-09,Rejected,54.0,2025-11-06,2025-10-31,0,Mobile App,Document expired,documents/kyc/CUST_717/Passport/717_795320.pdf
604,Passport,C8233823,2018-05-16,2028-05-16,Failed,99.0,2018-06-03,2018-05-21,0,Mobile App,Document details mismatch,documents/kyc/CUST_604/Passport/604_292140.pdf
492,Aadhaar,706403061274,2018-03-15,,Pending,,,2018-03-25,0,Mobile App,,documents/kyc/CUST_492/Aadhaar/492_773697.pdf
185,Voter ID,VID745821269371,2026-04-09,2036-04-09,Pending,,,2026-04-21,0,Mobile App,,documents/kyc/CUST_185/Voter_ID/185_248293.pdf
687,Voter ID,VID311139188141,2024-12-15,2029-12-15,Verified,91.0,2025-01-02,2024-12-15,0,Mobile App,,documents/kyc/CUST_687/Voter_ID/687_443070.pdf
710,Passport,W4542787,2021-03-21,2031-03-21,Verified,97.0,2021-04-09,2021-03-29,0,Internet Banking,,documents/kyc/CUST_710/Passport/710_581406.pdf
826,Voter ID,VID262085769297,2025-11-23,2030-11-23,Failed,57.0,2025-12-10,2025-12-10,0,Mobile App,Incorrect document information,documents/kyc/CUST_826/Voter_ID/826_833303.pdf
507,Voter ID,VID113004336741,2011-01-08,2016-01-08,Verified,82.0,2011-01-16,2011-01-27,1,Mobile App,,documents/kyc/CUST_507/Voter_ID/507_502065.pdf
18,Passport,W6269315,2016-05-26,2021-05-26,Rejected,24.0,2016-06-21,2016-06-24,1,Branch,Document image unclear,documents/kyc/CUST_18/Passport/18_419906.pdf
668,Aadhaar,872990321199,2017-04-30,,Verified,49.0,2017-05-29,2017-05-13,0,Mobile App,,documents/kyc/CUST_668/Aadhaar/668_703765.pdf
921,Aadhaar,516548456743,2017-06-22,,Verified,27.0,2017-07-07,2017-06-23,0,Branch,,documents/kyc/CUST_921/Aadhaar/921_834489.pdf
723,Passport,K5958910,2016-10-17,2026-10-17,Verified,53.0,2016-10-24,2016-10-23,0,Mobile App,,documents/kyc/CUST_723/Passport/723_488372.pdf
79,Passport,E6950801,2017-11-24,2022-11-24,Verified,5.0,2017-12-04,2017-12-19,1,Internet Banking,,documents/kyc/CUST_79/Passport/79_738366.pdf
399,Passport,G7105755,2011-03-16,2016-03-16,Verified,20.0,2011-03-25,2011-04-14,1,Mobile App,,documents/kyc/CUST_399/Passport/399_545419.pdf
374,Voter ID,VID673343170427,2014-03-07,2019-03-07,Verified,6.0,2014-03-28,2014-04-06,1,Mobile App,,documents/kyc/CUST_374/Voter_ID/374_735849.pdf
707,PAN,ASLZZ4266B,2014-02-25,,Verified,75.0,2014-03-14,2014-03-12,0,Mobile App,,documents/kyc/CUST_707/PAN/707_658654.pdf
955,Driving License,DL292044971593,2017-09-05,2027-09-05,Rejected,30.0,2017-09-23,2017-10-05,0,Internet Banking,Document expired,documents/kyc/CUST_955/Driving_License/955_656924.pdf
392,PAN,YEYOO2045Z,2024-11-08,,Verified,45.0,2024-11-24,2024-11-25,0,Mobile App,,documents/kyc/CUST_392/PAN/392_374736.pdf
560,Aadhaar,907969504289,2023-03-19,,Verified,51.0,2023-04-10,2023-03-29,0,Mobile App,,documents/kyc/CUST_560/Aadhaar/560_645747.pdf
709,Aadhaar,744166257120,2019-04-21,,Verified,1.0,2019-05-01,2019-04-25,0,Mobile App,,documents/kyc/CUST_709/Aadhaar/709_246317.pdf
417,Driving License,DL982509318580,2019-08-21,2029-08-21,Verified,86.0,2019-08-26,2019-09-08,0,Branch,,documents/kyc/CUST_417/Driving_License/417_381068.pdf
149,Voter ID,VID695269699564,2026-02-06,2036-02-06,Verified,22.0,2026-02-23,2026-03-08,0,Branch,,documents/kyc/CUST_149/Voter_ID/149_494156.pdf
441,Driving License,DL771562747544,2025-07-01,2030-07-01,Verified,7.0,2025-07-18,2025-07-13,0,Mobile App,,documents/kyc/CUST_441/Driving_License/441_378705.pdf
206,PAN,NZLAU7092Y,2011-02-02,,Verified,3.0,2011-02-18,2011-02-15,0,Mobile App,,documents/kyc/CUST_206/PAN/206_506719.pdf
460,Voter ID,VID985862548040,2020-09-10,2025-09-10,Pending,,,2020-10-10,1,Internet Banking,,documents/kyc/CUST_460/Voter_ID/460_133399.pdf
841,Passport,B7248405,2020-09-21,2025-09-21,Pending,,,2020-10-19,1,Mobile App,,documents/kyc/CUST_841/Passport/841_403855.pdf
318,Passport,B6527243,2015-05-10,2025-05-10,Failed,58.0,2015-05-31,2015-05-16,1,Mobile App,Verification failed,documents/kyc/CUST_318/Passport/318_386137.pdf
586,Voter ID,VID105619981711,2023-08-02,2028-08-02,Verified,18.0,2023-08-19,2023-08-02,0,Mobile App,,documents/kyc/CUST_586/Voter_ID/586_612304.pdf
184,Driving License,DL576317082762,2017-03-06,2027-03-06,Verified,50.0,2017-03-23,2017-03-25,0,Mobile App,,documents/kyc/CUST_184/Driving_License/184_125728.pdf
76,PAN,MYJOC7407B,2026-07-12,,Verified,63.0,2026-08-06,2026-07-25,0,Mobile App,,documents/kyc/CUST_76/PAN/76_952970.pdf
917,Aadhaar,189739868687,2022-09-05,,Verified,11.0,2022-09-21,2022-09-18,0,Mobile App,,documents/kyc/CUST_917/Aadhaar/917_516181.pdf
751,Passport,V9372257,2022-05-14,2027-05-14,Verified,23.0,2022-05-18,2022-06-12,0,Mobile App,,documents/kyc/CUST_751/Passport/751_458618.pdf
764,PAN,UOHVJ2780R,2013-08-18,,Verified,42.0,2013-08-31,2013-09-08,0,Branch,,documents/kyc/CUST_764/PAN/764_598809.pdf
541,Driving License,DL665499156759,2012-07-16,2032-07-16,Verified,81.0,2012-07-30,2012-07-16,0,Mobile App,,documents/kyc/CUST_541/Driving_License/541_675327.pdf
989,Driving License,DL191253194031,2016-06-23,2026-06-23,Failed,25.0,2016-07-06,2016-06-24,1,Mobile App,Document expired,documents/kyc/CUST_989/Driving_License/989_865444.pdf
627,Voter ID,VID627395710347,2019-01-03,2029-01-03,Verified,13.0,2019-01-23,2019-01-16,0,Mobile App,,documents/kyc/CUST_627/Voter_ID/627_792895.pdf
941,Voter ID,VID447380043691,2021-08-11,2026-08-11,Verified,2.0,2021-08-15,2021-08-24,1,Branch,,documents/kyc/CUST_941/Voter_ID/941_913570.pdf
664,Voter ID,VID392961701912,2011-07-26,2021-07-26,Verified,10.0,2011-08-08,2011-08-04,1,Branch,,documents/kyc/CUST_664/Voter_ID/664_626081.pdf
319,Passport,W8760661,2015-05-17,2020-05-17,Verified,68.0,2015-05-30,2015-06-14,1,Internet Banking,,documents/kyc/CUST_319/Passport/319_643244.pdf
779,Aadhaar,220002493077,2011-04-14,,Verified,43.0,2011-04-28,2011-04-22,0,Mobile App,,documents/kyc/CUST_779/Aadhaar/779_632345.pdf
110,PAN,LSIXO6506I,2026-04-12,,Verified,3.0,2026-05-01,2026-04-28,0,Branch,,documents/kyc/CUST_110/PAN/110_645179.pdf
551,Passport,Q2956243,2020-10-31,2025-10-31,Verified,35.0,2020-11-15,2020-11-27,1,Mobile App,,documents/kyc/CUST_551/Passport/551_591438.pdf
428,Voter ID,VID440627192062,2017-11-23,2027-11-23,Verified,96.0,2017-12-07,2017-12-01,0,Mobile App,,documents/kyc/CUST_428/Voter_ID/428_498178.pdf
845,Driving License,DL327109574011,2010-02-19,2030-02-19,Verified,35.0,2010-03-10,2010-03-15,0,Mobile App,,documents/kyc/CUST_845/Driving_License/845_466805.pdf
950,PAN,ZCPWQ7221J,2024-12-16,,Pending,,,2025-01-13,0,Branch,,documents/kyc/CUST_950/PAN/950_379354.pdf
426,Passport,J6289156,2023-04-05,2028-04-05,Verified,15.0,2023-04-14,2023-04-08,0,Mobile App,,documents/kyc/CUST_426/Passport/426_101716.pdf
607,Passport,T7575021,2015-05-22,2020-05-22,Verified,89.0,2015-06-21,2015-06-17,1,Branch,,documents/kyc/CUST_607/Passport/607_659920.pdf
958,Voter ID,VID268495094649,2019-09-10,2029-09-10,Verified,97.0,2019-09-28,2019-09-20,0,Mobile App,,documents/kyc/CUST_958/Voter_ID/958_643615.pdf
553,Aadhaar,182540795935,2025-06-04,,Verified,53.0,2025-06-16,2025-06-13,0,Mobile App,,documents/kyc/CUST_553/Aadhaar/553_381749.pdf
769,Aadhaar,895867912281,2014-10-26,,Verified,78.0,2014-11-09,2014-10-26,0,Mobile App,,documents/kyc/CUST_769/Aadhaar/769_823129.pdf
557,Passport,R3561118,2013-09-23,2023-09-23,Verified,95.0,2013-10-11,2013-09-30,1,Branch,,documents/kyc/CUST_557/Passport/557_607279.pdf
923,PAN,MKFPY1263O,2013-07-02,,Rejected,7.0,2013-07-19,2013-07-30,0,Internet Banking,Document image unclear,documents/kyc/CUST_923/PAN/923_378390.pdf
829,PAN,OLAAK5708Y,2017-08-16,,Verified,1.0,2017-09-01,2017-08-26,0,Branch,,documents/kyc/CUST_829/PAN/829_270840.pdf
945,Driving License,DL513096108783,2017-01-23,2022-01-23,Failed,87.0,2017-01-24,2017-01-23,1,Mobile App,Document details mismatch,documents/kyc/CUST_945/Driving_License/945_122490.pdf
349,Passport,J5131668,2020-12-03,2030-12-03,Failed,3.0,2020-12-18,2020-12-16,0,Mobile App,Document details mismatch,documents/kyc/CUST_349/Passport/349_918253.pdf
569,PAN,NADBP9697W,2023-01-30,,Rejected,42.0,2023-02-22,2023-02-10,0,Mobile App,Document expired,documents/kyc/CUST_569/PAN/569_626938.pdf
673,Aadhaar,122584522901,2022-02-08,,Failed,61.0,2022-02-22,2022-02-22,0,Branch,Verification failed,documents/kyc/CUST_673/Aadhaar/673_871852.pdf
997,Voter ID,VID142954577707,2012-06-09,2022-06-09,Rejected,82.0,2012-07-01,2012-07-09,1,Mobile App,Verification failed,documents/kyc/CUST_997/Voter_ID/997_951945.pdf
130,Voter ID,VID239362144080,2020-11-19,2025-11-19,Verified,56.0,2020-12-11,2020-12-03,1,Mobile App,,documents/kyc/CUST_130/Voter_ID/130_117887.pdf
991,Aadhaar,704122501533,2024-02-09,,Verified,59.0,2024-02-26,2024-03-06,0,Branch,,documents/kyc/CUST_991/Aadhaar/991_169672.pdf
842,Aadhaar,451258213877,2010-01-29,,Verified,3.0,2010-02-22,2010-02-18,0,Mobile App,,documents/kyc/CUST_842/Aadhaar/842_135057.pdf
77,Passport,I2396073,2012-05-12,2017-05-12,Verified,5.0,2012-05-22,2012-05-24,1,Mobile App,,documents/kyc/CUST_77/Passport/77_738444.pdf
700,PAN,DUAOQ4985W,2017-04-30,,Pending,,,2017-05-04,0,Branch,,documents/kyc/CUST_700/PAN/700_814865.pdf
496,Voter ID,VID552347421278,2022-03-31,2027-03-31,Verified,29.0,2022-04-01,2022-04-25,0,Branch,,documents/kyc/CUST_496/Voter_ID/496_464068.pdf
959,PAN,ICEIB1651I,2021-02-08,,Verified,90.0,2021-02-21,2021-03-10,0,Mobile App,,documents/kyc/CUST_959/PAN/959_352889.pdf
806,Aadhaar,633994346181,2023-11-19,,Verified,6.0,2023-12-13,2023-12-11,0,Internet Banking,,documents/kyc/CUST_806/Aadhaar/806_952469.pdf
615,PAN,FSZUU7022R,2017-05-29,,Verified,26.0,2017-06-12,2017-05-29,0,Mobile App,,documents/kyc/CUST_615/PAN/615_962249.pdf
263,Driving License,DL700093909156,2015-04-21,2020-04-21,Verified,52.0,2015-05-17,2015-05-03,1,Mobile App,,documents/kyc/CUST_263/Driving_License/263_103763.pdf
506,PAN,LWSMQ9840K,2026-06-08,,Pending,,,2026-06-29,0,Mobile App,,documents/kyc/CUST_506/PAN/506_213098.pdf
721,Driving License,DL437595631395,2019-04-04,2024-04-04,Verified,3.0,2019-04-20,2019-04-28,1,Mobile App,,documents/kyc/CUST_721/Driving_License/721_957699.pdf
105,PAN,UAQLJ3553J,2013-05-05,,Verified,66.0,2013-05-15,2013-06-01,0,Branch,,documents/kyc/CUST_105/PAN/105_828892.pdf
403,Driving License,DL759411115925,2026-04-26,2031-04-26,Verified,52.0,2026-05-12,2026-04-27,0,Internet Banking,,documents/kyc/CUST_403/Driving_License/403_310624.pdf
696,Aadhaar,316098227341,2020-10-21,,Rejected,55.0,2020-11-05,2020-10-30,0,Branch,Document image unclear,documents/kyc/CUST_696/Aadhaar/696_987277.pdf
559,Passport,W7462205,2025-01-03,2035-01-03,Verified,14.0,2025-01-27,2025-01-18,0,Internet Banking,,documents/kyc/CUST_559/Passport/559_825529.pdf
585,Aadhaar,351835256264,2010-08-01,,Verified,96.0,2010-08-03,2010-08-31,0,Mobile App,,documents/kyc/CUST_585/Aadhaar/585_347725.pdf
979,Aadhaar,196413004898,2020-01-13,,Verified,2.0,2020-02-04,2020-02-06,0,Branch,,documents/kyc/CUST_979/Aadhaar/979_329029.pdf
936,Passport,Y9960873,2017-10-31,2027-10-31,Verified,34.0,2017-11-24,2017-11-14,0,Internet Banking,,documents/kyc/CUST_936/Passport/936_700935.pdf
454,Aadhaar,318583782821,2017-09-19,,Verified,19.0,2017-10-05,2017-10-02,0,Mobile App,,documents/kyc/CUST_454/Aadhaar/454_787212.pdf
837,Aadhaar,981423206139,2025-08-04,,Pending,,,2025-08-18,0,Mobile App,,documents/kyc/CUST_837/Aadhaar/837_966761.pdf
65,PAN,PDFLT1223D,2026-07-16,,Rejected,59.0,2026-07-19,2026-07-30,0,Branch,Document image unclear,documents/kyc/CUST_65/PAN/65_647656.pdf
625,Voter ID,VID593924061892,2022-08-17,2027-08-17,Verified,52.0,2022-09-09,2022-08-31,0,Mobile App,,documents/kyc/CUST_625/Voter_ID/625_580235.pdf
944,Aadhaar,127533923251,2022-08-02,,Pending,,,2022-09-01,0,Mobile App,,documents/kyc/CUST_944/Aadhaar/944_732209.pdf
663,Aadhaar,193495544616,2022-12-07,,Pending,,,2022-12-10,0,Mobile App,,documents/kyc/CUST_663/Aadhaar/663_964572.pdf
60,Passport,H3238226,2017-08-20,2022-08-20,Verified,41.0,2017-09-04,2017-08-20,1,Internet Banking,,documents/kyc/CUST_60/Passport/60_656110.pdf
828,Passport,O3097445,2023-07-03,2028-07-03,Verified,65.0,2023-07-17,2023-07-26,0,Mobile App,,documents/kyc/CUST_828/Passport/828_709238.pdf
456,Voter ID,VID470460866839,2022-05-10,2027-05-10,Verified,78.0,2022-05-16,2022-05-26,0,Mobile App,,documents/kyc/CUST_456/Voter_ID/456_425055.pdf
847,Aadhaar,196572351302,2020-11-20,,Pending,,,2020-11-23,0,Mobile App,,documents/kyc/CUST_847/Aadhaar/847_835299.pdf
191,Driving License,DL397549610550,2017-12-08,2037-12-08,Verified,83.0,2018-01-06,2017-12-31,0,Branch,,documents/kyc/CUST_191/Driving_License/191_108498.pdf
961,Aadhaar,186165205952,2015-03-27,,Verified,39.0,2015-04-12,2015-04-19,0,Branch,,documents/kyc/CUST_961/Aadhaar/961_846498.pdf
976,Passport,D9160642,2012-11-24,2022-11-24,Verified,51.0,2012-11-30,2012-12-15,1,Internet Banking,,documents/kyc/CUST_976/Passport/976_233399.pdf
70,Voter ID,VID901506744427,2016-03-22,2026-03-22,Verified,91.0,2016-04-04,2016-03-26,1,Mobile App,,documents/kyc/CUST_70/Voter_ID/70_109853.pdf
1,Passport,F8580260,2017-02-27,2022-02-27,Verified,72.0,2017-03-15,2017-03-22,1,Mobile App,,documents/kyc/CUST_1/Passport/1_111281.pdf
347,Driving License,DL806821957287,2021-11-19,2026-11-19,Rejected,36.0,2021-11-26,2021-12-09,0,Mobile App,Document details mismatch,documents/kyc/CUST_347/Driving_License/347_491613.pdf
993,Driving License,DL630488446938,2019-09-24,2024-09-24,Verified,64.0,2019-10-06,2019-10-14,1,Mobile App,,documents/kyc/CUST_993/Driving_License/993_815357.pdf
787,Passport,S8587195,2025-09-26,2030-09-26,Pending,,,2025-10-22,0,Mobile App,,documents/kyc/CUST_787/Passport/787_378738.pdf
350,PAN,HJUNE3637X,2023-10-21,,Verified,5.0,2023-11-12,2023-11-20,0,Mobile App,,documents/kyc/CUST_350/PAN/350_306797.pdf
514,Aadhaar,142194501503,2020-12-22,,Verified,47.0,2020-12-26,2021-01-09,0,Mobile App,,documents/kyc/CUST_514/Aadhaar/514_769303.pdf
252,Aadhaar,211779100578,2012-06-25,,Failed,19.0,2012-07-07,2012-07-10,0,Branch,Incorrect document information,documents/kyc/CUST_252/Aadhaar/252_358934.pdf
238,Passport,M5197229,2015-08-22,2025-08-22,Verified,92.0,2015-09-19,2015-09-08,1,Mobile App,,documents/kyc/CUST_238/Passport/238_827485.pdf
699,Voter ID,VID467059522044,2010-01-20,2020-01-20,Pending,,,2010-02-11,1,Branch,,documents/kyc/CUST_699/Voter_ID/699_622654.pdf
646,Voter ID,VID310742590717,2014-09-03,2024-09-03,Pending,,,2014-09-21,1,Branch,,documents/kyc/CUST_646/Voter_ID/646_350500.pdf
306,Aadhaar,477577991256,2024-12-29,,Failed,92.0,2024-12-30,2025-01-19,0,Branch,Document image unclear,documents/kyc/CUST_306/Aadhaar/306_870876.pdf
890,Driving License,DL398653911022,2021-09-14,2026-09-14,Verified,46.0,2021-10-02,2021-09-28,0,Mobile App,,documents/kyc/CUST_890/Driving_License/890_764577.pdf
256,Passport,U7982096,2022-01-15,2027-01-15,Verified,11.0,2022-02-09,2022-01-27,0,Mobile App,,documents/kyc/CUST_256/Passport/256_419657.pdf
586,Driving License,DL506089483017,2017-02-19,2037-02-19,Verified,94.0,2017-03-19,2017-02-21,0,Mobile App,,documents/kyc/CUST_586/Driving_License/586_531992.pdf
997,Driving License,DL391619094265,2026-01-26,2046-01-26,Verified,33.0,2026-02-23,2026-02-03,0,Mobile App,,documents/kyc/CUST_997/Driving_License/997_247573.pdf
161,Driving License,DL277733166081,2025-04-27,2035-04-27,Verified,77.0,2025-05-11,2025-05-22,0,Branch,,documents/kyc/CUST_161/Driving_License/161_752942.pdf
210,Driving License,DL365664047585,2023-06-22,2028-06-22,Pending,,,2023-07-12,0,Mobile App,,documents/kyc/CUST_210/Driving_License/210_694510.pdf
249,Aadhaar,484325735280,2020-03-20,,Verified,18.0,2020-03-31,2020-03-26,0,Mobile App,,documents/kyc/CUST_249/Aadhaar/249_206059.pdf
440,Driving License,DL552420517364,2019-01-23,2029-01-23,Failed,47.0,2019-02-13,2019-02-05,0,Mobile App,Incorrect document information,documents/kyc/CUST_440/Driving_License/440_173172.pdf
782,Voter ID,VID186223077665,2023-05-18,2028-05-18,Verified,90.0,2023-06-13,2023-05-22,0,Branch,,documents/kyc/CUST_782/Voter_ID/782_515601.pdf
625,Aadhaar,574228822162,2021-03-30,,Pending,,,2021-04-08,0,Mobile App,,documents/kyc/CUST_625/Aadhaar/625_739733.pdf
734,Driving License,DL529433809244,2013-01-29,2033-01-29,Verified,31.0,2013-02-16,2013-02-04,0,Branch,,documents/kyc/CUST_734/Driving_License/734_318167.pdf
721,PAN,HMCNW6315C,2010-08-01,,Verified,19.0,2010-08-06,2010-08-06,0,Mobile App,,documents/kyc/CUST_721/PAN/721_792935.pdf
776,Voter ID,VID336975521066,2019-06-12,2029-06-12,Failed,55.0,2019-07-01,2019-06-15,0,Mobile App,Verification failed,documents/kyc/CUST_776/Voter_ID/776_150698.pdf
948,Driving License,DL793208627368,2019-10-01,2024-10-01,Rejected,77.0,2019-10-13,2019-10-20,1,Branch,Incorrect document information,documents/kyc/CUST_948/Driving_License/948_276320.pdf
343,Voter ID,VID278149372074,2011-04-02,2021-04-02,Verified,100.0,2011-04-27,2011-04-15,1,Mobile App,,documents/kyc/CUST_343/Voter_ID/343_883957.pdf
198,Aadhaar,967814180387,2023-02-22,,Verified,68.0,2023-02-25,2023-03-24,0,Mobile App,,documents/kyc/CUST_198/Aadhaar/198_206348.pdf
510,Voter ID,VID261300276295,2014-11-30,2019-11-30,Verified,20.0,2014-12-04,2014-12-14,1,Branch,,documents/kyc/CUST_510/Voter_ID/510_397785.pdf
648,Voter ID,VID774792810517,2014-07-10,2019-07-10,Failed,26.0,2014-07-18,2014-07-15,1,Mobile App,Document expired,documents/kyc/CUST_648/Voter_ID/648_555806.pdf
631,Aadhaar,737914966736,2012-08-09,,Verified,87.0,2012-08-24,2012-08-26,0,Branch,,documents/kyc/CUST_631/Aadhaar/631_740043.pdf
291,Passport,G8188919,2017-01-09,2027-01-09,Rejected,35.0,2017-01-16,2017-01-26,0,Branch,Incorrect document information,documents/kyc/CUST_291/Passport/291_400312.pdf
123,Voter ID,VID753758996996,2013-12-02,2018-12-02,Verified,96.0,2013-12-12,2013-12-17,1,Mobile App,,documents/kyc/CUST_123/Voter_ID/123_992603.pdf
706,PAN,LQSNO3728L,2011-02-02,,Rejected,84.0,2011-02-12,2011-02-16,0,Mobile App,Document expired,documents/kyc/CUST_706/PAN/706_203294.pdf
683,PAN,DCVNU5615Q,2021-08-23,,Verified,38.0,2021-08-26,2021-09-17,0,Mobile App,,documents/kyc/CUST_683/PAN/683_596558.pdf
225,Aadhaar,676566598854,2011-10-31,,Rejected,51.0,2011-11-11,2011-11-28,0,Internet Banking,Document image unclear,documents/kyc/CUST_225/Aadhaar/225_808774.pdf
678,Passport,E4344645,2015-12-27,2025-12-27,Verified,5.0,2016-01-03,2016-01-21,1,Branch,,documents/kyc/CUST_678/Passport/678_230105.pdf
827,Voter ID,VID619651647248,2013-07-27,2018-07-27,Verified,43.0,2013-08-14,2013-08-17,1,Branch,,documents/kyc/CUST_827/Voter_ID/827_594613.pdf
631,Driving License,DL340526233285,2013-05-19,2018-05-19,Verified,63.0,2013-06-06,2013-06-01,1,Mobile App,,documents/kyc/CUST_631/Driving_License/631_556602.pdf
682,Passport,T6304790,2014-05-06,2024-05-06,Verified,67.0,2014-05-13,2014-05-14,1,Mobile App,,documents/kyc/CUST_682/Passport/682_219087.pdf
185,PAN,MNKWM4024W,2019-05-31,,Verified,11.0,2019-06-20,2019-05-31,0,Internet Banking,,documents/kyc/CUST_185/PAN/185_207001.pdf
425,Driving License,DL534307679491,2023-07-19,2028-07-19,Rejected,79.0,2023-07-30,2023-08-04,0,Mobile App,Document image unclear,documents/kyc/CUST_425/Driving_License/425_574742.pdf
902,Aadhaar,505156072136,2013-05-23,,Pending,,,2013-06-03,0,Mobile App,,documents/kyc/CUST_902/Aadhaar/902_727013.pdf
917,Driving License,DL923137903953,2021-09-25,2041-09-25,Verified,73.0,2021-10-24,2021-10-12,0,Branch,,documents/kyc/CUST_917/Driving_License/917_626480.pdf
864,Voter ID,VID888580945855,2023-04-20,2028-04-20,Pending,,,2023-05-04,0,Mobile App,,documents/kyc/CUST_864/Voter_ID/864_500841.pdf
170,Aadhaar,509335773142,2024-01-08,,Verified,20.0,2024-02-06,2024-01-30,0,Branch,,documents/kyc/CUST_170/Aadhaar/170_695217.pdf
91,PAN,XYGSZ9767A,2010-04-27,,Verified,59.0,2010-05-07,2010-05-13,0,Branch,,documents/kyc/CUST_91/PAN/91_289049.pdf
573,Passport,E7891714,2014-02-01,2024-02-01,Verified,32.0,2014-02-28,2014-03-02,1,Internet Banking,,documents/kyc/CUST_573/Passport/573_810640.pdf
346,Passport,F4189540,2022-02-26,2032-02-26,Pending,,,2022-02-26,0,Branch,,documents/kyc/CUST_346/Passport/346_213374.pdf
384,Passport,Z8257029,2013-10-04,2023-10-04,Verified,52.0,2013-10-22,2013-10-12,1,Mobile App,,documents/kyc/CUST_384/Passport/384_530513.pdf
22,Passport,H7682985,2025-04-22,2035-04-22,Verified,38.0,2025-05-13,2025-05-19,0,Mobile App,,documents/kyc/CUST_22/Passport/22_321685.pdf
952,Aadhaar,910362274609,2017-01-10,,Verified,68.0,2017-01-26,2017-01-10,0,Internet Banking,,documents/kyc/CUST_952/Aadhaar/952_520344.pdf
932,Driving License,DL670605175689,2010-03-21,2020-03-21,Pending,,,2010-04-17,1,Mobile App,,documents/kyc/CUST_932/Driving_License/932_299540.pdf
342,Aadhaar,789088911048,2020-04-10,,Pending,,,2020-04-15,0,Mobile App,,documents/kyc/CUST_342/Aadhaar/342_535155.pdf
294,Aadhaar,650502434336,2025-04-21,,Rejected,37.0,2025-05-18,2025-04-29,0,Mobile App,Invalid document,documents/kyc/CUST_294/Aadhaar/294_284690.pdf
535,PAN,LISFB5902S,2019-05-17,,Pending,,,2019-05-24,0,Mobile App,,documents/kyc/CUST_535/PAN/535_971727.pdf
799,Aadhaar,773000390471,2019-07-02,,Verified,27.0,2019-07-20,2019-07-22,0,Mobile App,,documents/kyc/CUST_799/Aadhaar/799_465443.pdf
691,PAN,NQFUY1833C,2018-11-23,,Verified,25.0,2018-12-18,2018-11-23,0,Mobile App,,documents/kyc/CUST_691/PAN/691_624037.pdf
796,Passport,N8843902,2016-05-28,2026-05-28,Verified,79.0,2016-06-11,2016-06-05,1,Branch,,documents/kyc/CUST_796/Passport/796_298031.pdf
604,PAN,VIIIL9344A,2024-09-28,,Verified,39.0,2024-10-11,2024-10-19,0,Mobile App,,documents/kyc/CUST_604/PAN/604_149260.pdf
993,Passport,S2100991,2020-10-05,2030-10-05,Rejected,33.0,2020-10-13,2020-10-18,0,Branch,Invalid document,documents/kyc/CUST_993/Passport/993_423230.pdf
361,Driving License,DL763959107374,2019-11-13,2039-11-13,Verified,97.0,2019-11-24,2019-11-27,0,Mobile App,,documents/kyc/CUST_361/Driving_License/361_748417.pdf
333,Voter ID,VID689487915630,2013-05-12,2023-05-12,Verified,11.0,2013-05-30,2013-05-20,1,Mobile App,,documents/kyc/CUST_333/Voter_ID/333_302721.pdf
544,Driving License,DL505268942164,2023-12-05,2028-12-05,Failed,9.0,2023-12-14,2023-12-20,0,Branch,Document expired,documents/kyc/CUST_544/Driving_License/544_792313.pdf
462,Aadhaar,435874594033,2021-02-23,,Verified,78.0,2021-03-23,2021-03-11,0,Branch,,documents/kyc/CUST_462/Aadhaar/462_211635.pdf
437,Driving License,DL982733571942,2023-11-11,2043-11-11,Failed,52.0,2023-11-21,2023-11-29,0,Mobile App,Invalid document,documents/kyc/CUST_437/Driving_License/437_733883.pdf
281,Aadhaar,241820106687,2026-02-01,,Verified,22.0,2026-03-02,2026-02-09,0,Mobile App,,documents/kyc/CUST_281/Aadhaar/281_153511.pdf
4,PAN,XPXDV5934K,2010-10-25,,Verified,59.0,2010-11-12,2010-11-14,0,Internet Banking,,documents/kyc/CUST_4/PAN/4_774938.pdf
757,PAN,LTWSY2326W,2023-03-31,,Verified,74.0,2023-04-15,2023-04-10,0,Branch,,documents/kyc/CUST_757/PAN/757_122117.pdf
367,Voter ID,VID225124002817,2017-08-14,2027-08-14,Verified,100.0,2017-08-21,2017-09-07,0,Mobile App,,documents/kyc/CUST_367/Voter_ID/367_879392.pdf
571,Driving License,DL321949173897,2016-11-05,2026-11-05,Verified,97.0,2016-12-04,2016-11-30,0,Mobile App,,documents/kyc/CUST_571/Driving_License/571_147275.pdf
713,PAN,HSTBT6924V,2023-07-02,,Verified,59.0,2023-07-14,2023-07-21,0,Mobile App,,documents/kyc/CUST_713/PAN/713_266706.pdf
61,PAN,UUTAX8756V,2023-07-28,,Verified,63.0,2023-08-16,2023-08-21,0,Mobile App,,documents/kyc/CUST_61/PAN/61_702104.pdf
482,Voter ID,VID284857917265,2025-02-14,2030-02-14,Rejected,38.0,2025-03-08,2025-02-19,0,Internet Banking,Verification failed,documents/kyc/CUST_482/Voter_ID/482_309783.pdf
694,PAN,QHMBF1281C,2010-09-11,,Verified,24.0,2010-09-24,2010-10-06,0,Mobile App,,documents/kyc/CUST_694/PAN/694_132574.pdf
477,Voter ID,VID344524709176,2014-05-02,2019-05-02,Verified,54.0,2014-05-23,2014-05-19,1,Mobile App,,documents/kyc/CUST_477/Voter_ID/477_454115.pdf
464,Passport,U2261232,2022-05-20,2027-05-20,Pending,,,2022-06-09,0,Mobile App,,documents/kyc/CUST_464/Passport/464_229030.pdf
598,PAN,DZLXZ2361A,2018-10-08,,Verified,10.0,2018-10-10,2018-10-23,0,Mobile App,,documents/kyc/CUST_598/PAN/598_790174.pdf
999,Passport,Q5238795,2021-10-03,2026-10-03,Verified,46.0,2021-10-31,2021-10-21,0,Internet Banking,,documents/kyc/CUST_999/Passport/999_193486.pdf
39,PAN,VMDCF3461Q,2023-12-29,,Rejected,57.0,2024-01-13,2024-01-11,0,Internet Banking,Invalid document,documents/kyc/CUST_39/PAN/39_292152.pdf
868,PAN,SZMMV4375O,2017-06-17,,Pending,,,2017-06-25,0,Internet Banking,,documents/kyc/CUST_868/PAN/868_123911.pdf
133,Voter ID,VID898296217159,2022-10-13,2032-10-13,Verified,56.0,2022-10-25,2022-10-23,0,Internet Banking,,documents/kyc/CUST_133/Voter_ID/133_205750.pdf
355,Driving License,DL812013490613,2017-05-03,2027-05-03,Verified,52.0,2017-05-26,2017-05-11,0,Mobile App,,documents/kyc/CUST_355/Driving_License/355_482172.pdf
391,PAN,BTVBV3019L,2023-04-08,,Rejected,39.0,2023-04-09,2023-05-04,0,Internet Banking,Document details mismatch,documents/kyc/CUST_391/PAN/391_995888.pdf
223,Aadhaar,693191784128,2013-03-01,,Verified,10.0,2013-03-02,2013-03-22,0,Mobile App,,documents/kyc/CUST_223/Aadhaar/223_689529.pdf
532,Aadhaar,213983746127,2013-01-04,,Verified,53.0,2013-01-27,2013-02-01,0,Mobile App,,documents/kyc/CUST_532/Aadhaar/532_842440.pdf
73,Passport,U5286402,2026-04-01,2036-04-01,Verified,32.0,2026-04-08,2026-04-23,0,Internet Banking,,documents/kyc/CUST_73/Passport/73_688133.pdf
423,Passport,F1414329,2025-05-18,2030-05-18,Pending,,,2025-05-25,0,Branch,,documents/kyc/CUST_423/Passport/423_509028.pdf
686,PAN,LJDXN1727M,2013-01-11,,Verified,66.0,2013-02-07,2013-01-25,0,Mobile App,,documents/kyc/CUST_686/PAN/686_624536.pdf
463,Passport,J5510936,2025-03-04,2030-03-04,Verified,25.0,2025-03-11,2025-03-14,0,Internet Banking,,documents/kyc/CUST_463/Passport/463_182636.pdf
893,Aadhaar,727486923706,2011-03-04,,Rejected,15.0,2011-03-05,2011-03-07,0,Mobile App,Document details mismatch,documents/kyc/CUST_893/Aadhaar/893_225799.pdf
778,Driving License,DL624365798926,2020-11-10,2025-11-10,Verified,7.0,2020-11-27,2020-11-29,1,Mobile App,,documents/kyc/CUST_778/Driving_License/778_544619.pdf
427,Passport,S8161476,2017-01-16,2022-01-16,Verified,71.0,2017-02-09,2017-01-30,1,Branch,,documents/kyc/CUST_427/Passport/427_546407.pdf
388,Driving License,DL760407477165,2016-11-06,2021-11-06,Verified,95.0,2016-11-12,2016-11-09,1,Mobile App,,documents/kyc/CUST_388/Driving_License/388_508564.pdf
301,PAN,WHJQO2752V,2014-03-09,,Verified,27.0,2014-03-22,2014-04-07,0,Branch,,documents/kyc/CUST_301/PAN/301_326759.pdf
546,PAN,XKBEW4670G,2016-04-08,,Failed,21.0,2016-04-23,2016-04-16,0,Mobile App,Document expired,documents/kyc/CUST_546/PAN/546_902708.pdf
930,Driving License,DL714748034152,2019-08-16,2039-08-16,Verified,66.0,2019-08-20,2019-09-11,0,Branch,,documents/kyc/CUST_930/Driving_License/930_326077.pdf
156,Driving License,DL753141905738,2016-07-13,2036-07-13,Verified,71.0,2016-08-12,2016-07-23,0,Branch,,documents/kyc/CUST_156/Driving_License/156_277226.pdf
555,PAN,GJSQM3921F,2024-05-05,,Verified,47.0,2024-06-01,2024-05-24,0,Branch,,documents/kyc/CUST_555/PAN/555_326487.pdf
875,Passport,M8147541,2021-10-08,2031-10-08,Verified,98.0,2021-10-12,2021-10-10,0,Mobile App,,documents/kyc/CUST_875/Passport/875_176514.pdf
421,PAN,PKJIC2613C,2024-06-28,,Failed,86.0,2024-07-01,2024-07-03,0,Branch,Document details mismatch,documents/kyc/CUST_421/PAN/421_352064.pdf
701,Voter ID,VID964896769361,2017-07-20,2022-07-20,Rejected,37.0,2017-08-01,2017-08-16,1,Internet Banking,Incorrect document information,documents/kyc/CUST_701/Voter_ID/701_891468.pdf
678,Voter ID,VID975861105947,2011-03-22,2016-03-22,Verified,33.0,2011-04-12,2011-04-14,1,Branch,,documents/kyc/CUST_678/Voter_ID/678_401730.pdf
212,PAN,YRKHC2370P,2012-06-01,,Verified,37.0,2012-06-10,2012-06-09,0,Internet Banking,,documents/kyc/CUST_212/PAN/212_703671.pdf
949,Passport,Q9500536,2013-05-11,2023-05-11,Verified,47.0,2013-05-23,2013-05-28,1,Branch,,documents/kyc/CUST_949/Passport/949_640853.pdf
526,Voter ID,VID735844260435,2018-10-06,2028-10-06,Failed,14.0,2018-10-09,2018-10-26,0,Branch,Document expired,documents/kyc/CUST_526/Voter_ID/526_243504.pdf
644,Aadhaar,885889867517,2024-05-03,,Verified,69.0,2024-05-16,2024-05-30,0,Mobile App,,documents/kyc/CUST_644/Aadhaar/644_133048.pdf
615,Driving License,DL239087145428,2022-04-20,2032-04-20,Verified,46.0,2022-04-28,2022-05-15,0,Mobile App,,documents/kyc/CUST_615/Driving_License/615_106294.pdf
824,Voter ID,VID782491565513,2026-04-20,2031-04-20,Failed,36.0,2026-05-08,2026-04-29,0,Branch,Verification failed,documents/kyc/CUST_824/Voter_ID/824_506269.pdf
836,Driving License,DL506722096595,2015-01-05,2020-01-05,Verified,62.0,2015-01-28,2015-01-09,1,Mobile App,,documents/kyc/CUST_836/Driving_License/836_982628.pdf
619,Driving License,DL126729854931,2026-03-16,2031-03-16,Verified,90.0,2026-03-31,2026-03-16,0,Mobile App,,documents/kyc/CUST_619/Driving_License/619_564970.pdf
436,PAN,QTEYZ4975A,2025-06-28,,Rejected,7.0,2025-06-29,2025-07-18,0,Branch,Verification failed,documents/kyc/CUST_436/PAN/436_458408.pdf
393,PAN,OCQEB6281C,2013-02-05,,Verified,38.0,2013-03-01,2013-02-18,0,Mobile App,,documents/kyc/CUST_393/PAN/393_622406.pdf
56,Driving License,DL336866561422,2025-02-20,2045-02-20,Verified,95.0,2025-03-03,2025-03-12,0,Internet Banking,,documents/kyc/CUST_56/Driving_License/56_551878.pdf
325,Driving License,DL946755970944,2011-03-11,2016-03-11,Verified,11.0,2011-04-03,2011-04-05,1,Mobile App,,documents/kyc/CUST_325/Driving_License/325_757590.pdf
599,Passport,W7033521,2022-06-26,2032-06-26,Verified,35.0,2022-07-25,2022-07-09,0,Internet Banking,,documents/kyc/CUST_599/Passport/599_506731.pdf
202,Passport,S8732970,2020-12-29,2030-12-29,Failed,72.0,2021-01-25,2021-01-27,0,Mobile App,Verification failed,documents/kyc/CUST_202/Passport/202_553722.pdf
472,Driving License,DL646281714237,2015-07-12,2035-07-12,Verified,83.0,2015-07-24,2015-07-29,0,Mobile App,,documents/kyc/CUST_472/Driving_License/472_706540.pdf
261,Passport,I4800001,2023-04-12,2033-04-12,Verified,88.0,2023-04-14,2023-04-30,0,Mobile App,,documents/kyc/CUST_261/Passport/261_424230.pdf
736,PAN,UCWYK9164S,2019-10-19,,Verified,66.0,2019-11-03,2019-10-22,0,Internet Banking,,documents/kyc/CUST_736/PAN/736_231987.pdf
275,PAN,JJUQU8975Z,2019-06-03,,Verified,89.0,2019-06-18,2019-06-13,0,Mobile App,,documents/kyc/CUST_275/PAN/275_722161.pdf
790,Voter ID,VID234648993664,2016-04-16,2021-04-16,Verified,28.0,2016-04-22,2016-05-06,1,Mobile App,,documents/kyc/CUST_790/Voter_ID/790_625782.pdf
326,Aadhaar,228578532607,2023-12-18,,Verified,99.0,2024-01-10,2024-01-05,0,Mobile App,,documents/kyc/CUST_326/Aadhaar/326_656522.pdf
797,Driving License,DL140413916688,2017-04-30,2022-04-30,Pending,,,2017-05-25,1,Mobile App,,documents/kyc/CUST_797/Driving_License/797_869828.pdf
714,Passport,J4022400,2023-06-28,2028-06-28,Verified,86.0,2023-07-24,2023-07-28,0,Mobile App,,documents/kyc/CUST_714/Passport/714_108232.pdf
928,Passport,U4298664,2011-10-29,2021-10-29,Verified,7.0,2011-11-24,2011-10-29,1,Internet Banking,,documents/kyc/CUST_928/Passport/928_302549.pdf
559,Voter ID,VID860023440519,2010-03-13,2015-03-13,Verified,39.0,2010-03-27,2010-03-18,1,Mobile App,,documents/kyc/CUST_559/Voter_ID/559_221909.pdf
164,Driving License,DL858727102468,2010-05-15,2015-05-15,Pending,,,2010-06-10,1,Mobile App,,documents/kyc/CUST_164/Driving_License/164_144352.pdf
41,Voter ID,VID719035346707,2020-06-10,2030-06-10,Verified,75.0,2020-06-11,2020-06-23,0,Branch,,documents/kyc/CUST_41/Voter_ID/41_310766.pdf
849,Passport,V3436089,2024-07-12,2034-07-12,Verified,28.0,2024-08-08,2024-07-22,0,Mobile App,,documents/kyc/CUST_849/Passport/849_658038.pdf
741,Passport,Y5770051,2014-07-06,2024-07-06,Rejected,6.0,2014-07-13,2014-07-29,1,Branch,Invalid document,documents/kyc/CUST_741/Passport/741_678667.pdf
865,Passport,T4175671,2024-02-17,2029-02-17,Verified,49.0,2024-02-21,2024-02-28,0,Mobile App,,documents/kyc/CUST_865/Passport/865_365968.pdf
470,Driving License,DL605075079586,2013-12-27,2023-12-27,Verified,39.0,2014-01-04,2014-01-04,1,Branch,,documents/kyc/CUST_470/Driving_License/470_781679.pdf
394,Voter ID,VID107307499823,2013-02-21,2023-02-21,Verified,51.0,2013-03-19,2013-03-10,1,Internet Banking,,documents/kyc/CUST_394/Voter_ID/394_307862.pdf
81,Aadhaar,571195188626,2010-07-23,,Verified,6.0,2010-08-22,2010-07-26,0,Mobile App,,documents/kyc/CUST_81/Aadhaar/81_883609.pdf
879,Driving License,DL425757430378,2015-07-09,2020-07-09,Pending,,,2015-07-09,1,Branch,,documents/kyc/CUST_879/Driving_License/879_858119.pdf
453,Voter ID,VID684593805605,2021-09-13,2031-09-13,Verified,27.0,2021-09-18,2021-09-22,0,Mobile App,,documents/kyc/CUST_453/Voter_ID/453_368702.pdf
469,PAN,ZROUD9120L,2013-05-25,,Pending,,,2013-06-10,0,Branch,,documents/kyc/CUST_469/PAN/469_990228.pdf
870,Voter ID,VID922090066398,2018-06-05,2023-06-05,Verified,90.0,2018-06-24,2018-06-25,1,Mobile App,,documents/kyc/CUST_870/Voter_ID/870_138279.pdf
38,Voter ID,VID868721946255,2014-09-04,2019-09-04,Verified,71.0,2014-09-25,2014-09-17,1,Mobile App,,documents/kyc/CUST_38/Voter_ID/38_963090.pdf
568,Driving License,DL826197387426,2013-04-26,2033-04-26,Verified,36.0,2013-05-20,2013-05-17,0,Mobile App,,documents/kyc/CUST_568/Driving_License/568_921176.pdf
837,Driving License,DL405823979619,2023-04-07,2028-04-07,Verified,69.0,2023-04-30,2023-04-21,0,Mobile App,,documents/kyc/CUST_837/Driving_License/837_923005.pdf
239,Driving License,DL173157827809,2014-12-10,2034-12-10,Verified,57.0,2015-01-07,2015-01-06,0,Mobile App,,documents/kyc/CUST_239/Driving_License/239_399927.pdf
723,Aadhaar,376663083381,2026-04-25,,Verified,57.0,2026-05-12,2026-04-26,0,Mobile App,,documents/kyc/CUST_723/Aadhaar/723_536442.pdf
358,Aadhaar,730951699521,2017-03-13,,Verified,41.0,2017-03-20,2017-03-21,0,Internet Banking,,documents/kyc/CUST_358/Aadhaar/358_736574.pdf
490,Voter ID,VID549273379532,2017-06-28,2027-06-28,Verified,83.0,2017-07-12,2017-07-08,0,Mobile App,,documents/kyc/CUST_490/Voter_ID/490_662830.pdf
251,Aadhaar,270733257970,2020-03-31,,Verified,31.0,2020-04-29,2020-04-17,0,Mobile App,,documents/kyc/CUST_251/Aadhaar/251_419501.pdf
828,Driving License,DL555073695410,2020-09-28,2030-09-28,Verified,17.0,2020-10-11,2020-10-23,0,Mobile App,,documents/kyc/CUST_828/Driving_License/828_833000.pdf
287,Aadhaar,973861556592,2021-01-16,,Failed,34.0,2021-01-21,2021-02-03,0,Branch,Document image unclear,documents/kyc/CUST_287/Aadhaar/287_529100.pdf
239,Voter ID,VID203914484177,2021-12-12,2031-12-12,Verified,49.0,2022-01-01,2021-12-18,0,Mobile App,,documents/kyc/CUST_239/Voter_ID/239_519090.pdf
26,Passport,S3846436,2023-01-14,2028-01-14,Verified,10.0,2023-01-30,2023-01-29,0,Internet Banking,,documents/kyc/CUST_26/Passport/26_234545.pdf
539,Aadhaar,551090768637,2025-04-08,,Rejected,93.0,2025-04-15,2025-04-19,0,Mobile App,Document expired,documents/kyc/CUST_539/Aadhaar/539_658586.pdf
232,PAN,EHTKH9911W,2016-05-02,,Rejected,29.0,2016-05-17,2016-05-22,0,Mobile App,Document details mismatch,documents/kyc/CUST_232/PAN/232_294567.pdf
848,Aadhaar,989914018869,2022-01-31,,Verified,5.0,2022-02-24,2022-02-23,0,Mobile App,,documents/kyc/CUST_848/Aadhaar/848_583305.pdf
594,Voter ID,VID776030703362,2025-07-10,2030-07-10,Verified,65.0,2025-07-26,2025-07-15,0,Branch,,documents/kyc/CUST_594/Voter_ID/594_173436.pdf
991,PAN,EGSUY1074W,2017-06-22,,Verified,33.0,2017-07-16,2017-06-26,0,Branch,,documents/kyc/CUST_991/PAN/991_135937.pdf
902,Voter ID,VID143416679736,2017-05-02,2027-05-02,Pending,,,2017-05-29,0,Mobile App,,documents/kyc/CUST_902/Voter_ID/902_860621.pdf
820,Driving License,DL210176955564,2010-12-11,2020-12-11,Verified,7.0,2010-12-22,2010-12-26,1,Mobile App,,documents/kyc/CUST_820/Driving_License/820_296097.pdf
542,Voter ID,VID344850318885,2015-01-17,2020-01-17,Verified,94.0,2015-02-05,2015-01-27,1,Branch,,documents/kyc/CUST_542/Voter_ID/542_710279.pdf
361,Voter ID,VID535079353140,2010-03-11,2015-03-11,Verified,63.0,2010-04-03,2010-03-19,1,Branch,,documents/kyc/CUST_361/Voter_ID/361_351058.pdf
659,Driving License,DL246991025631,2010-07-15,2015-07-15,Verified,23.0,2010-07-26,2010-08-13,1,Mobile App,,documents/kyc/CUST_659/Driving_License/659_777983.pdf
299,Driving License,DL569029278859,2020-12-31,2040-12-31,Verified,66.0,2021-01-22,2021-01-02,0,Internet Banking,,documents/kyc/CUST_299/Driving_License/299_923124.pdf
317,PAN,PLSYP1411Q,2012-01-04,,Verified,17.0,2012-01-09,2012-01-10,0,Branch,,documents/kyc/CUST_317/PAN/317_370403.pdf
566,PAN,QKNNP3293K,2011-07-07,,Verified,95.0,2011-08-02,2011-08-05,0,Branch,,documents/kyc/CUST_566/PAN/566_867194.pdf
595,Voter ID,VID363261256317,2018-06-04,2023-06-04,Pending,,,2018-06-27,1,Branch,,documents/kyc/CUST_595/Voter_ID/595_525680.pdf
687,Aadhaar,264508746845,2022-09-21,,Verified,1.0,2022-10-06,2022-10-07,0,Mobile App,,documents/kyc/CUST_687/Aadhaar/687_629015.pdf
406,Voter ID,VID445722136043,2016-03-03,2021-03-03,Verified,80.0,2016-03-11,2016-03-09,1,Internet Banking,,documents/kyc/CUST_406/Voter_ID/406_934441.pdf
652,Voter ID,VID829052922267,2018-01-19,2028-01-19,Verified,37.0,2018-02-15,2018-01-30,0,Mobile App,,documents/kyc/CUST_652/Voter_ID/652_235190.pdf
54,Passport,J6349085,2023-04-21,2028-04-21,Verified,31.0,2023-04-28,2023-05-21,0,Mobile App,,documents/kyc/CUST_54/Passport/54_638861.pdf
449,Aadhaar,733373819192,2010-07-07,,Verified,7.0,2010-07-15,2010-07-09,0,Internet Banking,,documents/kyc/CUST_449/Aadhaar/449_573809.pdf
613,Driving License,DL160305648458,2019-06-25,2039-06-25,Rejected,84.0,2019-07-11,2019-07-15,0,Branch,Incorrect document information,documents/kyc/CUST_613/Driving_License/613_431229.pdf
296,PAN,OYAAU9032T,2010-10-16,,Pending,,,2010-11-06,0,Internet Banking,,documents/kyc/CUST_296/PAN/296_246178.pdf
701,Aadhaar,578520375768,2019-04-02,,Verified,9.0,2019-04-21,2019-04-13,0,Branch,,documents/kyc/CUST_701/Aadhaar/701_455559.pdf
874,Driving License,DL246502473363,2013-09-17,2033-09-17,Failed,98.0,2013-10-02,2013-10-04,0,Branch,Document image unclear,documents/kyc/CUST_874/Driving_License/874_619626.pdf
209,Voter ID,VID529554779807,2018-04-13,2023-04-13,Verified,9.0,2018-05-07,2018-04-23,1,Mobile App,,documents/kyc/CUST_209/Voter_ID/209_652556.pdf
582,Voter ID,VID126696171794,2016-07-04,2021-07-04,Verified,64.0,2016-07-31,2016-07-11,1,Mobile App,,documents/kyc/CUST_582/Voter_ID/582_311515.pdf
673,Voter ID,VID400182974349,2016-09-15,2021-09-15,Pending,,,2016-09-29,1,Mobile App,,documents/kyc/CUST_673/Voter_ID/673_428845.pdf
573,PAN,FZWQL6970X,2015-01-25,,Verified,81.0,2015-02-11,2015-01-28,0,Mobile App,,documents/kyc/CUST_573/PAN/573_468725.pdf
536,Aadhaar,278716818558,2017-03-18,,Verified,51.0,2017-04-16,2017-03-27,0,Mobile App,,documents/kyc/CUST_536/Aadhaar/536_250602.pdf
512,Passport,A9386709,2023-04-04,2033-04-04,Verified,19.0,2023-04-28,2023-04-06,0,Mobile App,,documents/kyc/CUST_512/Passport/512_474823.pdf
436,Voter ID,VID956081794231,2026-02-07,2031-02-07,Verified,32.0,2026-02-26,2026-02-16,0,Mobile App,,documents/kyc/CUST_436/Voter_ID/436_104796.pdf
766,Voter ID,VID647339529749,2011-01-26,2021-01-26,Verified,83.0,2011-01-28,2011-02-14,1,Mobile App,,documents/kyc/CUST_766/Voter_ID/766_546759.pdf
584,Driving License,DL186779288215,2015-01-17,2025-01-17,Verified,56.0,2015-01-22,2015-02-05,1,Mobile App,,documents/kyc/CUST_584/Driving_License/584_482559.pdf
102,PAN,IFXNH2073W,2018-07-04,,Verified,34.0,2018-07-15,2018-07-30,0,Mobile App,,documents/kyc/CUST_102/PAN/102_911165.pdf
959,Aadhaar,923315383432,2014-09-02,,Verified,21.0,2014-09-05,2014-09-18,0,Branch,,documents/kyc/CUST_959/Aadhaar/959_285101.pdf
705,Passport,L3545042,2015-01-17,2020-01-17,Verified,16.0,2015-02-04,2015-01-25,1,Internet Banking,,documents/kyc/CUST_705/Passport/705_612014.pdf
22,Aadhaar,468434409835,2024-12-14,,Verified,69.0,2025-01-13,2025-01-08,0,Mobile App,,documents/kyc/CUST_22/Aadhaar/22_510751.pdf
337,Driving License,DL462149682952,2022-01-10,2042-01-10,Verified,40.0,2022-02-06,2022-01-16,0,Mobile App,,documents/kyc/CUST_337/Driving_License/337_210158.pdf
615,Passport,U5710774,2025-10-14,2030-10-14,Pending,,,2025-10-30,0,Branch,,documents/kyc/CUST_615/Passport/615_219824.pdf
887,Voter ID,VID422219941059,2023-04-21,2033-04-21,Verified,45.0,2023-05-10,2023-05-01,0,Internet Banking,,documents/kyc/CUST_887/Voter_ID/887_126503.pdf
286,Aadhaar,804213880893,2026-04-19,,Verified,34.0,2026-05-19,2026-04-27,0,Mobile App,,documents/kyc/CUST_286/Aadhaar/286_310279.pdf
153,Driving License,DL385824272344,2012-02-19,2017-02-19,Pending,,,2012-03-18,1,Mobile App,,documents/kyc/CUST_153/Driving_License/153_934436.pdf
661,Driving License,DL403346572317,2020-03-26,2025-03-26,Verified,12.0,2020-04-24,2020-04-02,1,Branch,,documents/kyc/CUST_661/Driving_License/661_805286.pdf
980,Driving License,DL166179832896,2022-08-22,2042-08-22,Verified,22.0,2022-09-17,2022-08-27,0,Mobile App,,documents/kyc/CUST_980/Driving_License/980_278881.pdf
299,Voter ID,VID915601844616,2024-03-23,2029-03-23,Failed,11.0,2024-04-17,2024-04-02,0,Mobile App,Invalid document,documents/kyc/CUST_299/Voter_ID/299_911038.pdf
952,Passport,T8622916,2018-05-29,2028-05-29,Verified,9.0,2018-06-06,2018-06-19,0,Mobile App,,documents/kyc/CUST_952/Passport/952_232538.pdf
882,Driving License,DL544707501216,2026-07-22,2046-07-22,Verified,48.0,2026-07-24,2026-07-30,0,Mobile App,,documents/kyc/CUST_882/Driving_License/882_965450.pdf
822,PAN,PTJJZ4778M,2016-12-21,,Verified,29.0,2017-01-18,2017-01-09,0,Mobile App,,documents/kyc/CUST_822/PAN/822_736951.pdf
628,Voter ID,VID706228387065,2026-06-30,2036-06-30,Rejected,81.0,2026-07-30,2026-07-12,0,Branch,Document expired,documents/kyc/CUST_628/Voter_ID/628_712292.pdf
630,PAN,VRTTN9626E,2020-12-10,,Verified,43.0,2020-12-11,2021-01-01,0,Mobile App,,documents/kyc/CUST_630/PAN/630_874931.pdf
437,Aadhaar,727366705476,2025-05-30,,Rejected,30.0,2025-06-05,2025-06-03,0,Mobile App,Invalid document,documents/kyc/CUST_437/Aadhaar/437_449748.pdf
19,Driving License,DL584048591325,2017-08-31,2027-08-31,Verified,58.0,2017-09-18,2017-09-29,0,Branch,,documents/kyc/CUST_19/Driving_License/19_348716.pdf
829,Voter ID,VID725724279001,2014-11-27,2024-11-27,Failed,48.0,2014-12-26,2014-12-05,1,Mobile App,Incorrect document information,documents/kyc/CUST_829/Voter_ID/829_225170.pdf
882,PAN,HPEKC6853U,2015-04-12,,Rejected,89.0,2015-04-17,2015-04-27,0,Mobile App,Document image unclear,documents/kyc/CUST_882/PAN/882_751515.pdf
53,Passport,B9981776,2015-02-05,2020-02-05,Rejected,15.0,2015-02-20,2015-02-10,1,Internet Banking,Document image unclear,documents/kyc/CUST_53/Passport/53_905762.pdf
431,PAN,FGCLG6562Y,2018-10-22,,Pending,,,2018-11-19,0,Branch,,documents/kyc/CUST_431/PAN/431_807631.pdf
382,Passport,R5212093,2018-05-14,2028-05-14,Verified,83.0,2018-06-04,2018-05-24,0,Branch,,documents/kyc/CUST_382/Passport/382_665198.pdf
384,Aadhaar,511292991403,2024-10-01,,Verified,2.0,2024-10-13,2024-10-15,0,Mobile App,,documents/kyc/CUST_384/Aadhaar/384_965733.pdf
690,Aadhaar,184093490380,2015-04-30,,Failed,36.0,2015-05-25,2015-05-27,0,Mobile App,Document expired,documents/kyc/CUST_690/Aadhaar/690_154638.pdf
861,PAN,DIXSH2977D,2016-09-15,,Verified,14.0,2016-09-26,2016-09-18,0,Branch,,documents/kyc/CUST_861/PAN/861_940404.pdf
662,Passport,O2322475,2025-03-26,2035-03-26,Verified,31.0,2025-04-08,2025-03-29,0,Mobile App,,documents/kyc/CUST_662/Passport/662_795024.pdf
869,Aadhaar,970461977130,2014-08-13,,Verified,15.0,2014-09-05,2014-08-27,0,Internet Banking,,documents/kyc/CUST_869/Aadhaar/869_947761.pdf
562,Aadhaar,165710726335,2010-06-23,,Pending,,,2010-07-07,0,Branch,,documents/kyc/CUST_562/Aadhaar/562_202998.pdf
829,Aadhaar,352220689797,2014-02-14,,Verified,19.0,2014-02-28,2014-02-26,0,Mobile App,,documents/kyc/CUST_829/Aadhaar/829_823984.pdf
31,Driving License,DL218829474172,2018-08-06,2038-08-06,Verified,81.0,2018-08-14,2018-08-09,0,Mobile App,,documents/kyc/CUST_31/Driving_License/31_647066.pdf
512,PAN,EVEGB8391T,2021-10-17,,Verified,57.0,2021-10-23,2021-11-07,0,Internet Banking,,documents/kyc/CUST_512/PAN/512_367336.pdf
250,Driving License,DL679397488953,2011-06-22,2031-06-22,Verified,97.0,2011-07-10,2011-06-29,0,Internet Banking,,documents/kyc/CUST_250/Driving_License/250_782710.pdf
58,Voter ID,VID442250292825,2025-09-23,2030-09-23,Pending,,,2025-10-16,0,Mobile App,,documents/kyc/CUST_58/Voter_ID/58_588435.pdf
741,PAN,OATVO2151G,2014-12-23,,Verified,75.0,2014-12-29,2014-12-31,0,Mobile App,,documents/kyc/CUST_741/PAN/741_693419.pdf
626,Passport,H6995602,2013-01-08,2023-01-08,Verified,31.0,2013-01-10,2013-01-20,1,Branch,,documents/kyc/CUST_626/Passport/626_865203.pdf
329,Aadhaar,994191005743,2014-01-30,,Pending,,,2014-02-22,0,Mobile App,,documents/kyc/CUST_329/Aadhaar/329_251993.pdf
640,Passport,J2033985,2010-07-01,2020-07-01,Verified,54.0,2010-07-17,2010-07-12,1,Internet Banking,,documents/kyc/CUST_640/Passport/640_799387.pdf
393,Driving License,DL643733565501,2016-04-18,2026-04-18,Verified,75.0,2016-05-02,2016-05-05,1,Branch,,documents/kyc/CUST_393/Driving_License/393_376203.pdf
893,PAN,LUNUS8470B,2017-11-19,,Pending,,,2017-12-13,0,Mobile App,,documents/kyc/CUST_893/PAN/893_745545.pdf
572,PAN,OIDFC2838K,2019-05-20,,Pending,,,2019-06-07,0,Mobile App,,documents/kyc/CUST_572/PAN/572_495776.pdf
956,Driving License,DL565371900053,2014-07-02,2019-07-02,Verified,32.0,2014-07-18,2014-07-15,1,Internet Banking,,documents/kyc/CUST_956/Driving_License/956_893085.pdf
475,Voter ID,VID516432137617,2011-02-16,2016-02-16,Verified,70.0,2011-02-24,2011-03-14,1,Branch,,documents/kyc/CUST_475/Voter_ID/475_737137.pdf
461,Voter ID,VID223851451659,2014-11-08,2024-11-08,Verified,94.0,2014-11-10,2014-11-27,1,Mobile App,,documents/kyc/CUST_461/Voter_ID/461_957142.pdf
963,Passport,E4413093,2018-03-12,2023-03-12,Verified,36.0,2018-03-25,2018-03-20,1,Mobile App,,documents/kyc/CUST_963/Passport/963_101555.pdf
727,Passport,D7581513,2012-04-01,2022-04-01,Verified,68.0,2012-04-07,2012-04-24,1,Mobile App,,documents/kyc/CUST_727/Passport/727_545891.pdf
414,Driving License,DL641706718352,2018-07-06,2023-07-06,Verified,53.0,2018-07-08,2018-07-28,1,Mobile App,,documents/kyc/CUST_414/Driving_License/414_255545.pdf
292,Voter ID,VID716008998997,2024-03-01,2029-03-01,Verified,28.0,2024-03-10,2024-03-03,0,Mobile App,,documents/kyc/CUST_292/Voter_ID/292_733792.pdf
729,Passport,X8126019,2013-09-03,2023-09-03,Verified,13.0,2013-09-16,2013-09-27,1,Mobile App,,documents/kyc/CUST_729/Passport/729_987594.pdf
376,PAN,YHROM2034U,2016-08-08,,Verified,46.0,2016-08-12,2016-08-19,0,Mobile App,,documents/kyc/CUST_376/PAN/376_892291.pdf
375,Aadhaar,200314458651,2020-03-03,,Verified,75.0,2020-03-19,2020-03-05,0,Mobile App,,documents/kyc/CUST_375/Aadhaar/375_304034.pdf
885,PAN,KQOXR8882D,2010-09-17,,Verified,74.0,2010-09-20,2010-09-18,0,Mobile App,,documents/kyc/CUST_885/PAN/885_258118.pdf
689,Aadhaar,534790892525,2014-11-29,,Verified,72.0,2014-12-19,2014-12-22,0,Internet Banking,,documents/kyc/CUST_689/Aadhaar/689_137777.pdf
695,PAN,QUBDF4798D,2014-11-23,,Verified,53.0,2014-12-22,2014-12-10,0,Branch,,documents/kyc/CUST_695/PAN/695_995728.pdf
225,Passport,C8770110,2025-06-09,2030-06-09,Verified,23.0,2025-06-16,2025-06-20,0,Branch,,documents/kyc/CUST_225/Passport/225_316549.pdf
834,Voter ID,VID491790903078,2015-07-24,2020-07-24,Rejected,67.0,2015-08-17,2015-07-29,1,Mobile App,Invalid document,documents/kyc/CUST_834/Voter_ID/834_438693.pdf
885,Driving License,DL281875442456,2019-08-29,2024-08-29,Failed,74.0,2019-09-13,2019-09-21,1,Mobile App,Invalid document,documents/kyc/CUST_885/Driving_License/885_132510.pdf
894,Voter ID,VID766406662721,2018-12-18,2028-12-18,Verified,10.0,2019-01-12,2018-12-20,0,Mobile App,,documents/kyc/CUST_894/Voter_ID/894_432142.pdf
936,Voter ID,VID535523459504,2021-08-22,2026-08-22,Verified,76.0,2021-09-15,2021-09-18,0,Mobile App,,documents/kyc/CUST_936/Voter_ID/936_219851.pdf
577,Voter ID,VID199919443510,2018-07-18,2028-07-18,Verified,20.0,2018-08-03,2018-07-18,0,Branch,,documents/kyc/CUST_577/Voter_ID/577_138799.pdf
562,Driving License,DL316856197996,2024-06-29,2044-06-29,Verified,25.0,2024-07-08,2024-07-16,0,Mobile App,,documents/kyc/CUST_562/Driving_License/562_374421.pdf
681,Passport,G3645908,2011-09-26,2016-09-26,Verified,57.0,2011-10-02,2011-10-01,1,Branch,,documents/kyc/CUST_681/Passport/681_494285.pdf
206,Voter ID,VID912448254308,2011-01-22,2021-01-22,Verified,20.0,2011-01-25,2011-02-18,1,Mobile App,,documents/kyc/CUST_206/Voter_ID/206_938023.pdf
465,PAN,ANRZU3618O,2012-12-28,,Pending,,,2013-01-20,0,Mobile App,,documents/kyc/CUST_465/PAN/465_969295.pdf
148,Voter ID,VID371631299991,2018-05-13,2028-05-13,Verified,98.0,2018-06-09,2018-06-10,0,Mobile App,,documents/kyc/CUST_148/Voter_ID/148_490628.pdf
233,Aadhaar,131079207929,2020-01-10,,Verified,40.0,2020-01-26,2020-01-23,0,Mobile App,,documents/kyc/CUST_233/Aadhaar/233_416652.pdf
617,Driving License,DL906430956654,2020-03-08,2025-03-08,Verified,90.0,2020-04-05,2020-03-16,1,Mobile App,,documents/kyc/CUST_617/Driving_License/617_300527.pdf
979,Passport,P3849579,2017-04-06,2027-04-06,Verified,35.0,2017-04-13,2017-05-01,0,Mobile App,,documents/kyc/CUST_979/Passport/979_888039.pdf
807,PAN,TBGDU6513K,2017-09-24,,Verified,97.0,2017-10-21,2017-10-07,0,Branch,,documents/kyc/CUST_807/PAN/807_796301.pdf
714,Driving License,DL836129933481,2015-01-13,2035-01-13,Verified,1.0,2015-02-01,2015-02-09,0,Mobile App,,documents/kyc/CUST_714/Driving_License/714_986217.pdf
653,Voter ID,VID148420102529,2014-08-25,2019-08-25,Pending,,,2014-09-11,1,Internet Banking,,documents/kyc/CUST_653/Voter_ID/653_888830.pdf
243,Passport,P8390822,2020-07-06,2025-07-06,Verified,49.0,2020-07-16,2020-08-03,1,Mobile App,,documents/kyc/CUST_243/Passport/243_516595.pdf
765,Passport,M5011288,2021-04-13,2031-04-13,Pending,,,2021-04-28,0,Branch,,documents/kyc/CUST_765/Passport/765_147959.pdf
133,Driving License,DL628419490016,2014-11-11,2024-11-11,Verified,38.0,2014-12-05,2014-12-04,1,Mobile App,,documents/kyc/CUST_133/Driving_License/133_425399.pdf
234,Passport,Q1744783,2026-03-16,2036-03-16,Verified,49.0,2026-03-19,2026-04-02,0,Branch,,documents/kyc/CUST_234/Passport/234_306769.pdf
445,PAN,VKWOE9162D,2018-07-10,,Verified,33.0,2018-07-29,2018-07-18,0,Mobile App,,documents/kyc/CUST_445/PAN/445_603441.pdf
528,Aadhaar,118940439490,2010-10-10,,Rejected,47.0,2010-11-09,2010-10-19,0,Mobile App,Invalid document,documents/kyc/CUST_528/Aadhaar/528_114256.pdf
201,Driving License,DL475627658157,2012-06-21,2032-06-21,Verified,53.0,2012-06-23,2012-07-21,0,Mobile App,,documents/kyc/CUST_201/Driving_License/201_491716.pdf
144,Aadhaar,875698200185,2013-02-05,,Pending,,,2013-03-03,0,Internet Banking,,documents/kyc/CUST_144/Aadhaar/144_845667.pdf
572,Driving License,DL596859470133,2023-10-23,2028-10-23,Verified,92.0,2023-10-31,2023-11-17,0,Internet Banking,,documents/kyc/CUST_572/Driving_License/572_911867.pdf
495,Voter ID,VID445841439246,2019-10-08,2029-10-08,Pending,,,2019-10-26,0,Mobile App,,documents/kyc/CUST_495/Voter_ID/495_678996.pdf
625,PAN,AWNCP8433F,2019-11-12,,Verified,35.0,2019-12-01,2019-11-14,0,Mobile App,,documents/kyc/CUST_625/PAN/625_861337.pdf
351,Passport,H8730261,2017-07-06,2027-07-06,Verified,39.0,2017-07-25,2017-07-30,0,Mobile App,,documents/kyc/CUST_351/Passport/351_120778.pdf
39,Aadhaar,936506372560,2015-12-26,,Verified,44.0,2016-01-01,2015-12-30,0,Mobile App,,documents/kyc/CUST_39/Aadhaar/39_149648.pdf
262,Driving License,DL342754085873,2018-11-13,2038-11-13,Verified,80.0,2018-11-17,2018-11-21,0,Mobile App,,documents/kyc/CUST_262/Driving_License/262_895843.pdf
442,Passport,X4173079,2020-05-26,2030-05-26,Verified,6.0,2020-06-18,2020-06-23,0,Internet Banking,,documents/kyc/CUST_442/Passport/442_905176.pdf
810,Voter ID,VID923020297565,2015-07-16,2020-07-16,Verified,87.0,2015-07-18,2015-07-25,1,Branch,,documents/kyc/CUST_810/Voter_ID/810_165540.pdf
123,PAN,LAXMQ1838L,2018-09-13,,Verified,83.0,2018-10-06,2018-09-14,0,Mobile App,,documents/kyc/CUST_123/PAN/123_430963.pdf
677,Voter ID,VID980691967139,2011-11-08,2021-11-08,Verified,2.0,2011-11-22,2011-12-04,1,Mobile App,,documents/kyc/CUST_677/Voter_ID/677_995911.pdf
314,Aadhaar,170816919826,2023-07-03,,Verified,20.0,2023-07-12,2023-07-10,0,Mobile App,,documents/kyc/CUST_314/Aadhaar/314_738242.pdf
40,Aadhaar,981101548723,2011-09-30,,Verified,68.0,2011-10-09,2011-10-24,0,Mobile App,,documents/kyc/CUST_40/Aadhaar/40_975518.pdf
985,PAN,EISOM6567R,2013-06-20,,Verified,87.0,2013-07-07,2013-07-10,0,Mobile App,,documents/kyc/CUST_985/PAN/985_544456.pdf
578,Passport,S9736552,2021-09-24,2026-09-24,Rejected,60.0,2021-09-28,2021-10-24,0,Mobile App,Document details mismatch,documents/kyc/CUST_578/Passport/578_776024.pdf
123,Aadhaar,125155578384,2011-12-01,,Verified,90.0,2011-12-17,2011-12-26,0,Mobile App,,documents/kyc/CUST_123/Aadhaar/123_625057.pdf
368,Driving License,DL662538915068,2016-11-27,2021-11-27,Verified,23.0,2016-12-16,2016-12-26,1,Internet Banking,,documents/kyc/CUST_368/Driving_License/368_505630.pdf
650,PAN,GCLJC8766R,2011-08-09,,Verified,51.0,2011-08-27,2011-08-20,0,Internet Banking,,documents/kyc/CUST_650/PAN/650_566197.pdf
317,Passport,A8088497,2016-05-26,2026-05-26,Verified,60.0,2016-06-11,2016-05-28,1,Branch,,documents/kyc/CUST_317/Passport/317_784367.pdf
217,Passport,I6555446,2021-03-26,2026-03-26,Rejected,60.0,2021-04-17,2021-04-21,1,Mobile App,Invalid document,documents/kyc/CUST_217/Passport/217_838652.pdf
929,Driving License,DL237149085942,2016-08-15,2026-08-15,Verified,65.0,2016-09-06,2016-08-26,0,Mobile App,,documents/kyc/CUST_929/Driving_License/929_971839.pdf
5,Voter ID,VID695390135651,2023-08-20,2028-08-20,Pending,,,2023-09-06,0,Branch,,documents/kyc/CUST_5/Voter_ID/5_539501.pdf
630,Voter ID,VID131556948104,2020-05-26,2030-05-26,Verified,100.0,2020-06-07,2020-05-31,0,Branch,,documents/kyc/CUST_630/Voter_ID/630_431185.pdf
821,Driving License,DL686065395892,2012-05-05,2022-05-05,Verified,58.0,2012-05-21,2012-05-08,1,Mobile App,,documents/kyc/CUST_821/Driving_License/821_565531.pdf
124,PAN,JCYVW5874F,2019-05-21,,Verified,3.0,2019-06-08,2019-06-04,0,Branch,,documents/kyc/CUST_124/PAN/124_688735.pdf
38,Aadhaar,692777783468,2017-12-06,,Verified,88.0,2017-12-25,2017-12-28,0,Internet Banking,,documents/kyc/CUST_38/Aadhaar/38_760421.pdf
150,PAN,NZIUY4794B,2024-09-03,,Verified,4.0,2024-10-02,2024-09-23,0,Mobile App,,documents/kyc/CUST_150/PAN/150_464145.pdf
189,PAN,LPHFH1927K,2022-09-22,,Verified,74.0,2022-10-06,2022-10-01,0,Branch,,documents/kyc/CUST_189/PAN/189_355126.pdf
256,Aadhaar,619117646455,2014-09-16,,Verified,89.0,2014-09-22,2014-09-29,0,Branch,,documents/kyc/CUST_256/Aadhaar/256_893812.pdf
319,Voter ID,VID445055262932,2024-07-10,2029-07-10,Verified,6.0,2024-07-30,2024-08-02,0,Mobile App,,documents/kyc/CUST_319/Voter_ID/319_550052.pdf
61,Driving License,DL102424533726,2013-04-03,2033-04-03,Pending,,,2013-04-06,0,Mobile App,,documents/kyc/CUST_61/Driving_License/61_146060.pdf
228,Driving License,DL934407518463,2023-04-19,2033-04-19,Pending,,,2023-04-19,0,Mobile App,,documents/kyc/CUST_228/Driving_License/228_392890.pdf
973,Passport,P5647106,2016-12-04,2026-12-04,Rejected,79.0,2016-12-23,2016-12-24,0,Mobile App,Incorrect document information,documents/kyc/CUST_973/Passport/973_603175.pdf
200,Aadhaar,770023295116,2017-12-27,,Verified,60.0,2018-01-05,2018-01-09,0,Mobile App,,documents/kyc/CUST_200/Aadhaar/200_951091.pdf
92,Passport,T4834009,2020-07-08,2025-07-08,Verified,34.0,2020-07-20,2020-07-11,1,Branch,,documents/kyc/CUST_92/Passport/92_296260.pdf
335,Passport,E7483778,2024-11-08,2034-11-08,Verified,22.0,2024-11-23,2024-11-14,0,Mobile App,,documents/kyc/CUST_335/Passport/335_484651.pdf
369,Aadhaar,320469310913,2018-01-06,,Verified,100.0,2018-01-11,2018-01-22,0,Mobile App,,documents/kyc/CUST_369/Aadhaar/369_246287.pdf
582,Driving License,DL953626921630,2014-05-28,2034-05-28,Verified,73.0,2014-06-24,2014-06-08,0,Branch,,documents/kyc/CUST_582/Driving_License/582_245405.pdf
475,Driving License,DL196950009222,2010-01-27,2030-01-27,Verified,98.0,2010-02-10,2010-02-19,0,Mobile App,,documents/kyc/CUST_475/Driving_License/475_978299.pdf
178,Passport,B8663870,2025-08-19,2030-08-19,Verified,82.0,2025-09-01,2025-09-17,0,Internet Banking,,documents/kyc/CUST_178/Passport/178_517541.pdf
975,PAN,QVIEV8160R,2017-04-21,,Failed,27.0,2017-05-20,2017-04-25,0,Mobile App,Document expired,documents/kyc/CUST_975/PAN/975_734124.pdf
318,Voter ID,VID141408566684,2023-07-02,2028-07-02,Pending,,,2023-08-01,0,Internet Banking,,documents/kyc/CUST_318/Voter_ID/318_264503.pdf
226,Aadhaar,856442923836,2020-10-09,,Verified,29.0,2020-11-02,2020-10-19,0,Mobile App,,documents/kyc/CUST_226/Aadhaar/226_385452.pdf
469,Voter ID,VID839451367613,2026-04-03,2036-04-03,Verified,72.0,2026-04-12,2026-04-28,0,Mobile App,,documents/kyc/CUST_469/Voter_ID/469_296303.pdf
47,PAN,BKGSF6206K,2014-10-11,,Verified,8.0,2014-11-01,2014-10-25,0,Mobile App,,documents/kyc/CUST_47/PAN/47_125873.pdf
327,Aadhaar,468592695436,2023-08-27,,Rejected,33.0,2023-09-22,2023-09-15,0,Internet Banking,Incorrect document information,documents/kyc/CUST_327/Aadhaar/327_484738.pdf
104,Driving License,DL800537672291,2010-12-02,2020-12-02,Pending,,,2010-12-06,1,Branch,,documents/kyc/CUST_104/Driving_License/104_848249.pdf
421,Voter ID,VID100541605958,2022-12-03,2027-12-03,Rejected,49.0,2022-12-26,2022-12-07,0,Internet Banking,Incorrect document information,documents/kyc/CUST_421/Voter_ID/421_419712.pdf
523,Driving License,DL337260031033,2021-12-30,2026-12-30,Verified,61.0,2022-01-07,2022-01-24,0,Branch,,documents/kyc/CUST_523/Driving_License/523_724287.pdf
892,Passport,B3709674,2010-10-01,2015-10-01,Verified,21.0,2010-10-27,2010-10-12,1,Internet Banking,,documents/kyc/CUST_892/Passport/892_447218.pdf
81,Passport,T8172510,2020-11-07,2025-11-07,Verified,40.0,2020-11-24,2020-12-05,1,Mobile App,,documents/kyc/CUST_81/Passport/81_359872.pdf
261,Aadhaar,503235213529,2019-08-05,,Verified,33.0,2019-08-24,2019-08-11,0,Branch,,documents/kyc/CUST_261/Aadhaar/261_321320.pdf
273,PAN,FGHFS9099K,2023-07-03,,Pending,,,2023-07-08,0,Branch,,documents/kyc/CUST_273/PAN/273_663293.pdf
992,PAN,CHALO5533K,2012-09-03,,Rejected,33.0,2012-09-28,2012-10-01,0,Branch,Verification failed,documents/kyc/CUST_992/PAN/992_463103.pdf
858,Aadhaar,165052510694,2017-09-15,,Verified,40.0,2017-09-29,2017-10-12,0,Internet Banking,,documents/kyc/CUST_858/Aadhaar/858_331824.pdf
816,Voter ID,VID557083455693,2022-03-24,2027-03-24,Verified,40.0,2022-04-20,2022-03-24,0,Mobile App,,documents/kyc/CUST_816/Voter_ID/816_958320.pdf
859,Passport,N9961048,2022-05-03,2027-05-03,Verified,23.0,2022-05-09,2022-05-22,0,Internet Banking,,documents/kyc/CUST_859/Passport/859_936559.pdf
905,Driving License,DL891570629314,2014-08-30,2024-08-30,Verified,63.0,2014-09-17,2014-09-06,1,Mobile App,,documents/kyc/CUST_905/Driving_License/905_315689.pdf
895,Voter ID,VID461934524988,2014-04-21,2019-04-21,Verified,8.0,2014-04-24,2014-05-10,1,Mobile App,,documents/kyc/CUST_895/Voter_ID/895_916308.pdf
187,Passport,U9461971,2024-01-27,2034-01-27,Verified,11.0,2024-01-30,2024-02-19,0,Mobile App,,documents/kyc/CUST_187/Passport/187_919485.pdf
591,Voter ID,VID929740138885,2026-07-16,2036-07-16,Verified,38.0,2026-08-02,2026-08-11,0,Branch,,documents/kyc/CUST_591/Voter_ID/591_897697.pdf
785,Driving License,DL940510195344,2011-10-22,2021-10-22,Verified,64.0,2011-10-27,2011-11-21,1,Branch,,documents/kyc/CUST_785/Driving_License/785_496612.pdf
819,Driving License,DL446768327395,2017-02-20,2022-02-20,Verified,42.0,2017-03-14,2017-03-07,1,Mobile App,,documents/kyc/CUST_819/Driving_License/819_891917.pdf
508,PAN,XRXLV3726V,2012-03-04,,Failed,83.0,2012-03-27,2012-03-21,0,Mobile App,Verification failed,documents/kyc/CUST_508/PAN/508_980615.pdf
78,Driving License,DL762894207226,2025-09-28,2035-09-28,Verified,22.0,2025-10-08,2025-10-10,0,Mobile App,,documents/kyc/CUST_78/Driving_License/78_210729.pdf
492,Passport,Z9990683,2022-04-06,2027-04-06,Verified,20.0,2022-04-30,2022-04-21,0,Mobile App,,documents/kyc/CUST_492/Passport/492_354038.pdf
126,Aadhaar,893147403045,2022-09-11,,Verified,97.0,2022-09-30,2022-09-13,0,Branch,,documents/kyc/CUST_126/Aadhaar/126_378629.pdf
499,PAN,HZMDI4337A,2013-04-20,,Verified,54.0,2013-04-22,2013-05-05,0,Internet Banking,,documents/kyc/CUST_499/PAN/499_682973.pdf
899,PAN,CVIEZ3050F,2020-10-10,,Verified,73.0,2020-10-28,2020-10-23,0,Mobile App,,documents/kyc/CUST_899/PAN/899_419508.pdf
298,Passport,U8109039,2014-12-04,2019-12-04,Verified,43.0,2015-01-01,2014-12-09,1,Mobile App,,documents/kyc/CUST_298/Passport/298_425150.pdf
64,Aadhaar,171775395057,2024-01-05,,Verified,97.0,2024-01-21,2024-01-08,0,Mobile App,,documents/kyc/CUST_64/Aadhaar/64_120211.pdf
903,Aadhaar,225216488868,2017-09-01,,Pending,,,2017-09-21,0,Mobile App,,documents/kyc/CUST_903/Aadhaar/903_730967.pdf
917,PAN,YBVPT6751E,2021-10-17,,Failed,52.0,2021-11-03,2021-10-24,0,Branch,Document details mismatch,documents/kyc/CUST_917/PAN/917_713329.pdf
497,Passport,Z8712819,2025-10-06,2035-10-06,Verified,38.0,2025-10-28,2025-10-27,0,Mobile App,,documents/kyc/CUST_497/Passport/497_435342.pdf
851,Driving License,DL685515131466,2022-04-25,2027-04-25,Verified,8.0,2022-05-25,2022-04-26,0,Mobile App,,documents/kyc/CUST_851/Driving_License/851_871759.pdf
236,Passport,Q8160613,2010-06-26,2015-06-26,Rejected,70.0,2010-07-10,2010-07-24,1,Mobile App,Document expired,documents/kyc/CUST_236/Passport/236_251597.pdf
62,Passport,A4766208,2016-01-23,2026-01-23,Pending,,,2016-02-08,1,Internet Banking,,documents/kyc/CUST_62/Passport/62_657664.pdf
575,Driving License,DL586492318993,2025-05-28,2030-05-28,Rejected,34.0,2025-06-01,2025-06-16,0,Mobile App,Invalid document,documents/kyc/CUST_575/Driving_License/575_494589.pdf
928,PAN,FYRQO7789Q,2013-01-11,,Verified,34.0,2013-02-04,2013-02-01,0,Internet Banking,,documents/kyc/CUST_928/PAN/928_296428.pdf
812,Voter ID,VID534419315275,2019-09-17,2029-09-17,Verified,8.0,2019-10-07,2019-09-26,0,Mobile App,,documents/kyc/CUST_812/Voter_ID/812_636780.pdf
348,Driving License,DL458538822740,2025-10-26,2030-10-26,Verified,86.0,2025-11-15,2025-11-22,0,Branch,,documents/kyc/CUST_348/Driving_License/348_851290.pdf
906,Aadhaar,721792286213,2015-04-07,,Verified,86.0,2015-05-01,2015-04-16,0,Mobile App,,documents/kyc/CUST_906/Aadhaar/906_317286.pdf
433,Passport,I2264595,2019-01-25,2024-01-25,Verified,50.0,2019-02-10,2019-02-20,1,Mobile App,,documents/kyc/CUST_433/Passport/433_333110.pdf
423,Driving License,DL390499750301,2025-06-04,2045-06-04,Verified,76.0,2025-06-08,2025-06-07,0,Mobile App,,documents/kyc/CUST_423/Driving_License/423_638624.pdf
241,Driving License,DL878032652763,2019-06-15,2039-06-15,Verified,35.0,2019-06-17,2019-06-19,0,Internet Banking,,documents/kyc/CUST_241/Driving_License/241_850703.pdf
181,PAN,CQDFV8946B,2013-07-01,,Rejected,25.0,2013-07-20,2013-07-12,0,Mobile App,Document image unclear,documents/kyc/CUST_181/PAN/181_378428.pdf
365,PAN,QZSUD9833M,2020-02-06,,Pending,,,2020-02-15,0,Mobile App,,documents/kyc/CUST_365/PAN/365_212694.pdf
21,Aadhaar,748781370407,2022-08-20,,Pending,,,2022-09-19,0,Internet Banking,,documents/kyc/CUST_21/Aadhaar/21_994117.pdf
715,Aadhaar,621594909110,2022-12-29,,Pending,,,2023-01-21,0,Branch,,documents/kyc/CUST_715/Aadhaar/715_667813.pdf
864,Passport,N1141258,2015-09-08,2020-09-08,Verified,14.0,2015-09-14,2015-10-04,1,Branch,,documents/kyc/CUST_864/Passport/864_408471.pdf
120,Passport,O8142685,2020-07-19,2030-07-19,Verified,87.0,2020-07-25,2020-07-27,0,Mobile App,,documents/kyc/CUST_120/Passport/120_488602.pdf
270,PAN,VYSKY1390A,2011-09-08,,Verified,96.0,2011-09-13,2011-10-01,0,Internet Banking,,documents/kyc/CUST_270/PAN/270_331193.pdf
881,Passport,Q6392718,2020-07-10,2030-07-10,Verified,45.0,2020-08-04,2020-07-14,0,Mobile App,,documents/kyc/CUST_881/Passport/881_566709.pdf
209,Driving License,DL210708857380,2025-04-05,2030-04-05,Pending,,,2025-04-15,0,Branch,,documents/kyc/CUST_209/Driving_License/209_435494.pdf
36,Passport,J1022862,2012-04-13,2017-04-13,Pending,,,2012-04-13,1,Branch,,documents/kyc/CUST_36/Passport/36_395155.pdf
720,Aadhaar,637910566881,2023-08-07,,Verified,17.0,2023-08-15,2023-08-28,0,Mobile App,,documents/kyc/CUST_720/Aadhaar/720_704974.pdf
84,Passport,J8227694,2014-03-09,2019-03-09,Verified,46.0,2014-03-19,2014-03-26,1,Branch,,documents/kyc/CUST_84/Passport/84_207164.pdf
95,Aadhaar,915771083824,2018-10-27,,Pending,,,2018-11-24,0,Internet Banking,,documents/kyc/CUST_95/Aadhaar/95_840438.pdf
56,Voter ID,VID466138160204,2013-08-24,2023-08-24,Verified,94.0,2013-09-18,2013-08-29,1,Branch,,documents/kyc/CUST_56/Voter_ID/56_437952.pdf
349,Voter ID,VID684625252920,2014-03-27,2024-03-27,Verified,49.0,2014-03-31,2014-04-20,1,Branch,,documents/kyc/CUST_349/Voter_ID/349_419960.pdf
487,Voter ID,VID869062572597,2024-02-26,2029-02-26,Verified,31.0,2024-03-20,2024-03-13,0,Mobile App,,documents/kyc/CUST_487/Voter_ID/487_601559.pdf
703,Voter ID,VID869851132561,2012-09-25,2022-09-25,Verified,11.0,2012-10-23,2012-10-21,1,Mobile App,,documents/kyc/CUST_703/Voter_ID/703_330191.pdf
628,Aadhaar,340701489651,2024-04-02,,Verified,65.0,2024-04-03,2024-05-02,0,Mobile App,,documents/kyc/CUST_628/Aadhaar/628_422147.pdf
102,Voter ID,VID142553958417,2012-04-23,2017-04-23,Verified,86.0,2012-05-05,2012-05-13,1,Mobile App,,documents/kyc/CUST_102/Voter_ID/102_726185.pdf
988,Aadhaar,240679540747,2011-12-07,,Verified,63.0,2011-12-17,2012-01-02,0,Branch,,documents/kyc/CUST_988/Aadhaar/988_704473.pdf
390,Passport,A2485433,2015-07-04,2020-07-04,Verified,36.0,2015-07-19,2015-07-05,1,Mobile App,,documents/kyc/CUST_390/Passport/390_605058.pdf
173,Passport,D4137557,2012-04-22,2017-04-22,Verified,85.0,2012-05-10,2012-05-01,1,Mobile App,,documents/kyc/CUST_173/Passport/173_979056.pdf
970,Aadhaar,656281164986,2021-12-26,,Verified,26.0,2022-01-25,2022-01-09,0,Branch,,documents/kyc/CUST_970/Aadhaar/970_221298.pdf
264,Passport,F4994050,2021-03-08,2026-03-08,Verified,77.0,2021-03-20,2021-04-05,1,Mobile App,,documents/kyc/CUST_264/Passport/264_271828.pdf
468,PAN,JFNWW8470R,2011-11-14,,Verified,32.0,2011-12-11,2011-12-11,0,Mobile App,,documents/kyc/CUST_468/PAN/468_277580.pdf
741,Driving License,DL911816971807,2012-05-31,2032-05-31,Verified,61.0,2012-06-08,2012-06-24,0,Mobile App,,documents/kyc/CUST_741/Driving_License/741_748391.pdf
946,Driving License,DL262762272772,2012-08-24,2022-08-24,Verified,26.0,2012-09-20,2012-09-08,1,Mobile App,,documents/kyc/CUST_946/Driving_License/946_996890.pdf
466,Driving License,DL359713102363,2014-09-08,2034-09-08,Pending,,,2014-09-20,0,Mobile App,,documents/kyc/CUST_466/Driving_License/466_975575.pdf
742,Voter ID,VID859152426607,2023-05-30,2028-05-30,Verified,6.0,2023-06-25,2023-06-17,0,Branch,,documents/kyc/CUST_742/Voter_ID/742_848095.pdf
296,Driving License,DL482845616388,2014-11-14,2034-11-14,Verified,56.0,2014-11-27,2014-11-18,0,Mobile App,,documents/kyc/CUST_296/Driving_License/296_321876.pdf
667,Aadhaar,296810028994,2020-04-07,,Verified,16.0,2020-05-01,2020-05-01,0,Mobile App,,documents/kyc/CUST_667/Aadhaar/667_135525.pdf
85,Aadhaar,702573286288,2023-05-02,,Verified,17.0,2023-05-14,2023-06-01,0,Mobile App,,documents/kyc/CUST_85/Aadhaar/85_722382.pdf
15,Driving License,DL175680442907,2016-10-07,2021-10-07,Verified,77.0,2016-11-01,2016-10-12,1,Mobile App,,documents/kyc/CUST_15/Driving_License/15_289578.pdf
875,PAN,EMICI6556F,2019-12-05,,Verified,54.0,2019-12-12,2019-12-18,0,Mobile App,,documents/kyc/CUST_875/PAN/875_438800.pdf
935,Driving License,DL872635368421,2014-05-02,2034-05-02,Verified,58.0,2014-05-15,2014-05-14,0,Internet Banking,,documents/kyc/CUST_935/Driving_License/935_448156.pdf
363,Voter ID,VID758992348701,2019-02-24,2024-02-24,Verified,63.0,2019-03-08,2019-03-25,1,Mobile App,,documents/kyc/CUST_363/Voter_ID/363_994235.pdf
547,Aadhaar,498573637711,2011-11-13,,Verified,67.0,2011-11-29,2011-11-18,0,Branch,,documents/kyc/CUST_547/Aadhaar/547_950660.pdf
425,Voter ID,VID108207403455,2021-04-04,2026-04-04,Verified,44.0,2021-05-02,2021-04-24,1,Branch,,documents/kyc/CUST_425/Voter_ID/425_475566.pdf
719,PAN,BADIS5338O,2010-06-30,,Verified,88.0,2010-07-04,2010-07-05,0,Branch,,documents/kyc/CUST_719/PAN/719_129076.pdf
442,Voter ID,VID687384512440,2025-07-12,2035-07-12,Verified,64.0,2025-07-14,2025-07-20,0,Mobile App,,documents/kyc/CUST_442/Voter_ID/442_554775.pdf
630,Aadhaar,641429278981,2017-02-05,,Verified,46.0,2017-02-25,2017-02-10,0,Branch,,documents/kyc/CUST_630/Aadhaar/630_529477.pdf
762,Passport,K7775306,2016-02-09,2021-02-09,Verified,25.0,2016-03-10,2016-03-07,1,Branch,,documents/kyc/CUST_762/Passport/762_715316.pdf
796,PAN,VZFLJ6365W,2026-02-23,,Verified,38.0,2026-03-07,2026-03-20,0,Mobile App,,documents/kyc/CUST_796/PAN/796_305166.pdf
459,Driving License,DL457783327445,2022-08-09,2027-08-09,Verified,49.0,2022-08-17,2022-08-10,0,Mobile App,,documents/kyc/CUST_459/Driving_License/459_268177.pdf
780,Passport,T2906171,2026-01-03,2031-01-03,Verified,90.0,2026-01-29,2026-01-23,0,Mobile App,,documents/kyc/CUST_780/Passport/780_881576.pdf
867,Passport,V5613939,2011-06-02,2021-06-02,Rejected,58.0,2011-06-16,2011-06-08,1,Mobile App,Verification failed,documents/kyc/CUST_867/Passport/867_307065.pdf
71,Voter ID,VID214253309418,2016-03-18,2026-03-18,Verified,75.0,2016-03-24,2016-03-27,1,Internet Banking,,documents/kyc/CUST_71/Voter_ID/71_950611.pdf
450,Passport,J6830879,2011-12-06,2016-12-06,Verified,24.0,2011-12-25,2011-12-20,1,Mobile App,,documents/kyc/CUST_450/Passport/450_275289.pdf
500,Driving License,DL836400255166,2013-11-18,2023-11-18,Verified,37.0,2013-11-27,2013-11-22,1,Mobile App,,documents/kyc/CUST_500/Driving_License/500_262665.pdf
623,Aadhaar,526869869512,2022-03-14,,Verified,30.0,2022-04-06,2022-03-17,0,Mobile App,,documents/kyc/CUST_623/Aadhaar/623_235639.pdf
256,Voter ID,VID929238907560,2010-06-29,2020-06-29,Failed,46.0,2010-07-04,2010-07-06,1,Internet Banking,Document expired,documents/kyc/CUST_256/Voter_ID/256_414904.pdf
324,Passport,J6109516,2023-12-13,2033-12-13,Verified,88.0,2023-12-17,2023-12-19,0,Mobile App,,documents/kyc/CUST_324/Passport/324_983382.pdf
821,Aadhaar,306348948969,2011-07-31,,Pending,,,2011-08-06,0,Branch,,documents/kyc/CUST_821/Aadhaar/821_154207.pdf
746,Aadhaar,403345310721,2017-07-08,,Verified,98.0,2017-07-19,2017-07-15,0,Branch,,documents/kyc/CUST_746/Aadhaar/746_447000.pdf
378,Voter ID,VID156628604442,2014-08-30,2019-08-30,Verified,34.0,2014-09-19,2014-09-16,1,Mobile App,,documents/kyc/CUST_378/Voter_ID/378_413733.pdf
173,PAN,KLAEP8344Q,2020-05-12,,Verified,96.0,2020-05-15,2020-05-14,0,Mobile App,,documents/kyc/CUST_173/PAN/173_598998.pdf
732,PAN,TCCIR3170V,2012-12-05,,Verified,63.0,2012-12-09,2012-12-30,0,Mobile App,,documents/kyc/CUST_732/PAN/732_721902.pdf
950,Passport,V5546456,2019-03-11,2024-03-11,Verified,81.0,2019-03-13,2019-04-03,1,Mobile App,,documents/kyc/CUST_950/Passport/950_366480.pdf
323,Passport,E5386460,2011-03-08,2021-03-08,Verified,17.0,2011-03-27,2011-03-08,1,Internet Banking,,documents/kyc/CUST_323/Passport/323_913925.pdf
170,Passport,K5779010,2012-12-21,2022-12-21,Verified,82.0,2013-01-06,2012-12-28,1,Internet Banking,,documents/kyc/CUST_170/Passport/170_170421.pdf
657,Passport,S9086224,2012-10-17,2017-10-17,Verified,17.0,2012-11-03,2012-11-10,1,Mobile App,,documents/kyc/CUST_657/Passport/657_878092.pdf
165,Driving License,DL281735431363,2025-05-02,2030-05-02,Verified,92.0,2025-05-23,2025-05-02,0,Mobile App,,documents/kyc/CUST_165/Driving_License/165_333713.pdf
382,Aadhaar,139514103311,2024-10-11,,Verified,33.0,2024-11-05,2024-10-30,0,Internet Banking,,documents/kyc/CUST_382/Aadhaar/382_478839.pdf
630,Driving License,DL457027506516,2025-06-05,2035-06-05,Verified,46.0,2025-06-26,2025-07-03,0,Branch,,documents/kyc/CUST_630/Driving_License/630_211069.pdf
635,Driving License,DL621471269676,2011-06-07,2016-06-07,Verified,37.0,2011-06-17,2011-06-27,1,Internet Banking,,documents/kyc/CUST_635/Driving_License/635_129855.pdf
492,Voter ID,VID531324996352,2013-04-24,2023-04-24,Verified,18.0,2013-05-04,2013-04-24,1,Internet Banking,,documents/kyc/CUST_492/Voter_ID/492_442410.pdf
313,Passport,V2500755,2012-04-12,2017-04-12,Verified,92.0,2012-05-01,2012-05-06,1,Mobile App,,documents/kyc/CUST_313/Passport/313_203265.pdf
635,PAN,ZPRVC4615K,2010-11-10,,Verified,21.0,2010-11-16,2010-12-08,0,Internet Banking,,documents/kyc/CUST_635/PAN/635_339387.pdf
958,PAN,OJVRD4504Y,2016-01-23,,Verified,92.0,2016-02-08,2016-02-22,0,Branch,,documents/kyc/CUST_958/PAN/958_763792.pdf
171,Aadhaar,683538066885,2026-01-01,,Rejected,12.0,2026-01-29,2026-01-21,0,Mobile App,Document expired,documents/kyc/CUST_171/Aadhaar/171_107466.pdf
725,Voter ID,VID399008426684,2021-01-30,2031-01-30,Failed,5.0,2021-02-15,2021-02-23,0,Internet Banking,Document image unclear,documents/kyc/CUST_725/Voter_ID/725_451644.pdf
509,PAN,KSWKY5943R,2022-09-16,,Verified,79.0,2022-09-28,2022-10-14,0,Mobile App,,documents/kyc/CUST_509/PAN/509_229568.pdf
269,Driving License,DL632100778715,2018-12-19,2028-12-19,Pending,,,2018-12-31,0,Mobile App,,documents/kyc/CUST_269/Driving_License/269_948013.pdf
730,PAN,FMKZN4674Y,2010-09-05,,Verified,7.0,2010-10-05,2010-09-20,0,Mobile App,,documents/kyc/CUST_730/PAN/730_609551.pdf
445,Voter ID,VID616622224620,2016-11-29,2026-11-29,Verified,88.0,2016-12-22,2016-12-24,0,Mobile App,,documents/kyc/CUST_445/Voter_ID/445_637476.pdf
333,Aadhaar,904044327900,2019-04-25,,Verified,51.0,2019-04-28,2019-05-11,0,Mobile App,,documents/kyc/CUST_333/Aadhaar/333_713032.pdf
954,Aadhaar,950230722306,2021-08-29,,Verified,25.0,2021-09-01,2021-09-21,0,Mobile App,,documents/kyc/CUST_954/Aadhaar/954_437982.pdf
272,Voter ID,VID300992799248,2015-01-01,2025-01-01,Verified,7.0,2015-01-23,2015-01-27,1,Mobile App,,documents/kyc/CUST_272/Voter_ID/272_741320.pdf
862,PAN,BXONB5098T,2012-01-22,,Verified,27.0,2012-02-15,2012-02-20,0,Branch,,documents/kyc/CUST_862/PAN/862_148271.pdf
764,Driving License,DL776601755810,2011-09-04,2016-09-04,Verified,16.0,2011-09-21,2011-09-23,1,Branch,,documents/kyc/CUST_764/Driving_License/764_119398.pdf
59,Passport,C1020288,2021-04-25,2031-04-25,Verified,15.0,2021-04-29,2021-05-24,0,Mobile App,,documents/kyc/CUST_59/Passport/59_618567.pdf
743,Driving License,DL674612621957,2024-02-15,2044-02-15,Verified,21.0,2024-03-08,2024-03-14,0,Mobile App,,documents/kyc/CUST_743/Driving_License/743_878233.pdf
208,Passport,E2915391,2016-02-02,2026-02-02,Verified,68.0,2016-02-13,2016-03-02,1,Internet Banking,,documents/kyc/CUST_208/Passport/208_615138.pdf
411,Voter ID,VID281669429195,2013-10-20,2018-10-20,Verified,66.0,2013-11-09,2013-11-09,1,Branch,,documents/kyc/CUST_411/Voter_ID/411_726487.pdf
401,Driving License,DL723462118737,2010-01-29,2015-01-29,Verified,39.0,2010-02-10,2010-01-31,1,Mobile App,,documents/kyc/CUST_401/Driving_License/401_236520.pdf
888,Aadhaar,263681920893,2016-08-06,,Rejected,29.0,2016-09-03,2016-08-18,0,Branch,Document expired,documents/kyc/CUST_888/Aadhaar/888_795885.pdf
873,Voter ID,VID536825612248,2017-03-26,2027-03-26,Verified,69.0,2017-04-18,2017-04-23,0,Mobile App,,documents/kyc/CUST_873/Voter_ID/873_631035.pdf
374,Driving License,DL619968147574,2024-01-18,2034-01-18,Verified,25.0,2024-02-08,2024-02-03,0,Internet Banking,,documents/kyc/CUST_374/Driving_License/374_568703.pdf
791,Passport,R2192013,2013-09-27,2018-09-27,Verified,29.0,2013-10-08,2013-10-08,1,Mobile App,,documents/kyc/CUST_791/Passport/791_389799.pdf
271,Driving License,DL353157935361,2025-08-07,2045-08-07,Verified,82.0,2025-08-10,2025-08-29,0,Branch,,documents/kyc/CUST_271/Driving_License/271_742501.pdf
539,PAN,ULYTD4749D,2012-08-04,,Verified,51.0,2012-08-31,2012-08-28,0,Internet Banking,,documents/kyc/CUST_539/PAN/539_927582.pdf
663,Voter ID,VID213707552769,2022-12-16,2027-12-16,Verified,50.0,2022-12-28,2022-12-29,0,Mobile App,,documents/kyc/CUST_663/Voter_ID/663_187067.pdf
415,PAN,GHIVO3453G,2012-10-24,,Verified,60.0,2012-11-07,2012-11-16,0,Mobile App,,documents/kyc/CUST_415/PAN/415_325858.pdf
302,Passport,Y1698927,2024-10-26,2034-10-26,Verified,53.0,2024-11-04,2024-11-07,0,Mobile App,,documents/kyc/CUST_302/Passport/302_137630.pdf
42,Voter ID,VID476698930226,2014-11-04,2024-11-04,Verified,91.0,2014-11-06,2014-11-23,1,Mobile App,,documents/kyc/CUST_42/Voter_ID/42_914796.pdf
649,Voter ID,VID678819987201,2016-07-16,2026-07-16,Verified,68.0,2016-07-23,2016-07-21,1,Mobile App,,documents/kyc/CUST_649/Voter_ID/649_105926.pdf
509,Passport,Y2701274,2010-12-24,2015-12-24,Verified,27.0,2011-01-21,2011-01-04,1,Mobile App,,documents/kyc/CUST_509/Passport/509_861500.pdf
845,Aadhaar,191204001323,2019-09-17,,Verified,6.0,2019-10-01,2019-10-16,0,Internet Banking,,documents/kyc/CUST_845/Aadhaar/845_362387.pdf
107,Driving License,DL688999814232,2019-01-20,2039-01-20,Verified,93.0,2019-02-15,2019-01-30,0,Branch,,documents/kyc/CUST_107/Driving_License/107_535499.pdf
35,Aadhaar,926058086830,2017-02-07,,Verified,98.0,2017-03-03,2017-03-01,0,Branch,,documents/kyc/CUST_35/Aadhaar/35_739295.pdf
208,PAN,VQNQE8246T,2024-05-08,,Verified,19.0,2024-05-12,2024-05-08,0,Mobile App,,documents/kyc/CUST_208/PAN/208_853980.pdf
116,Passport,M6077857,2011-01-15,2021-01-15,Verified,55.0,2011-02-08,2011-01-25,1,Internet Banking,,documents/kyc/CUST_116/Passport/116_221116.pdf
224,Voter ID,VID268858268883,2022-02-13,2027-02-13,Verified,54.0,2022-02-23,2022-02-13,0,Internet Banking,,documents/kyc/CUST_224/Voter_ID/224_521736.pdf
596,PAN,SUEIV9220E,2025-10-04,,Failed,38.0,2025-10-25,2025-11-01,0,Branch,Verification failed,documents/kyc/CUST_596/PAN/596_820009.pdf
922,Voter ID,VID572576350318,2018-02-28,2028-02-28,Verified,98.0,2018-03-19,2018-03-28,0,Mobile App,,documents/kyc/CUST_922/Voter_ID/922_306870.pdf
758,PAN,MSYVF8363P,2022-03-14,,Verified,77.0,2022-03-17,2022-04-02,0,Mobile App,,documents/kyc/CUST_758/PAN/758_457785.pdf
524,Voter ID,VID375927931652,2019-11-07,2029-11-07,Verified,15.0,2019-11-18,2019-12-07,0,Mobile App,,documents/kyc/CUST_524/Voter_ID/524_722275.pdf
262,Passport,O4715837,2014-12-05,2024-12-05,Verified,42.0,2014-12-06,2014-12-16,1,Internet Banking,,documents/kyc/CUST_262/Passport/262_546745.pdf
933,PAN,WXTAJ3509C,2018-04-07,,Rejected,71.0,2018-04-27,2018-04-22,0,Mobile App,Invalid document,documents/kyc/CUST_933/PAN/933_586725.pdf
842,Passport,D4757066,2013-04-28,2023-04-28,Verified,44.0,2013-05-27,2013-05-10,1,Mobile App,,documents/kyc/CUST_842/Passport/842_550506.pdf
69,Voter ID,VID913438199860,2014-05-23,2024-05-23,Verified,64.0,2014-06-06,2014-05-25,1,Internet Banking,,documents/kyc/CUST_69/Voter_ID/69_951692.pdf
843,Driving License,DL273695547474,2020-12-12,2030-12-12,Verified,78.0,2021-01-09,2021-01-08,0,Mobile App,,documents/kyc/CUST_843/Driving_License/843_948779.pdf
704,Passport,G8408434,2025-02-28,2035-02-28,Verified,100.0,2025-03-10,2025-03-16,0,Internet Banking,,documents/kyc/CUST_704/Passport/704_109774.pdf
782,Aadhaar,710650919109,2025-04-14,,Verified,49.0,2025-05-04,2025-05-02,0,Branch,,documents/kyc/CUST_782/Aadhaar/782_211268.pdf
869,Driving License,DL983336613645,2013-04-02,2033-04-02,Verified,1.0,2013-04-11,2013-04-09,0,Branch,,documents/kyc/CUST_869/Driving_License/869_325616.pdf
922,Driving License,DL972128936888,2022-05-11,2027-05-11,Verified,95.0,2022-06-01,2022-06-08,0,Internet Banking,,documents/kyc/CUST_922/Driving_License/922_822154.pdf
588,Driving License,DL175282762813,2015-09-26,2020-09-26,Failed,33.0,2015-10-01,2015-09-28,1,Branch,Document image unclear,documents/kyc/CUST_588/Driving_License/588_489813.pdf
548,PAN,BPTCP6116Z,2013-07-06,,Verified,50.0,2013-07-09,2013-07-12,0,Internet Banking,,documents/kyc/CUST_548/PAN/548_995603.pdf
626,Aadhaar,216885237587,2010-03-13,,Verified,22.0,2010-04-01,2010-04-07,0,Mobile App,,documents/kyc/CUST_626/Aadhaar/626_480163.pdf
460,Driving License,DL699052811676,2019-02-22,2039-02-22,Verified,81.0,2019-03-07,2019-03-20,0,Mobile App,,documents/kyc/CUST_460/Driving_License/460_240529.pdf
295,Driving License,DL698297543624,2014-05-21,2024-05-21,Verified,45.0,2014-06-03,2014-06-17,1,Mobile App,,documents/kyc/CUST_295/Driving_License/295_835374.pdf
790,Passport,S5971932,2020-08-22,2025-08-22,Verified,86.0,2020-09-01,2020-09-07,1,Mobile App,,documents/kyc/CUST_790/Passport/790_184944.pdf
600,Aadhaar,365766922979,2013-06-10,,Failed,94.0,2013-06-29,2013-06-28,0,Branch,Document image unclear,documents/kyc/CUST_600/Aadhaar/600_367927.pdf
693,Driving License,DL559848735542,2025-11-14,2030-11-14,Verified,28.0,2025-11-20,2025-12-05,0,Mobile App,,documents/kyc/CUST_693/Driving_License/693_416721.pdf
404,Voter ID,VID906379094530,2022-09-04,2032-09-04,Pending,,,2022-09-20,0,Mobile App,,documents/kyc/CUST_404/Voter_ID/404_208710.pdf
244,PAN,MAYDT2865X,2016-12-15,,Rejected,72.0,2016-12-18,2017-01-12,0,Mobile App,Document expired,documents/kyc/CUST_244/PAN/244_999466.pdf
739,Aadhaar,390376806260,2021-11-22,,Verified,71.0,2021-11-28,2021-12-22,0,Branch,,documents/kyc/CUST_739/Aadhaar/739_610288.pdf
439,Aadhaar,977207132628,2018-02-13,,Verified,67.0,2018-03-10,2018-02-28,0,Mobile App,,documents/kyc/CUST_439/Aadhaar/439_286493.pdf
806,PAN,DLUZS8125U,2020-01-14,,Verified,26.0,2020-02-05,2020-02-13,0,Mobile App,,documents/kyc/CUST_806/PAN/806_134669.pdf
232,Passport,R8888635,2010-08-16,2020-08-16,Verified,75.0,2010-09-11,2010-09-06,1,Mobile App,,documents/kyc/CUST_232/Passport/232_784382.pdf
862,Voter ID,VID224116858688,2020-09-05,2025-09-05,Verified,65.0,2020-09-16,2020-09-11,1,Mobile App,,documents/kyc/CUST_862/Voter_ID/862_637788.pdf
468,Voter ID,VID165818572209,2022-12-10,2027-12-10,Pending,,,2022-12-20,0,Mobile App,,documents/kyc/CUST_468/Voter_ID/468_462210.pdf
391,Passport,N9132144,2014-07-21,2019-07-21,Verified,54.0,2014-07-30,2014-08-05,1,Internet Banking,,documents/kyc/CUST_391/Passport/391_256284.pdf
738,Aadhaar,661458931691,2014-04-14,,Verified,37.0,2014-05-11,2014-05-14,0,Mobile App,,documents/kyc/CUST_738/Aadhaar/738_379191.pdf
325,Passport,A6901574,2021-01-05,2031-01-05,Verified,41.0,2021-01-31,2021-01-12,0,Branch,,documents/kyc/CUST_325/Passport/325_221681.pdf
413,Passport,O5400638,2018-12-25,2028-12-25,Verified,89.0,2019-01-09,2019-01-10,0,Mobile App,,documents/kyc/CUST_413/Passport/413_485018.pdf
243,Driving License,DL472043751856,2022-08-15,2032-08-15,Pending,,,2022-08-30,0,Mobile App,,documents/kyc/CUST_243/Driving_License/243_808958.pdf
908,Aadhaar,509314630680,2023-01-29,,Pending,,,2023-02-16,0,Mobile App,,documents/kyc/CUST_908/Aadhaar/908_961398.pdf
770,PAN,IYFRP8963D,2024-11-08,,Verified,61.0,2024-11-29,2024-11-08,0,Mobile App,,documents/kyc/CUST_770/PAN/770_765487.pdf
734,Aadhaar,322066179984,2014-01-26,,Pending,,,2014-01-26,0,Internet Banking,,documents/kyc/CUST_734/Aadhaar/734_796457.pdf
510,Aadhaar,440453533894,2018-09-08,,Rejected,59.0,2018-10-08,2018-10-08,0,Branch,Incorrect document information,documents/kyc/CUST_510/Aadhaar/510_777023.pdf
646,Passport,C7937401,2016-08-08,2021-08-08,Verified,3.0,2016-08-31,2016-09-05,1,Mobile App,,documents/kyc/CUST_646/Passport/646_393126.pdf
793,Driving License,DL604773389693,2019-10-13,2039-10-13,Verified,30.0,2019-11-06,2019-11-08,0,Internet Banking,,documents/kyc/CUST_793/Driving_License/793_506534.pdf
570,Driving License,DL486020019095,2012-03-17,2032-03-17,Verified,48.0,2012-03-18,2012-04-02,0,Mobile App,,documents/kyc/CUST_570/Driving_License/570_493306.pdf
305,Passport,V5586401,2023-02-25,2033-02-25,Verified,80.0,2023-02-26,2023-03-19,0,Internet Banking,,documents/kyc/CUST_305/Passport/305_978812.pdf
129,PAN,RMNRG1407V,2021-12-17,,Verified,17.0,2022-01-15,2022-01-01,0,Mobile App,,documents/kyc/CUST_129/PAN/129_471601.pdf
962,Driving License,DL440992042775,2011-11-11,2031-11-11,Verified,2.0,2011-12-03,2011-11-23,0,Branch,,documents/kyc/CUST_962/Driving_License/962_735906.pdf
229,Aadhaar,288101650210,2022-09-11,,Rejected,34.0,2022-09-25,2022-09-30,0,Branch,Verification failed,documents/kyc/CUST_229/Aadhaar/229_432934.pdf
106,Driving License,DL733795774257,2025-05-24,2045-05-24,Verified,90.0,2025-06-06,2025-06-14,0,Branch,,documents/kyc/CUST_106/Driving_License/106_582344.pdf
799,PAN,FDJEX7744U,2014-08-23,,Verified,97.0,2014-09-11,2014-09-22,0,Internet Banking,,documents/kyc/CUST_799/PAN/799_201304.pdf
270,Driving License,DL705655187226,2020-03-23,2040-03-23,Verified,65.0,2020-03-26,2020-04-22,0,Internet Banking,,documents/kyc/CUST_270/Driving_License/270_297525.pdf
503,Voter ID,VID138499648380,2023-09-20,2033-09-20,Pending,,,2023-10-07,0,Mobile App,,documents/kyc/CUST_503/Voter_ID/503_629467.pdf
868,Driving License,DL295790556395,2021-03-17,2031-03-17,Verified,44.0,2021-04-01,2021-04-14,0,Mobile App,,documents/kyc/CUST_868/Driving_License/868_635163.pdf
880,PAN,PAQFU5864M,2010-04-07,,Verified,100.0,2010-04-14,2010-04-23,0,Internet Banking,,documents/kyc/CUST_880/PAN/880_702818.pdf
699,Passport,B4093901,2025-04-04,2035-04-04,Pending,,,2025-04-24,0,Mobile App,,documents/kyc/CUST_699/Passport/699_251705.pdf
222,Voter ID,VID478867271682,2022-07-18,2027-07-18,Rejected,10.0,2022-07-24,2022-08-05,0,Internet Banking,Document expired,documents/kyc/CUST_222/Voter_ID/222_847631.pdf
840,Driving License,DL526676410676,2011-04-03,2016-04-03,Verified,14.0,2011-04-08,2011-04-16,1,Mobile App,,documents/kyc/CUST_840/Driving_License/840_829036.pdf
540,PAN,GBLXI5589T,2020-03-06,,Verified,17.0,2020-03-24,2020-03-24,0,Mobile App,,documents/kyc/CUST_540/PAN/540_208854.pdf
404,Passport,A2589924,2025-11-17,2030-11-17,Verified,32.0,2025-11-18,2025-11-30,0,Mobile App,,documents/kyc/CUST_404/Passport/404_235794.pdf
777,PAN,ZBTQX1543B,2024-10-18,,Failed,99.0,2024-11-11,2024-11-14,0,Branch,Document image unclear,documents/kyc/CUST_777/PAN/777_440957.pdf
51,Passport,B9681071,2012-09-10,2022-09-10,Verified,93.0,2012-09-11,2012-09-16,1,Mobile App,,documents/kyc/CUST_51/Passport/51_121345.pdf
28,Voter ID,VID335487792725,2025-10-02,2035-10-02,Verified,44.0,2025-10-27,2025-10-20,0,Mobile App,,documents/kyc/CUST_28/Voter_ID/28_831172.pdf
745,Voter ID,VID595732780372,2019-11-10,2024-11-10,Verified,51.0,2019-11-25,2019-12-08,1,Mobile App,,documents/kyc/CUST_745/Voter_ID/745_866327.pdf
212,Driving License,DL428537669298,2019-10-25,2024-10-25,Verified,28.0,2019-11-20,2019-10-28,1,Mobile App,,documents/kyc/CUST_212/Driving_License/212_243566.pdf
294,Voter ID,VID957618876524,2014-02-25,2024-02-25,Verified,86.0,2014-03-09,2014-03-02,1,Mobile App,,documents/kyc/CUST_294/Voter_ID/294_409101.pdf
211,Voter ID,VID697251809212,2012-01-02,2022-01-02,Pending,,,2012-01-08,1,Branch,,documents/kyc/CUST_211/Voter_ID/211_287271.pdf
344,Passport,I9945735,2026-07-26,2031-07-26,Verified,63.0,2026-08-15,2026-08-14,0,Mobile App,,documents/kyc/CUST_344/Passport/344_531872.pdf
314,Passport,L5495384,2023-06-03,2033-06-03,Verified,67.0,2023-06-30,2023-06-15,0,Internet Banking,,documents/kyc/CUST_314/Passport/314_205839.pdf
812,PAN,NAYML6835N,2014-12-12,,Verified,88.0,2015-01-03,2014-12-25,0,Branch,,documents/kyc/CUST_812/PAN/812_771036.pdf
455,Driving License,DL159692055043,2025-03-08,2045-03-08,Verified,38.0,2025-03-22,2025-03-18,0,Internet Banking,,documents/kyc/CUST_455/Driving_License/455_608194.pdf
669,Aadhaar,666099494419,2012-04-20,,Pending,,,2012-05-12,0,Mobile App,,documents/kyc/CUST_669/Aadhaar/669_354710.pdf
913,Driving License,DL414258536660,2012-01-09,2017-01-09,Verified,25.0,2012-01-13,2012-01-19,1,Mobile App,,documents/kyc/CUST_913/Driving_License/913_177814.pdf
454,Voter ID,VID635608162199,2025-04-26,2035-04-26,Verified,56.0,2025-05-04,2025-05-19,0,Mobile App,,documents/kyc/CUST_454/Voter_ID/454_217229.pdf
671,PAN,MVLSY2264U,2010-09-04,,Verified,2.0,2010-09-05,2010-09-07,0,Mobile App,,documents/kyc/CUST_671/PAN/671_509982.pdf
770,Aadhaar,938323699741,2026-04-29,,Verified,29.0,2026-05-27,2026-05-27,0,Branch,,documents/kyc/CUST_770/Aadhaar/770_123880.pdf
573,Aadhaar,729346248500,2026-03-07,,Verified,52.0,2026-03-21,2026-04-06,0,Mobile App,,documents/kyc/CUST_573/Aadhaar/573_561443.pdf
458,Aadhaar,244996727197,2011-08-07,,Verified,25.0,2011-08-23,2011-08-13,0,Mobile App,,documents/kyc/CUST_458/Aadhaar/458_309025.pdf
601,Voter ID,VID475981806410,2012-01-02,2022-01-02,Verified,60.0,2012-01-22,2012-01-05,1,Mobile App,,documents/kyc/CUST_601/Voter_ID/601_853975.pdf
696,Voter ID,VID441889344096,2020-02-14,2030-02-14,Verified,24.0,2020-02-18,2020-02-27,0,Mobile App,,documents/kyc/CUST_696/Voter_ID/696_154802.pdf
500,Passport,U6215864,2022-08-11,2027-08-11,Verified,55.0,2022-08-29,2022-09-02,0,Branch,,documents/kyc/CUST_500/Passport/500_832468.pdf
662,Driving License,DL746901371727,2012-07-07,2017-07-07,Verified,42.0,2012-07-23,2012-07-20,1,Internet Banking,,documents/kyc/CUST_662/Driving_License/662_708431.pdf
80,PAN,GSAAX1134V,2013-06-14,,Pending,,,2013-07-14,0,Mobile App,,documents/kyc/CUST_80/PAN/80_760486.pdf
370,Aadhaar,707606733912,2010-11-24,,Rejected,17.0,2010-12-13,2010-12-19,0,Mobile App,Incorrect document information,documents/kyc/CUST_370/Aadhaar/370_602658.pdf
46,Driving License,DL202716489807,2018-08-22,2028-08-22,Verified,42.0,2018-08-31,2018-09-01,0,Branch,,documents/kyc/CUST_46/Driving_License/46_716467.pdf
584,Passport,S7523182,2019-07-17,2029-07-17,Verified,58.0,2019-08-03,2019-08-13,0,Branch,,documents/kyc/CUST_584/Passport/584_736394.pdf
440,PAN,JXPYN4800D,2019-04-23,,Pending,,,2019-05-11,0,Internet Banking,,documents/kyc/CUST_440/PAN/440_586139.pdf
565,Aadhaar,692243511968,2022-11-22,,Verified,41.0,2022-12-07,2022-12-01,0,Mobile App,,documents/kyc/CUST_565/Aadhaar/565_266882.pdf
534,Voter ID,VID811789759982,2016-12-24,2021-12-24,Verified,62.0,2017-01-07,2016-12-27,1,Branch,,documents/kyc/CUST_534/Voter_ID/534_391739.pdf
771,Passport,I6134150,2010-11-09,2015-11-09,Verified,92.0,2010-11-21,2010-11-11,1,Branch,,documents/kyc/CUST_771/Passport/771_959514.pdf
717,Voter ID,VID698416895243,2020-07-31,2025-07-31,Verified,67.0,2020-08-14,2020-08-25,1,Mobile App,,documents/kyc/CUST_717/Voter_ID/717_641503.pdf
593,Voter ID,VID177166449693,2025-10-30,2035-10-30,Verified,5.0,2025-11-24,2025-11-28,0,Internet Banking,,documents/kyc/CUST_593/Voter_ID/593_993497.pdf
948,Aadhaar,103304469615,2011-06-22,,Verified,66.0,2011-07-17,2011-06-30,0,Branch,,documents/kyc/CUST_948/Aadhaar/948_769025.pdf
501,Passport,F4048249,2025-07-18,2030-07-18,Verified,54.0,2025-08-09,2025-07-19,0,Mobile App,,documents/kyc/CUST_501/Passport/501_905689.pdf
397,PAN,LQNOT4820N,2014-10-13,,Verified,18.0,2014-11-06,2014-10-23,0,Branch,,documents/kyc/CUST_397/PAN/397_458194.pdf
732,Passport,Z8420942,2013-09-20,2023-09-20,Verified,35.0,2013-10-02,2013-10-11,1,Branch,,documents/kyc/CUST_732/Passport/732_160928.pdf
191,PAN,BQAVV3375N,2015-07-28,,Verified,11.0,2015-08-06,2015-08-03,0,Mobile App,,documents/kyc/CUST_191/PAN/191_202212.pdf
250,PAN,VLQLV1057P,2010-08-24,,Verified,24.0,2010-09-13,2010-09-12,0,Branch,,documents/kyc/CUST_250/PAN/250_650965.pdf
151,Passport,V8241607,2012-03-14,2017-03-14,Verified,11.0,2012-03-19,2012-03-31,1,Internet Banking,,documents/kyc/CUST_151/Passport/151_778264.pdf
15,Aadhaar,428669107211,2017-01-15,,Verified,1.0,2017-02-13,2017-01-18,0,Branch,,documents/kyc/CUST_15/Aadhaar/15_984623.pdf
947,Driving License,DL673328677383,2018-03-06,2028-03-06,Verified,62.0,2018-03-08,2018-03-26,0,Mobile App,,documents/kyc/CUST_947/Driving_License/947_354709.pdf
711,Passport,R9610180,2013-01-23,2023-01-23,Verified,93.0,2013-01-27,2013-02-01,1,Mobile App,,documents/kyc/CUST_711/Passport/711_517325.pdf
228,Aadhaar,745036709718,2021-10-20,,Verified,82.0,2021-11-17,2021-10-23,0,Internet Banking,,documents/kyc/CUST_228/Aadhaar/228_819769.pdf
384,Voter ID,VID974732534539,2017-03-04,2027-03-04,Verified,54.0,2017-03-31,2017-03-19,0,Mobile App,,documents/kyc/CUST_384/Voter_ID/384_742147.pdf
925,Passport,U5546649,2018-05-20,2028-05-20,Verified,97.0,2018-05-31,2018-06-14,0,Mobile App,,documents/kyc/CUST_925/Passport/925_136486.pdf
904,Passport,F1124664,2018-08-13,2023-08-13,Verified,81.0,2018-09-12,2018-08-14,1,Mobile App,,documents/kyc/CUST_904/Passport/904_639585.pdf
535,Aadhaar,517046174332,2019-11-08,,Pending,,,2019-11-15,0,Branch,,documents/kyc/CUST_535/Aadhaar/535_219899.pdf
269,Aadhaar,417406314824,2010-06-19,,Pending,,,2010-06-30,0,Branch,,documents/kyc/CUST_269/Aadhaar/269_408034.pdf
451,PAN,GGXBH2221B,2022-12-13,,Verified,67.0,2022-12-18,2022-12-23,0,Mobile App,,documents/kyc/CUST_451/PAN/451_983940.pdf
451,Passport,H4916676,2013-07-14,2023-07-14,Verified,29.0,2013-07-23,2013-08-13,1,Branch,,documents/kyc/CUST_451/Passport/451_277698.pdf
794,Passport,W5500665,2010-08-29,2015-08-29,Verified,97.0,2010-09-28,2010-09-25,1,Mobile App,,documents/kyc/CUST_794/Passport/794_560792.pdf
544,Aadhaar,613914662619,2014-01-23,,Verified,87.0,2014-02-04,2014-02-17,0,Internet Banking,,documents/kyc/CUST_544/Aadhaar/544_992952.pdf
881,Driving License,DL609007326723,2020-02-25,2025-02-25,Verified,77.0,2020-02-28,2020-03-08,1,Internet Banking,,documents/kyc/CUST_881/Driving_License/881_560260.pdf
646,PAN,NZDWR3269T,2012-04-13,,Verified,35.0,2012-05-07,2012-04-21,0,Mobile App,,documents/kyc/CUST_646/PAN/646_467400.pdf
188,Driving License,DL718910602365,2015-08-29,2025-08-29,Rejected,58.0,2015-09-11,2015-09-20,1,Mobile App,Verification failed,documents/kyc/CUST_188/Driving_License/188_668394.pdf
520,Voter ID,VID685243799948,2024-02-20,2034-02-20,Verified,64.0,2024-03-14,2024-03-06,0,Branch,,documents/kyc/CUST_520/Voter_ID/520_460166.pdf
594,PAN,ABXOF2974B,2025-08-01,,Verified,97.0,2025-08-14,2025-08-22,0,Mobile App,,documents/kyc/CUST_594/PAN/594_966859.pdf
372,Driving License,DL955017083029,2018-10-02,2023-10-02,Verified,18.0,2018-10-31,2018-10-15,1,Branch,,documents/kyc/CUST_372/Driving_License/372_231609.pdf
187,Driving License,DL404090822798,2026-07-01,2046-07-01,Verified,96.0,2026-07-12,2026-07-09,0,Branch,,documents/kyc/CUST_187/Driving_License/187_989961.pdf
560,PAN,XYQCS5928Y,2022-04-15,,Verified,71.0,2022-05-04,2022-04-26,0,Mobile App,,documents/kyc/CUST_560/PAN/560_231835.pdf
910,PAN,VNRQF6346L,2022-01-29,,Rejected,37.0,2022-02-22,2022-02-03,0,Mobile App,Verification failed,documents/kyc/CUST_910/PAN/910_668697.pdf
839,PAN,FICLZ2823Q,2010-09-15,,Verified,88.0,2010-09-30,2010-10-05,0,Mobile App,,documents/kyc/CUST_839/PAN/839_493089.pdf
62,Aadhaar,303664677708,2019-08-27,,Pending,,,2019-09-13,0,Mobile App,,documents/kyc/CUST_62/Aadhaar/62_362294.pdf
136,Voter ID,VID353303032073,2021-03-06,2031-03-06,Verified,91.0,2021-03-07,2021-03-08,0,Mobile App,,documents/kyc/CUST_136/Voter_ID/136_877240.pdf
257,Driving License,DL968763902670,2023-07-23,2033-07-23,Verified,89.0,2023-07-28,2023-08-09,0,Mobile App,,documents/kyc/CUST_257/Driving_License/257_767298.pdf
850,Driving License,DL120779438231,2017-03-11,2022-03-11,Failed,59.0,2017-04-04,2017-03-25,1,Mobile App,Incorrect document information,documents/kyc/CUST_850/Driving_License/850_398001.pdf
468,Driving License,DL668419970226,2010-02-27,2030-02-27,Verified,81.0,2010-03-28,2010-03-03,0,Branch,,documents/kyc/CUST_468/Driving_License/468_608494.pdf
26,PAN,FTOEP1001T,2024-01-03,,Verified,73.0,2024-01-18,2024-01-07,0,Mobile App,,documents/kyc/CUST_26/PAN/26_187548.pdf
388,Voter ID,VID354375877746,2016-12-15,2026-12-15,Verified,39.0,2016-12-17,2017-01-13,0,Internet Banking,,documents/kyc/CUST_388/Voter_ID/388_972641.pdf
734,PAN,JKZXD8111X,2019-09-02,,Verified,9.0,2019-09-11,2019-09-10,0,Internet Banking,,documents/kyc/CUST_734/PAN/734_756749.pdf
701,PAN,NJFEW8587X,2014-02-15,,Verified,67.0,2014-02-25,2014-02-26,0,Mobile App,,documents/kyc/CUST_701/PAN/701_977292.pdf
904,Voter ID,VID191731830288,2013-12-30,2023-12-30,Pending,,,2014-01-22,1,Mobile App,,documents/kyc/CUST_904/Voter_ID/904_229214.pdf
196,Passport,L4800594,2024-10-28,2034-10-28,Verified,23.0,2024-11-16,2024-11-27,0,Internet Banking,,documents/kyc/CUST_196/Passport/196_596594.pdf
554,Driving License,DL578651197639,2012-02-03,2032-02-03,Verified,64.0,2012-03-03,2012-02-05,0,Mobile App,,documents/kyc/CUST_554/Driving_License/554_363732.pdf
589,Passport,Z3884450,2018-12-14,2023-12-14,Pending,,,2018-12-24,1,Mobile App,,documents/kyc/CUST_589/Passport/589_401351.pdf
985,Driving License,DL684996525747,2023-02-19,2043-02-19,Verified,27.0,2023-02-21,2023-03-02,0,Branch,,documents/kyc/CUST_985/Driving_License/985_555568.pdf
266,Driving License,DL758939720657,2020-03-13,2040-03-13,Verified,60.0,2020-03-18,2020-03-19,0,Branch,,documents/kyc/CUST_266/Driving_License/266_736204.pdf
997,Aadhaar,572558204433,2023-01-15,,Verified,51.0,2023-01-19,2023-02-10,0,Mobile App,,documents/kyc/CUST_997/Aadhaar/997_970910.pdf
863,Driving License,DL631351979388,2023-12-18,2043-12-18,Verified,55.0,2023-12-31,2023-12-20,0,Mobile App,,documents/kyc/CUST_863/Driving_License/863_114737.pdf
970,PAN,RFNXE5128E,2015-10-17,,Verified,53.0,2015-10-19,2015-11-14,0,Mobile App,,documents/kyc/CUST_970/PAN/970_485458.pdf
67,Aadhaar,199071338186,2022-02-02,,Verified,10.0,2022-02-15,2022-02-03,0,Internet Banking,,documents/kyc/CUST_67/Aadhaar/67_756216.pdf
777,Aadhaar,831769483076,2021-03-12,,Verified,89.0,2021-03-27,2021-03-22,0,Mobile App,,documents/kyc/CUST_777/Aadhaar/777_773291.pdf
585,Driving License,DL742557290333,2015-10-03,2035-10-03,Verified,93.0,2015-10-06,2015-10-23,0,Branch,,documents/kyc/CUST_585/Driving_License/585_953916.pdf
463,Driving License,DL144997323082,2022-02-18,2027-02-18,Pending,,,2022-03-01,0,Branch,,documents/kyc/CUST_463/Driving_License/463_525422.pdf
739,PAN,HTJXV5595P,2022-06-16,,Verified,86.0,2022-06-30,2022-06-30,0,Branch,,documents/kyc/CUST_739/PAN/739_547650.pdf
840,Voter ID,VID885344020346,2022-08-01,2032-08-01,Verified,9.0,2022-08-05,2022-08-13,0,Mobile App,,documents/kyc/CUST_840/Voter_ID/840_533839.pdf
108,Voter ID,VID963144189683,2026-04-16,2036-04-16,Verified,83.0,2026-05-10,2026-04-22,0,Branch,,documents/kyc/CUST_108/Voter_ID/108_788485.pdf
99,Aadhaar,745923861366,2014-11-09,,Verified,13.0,2014-11-27,2014-11-09,0,Branch,,documents/kyc/CUST_99/Aadhaar/99_890752.pdf
299,PAN,NOFQB2008J,2026-04-28,,Verified,72.0,2026-05-20,2026-05-01,0,Internet Banking,,documents/kyc/CUST_299/PAN/299_414863.pdf
908,PAN,ULEBP3513G,2023-07-16,,Pending,,,2023-08-12,0,Mobile App,,documents/kyc/CUST_908/PAN/908_103479.pdf
597,Voter ID,VID993528860110,2010-08-15,2015-08-15,Verified,87.0,2010-08-19,2010-08-21,1,Mobile App,,documents/kyc/CUST_597/Voter_ID/597_578089.pdf
546,Voter ID,VID809286368563,2021-01-29,2026-01-29,Verified,82.0,2021-02-22,2021-02-03,1,Mobile App,,documents/kyc/CUST_546/Voter_ID/546_889438.pdf
531,Passport,K1551903,2013-02-24,2018-02-24,Rejected,21.0,2013-03-12,2013-03-23,1,Mobile App,Invalid document,documents/kyc/CUST_531/Passport/531_555773.pdf
284,Passport,Z5030319,2017-03-29,2022-03-29,Verified,40.0,2017-04-16,2017-04-18,1,Mobile App,,documents/kyc/CUST_284/Passport/284_409078.pdf
477,Passport,S3457779,2025-02-22,2030-02-22,Verified,20.0,2025-02-26,2025-03-11,0,Mobile App,,documents/kyc/CUST_477/Passport/477_118055.pdf
354,PAN,TFGXJ9096I,2022-01-31,,Pending,,,2022-02-10,0,Internet Banking,,documents/kyc/CUST_354/PAN/354_299098.pdf
245,Passport,G1350666,2018-04-10,2028-04-10,Rejected,28.0,2018-04-26,2018-05-08,0,Internet Banking,Document image unclear,documents/kyc/CUST_245/Passport/245_127173.pdf
386,Aadhaar,768474382201,2010-06-27,,Verified,80.0,2010-07-18,2010-07-13,0,Branch,,documents/kyc/CUST_386/Aadhaar/386_867803.pdf
18,Aadhaar,320514166321,2025-11-01,,Pending,,,2025-12-01,0,Internet Banking,,documents/kyc/CUST_18/Aadhaar/18_892248.pdf
958,Passport,S8033578,2017-05-25,2027-05-25,Verified,54.0,2017-06-19,2017-06-22,0,Branch,,documents/kyc/CUST_958/Passport/958_256587.pdf
467,Passport,A3379039,2015-10-30,2025-10-30,Verified,78.0,2015-11-19,2015-11-08,1,Internet Banking,,documents/kyc/CUST_467/Passport/467_849914.pdf
109,Driving License,DL836450169508,2019-10-09,2039-10-09,Verified,65.0,2019-10-30,2019-10-22,0,Mobile App,,documents/kyc/CUST_109/Driving_License/109_122932.pdf
83,Driving License,DL762792839641,2024-02-02,2034-02-02,Verified,92.0,2024-02-16,2024-02-07,0,Mobile App,,documents/kyc/CUST_83/Driving_License/83_378099.pdf
557,Aadhaar,317961314017,2022-09-14,,Verified,29.0,2022-10-01,2022-09-19,0,Mobile App,,documents/kyc/CUST_557/Aadhaar/557_263309.pdf
678,Driving License,DL522241445357,2022-04-04,2027-04-04,Verified,86.0,2022-04-13,2022-05-04,0,Mobile App,,documents/kyc/CUST_678/Driving_License/678_989368.pdf
9,Voter ID,VID526858986437,2010-08-07,2015-08-07,Verified,56.0,2010-08-26,2010-09-04,1,Mobile App,,documents/kyc/CUST_9/Voter_ID/9_915074.pdf
873,Passport,X3473227,2020-10-20,2025-10-20,Failed,13.0,2020-11-17,2020-11-13,1,Mobile App,Invalid document,documents/kyc/CUST_873/Passport/873_498540.pdf
465,Aadhaar,586205826435,2016-05-05,,Rejected,61.0,2016-05-30,2016-05-26,0,Mobile App,Incorrect document information,documents/kyc/CUST_465/Aadhaar/465_157471.pdf
943,Passport,I1036992,2012-05-30,2022-05-30,Pending,,,2012-06-16,1,Branch,,documents/kyc/CUST_943/Passport/943_219567.pdf
393,Aadhaar,257964325955,2012-12-12,,Verified,55.0,2013-01-10,2013-01-10,0,Mobile App,,documents/kyc/CUST_393/Aadhaar/393_759576.pdf
75,Passport,R9572848,2014-07-28,2024-07-28,Verified,25.0,2014-08-25,2014-08-10,1,Branch,,documents/kyc/CUST_75/Passport/75_489381.pdf
755,Passport,G2705168,2018-12-02,2028-12-02,Verified,91.0,2018-12-21,2018-12-22,0,Mobile App,,documents/kyc/CUST_755/Passport/755_225936.pdf
656,Voter ID,VID393120615112,2023-05-28,2028-05-28,Verified,33.0,2023-06-04,2023-06-23,0,Branch,,documents/kyc/CUST_656/Voter_ID/656_443783.pdf
53,Voter ID,VID113953512947,2012-11-12,2017-11-12,Verified,77.0,2012-11-26,2012-11-16,1,Mobile App,,documents/kyc/CUST_53/Voter_ID/53_470084.pdf
981,Aadhaar,135763872980,2016-09-17,,Verified,94.0,2016-09-28,2016-10-09,0,Mobile App,,documents/kyc/CUST_981/Aadhaar/981_553734.pdf
349,Aadhaar,515024427952,2010-10-11,,Verified,54.0,2010-10-24,2010-10-18,0,Mobile App,,documents/kyc/CUST_349/Aadhaar/349_893938.pdf
724,Voter ID,VID288340664725,2026-04-30,2031-04-30,Verified,34.0,2026-05-26,2026-05-29,0,Mobile App,,documents/kyc/CUST_724/Voter_ID/724_952600.pdf
798,Aadhaar,945146420173,2025-02-03,,Verified,6.0,2025-02-06,2025-02-05,0,Branch,,documents/kyc/CUST_798/Aadhaar/798_373366.pdf
177,PAN,NQPAY6967A,2011-12-20,,Rejected,92.0,2012-01-18,2011-12-24,0,Branch,Document image unclear,documents/kyc/CUST_177/PAN/177_704652.pdf
57,Passport,N1853830,2023-11-30,2028-11-30,Rejected,70.0,2023-12-13,2023-12-25,0,Internet Banking,Verification failed,documents/kyc/CUST_57/Passport/57_223853.pdf
953,Voter ID,VID983790444077,2010-04-20,2015-04-20,Verified,9.0,2010-04-21,2010-04-25,1,Mobile App,,documents/kyc/CUST_953/Voter_ID/953_816878.pdf
391,Voter ID,VID335037266076,2013-03-31,2023-03-31,Verified,96.0,2013-04-25,2013-04-17,1,Branch,,documents/kyc/CUST_391/Voter_ID/391_376221.pdf
892,Driving License,DL620302832763,2025-06-08,2035-06-08,Verified,99.0,2025-07-03,2025-07-05,0,Internet Banking,,documents/kyc/CUST_892/Driving_License/892_498429.pdf
20,PAN,LDYQL4997Q,2024-04-26,,Verified,73.0,2024-05-11,2024-05-22,0,Mobile App,,documents/kyc/CUST_20/PAN/20_423630.pdf
385,Passport,J6049384,2013-04-25,2018-04-25,Verified,69.0,2013-04-29,2013-05-13,1,Internet Banking,,documents/kyc/CUST_385/Passport/385_254500.pdf
912,Passport,J5897110,2018-01-19,2023-01-19,Verified,81.0,2018-01-29,2018-02-17,1,Mobile App,,documents/kyc/CUST_912/Passport/912_873255.pdf
612,Aadhaar,504398411741,2011-05-30,,Verified,91.0,2011-06-17,2011-06-07,0,Internet Banking,,documents/kyc/CUST_612/Aadhaar/612_297249.pdf
972,PAN,EXWZO9357I,2014-03-20,,Verified,60.0,2014-04-09,2014-04-19,0,Mobile App,,documents/kyc/CUST_972/PAN/972_841787.pdf
271,Voter ID,VID340135350889,2017-10-09,2022-10-09,Verified,21.0,2017-11-06,2017-10-27,1,Mobile App,,documents/kyc/CUST_271/Voter_ID/271_740411.pdf
759,Aadhaar,156107709118,2017-05-01,,Verified,21.0,2017-05-12,2017-05-30,0,Branch,,documents/kyc/CUST_759/Aadhaar/759_898493.pdf
379,Aadhaar,786517708353,2012-01-07,,Verified,12.0,2012-01-14,2012-01-18,0,Mobile App,,documents/kyc/CUST_379/Aadhaar/379_784909.pdf
480,Aadhaar,729642463070,2015-08-24,,Failed,32.0,2015-08-29,2015-09-08,0,Branch,Document expired,documents/kyc/CUST_480/Aadhaar/480_667450.pdf
466,Aadhaar,892877669691,2019-04-24,,Verified,46.0,2019-05-11,2019-05-17,0,Branch,,documents/kyc/CUST_466/Aadhaar/466_356904.pdf
478,Passport,U3189916,2010-12-03,2015-12-03,Verified,53.0,2010-12-14,2010-12-26,1,Mobile App,,documents/kyc/CUST_478/Passport/478_151714.pdf
942,PAN,SFVHE1941Q,2021-09-06,,Failed,63.0,2021-09-11,2021-09-07,0,Mobile App,Invalid document,documents/kyc/CUST_942/PAN/942_222475.pdf
826,Driving License,DL161738049623,2013-03-11,2018-03-11,Verified,35.0,2013-03-30,2013-03-18,1,Mobile App,,documents/kyc/CUST_826/Driving_License/826_842011.pdf
722,PAN,QSTJO9527I,2020-11-19,,Verified,80.0,2020-12-14,2020-12-09,0,Internet Banking,,documents/kyc/CUST_722/PAN/722_118719.pdf
610,Aadhaar,857032467623,2013-12-01,,Pending,,,2013-12-07,0,Branch,,documents/kyc/CUST_610/Aadhaar/610_444156.pdf
113,Passport,O7110099,2016-11-09,2026-11-09,Verified,26.0,2016-11-14,2016-11-13,0,Mobile App,,documents/kyc/CUST_113/Passport/113_251823.pdf
475,PAN,ZZQQX4650L,2025-11-29,,Verified,59.0,2025-12-09,2025-12-12,0,Branch,,documents/kyc/CUST_475/PAN/475_580767.pdf
496,PAN,YVFCO4112B,2015-09-26,,Verified,19.0,2015-10-22,2015-09-28,0,Mobile App,,documents/kyc/CUST_496/PAN/496_614805.pdf
762,Driving License,DL991395813748,2019-09-04,2029-09-04,Rejected,79.0,2019-09-30,2019-09-24,0,Branch,Document details mismatch,documents/kyc/CUST_762/Driving_License/762_849290.pdf
977,Aadhaar,907539460013,2012-01-08,,Failed,9.0,2012-01-09,2012-01-31,0,Mobile App,Document image unclear,documents/kyc/CUST_977/Aadhaar/977_183898.pdf
570,PAN,CUWUS4297F,2015-08-01,,Verified,54.0,2015-08-27,2015-08-19,0,Mobile App,,documents/kyc/CUST_570/PAN/570_279078.pdf
232,Voter ID,VID900916897679,2023-12-06,2028-12-06,Verified,99.0,2023-12-22,2023-12-06,0,Mobile App,,documents/kyc/CUST_232/Voter_ID/232_380206.pdf
694,Passport,S5028877,2015-01-10,2020-01-10,Verified,50.0,2015-01-20,2015-01-22,1,Mobile App,,documents/kyc/CUST_694/Passport/694_546840.pdf
774,PAN,JZBQI7443Y,2013-06-19,,Verified,84.0,2013-07-11,2013-07-13,0,Internet Banking,,documents/kyc/CUST_774/PAN/774_483442.pdf
759,Passport,I9510144,2019-06-20,2029-06-20,Verified,70.0,2019-07-02,2019-07-07,0,Mobile App,,documents/kyc/CUST_759/Passport/759_560351.pdf
92,Aadhaar,802790199145,2023-02-04,,Verified,11.0,2023-02-05,2023-03-03,0,Mobile App,,documents/kyc/CUST_92/Aadhaar/92_188121.pdf
645,Voter ID,VID427455907895,2016-12-10,2021-12-10,Verified,85.0,2017-01-09,2017-01-07,1,Mobile App,,documents/kyc/CUST_645/Voter_ID/645_839997.pdf
662,Aadhaar,342263612807,2016-05-05,,Rejected,60.0,2016-05-27,2016-05-13,0,Branch,Incorrect document information,documents/kyc/CUST_662/Aadhaar/662_822459.pdf
514,Passport,M9301534,2021-05-03,2031-05-03,Verified,62.0,2021-05-07,2021-05-11,0,Internet Banking,,documents/kyc/CUST_514/Passport/514_392435.pdf
590,Driving License,DL603217311567,2023-01-19,2028-01-19,Verified,88.0,2023-02-03,2023-01-31,0,Mobile App,,documents/kyc/CUST_590/Driving_License/590_514770.pdf
816,Aadhaar,790889397683,2021-08-03,,Verified,53.0,2021-08-10,2021-08-09,0,Mobile App,,documents/kyc/CUST_816/Aadhaar/816_936026.pdf
594,Passport,Q7738106,2022-08-19,2027-08-19,Verified,88.0,2022-08-20,2022-08-21,0,Mobile App,,documents/kyc/CUST_594/Passport/594_507577.pdf
676,PAN,ZTKWQ9435D,2010-09-08,,Verified,54.0,2010-09-14,2010-09-14,0,Internet Banking,,documents/kyc/CUST_676/PAN/676_823548.pdf
869,Voter ID,VID975458745232,2021-04-12,2026-04-12,Verified,60.0,2021-04-22,2021-04-27,1,Mobile App,,documents/kyc/CUST_869/Voter_ID/869_640173.pdf
510,Passport,L6827233,2018-05-30,2023-05-30,Verified,13.0,2018-06-28,2018-06-18,1,Internet Banking,,documents/kyc/CUST_510/Passport/510_951610.pdf
74,PAN,VGOYY7945R,2016-12-09,,Verified,98.0,2016-12-23,2017-01-02,0,Branch,,documents/kyc/CUST_74/PAN/74_207748.pdf
303,PAN,UFYPS9165D,2022-11-07,,Verified,41.0,2022-12-04,2022-11-18,0,Mobile App,,documents/kyc/CUST_303/PAN/303_656181.pdf
849,Aadhaar,953768954258,2025-09-18,,Verified,71.0,2025-09-30,2025-10-17,0,Branch,,documents/kyc/CUST_849/Aadhaar/849_945384.pdf
173,Aadhaar,606261030319,2014-03-25,,Verified,100.0,2014-04-01,2014-04-03,0,Branch,,documents/kyc/CUST_173/Aadhaar/173_422321.pdf
269,PAN,CQGMM8953A,2020-01-05,,Pending,,,2020-01-23,0,Mobile App,,documents/kyc/CUST_269/PAN/269_570962.pdf
984,Driving License,DL689726379366,2013-08-07,2018-08-07,Verified,97.0,2013-08-14,2013-08-23,1,Mobile App,,documents/kyc/CUST_984/Driving_License/984_389028.pdf
405,Driving License,DL958060721000,2024-05-21,2034-05-21,Verified,45.0,2024-06-14,2024-06-16,0,Mobile App,,documents/kyc/CUST_405/Driving_License/405_151287.pdf
495,Aadhaar,112234311373,2013-12-13,,Verified,44.0,2014-01-10,2014-01-12,0,Branch,,documents/kyc/CUST_495/Aadhaar/495_987220.pdf
804,Passport,M4738009,2011-10-28,2016-10-28,Verified,91.0,2011-11-22,2011-11-12,1,Mobile App,,documents/kyc/CUST_804/Passport/804_504366.pdf
66,Driving License,DL127920928800,2019-02-23,2029-02-23,Verified,26.0,2019-03-11,2019-03-06,0,Branch,,documents/kyc/CUST_66/Driving_License/66_660020.pdf
175,Passport,M8787006,2024-06-09,2029-06-09,Verified,82.0,2024-06-25,2024-07-09,0,Mobile App,,documents/kyc/CUST_175/Passport/175_863086.pdf
357,Aadhaar,519266573410,2026-07-31,,Pending,,,2026-08-15,0,Mobile App,,documents/kyc/CUST_357/Aadhaar/357_820379.pdf
196,Driving License,DL882725871181,2022-08-02,2032-08-02,Verified,84.0,2022-08-09,2022-08-17,0,Internet Banking,,documents/kyc/CUST_196/Driving_License/196_405795.pdf
242,Passport,V6508233,2022-04-12,2027-04-12,Verified,18.0,2022-04-15,2022-05-01,0,Internet Banking,,documents/kyc/CUST_242/Passport/242_378693.pdf
440,Voter ID,VID446791232994,2015-05-21,2025-05-21,Verified,89.0,2015-06-15,2015-06-07,1,Mobile App,,documents/kyc/CUST_440/Voter_ID/440_923022.pdf
10,Voter ID,VID684970237280,2025-09-08,2030-09-08,Verified,7.0,2025-09-11,2025-09-26,0,Mobile App,,documents/kyc/CUST_10/Voter_ID/10_966779.pdf
406,Driving License,DL844950711845,2018-11-27,2023-11-27,Verified,36.0,2018-12-13,2018-12-19,1,Branch,,documents/kyc/CUST_406/Driving_License/406_794620.pdf
340,Voter ID,VID358028477840,2022-08-01,2027-08-01,Rejected,32.0,2022-08-07,2022-08-02,0,Branch,Document expired,documents/kyc/CUST_340/Voter_ID/340_391620.pdf
14,PAN,URNJH4103M,2018-03-03,,Rejected,93.0,2018-03-26,2018-03-14,0,Mobile App,Document details mismatch,documents/kyc/CUST_14/PAN/14_604119.pdf
433,Driving License,DL988771376447,2017-01-09,2027-01-09,Verified,8.0,2017-02-08,2017-01-21,0,Mobile App,,documents/kyc/CUST_433/Driving_License/433_213154.pdf
422,Passport,C3735899,2026-07-09,2036-07-09,Verified,67.0,2026-07-27,2026-08-07,0,Mobile App,,documents/kyc/CUST_422/Passport/422_513134.pdf
69,Passport,W9868039,2014-07-12,2024-07-12,Rejected,1.0,2014-07-22,2014-08-10,1,Mobile App,Invalid document,documents/kyc/CUST_69/Passport/69_351253.pdf
339,Driving License,DL992240658196,2015-11-06,2035-11-06,Verified,43.0,2015-11-14,2015-11-26,0,Mobile App,,documents/kyc/CUST_339/Driving_License/339_198373.pdf
174,Voter ID,VID396757566943,2025-08-23,2035-08-23,Verified,3.0,2025-09-18,2025-09-08,0,Mobile App,,documents/kyc/CUST_174/Voter_ID/174_846916.pdf
807,Voter ID,VID495270334089,2010-07-08,2015-07-08,Rejected,76.0,2010-07-28,2010-08-07,1,Mobile App,Document expired,documents/kyc/CUST_807/Voter_ID/807_772409.pdf
620,PAN,PDQNE4421V,2013-10-24,,Verified,39.0,2013-11-20,2013-10-29,0,Branch,,documents/kyc/CUST_620/PAN/620_792193.pdf
558,Driving License,DL180525771144,2014-03-07,2034-03-07,Verified,54.0,2014-04-06,2014-03-27,0,Mobile App,,documents/kyc/CUST_558/Driving_License/558_299515.pdf
713,Passport,K6564763,2022-09-09,2032-09-09,Rejected,37.0,2022-10-09,2022-09-25,0,Mobile App,Document image unclear,documents/kyc/CUST_713/Passport/713_167821.pdf
156,PAN,NRWRG9830P,2010-06-08,,Verified,25.0,2010-07-05,2010-06-12,0,Mobile App,,documents/kyc/CUST_156/PAN/156_139810.pdf
50,Passport,Y2065992,2023-08-03,2028-08-03,Verified,40.0,2023-08-24,2023-08-06,0,Mobile App,,documents/kyc/CUST_50/Passport/50_975634.pdf
600,Voter ID,VID876887481292,2012-05-30,2017-05-30,Verified,64.0,2012-06-20,2012-06-16,1,Mobile App,,documents/kyc/CUST_600/Voter_ID/600_395757.pdf
176,Passport,O1398276,2019-04-18,2024-04-18,Verified,81.0,2019-05-17,2019-04-19,1,Internet Banking,,documents/kyc/CUST_176/Passport/176_173695.pdf
964,PAN,OLLWA1474S,2019-08-13,,Verified,9.0,2019-08-24,2019-08-14,0,Branch,,documents/kyc/CUST_964/PAN/964_383151.pdf
345,Driving License,DL589224489413,2012-06-21,2032-06-21,Verified,30.0,2012-06-30,2012-07-16,0,Mobile App,,documents/kyc/CUST_345/Driving_License/345_428268.pdf
337,Voter ID,VID174508017283,2015-02-15,2020-02-15,Verified,50.0,2015-02-20,2015-02-24,1,Mobile App,,documents/kyc/CUST_337/Voter_ID/337_119322.pdf
655,PAN,SLUFA7042A,2014-11-26,,Verified,74.0,2014-11-30,2014-12-04,0,Internet Banking,,documents/kyc/CUST_655/PAN/655_396062.pdf
174,PAN,JXFDT7289H,2014-02-04,,Verified,18.0,2014-02-16,2014-03-02,0,Mobile App,,documents/kyc/CUST_174/PAN/174_418430.pdf
569,Passport,Y5017536,2015-04-27,2025-04-27,Verified,45.0,2015-05-19,2015-05-03,1,Branch,,documents/kyc/CUST_569/Passport/569_460564.pdf
304,Aadhaar,535804461085,2018-03-31,,Verified,58.0,2018-04-15,2018-03-31,0,Mobile App,,documents/kyc/CUST_304/Aadhaar/304_355921.pdf
554,Aadhaar,873212729292,2023-01-05,,Verified,58.0,2023-01-13,2023-02-03,0,Internet Banking,,documents/kyc/CUST_554/Aadhaar/554_120267.pdf
624,Passport,R6879602,2011-04-15,2021-04-15,Verified,58.0,2011-05-06,2011-04-29,1,Mobile App,,documents/kyc/CUST_624/Passport/624_132497.pdf
915,Passport,Y2469633,2023-04-22,2033-04-22,Verified,17.0,2023-05-12,2023-05-06,0,Branch,,documents/kyc/CUST_915/Passport/915_657717.pdf
511,PAN,XTGTY1262R,2010-04-12,,Verified,75.0,2010-04-30,2010-05-03,0,Mobile App,,documents/kyc/CUST_511/PAN/511_860277.pdf
877,PAN,KNECC7647A,2015-12-27,,Verified,58.0,2016-01-09,2016-01-08,0,Mobile App,,documents/kyc/CUST_877/PAN/877_612716.pdf
982,Voter ID,VID130858502161,2015-03-25,2025-03-25,Verified,78.0,2015-04-12,2015-04-09,1,Mobile App,,documents/kyc/CUST_982/Voter_ID/982_331548.pdf
808,Aadhaar,932924552000,2019-08-17,,Verified,49.0,2019-09-08,2019-08-23,0,Mobile App,,documents/kyc/CUST_808/Aadhaar/808_270357.pdf
536,Passport,M8426893,2020-11-26,2030-11-26,Verified,100.0,2020-12-04,2020-11-27,0,Branch,,documents/kyc/CUST_536/Passport/536_474859.pdf
883,PAN,CVIWI4498L,2013-02-13,,Verified,69.0,2013-02-14,2013-02-25,0,Mobile App,,documents/kyc/CUST_883/PAN/883_717006.pdf
383,Voter ID,VID211308242934,2012-06-22,2017-06-22,Verified,25.0,2012-07-09,2012-07-22,1,Mobile App,,documents/kyc/CUST_383/Voter_ID/383_472776.pdf
339,PAN,DUYFR6084N,2015-11-22,,Verified,86.0,2015-12-15,2015-12-16,0,Branch,,documents/kyc/CUST_339/PAN/339_782021.pdf
391,Driving License,DL407127850912,2023-11-04,2028-11-04,Verified,74.0,2023-11-17,2023-11-25,0,Branch,,documents/kyc/CUST_391/Driving_License/391_380119.pdf
395,Driving License,DL406161466721,2020-09-03,2040-09-03,Verified,72.0,2020-09-06,2020-09-09,0,Branch,,documents/kyc/CUST_395/Driving_License/395_231667.pdf
561,Voter ID,VID851034590769,2011-12-21,2021-12-21,Verified,19.0,2012-01-07,2012-01-18,1,Internet Banking,,documents/kyc/CUST_561/Voter_ID/561_423884.pdf
1,Driving License,DL883757985715,2020-01-06,2040-01-06,Verified,44.0,2020-01-22,2020-01-20,0,Branch,,documents/kyc/CUST_1/Driving_License/1_589081.pdf
137,Driving License,DL402055870126,2011-05-08,2016-05-08,Verified,36.0,2011-05-24,2011-05-17,1,Branch,,documents/kyc/CUST_137/Driving_License/137_101564.pdf
998,Driving License,DL162006087782,2013-06-20,2018-06-20,Verified,70.0,2013-07-03,2013-07-09,1,Branch,,documents/kyc/CUST_998/Driving_License/998_179386.pdf
729,Aadhaar,244639338684,2013-04-14,,Verified,8.0,2013-05-02,2013-04-19,0,Mobile App,,documents/kyc/CUST_729/Aadhaar/729_545120.pdf
319,PAN,GXMAW1622Y,2020-06-12,,Verified,94.0,2020-06-18,2020-06-25,0,Branch,,documents/kyc/CUST_319/PAN/319_594814.pdf
99,Driving License,DL345900307009,2012-01-27,2032-01-27,Verified,31.0,2012-02-23,2012-01-31,0,Mobile App,,documents/kyc/CUST_99/Driving_License/99_197402.pdf
434,Aadhaar,323760139129,2019-03-15,,Verified,25.0,2019-03-20,2019-04-03,0,Mobile App,,documents/kyc/CUST_434/Aadhaar/434_906331.pdf
668,PAN,WWQVI9532I,2016-04-18,,Pending,,,2016-04-22,0,Branch,,documents/kyc/CUST_668/PAN/668_678295.pdf
563,Driving License,DL678321283206,2013-12-27,2023-12-27,Verified,74.0,2013-12-30,2014-01-16,1,Mobile App,,documents/kyc/CUST_563/Driving_License/563_860356.pdf
157,Voter ID,VID446807281399,2019-11-02,2029-11-02,Verified,34.0,2019-11-21,2019-11-24,0,Branch,,documents/kyc/CUST_157/Voter_ID/157_494983.pdf
913,Passport,Q1945473,2010-08-29,2015-08-29,Verified,66.0,2010-09-18,2010-09-24,1,Branch,,documents/kyc/CUST_913/Passport/913_596507.pdf
260,PAN,FCTYU8052J,2016-05-29,,Verified,100.0,2016-06-17,2016-06-08,0,Mobile App,,documents/kyc/CUST_260/PAN/260_238783.pdf
371,Voter ID,VID793036060931,2015-09-10,2020-09-10,Verified,63.0,2015-09-27,2015-09-17,1,Mobile App,,documents/kyc/CUST_371/Voter_ID/371_789810.pdf
508,Aadhaar,658520947521,2015-02-12,,Verified,35.0,2015-02-28,2015-02-27,0,Mobile App,,documents/kyc/CUST_508/Aadhaar/508_955788.pdf
362,Aadhaar,386774605769,2019-06-11,,Pending,,,2019-07-04,0,Mobile App,,documents/kyc/CUST_362/Aadhaar/362_136978.pdf
638,Voter ID,VID606607146186,2026-04-12,2031-04-12,Verified,30.0,2026-05-06,2026-04-19,0,Mobile App,,documents/kyc/CUST_638/Voter_ID/638_966622.pdf
106,Passport,A7161005,2019-02-04,2029-02-04,Failed,13.0,2019-02-10,2019-02-09,0,Mobile App,Incorrect document information,documents/kyc/CUST_106/Passport/106_450520.pdf
927,Driving License,DL113809375109,2025-12-18,2045-12-18,Pending,,,2025-12-23,0,Internet Banking,,documents/kyc/CUST_927/Driving_License/927_852517.pdf
677,PAN,CLTVK7470C,2015-12-01,,Verified,37.0,2015-12-11,2015-12-10,0,Branch,,documents/kyc/CUST_677/PAN/677_649806.pdf
565,Voter ID,VID743320319430,2011-06-07,2016-06-07,Verified,88.0,2011-06-10,2011-07-04,1,Mobile App,,documents/kyc/CUST_565/Voter_ID/565_410083.pdf
398,Voter ID,VID872131095659,2013-09-25,2018-09-25,Failed,21.0,2013-10-11,2013-10-06,1,Internet Banking,Incorrect document information,documents/kyc/CUST_398/Voter_ID/398_716907.pdf
920,Passport,A2383104,2026-01-08,2031-01-08,Verified,59.0,2026-01-14,2026-01-16,0,Branch,,documents/kyc/CUST_920/Passport/920_435184.pdf
69,Aadhaar,532753339439,2022-02-20,,Verified,13.0,2022-03-06,2022-03-13,0,Mobile App,,documents/kyc/CUST_69/Aadhaar/69_553556.pdf
242,Voter ID,VID944063969001,2025-09-21,2035-09-21,Failed,94.0,2025-09-23,2025-10-04,0,Internet Banking,Verification failed,documents/kyc/CUST_242/Voter_ID/242_783459.pdf
418,Passport,U3323492,2018-05-24,2023-05-24,Verified,80.0,2018-06-13,2018-06-05,1,Branch,,documents/kyc/CUST_418/Passport/418_722467.pdf
874,Passport,M5473793,2024-04-10,2034-04-10,Verified,80.0,2024-05-03,2024-05-08,0,Branch,,documents/kyc/CUST_874/Passport/874_744063.pdf
731,Passport,T8360406,2022-04-17,2027-04-17,Verified,45.0,2022-05-07,2022-05-05,0,Branch,,documents/kyc/CUST_731/Passport/731_745538.pdf
705,Voter ID,VID338119660673,2017-05-08,2022-05-08,Rejected,24.0,2017-05-09,2017-05-26,1,Mobile App,Document image unclear,documents/kyc/CUST_705/Voter_ID/705_833316.pdf
231,Voter ID,VID133304518637,2015-11-19,2020-11-19,Verified,33.0,2015-12-07,2015-11-30,1,Internet Banking,,documents/kyc/CUST_231/Voter_ID/231_691813.pdf
131,Driving License,DL410636686662,2024-03-05,2034-03-05,Verified,75.0,2024-03-10,2024-03-16,0,Mobile App,,documents/kyc/CUST_131/Driving_License/131_922928.pdf
115,PAN,OOLVI2224H,2020-01-09,,Verified,73.0,2020-01-11,2020-01-21,0,Branch,,documents/kyc/CUST_115/PAN/115_491456.pdf
311,Aadhaar,426348267487,2023-04-19,,Verified,95.0,2023-05-19,2023-04-20,0,Mobile App,,documents/kyc/CUST_311/Aadhaar/311_957984.pdf
957,Voter ID,VID418731194927,2022-09-13,2032-09-13,Verified,59.0,2022-09-22,2022-09-26,0,Branch,,documents/kyc/CUST_957/Voter_ID/957_114831.pdf
364,Driving License,DL431267732116,2018-06-15,2028-06-15,Verified,35.0,2018-06-22,2018-06-28,0,Mobile App,,documents/kyc/CUST_364/Driving_License/364_459184.pdf
99,Voter ID,VID758134939508,2012-01-08,2017-01-08,Verified,13.0,2012-01-25,2012-01-28,1,Branch,,documents/kyc/CUST_99/Voter_ID/99_537586.pdf
331,PAN,LTNEV5457G,2023-01-03,,Verified,82.0,2023-01-10,2023-01-22,0,Mobile App,,documents/kyc/CUST_331/PAN/331_509781.pdf
63,Passport,U3867306,2022-06-11,2027-06-11,Verified,27.0,2022-06-28,2022-06-29,0,Internet Banking,,documents/kyc/CUST_63/Passport/63_590541.pdf
727,Driving License,DL490658046912,2015-09-03,2035-09-03,Verified,64.0,2015-09-20,2015-10-01,0,Branch,,documents/kyc/CUST_727/Driving_License/727_168339.pdf
489,Voter ID,VID216425673075,2020-06-02,2030-06-02,Verified,93.0,2020-06-29,2020-06-18,0,Mobile App,,documents/kyc/CUST_489/Voter_ID/489_145883.pdf
453,PAN,YXLEM2893L,2012-03-27,,Verified,77.0,2012-03-28,2012-04-26,0,Branch,,documents/kyc/CUST_453/PAN/453_248717.pdf
167,Aadhaar,286706095705,2014-03-19,,Verified,95.0,2014-03-29,2014-03-26,0,Mobile App,,documents/kyc/CUST_167/Aadhaar/167_378891.pdf
245,Voter ID,VID348493375570,2025-01-04,2035-01-04,Verified,79.0,2025-02-01,2025-01-09,0,Mobile App,,documents/kyc/CUST_245/Voter_ID/245_664571.pdf
706,Aadhaar,463852764245,2016-12-25,,Verified,8.0,2017-01-18,2017-01-02,0,Mobile App,,documents/kyc/CUST_706/Aadhaar/706_453974.pdf
209,Passport,A3797978,2025-07-24,2035-07-24,Verified,5.0,2025-08-14,2025-08-06,0,Mobile App,,documents/kyc/CUST_209/Passport/209_828163.pdf
85,Driving License,DL842564258250,2020-04-07,2030-04-07,Verified,42.0,2020-04-28,2020-04-10,0,Mobile App,,documents/kyc/CUST_85/Driving_License/85_505038.pdf
149,Passport,X7220444,2020-01-24,2025-01-24,Pending,,,2020-02-17,1,Mobile App,,documents/kyc/CUST_149/Passport/149_596343.pdf
211,PAN,VKJHJ7800U,2026-03-07,,Verified,36.0,2026-03-14,2026-03-09,0,Mobile App,,documents/kyc/CUST_211/PAN/211_122830.pdf
175,Driving License,DL955145920595,2023-06-25,2033-06-25,Verified,70.0,2023-07-09,2023-07-12,0,Mobile App,,documents/kyc/CUST_175/Driving_License/175_519845.pdf
25,Voter ID,VID995191685989,2015-04-28,2020-04-28,Verified,32.0,2015-05-18,2015-05-19,1,Mobile App,,documents/kyc/CUST_25/Voter_ID/25_189548.pdf
81,Driving License,DL590585413877,2021-05-02,2031-05-02,Verified,70.0,2021-06-01,2021-05-31,0,Branch,,documents/kyc/CUST_81/Driving_License/81_735420.pdf
49,Driving License,DL240631078555,2021-08-10,2041-08-10,Rejected,7.0,2021-08-23,2021-08-31,0,Branch,Document expired,documents/kyc/CUST_49/Driving_License/49_257444.pdf
780,Driving License,DL350051995760,2019-04-20,2039-04-20,Pending,,,2019-05-14,0,Mobile App,,documents/kyc/CUST_780/Driving_License/780_333714.pdf
613,Aadhaar,184805378528,2018-11-11,,Pending,,,2018-11-12,0,Mobile App,,documents/kyc/CUST_613/Aadhaar/613_275307.pdf
244,Voter ID,VID869478251761,2019-11-07,2024-11-07,Pending,,,2019-11-21,1,Mobile App,,documents/kyc/CUST_244/Voter_ID/244_591926.pdf
266,Passport,E1785030,2025-08-31,2030-08-31,Pending,,,2025-09-06,0,Branch,,documents/kyc/CUST_266/Passport/266_804791.pdf
763,Aadhaar,488006272981,2012-04-21,,Verified,90.0,2012-05-07,2012-05-11,0,Mobile App,,documents/kyc/CUST_763/Aadhaar/763_415818.pdf
155,Voter ID,VID940060836059,2016-07-04,2021-07-04,Pending,,,2016-07-08,1,Mobile App,,documents/kyc/CUST_155/Voter_ID/155_520512.pdf
191,Aadhaar,910608357046,2018-12-01,,Rejected,51.0,2018-12-24,2018-12-04,0,Mobile App,Document image unclear,documents/kyc/CUST_191/Aadhaar/191_874022.pdf
878,PAN,DGEAC9050S,2016-12-14,,Verified,31.0,2017-01-09,2017-01-08,0,Mobile App,,documents/kyc/CUST_878/PAN/878_523272.pdf
99,PAN,PRGEX3433B,2018-02-18,,Verified,1.0,2018-03-19,2018-02-25,0,Mobile App,,documents/kyc/CUST_99/PAN/99_675929.pdf
540,Aadhaar,161262348991,2020-08-02,,Verified,42.0,2020-08-17,2020-08-29,0,Branch,,documents/kyc/CUST_540/Aadhaar/540_777546.pdf
343,Passport,W7815097,2015-11-09,2020-11-09,Verified,70.0,2015-12-07,2015-11-22,1,Mobile App,,documents/kyc/CUST_343/Passport/343_706173.pdf
343,Driving License,DL550180750523,2022-03-04,2032-03-04,Verified,41.0,2022-03-07,2022-04-01,0,Mobile App,,documents/kyc/CUST_343/Driving_License/343_685290.pdf
716,Driving License,DL887734089029,2016-04-17,2026-04-17,Verified,4.0,2016-05-01,2016-05-10,1,Mobile App,,documents/kyc/CUST_716/Driving_License/716_927900.pdf
54,PAN,QIOZH4800I,2024-10-04,,Verified,92.0,2024-10-09,2024-10-04,0,Mobile App,,documents/kyc/CUST_54/PAN/54_913178.pdf
848,Driving License,DL622723993873,2011-11-07,2021-11-07,Failed,62.0,2011-11-18,2011-11-15,1,Branch,Document details mismatch,documents/kyc/CUST_848/Driving_License/848_747132.pdf
65,Voter ID,VID891918543011,2025-03-24,2030-03-24,Verified,75.0,2025-03-29,2025-04-10,0,Mobile App,,documents/kyc/CUST_65/Voter_ID/65_223911.pdf
448,Aadhaar,639444187890,2012-03-03,,Rejected,77.0,2012-03-17,2012-03-08,0,Mobile App,Incorrect document information,documents/kyc/CUST_448/Aadhaar/448_775908.pdf
948,PAN,VHUNY3830X,2017-04-25,,Pending,,,2017-05-13,0,Internet Banking,,documents/kyc/CUST_948/PAN/948_769895.pdf
965,Passport,A8479053,2023-06-08,2033-06-08,Rejected,54.0,2023-06-18,2023-06-11,0,Mobile App,Invalid document,documents/kyc/CUST_965/Passport/965_182615.pdf
12,Aadhaar,703795693176,2014-05-14,,Rejected,17.0,2014-05-19,2014-05-26,0,Mobile App,Document image unclear,documents/kyc/CUST_12/Aadhaar/12_115178.pdf
12,Voter ID,VID761861124197,2021-05-15,2031-05-15,Verified,59.0,2021-06-14,2021-05-18,0,Mobile App,,documents/kyc/CUST_12/Voter_ID/12_452929.pdf
512,Driving License,DL220872958971,2015-06-05,2035-06-05,Pending,,,2015-07-04,0,Mobile App,,documents/kyc/CUST_512/Driving_License/512_869793.pdf
334,Aadhaar,880153226443,2025-10-13,,Verified,78.0,2025-10-26,2025-11-11,0,Mobile App,,documents/kyc/CUST_334/Aadhaar/334_170748.pdf
932,Aadhaar,846209470886,2025-03-24,,Verified,100.0,2025-04-03,2025-04-18,0,Internet Banking,,documents/kyc/CUST_932/Aadhaar/932_130104.pdf
773,Voter ID,VID399958488868,2024-02-14,2029-02-14,Verified,89.0,2024-03-02,2024-03-05,0,Mobile App,,documents/kyc/CUST_773/Voter_ID/773_557628.pdf
119,Driving License,DL389261011201,2014-01-28,2024-01-28,Verified,17.0,2014-02-27,2014-02-16,1,Mobile App,,documents/kyc/CUST_119/Driving_License/119_509565.pdf
393,Passport,N4346901,2012-03-05,2017-03-05,Verified,43.0,2012-03-13,2012-04-02,1,Mobile App,,documents/kyc/CUST_393/Passport/393_310047.pdf
110,Voter ID,VID120795342566,2010-08-28,2015-08-28,Verified,45.0,2010-09-18,2010-08-30,1,Branch,,documents/kyc/CUST_110/Voter_ID/110_250256.pdf
916,Driving License,DL609129880863,2014-09-08,2024-09-08,Rejected,100.0,2014-09-22,2014-09-16,1,Mobile App,Verification failed,documents/kyc/CUST_916/Driving_License/916_284766.pdf
438,Aadhaar,352923685141,2017-10-14,,Verified,41.0,2017-11-02,2017-11-05,0,Mobile App,,documents/kyc/CUST_438/Aadhaar/438_319453.pdf
99,Passport,K7634158,2015-10-09,2025-10-09,Verified,43.0,2015-10-14,2015-10-23,1,Mobile App,,documents/kyc/CUST_99/Passport/99_643903.pdf
259,Voter ID,VID620653780581,2010-10-07,2020-10-07,Rejected,40.0,2010-10-14,2010-10-14,1,Internet Banking,Incorrect document information,documents/kyc/CUST_259/Voter_ID/259_345515.pdf
84,Aadhaar,318532301110,2010-11-06,,Rejected,66.0,2010-11-15,2010-11-29,0,Branch,Invalid document,documents/kyc/CUST_84/Aadhaar/84_484321.pdf
8,Aadhaar,556808008200,2023-06-15,,Verified,30.0,2023-06-16,2023-06-26,0,Mobile App,,documents/kyc/CUST_8/Aadhaar/8_160348.pdf
162,Driving License,DL486022303751,2010-06-10,2030-06-10,Verified,29.0,2010-07-04,2010-07-08,0,Branch,,documents/kyc/CUST_162/Driving_License/162_418831.pdf
297,PAN,MWFTF4649F,2016-06-29,,Verified,57.0,2016-07-01,2016-07-02,0,Mobile App,,documents/kyc/CUST_297/PAN/297_710949.pdf
486,PAN,KZRWZ8197H,2026-01-09,,Verified,41.0,2026-01-19,2026-01-25,0,Branch,,documents/kyc/CUST_486/PAN/486_837074.pdf
595,Driving License,DL599701307981,2015-12-07,2025-12-07,Verified,19.0,2015-12-30,2015-12-24,1,Mobile App,,documents/kyc/CUST_595/Driving_License/595_663960.pdf
528,Voter ID,VID563104101891,2015-07-05,2020-07-05,Verified,53.0,2015-07-10,2015-07-24,1,Internet Banking,,documents/kyc/CUST_528/Voter_ID/528_722263.pdf
578,Driving License,DL690809267992,2022-07-17,2032-07-17,Verified,18.0,2022-08-07,2022-07-26,0,Mobile App,,documents/kyc/CUST_578/Driving_License/578_833008.pdf
867,Driving License,DL835680204150,2026-05-07,2046-05-07,Verified,42.0,2026-05-31,2026-05-27,0,Mobile App,,documents/kyc/CUST_867/Driving_License/867_896263.pdf
181,Voter ID,VID302433590065,2017-12-02,2022-12-02,Rejected,94.0,2017-12-10,2017-12-29,1,Mobile App,Document details mismatch,documents/kyc/CUST_181/Voter_ID/181_705010.pdf
639,Voter ID,VID499303359304,2024-02-04,2034-02-04,Verified,10.0,2024-02-07,2024-02-24,0,Mobile App,,documents/kyc/CUST_639/Voter_ID/639_408719.pdf
924,Aadhaar,775444856587,2016-05-20,,Verified,58.0,2016-06-16,2016-06-18,0,Mobile App,,documents/kyc/CUST_924/Aadhaar/924_652762.pdf
253,Driving License,DL119125969227,2026-03-31,2046-03-31,Verified,74.0,2026-04-06,2026-04-28,0,Internet Banking,,documents/kyc/CUST_253/Driving_License/253_115374.pdf
998,Voter ID,VID289140356525,2016-05-13,2026-05-13,Verified,25.0,2016-05-26,2016-06-07,1,Internet Banking,,documents/kyc/CUST_998/Voter_ID/998_403833.pdf
455,PAN,ZOBDH8426W,2016-09-13,,Verified,87.0,2016-10-12,2016-10-11,0,Internet Banking,,documents/kyc/CUST_455/PAN/455_956591.pdf
408,Passport,M4645823,2013-07-05,2023-07-05,Verified,32.0,2013-07-10,2013-08-03,1,Internet Banking,,documents/kyc/CUST_408/Passport/408_401757.pdf
145,Driving License,DL806174402829,2017-04-24,2022-04-24,Verified,98.0,2017-05-02,2017-05-14,1,Internet Banking,,documents/kyc/CUST_145/Driving_License/145_644998.pdf
340,Aadhaar,678139926229,2018-02-03,,Verified,34.0,2018-02-25,2018-02-04,0,Mobile App,,documents/kyc/CUST_340/Aadhaar/340_427011.pdf
880,Voter ID,VID149850464665,2026-07-21,2031-07-21,Verified,67.0,2026-07-29,2026-08-15,0,Branch,,documents/kyc/CUST_880/Voter_ID/880_668015.pdf
295,Aadhaar,470700520796,2023-08-17,,Pending,,,2023-08-30,0,Branch,,documents/kyc/CUST_295/Aadhaar/295_846050.pdf
518,PAN,GZTES4793W,2023-08-30,,Pending,,,2023-09-13,0,Mobile App,,documents/kyc/CUST_518/PAN/518_175614.pdf
938,PAN,FGWNY6510V,2022-11-29,,Verified,96.0,2022-12-29,2022-12-16,0,Branch,,documents/kyc/CUST_938/PAN/938_736283.pdf
470,Voter ID,VID781715746021,2025-11-01,2035-11-01,Pending,,,2025-11-10,0,Mobile App,,documents/kyc/CUST_470/Voter_ID/470_659244.pdf
726,Aadhaar,348229891291,2023-09-04,,Verified,3.0,2023-09-27,2023-10-03,0,Internet Banking,,documents/kyc/CUST_726/Aadhaar/726_629030.pdf
777,Voter ID,VID555121747465,2015-08-06,2020-08-06,Pending,,,2015-08-29,1,Mobile App,,documents/kyc/CUST_777/Voter_ID/777_963729.pdf
650,Passport,L8491033,2013-03-13,2023-03-13,Verified,72.0,2013-03-28,2013-04-01,1,Mobile App,,documents/kyc/CUST_650/Passport/650_142988.pdf
872,PAN,WFMEG3147V,2014-09-23,,Verified,62.0,2014-10-23,2014-09-30,0,Mobile App,,documents/kyc/CUST_872/PAN/872_939853.pdf
242,Driving License,DL370213222907,2018-01-01,2038-01-01,Verified,96.0,2018-01-04,2018-01-03,0,Branch,,documents/kyc/CUST_242/Driving_License/242_393725.pdf
792,Voter ID,VID351979277879,2015-05-22,2020-05-22,Verified,31.0,2015-05-28,2015-06-21,1,Mobile App,,documents/kyc/CUST_792/Voter_ID/792_625892.pdf
831,Driving License,DL333837602874,2015-01-16,2035-01-16,Rejected,79.0,2015-01-24,2015-02-01,0,Branch,Document expired,documents/kyc/CUST_831/Driving_License/831_156683.pdf
649,Driving License,DL394942712472,2022-12-18,2027-12-18,Verified,54.0,2022-12-21,2022-12-20,0,Branch,,documents/kyc/CUST_649/Driving_License/649_826791.pdf
368,Aadhaar,560126562413,2014-07-18,,Verified,1.0,2014-07-24,2014-08-08,0,Mobile App,,documents/kyc/CUST_368/Aadhaar/368_272210.pdf
936,Aadhaar,649939310159,2021-12-26,,Verified,35.0,2021-12-31,2022-01-24,0,Internet Banking,,documents/kyc/CUST_936/Aadhaar/936_300086.pdf
545,PAN,BJVLL3311Z,2021-04-15,,Verified,90.0,2021-04-29,2021-04-24,0,Mobile App,,documents/kyc/CUST_545/PAN/545_555621.pdf
97,Aadhaar,724014434070,2018-11-25,,Verified,82.0,2018-12-03,2018-12-23,0,Mobile App,,documents/kyc/CUST_97/Aadhaar/97_173983.pdf
610,Passport,F9280070,2014-03-29,2019-03-29,Failed,1.0,2014-04-23,2014-04-22,1,Mobile App,Document details mismatch,documents/kyc/CUST_610/Passport/610_612102.pdf
776,Driving License,DL320061130976,2014-09-13,2034-09-13,Verified,77.0,2014-09-27,2014-09-27,0,Internet Banking,,documents/kyc/CUST_776/Driving_License/776_178366.pdf
528,Driving License,DL958763550146,2019-02-28,2029-02-28,Verified,10.0,2019-03-17,2019-03-18,0,Branch,,documents/kyc/CUST_528/Driving_License/528_825137.pdf
17,PAN,OBPVP9826F,2015-11-29,,Verified,42.0,2015-12-09,2015-12-23,0,Branch,,documents/kyc/CUST_17/PAN/17_897047.pdf
552,Driving License,DL116710651353,2016-08-28,2036-08-28,Verified,30.0,2016-09-23,2016-09-13,0,Internet Banking,,documents/kyc/CUST_552/Driving_License/552_177351.pdf
402,Passport,H7655391,2020-03-03,2030-03-03,Verified,98.0,2020-03-26,2020-03-04,0,Branch,,documents/kyc/CUST_402/Passport/402_375829.pdf
338,Driving License,DL967002194968,2017-09-28,2022-09-28,Verified,90.0,2017-10-04,2017-10-16,1,Mobile App,,documents/kyc/CUST_338/Driving_License/338_436334.pdf
761,PAN,BSKEN1791I,2025-06-10,,Verified,90.0,2025-06-28,2025-06-13,0,Internet Banking,,documents/kyc/CUST_761/PAN/761_519473.pdf
925,Voter ID,VID458245978097,2014-11-11,2024-11-11,Verified,59.0,2014-11-12,2014-12-09,1,Internet Banking,,documents/kyc/CUST_925/Voter_ID/925_616385.pdf
223,PAN,UBADZ2483B,2016-08-26,,Verified,53.0,2016-09-15,2016-08-27,0,Mobile App,,documents/kyc/CUST_223/PAN/223_265782.pdf
795,PAN,KEJJN6758X,2025-05-13,,Rejected,6.0,2025-05-22,2025-05-18,0,Branch,Invalid document,documents/kyc/CUST_795/PAN/795_418458.pdf
885,Voter ID,VID696158700729,2019-10-26,2029-10-26,Rejected,68.0,2019-10-29,2019-11-08,0,Mobile App,Document image unclear,documents/kyc/CUST_885/Voter_ID/885_257482.pdf
762,PAN,LQDGL5712N,2011-05-09,,Verified,29.0,2011-05-17,2011-06-05,0,Branch,,documents/kyc/CUST_762/PAN/762_819422.pdf
598,Passport,T8046369,2022-12-02,2027-12-02,Verified,68.0,2022-12-03,2022-12-05,0,Mobile App,,documents/kyc/CUST_598/Passport/598_337443.pdf
564,Driving License,DL992653407589,2021-05-30,2031-05-30,Verified,95.0,2021-06-18,2021-06-29,0,Mobile App,,documents/kyc/CUST_564/Driving_License/564_307758.pdf
889,Passport,T4990509,2022-10-17,2032-10-17,Verified,67.0,2022-10-21,2022-10-19,0,Mobile App,,documents/kyc/CUST_889/Passport/889_906295.pdf
781,Driving License,DL391448190776,2016-08-17,2036-08-17,Pending,,,2016-09-07,0,Mobile App,,documents/kyc/CUST_781/Driving_License/781_665786.pdf
821,PAN,TFSRU4331G,2016-05-16,,Verified,25.0,2016-05-27,2016-06-14,0,Branch,,documents/kyc/CUST_821/PAN/821_328823.pdf
100,Passport,E5309427,2020-12-20,2030-12-20,Verified,15.0,2021-01-15,2021-01-10,0,Branch,,documents/kyc/CUST_100/Passport/100_663067.pdf
74,Aadhaar,987850232370,2025-09-27,,Verified,16.0,2025-10-07,2025-10-01,0,Mobile App,,documents/kyc/CUST_74/Aadhaar/74_168379.pdf
611,Aadhaar,276627616519,2013-02-10,,Verified,30.0,2013-02-19,2013-02-25,0,Mobile App,,documents/kyc/CUST_611/Aadhaar/611_510010.pdf
12,PAN,WFXLM9885S,2018-03-11,,Verified,88.0,2018-03-20,2018-03-30,0,Branch,,documents/kyc/CUST_12/PAN/12_632731.pdf
308,PAN,JMVEM7455L,2013-05-17,,Rejected,94.0,2013-06-01,2013-06-07,0,Mobile App,Incorrect document information,documents/kyc/CUST_308/PAN/308_269197.pdf
66,Passport,Q4936386,2023-06-09,2028-06-09,Verified,49.0,2023-06-27,2023-07-04,0,Mobile App,,documents/kyc/CUST_66/Passport/66_389003.pdf
444,Driving License,DL516877346566,2017-01-12,2037-01-12,Verified,55.0,2017-01-14,2017-01-13,0,Mobile App,,documents/kyc/CUST_444/Driving_License/444_766718.pdf
726,Voter ID,VID669328111253,2016-07-18,2021-07-18,Verified,8.0,2016-08-13,2016-08-12,1,Mobile App,,documents/kyc/CUST_726/Voter_ID/726_997868.pdf
439,PAN,KRFAJ6919Z,2011-04-10,,Verified,91.0,2011-04-11,2011-04-18,0,Internet Banking,,documents/kyc/CUST_439/PAN/439_609627.pdf
136,PAN,SGHAU2954E,2019-07-27,,Verified,25.0,2019-08-05,2019-08-06,0,Mobile App,,documents/kyc/CUST_136/PAN/136_904669.pdf
531,PAN,MAITD6290F,2022-11-06,,Rejected,62.0,2022-11-23,2022-12-06,0,Mobile App,Document expired,documents/kyc/CUST_531/PAN/531_172943.pdf
611,Passport,T6165293,2010-04-18,2015-04-18,Verified,12.0,2010-04-21,2010-04-21,1,Mobile App,,documents/kyc/CUST_611/Passport/611_852291.pdf
319,Aadhaar,377365384994,2017-06-11,,Rejected,100.0,2017-06-14,2017-06-30,0,Branch,Incorrect document information,documents/kyc/CUST_319/Aadhaar/319_112050.pdf
278,Aadhaar,850215724225,2024-09-22,,Pending,,,2024-09-22,0,Mobile App,,documents/kyc/CUST_278/Aadhaar/278_842462.pdf
744,PAN,XVVTO8222X,2018-01-17,,Verified,80.0,2018-01-25,2018-01-29,0,Mobile App,,documents/kyc/CUST_744/PAN/744_890037.pdf
115,Passport,Z2073961,2019-08-29,2029-08-29,Pending,,,2019-09-27,0,Mobile App,,documents/kyc/CUST_115/Passport/115_636559.pdf
493,Driving License,DL173517217078,2012-12-31,2017-12-31,Pending,,,2013-01-08,1,Mobile App,,documents/kyc/CUST_493/Driving_License/493_274179.pdf
972,Passport,X9359235,2019-04-18,2024-04-18,Verified,81.0,2019-04-29,2019-05-15,1,Branch,,documents/kyc/CUST_972/Passport/972_500884.pdf
803,Voter ID,VID878027846609,2023-12-10,2028-12-10,Pending,,,2023-12-15,0,Mobile App,,documents/kyc/CUST_803/Voter_ID/803_198374.pdf
601,Aadhaar,603113353141,2026-06-14,,Verified,60.0,2026-07-10,2026-07-13,0,Mobile App,,documents/kyc/CUST_601/Aadhaar/601_165990.pdf
225,Voter ID,VID351240963970,2024-07-13,2034-07-13,Verified,29.0,2024-07-23,2024-07-13,0,Mobile App,,documents/kyc/CUST_225/Voter_ID/225_947080.pdf
64,Voter ID,VID828220100975,2014-08-19,2024-08-19,Verified,18.0,2014-08-21,2014-09-10,1,Mobile App,,documents/kyc/CUST_64/Voter_ID/64_655018.pdf
219,Aadhaar,987748472110,2011-01-28,,Verified,78.0,2011-02-03,2011-02-18,0,Mobile App,,documents/kyc/CUST_219/Aadhaar/219_904369.pdf
657,Driving License,DL222678390937,2014-01-25,2019-01-25,Verified,45.0,2014-02-08,2014-02-14,1,Branch,,documents/kyc/CUST_657/Driving_License/657_819776.pdf
735,Driving License,DL790155007206,2018-12-24,2038-12-24,Verified,69.0,2018-12-28,2019-01-15,0,Branch,,documents/kyc/CUST_735/Driving_License/735_230889.pdf
350,Voter ID,VID658994340013,2024-09-06,2029-09-06,Verified,60.0,2024-09-18,2024-09-22,0,Internet Banking,,documents/kyc/CUST_350/Voter_ID/350_289682.pdf
855,Aadhaar,491728092613,2011-01-14,,Rejected,4.0,2011-02-08,2011-01-18,0,Internet Banking,Invalid document,documents/kyc/CUST_855/Aadhaar/855_335378.pdf
809,PAN,YTGXR4385C,2026-03-19,,Verified,32.0,2026-04-14,2026-03-21,0,Mobile App,,documents/kyc/CUST_809/PAN/809_842687.pdf
460,Passport,I6164114,2011-06-18,2021-06-18,Verified,44.0,2011-06-25,2011-07-11,1,Mobile App,,documents/kyc/CUST_460/Passport/460_520762.pdf
695,Driving License,DL805343340106,2019-03-19,2029-03-19,Rejected,36.0,2019-04-01,2019-04-08,0,Internet Banking,Invalid document,documents/kyc/CUST_695/Driving_License/695_737268.pdf
889,Driving License,DL979815858602,2016-09-25,2021-09-25,Verified,31.0,2016-10-18,2016-09-26,1,Branch,,documents/kyc/CUST_889/Driving_License/889_363369.pdf
235,Voter ID,VID700922959318,2021-10-04,2031-10-04,Verified,49.0,2021-10-27,2021-10-11,0,Mobile App,,documents/kyc/CUST_235/Voter_ID/235_194386.pdf
364,Aadhaar,187370282472,2018-10-09,,Verified,6.0,2018-10-31,2018-10-13,0,Mobile App,,documents/kyc/CUST_364/Aadhaar/364_182705.pdf
803,Driving License,DL311295278153,2015-06-23,2020-06-23,Verified,72.0,2015-07-06,2015-07-08,1,Internet Banking,,documents/kyc/CUST_803/Driving_License/803_706546.pdf
482,Aadhaar,427852828640,2010-12-06,,Verified,93.0,2011-01-01,2010-12-08,0,Internet Banking,,documents/kyc/CUST_482/Aadhaar/482_452636.pdf
936,Driving License,DL229590502498,2017-06-04,2022-06-04,Rejected,72.0,2017-06-19,2017-07-01,1,Branch,Document image unclear,documents/kyc/CUST_936/Driving_License/936_360295.pdf
369,Passport,L8287588,2015-10-04,2025-10-04,Verified,45.0,2015-10-09,2015-10-15,1,Branch,,documents/kyc/CUST_369/Passport/369_275337.pdf
984,Aadhaar,165497900998,2026-06-14,,Verified,10.0,2026-06-15,2026-07-09,0,Mobile App,,documents/kyc/CUST_984/Aadhaar/984_725870.pdf
405,Voter ID,VID574186303058,2021-04-29,2026-04-29,Verified,85.0,2021-05-03,2021-04-30,1,Branch,,documents/kyc/CUST_405/Voter_ID/405_245070.pdf
107,Aadhaar,755824240805,2025-11-04,,Pending,,,2025-11-22,0,Branch,,documents/kyc/CUST_107/Aadhaar/107_137953.pdf
927,Passport,D3257148,2012-08-01,2017-08-01,Verified,16.0,2012-08-15,2012-08-22,1,Branch,,documents/kyc/CUST_927/Passport/927_282564.pdf
548,Voter ID,VID666899842003,2011-02-07,2021-02-07,Verified,1.0,2011-02-14,2011-02-23,1,Mobile App,,documents/kyc/CUST_548/Voter_ID/548_842507.pdf
157,PAN,CBDNH8851S,2025-10-07,,Verified,83.0,2025-10-16,2025-11-02,0,Internet Banking,,documents/kyc/CUST_157/PAN/157_455224.pdf
434,Passport,L2419680,2012-10-25,2022-10-25,Verified,20.0,2012-11-04,2012-10-31,1,Mobile App,,documents/kyc/CUST_434/Passport/434_198771.pdf
870,Passport,M7530575,2024-09-14,2034-09-14,Rejected,77.0,2024-09-23,2024-10-14,0,Mobile App,Incorrect document information,documents/kyc/CUST_870/Passport/870_564594.pdf
605,Driving License,DL463739554852,2015-09-12,2025-09-12,Verified,95.0,2015-09-27,2015-09-24,1,Mobile App,,documents/kyc/CUST_605/Driving_License/605_147796.pdf
908,Voter ID,VID539314384564,2016-10-02,2026-10-02,Verified,23.0,2016-10-07,2016-10-14,0,Mobile App,,documents/kyc/CUST_908/Voter_ID/908_885354.pdf
435,PAN,AERUN1913P,2010-01-26,,Verified,30.0,2010-02-23,2010-01-29,0,Mobile App,,documents/kyc/CUST_435/PAN/435_726529.pdf
418,Driving License,DL835935316494,2011-01-15,2016-01-15,Verified,9.0,2011-01-17,2011-02-14,1,Mobile App,,documents/kyc/CUST_418/Driving_License/418_432917.pdf
60,Driving License,DL789833171058,2021-05-21,2031-05-21,Verified,49.0,2021-06-15,2021-06-12,0,Branch,,documents/kyc/CUST_60/Driving_License/60_252828.pdf
592,Passport,N5651329,2021-12-25,2026-12-25,Verified,16.0,2022-01-06,2022-01-19,0,Mobile App,,documents/kyc/CUST_592/Passport/592_142777.pdf
988,PAN,LBDGF8751E,2014-04-22,,Verified,90.0,2014-05-13,2014-05-12,0,Internet Banking,,documents/kyc/CUST_988/PAN/988_105942.pdf
892,Voter ID,VID960369123197,2014-10-31,2024-10-31,Verified,42.0,2014-11-12,2014-11-26,1,Mobile App,,documents/kyc/CUST_892/Voter_ID/892_934442.pdf
965,Aadhaar,907746522484,2017-04-29,,Verified,52.0,2017-05-01,2017-05-24,0,Mobile App,,documents/kyc/CUST_965/Aadhaar/965_908473.pdf
346,Aadhaar,339540034985,2021-03-17,,Verified,15.0,2021-04-14,2021-03-27,0,Branch,,documents/kyc/CUST_346/Aadhaar/346_357929.pdf
322,Voter ID,VID692827309979,2023-01-19,2028-01-19,Verified,95.0,2023-02-18,2023-01-19,0,Branch,,documents/kyc/CUST_322/Voter_ID/322_574491.pdf
649,Passport,I7592532,2020-06-10,2030-06-10,Verified,3.0,2020-07-07,2020-06-28,0,Mobile App,,documents/kyc/CUST_649/Passport/649_544988.pdf
805,Passport,R7282265,2021-06-13,2031-06-13,Verified,48.0,2021-06-27,2021-07-10,0,Mobile App,,documents/kyc/CUST_805/Passport/805_725472.pdf
35,Voter ID,VID308305462250,2017-04-15,2022-04-15,Verified,52.0,2017-05-05,2017-05-14,1,Mobile App,,documents/kyc/CUST_35/Voter_ID/35_966346.pdf
141,Voter ID,VID948072663979,2018-01-24,2023-01-24,Pending,,,2018-02-06,1,Mobile App,,documents/kyc/CUST_141/Voter_ID/141_947440.pdf
438,Driving License,DL205895895014,2019-04-13,2029-04-13,Pending,,,2019-04-27,0,Branch,,documents/kyc/CUST_438/Driving_License/438_661829.pdf
884,Aadhaar,974902647564,2024-04-08,,Pending,,,2024-04-24,0,Mobile App,,documents/kyc/CUST_884/Aadhaar/884_254024.pdf
583,Aadhaar,286683835197,2013-02-28,,Verified,45.0,2013-03-06,2013-03-21,0,Internet Banking,,documents/kyc/CUST_583/Aadhaar/583_216721.pdf
12,Driving License,DL396808541112,2019-10-02,2029-10-02,Verified,99.0,2019-10-19,2019-10-28,0,Mobile App,,documents/kyc/CUST_12/Driving_License/12_271518.pdf
301,Voter ID,VID458382986456,2025-06-22,2030-06-22,Verified,17.0,2025-07-03,2025-07-05,0,Branch,,documents/kyc/CUST_301/Voter_ID/301_661943.pdf
27,Aadhaar,157815229710,2022-07-23,,Verified,35.0,2022-07-30,2022-07-24,0,Mobile App,,documents/kyc/CUST_27/Aadhaar/27_718812.pdf
410,Driving License,DL530862186702,2025-08-14,2030-08-14,Pending,,,2025-08-14,0,Branch,,documents/kyc/CUST_410/Driving_License/410_113526.pdf
794,Voter ID,VID509855446970,2026-05-18,2036-05-18,Verified,60.0,2026-05-23,2026-05-27,0,Branch,,documents/kyc/CUST_794/Voter_ID/794_733120.pdf
376,Passport,A8856146,2026-07-20,2031-07-20,Verified,24.0,2026-08-09,2026-08-15,0,Mobile App,,documents/kyc/CUST_376/Passport/376_445293.pdf
661,Voter ID,VID247343798039,2024-12-12,2034-12-12,Verified,26.0,2025-01-11,2025-01-05,0,Mobile App,,documents/kyc/CUST_661/Voter_ID/661_946488.pdf
301,Driving License,DL656629154398,2023-05-29,2028-05-29,Verified,100.0,2023-06-26,2023-06-05,0,Internet Banking,,documents/kyc/CUST_301/Driving_License/301_538352.pdf
272,Driving License,DL772114387141,2026-03-23,2031-03-23,Verified,70.0,2026-04-14,2026-04-13,0,Internet Banking,,documents/kyc/CUST_272/Driving_License/272_965061.pdf
649,PAN,OXYPM8918P,2010-09-13,,Verified,82.0,2010-09-16,2010-09-30,0,Mobile App,,documents/kyc/CUST_649/PAN/649_974287.pdf
10,Driving License,DL835924854682,2016-10-28,2036-10-28,Verified,41.0,2016-11-22,2016-11-08,0,Mobile App,,documents/kyc/CUST_10/Driving_License/10_824311.pdf
43,Voter ID,VID216546323456,2012-04-02,2022-04-02,Verified,12.0,2012-04-27,2012-04-08,1,Mobile App,,documents/kyc/CUST_43/Voter_ID/43_829858.pdf
704,Aadhaar,803409683421,2016-01-01,,Verified,8.0,2016-01-23,2016-01-04,0,Mobile App,,documents/kyc/CUST_704/Aadhaar/704_874830.pdf
74,Passport,S3063496,2017-09-16,2022-09-16,Rejected,73.0,2017-10-02,2017-10-09,1,Branch,Verification failed,documents/kyc/CUST_74/Passport/74_204153.pdf
961,PAN,JJWZT6555T,2018-01-02,,Verified,69.0,2018-01-05,2018-01-27,0,Mobile App,,documents/kyc/CUST_961/PAN/961_687793.pdf
617,Voter ID,VID855096697698,2024-03-15,2034-03-15,Verified,25.0,2024-04-06,2024-03-17,0,Internet Banking,,documents/kyc/CUST_617/Voter_ID/617_733078.pdf
656,PAN,GUUMU7725O,2017-08-27,,Verified,60.0,2017-09-26,2017-09-16,0,Mobile App,,documents/kyc/CUST_656/PAN/656_697730.pdf
59,PAN,TYXZD8154S,2022-09-09,,Rejected,70.0,2022-09-22,2022-09-28,0,Mobile App,Verification failed,documents/kyc/CUST_59/PAN/59_706306.pdf
670,PAN,KAJHM9043Z,2024-07-04,,Verified,64.0,2024-07-16,2024-07-04,0,Mobile App,,documents/kyc/CUST_670/PAN/670_272713.pdf
446,Aadhaar,529106666198,2019-07-16,,Verified,18.0,2019-08-10,2019-07-31,0,Internet Banking,,documents/kyc/CUST_446/Aadhaar/446_656403.pdf
968,Driving License,DL448055087540,2019-12-22,2029-12-22,Verified,21.0,2020-01-15,2020-01-09,0,Mobile App,,documents/kyc/CUST_968/Driving_License/968_294601.pdf
716,Voter ID,VID190347810670,2017-05-15,2027-05-15,Verified,52.0,2017-05-28,2017-06-06,0,Branch,,documents/kyc/CUST_716/Voter_ID/716_179899.pdf
77,PAN,AEOYT3545E,2016-05-01,,Verified,92.0,2016-05-10,2016-05-05,0,Internet Banking,,documents/kyc/CUST_77/PAN/77_405982.pdf
162,Aadhaar,130732934297,2016-03-16,,Verified,51.0,2016-03-23,2016-03-28,0,Mobile App,,documents/kyc/CUST_162/Aadhaar/162_393462.pdf
813,Driving License,DL655968188885,2020-07-22,2030-07-22,Verified,70.0,2020-07-25,2020-08-15,0,Branch,,documents/kyc/CUST_813/Driving_License/813_524612.pdf
277,Aadhaar,369585133116,2020-08-12,,Verified,71.0,2020-08-13,2020-09-02,0,Internet Banking,,documents/kyc/CUST_277/Aadhaar/277_635569.pdf
665,Driving License,DL912916046637,2014-04-14,2034-04-14,Pending,,,2014-05-11,0,Mobile App,,documents/kyc/CUST_665/Driving_License/665_901330.pdf
80,Passport,D7896279,2019-11-28,2024-11-28,Pending,,,2019-12-25,1,Mobile App,,documents/kyc/CUST_80/Passport/80_334820.pdf
467,PAN,XFBRR3997B,2019-08-10,,Verified,9.0,2019-08-14,2019-08-12,0,Branch,,documents/kyc/CUST_467/PAN/467_523743.pdf
33,PAN,FWSRO6373A,2018-05-13,,Failed,20.0,2018-05-23,2018-05-26,0,Branch,Document image unclear,documents/kyc/CUST_33/PAN/33_439074.pdf
142,Passport,U5468957,2025-12-31,2035-12-31,Verified,25.0,2026-01-26,2026-01-27,0,Mobile App,,documents/kyc/CUST_142/Passport/142_587292.pdf
710,PAN,TAMXS1321Y,2021-12-17,,Verified,32.0,2022-01-13,2022-01-08,0,Mobile App,,documents/kyc/CUST_710/PAN/710_222238.pdf
397,Aadhaar,322151574099,2011-11-19,,Pending,,,2011-12-13,0,Mobile App,,documents/kyc/CUST_397/Aadhaar/397_401269.pdf
462,Passport,O3285841,2025-12-14,2030-12-14,Verified,94.0,2026-01-07,2025-12-29,0,Mobile App,,documents/kyc/CUST_462/Passport/462_651267.pdf
312,Aadhaar,839043568326,2020-02-25,,Pending,,,2020-02-26,0,Branch,,documents/kyc/CUST_312/Aadhaar/312_149181.pdf
942,Passport,I4697150,2019-11-17,2024-11-17,Rejected,67.0,2019-12-07,2019-11-19,1,Mobile App,Document details mismatch,documents/kyc/CUST_942/Passport/942_992655.pdf
863,Aadhaar,113506316461,2025-08-15,,Pending,,,2025-08-18,0,Branch,,documents/kyc/CUST_863/Aadhaar/863_306529.pdf
497,Aadhaar,453640461236,2021-07-26,,Rejected,81.0,2021-08-18,2021-08-23,0,Internet Banking,Verification failed,documents/kyc/CUST_497/Aadhaar/497_552624.pdf
290,Driving License,DL118445998080,2024-05-20,2029-05-20,Pending,,,2024-06-13,0,Mobile App,,documents/kyc/CUST_290/Driving_License/290_891208.pdf
45,Voter ID,VID225389096056,2017-05-20,2027-05-20,Verified,54.0,2017-05-30,2017-06-06,0,Mobile App,,documents/kyc/CUST_45/Voter_ID/45_659012.pdf
124,Driving License,DL533430461137,2017-04-04,2022-04-04,Verified,26.0,2017-04-11,2017-04-15,1,Mobile App,,documents/kyc/CUST_124/Driving_License/124_292394.pdf
485,Driving License,DL257120731749,2023-11-14,2028-11-14,Pending,,,2023-11-18,0,Mobile App,,documents/kyc/CUST_485/Driving_License/485_722240.pdf
35,Driving License,DL650633416838,2017-10-12,2027-10-12,Pending,,,2017-11-09,0,Mobile App,,documents/kyc/CUST_35/Driving_License/35_418957.pdf
852,Aadhaar,399744510879,2021-06-24,,Verified,12.0,2021-07-12,2021-07-16,0,Mobile App,,documents/kyc/CUST_852/Aadhaar/852_394826.pdf
4,Driving License,DL808639089525,2015-08-30,2025-08-30,Verified,86.0,2015-09-12,2015-09-23,1,Branch,,documents/kyc/CUST_4/Driving_License/4_474952.pdf
973,Driving License,DL123511205501,2012-03-07,2017-03-07,Verified,68.0,2012-03-29,2012-03-16,1,Mobile App,,documents/kyc/CUST_973/Driving_License/973_171119.pdf
330,Driving License,DL210616762869,2012-12-21,2017-12-21,Verified,59.0,2012-12-27,2012-12-21,1,Branch,,documents/kyc/CUST_330/Driving_License/330_888927.pdf
498,PAN,HINAT7197N,2021-07-12,,Verified,1.0,2021-08-05,2021-07-29,0,Mobile App,,documents/kyc/CUST_498/PAN/498_759196.pdf
227,Passport,P9486168,2024-05-20,2029-05-20,Verified,6.0,2024-05-28,2024-06-12,0,Mobile App,,documents/kyc/CUST_227/Passport/227_673204.pdf
111,Driving License,DL125562135107,2022-02-23,2027-02-23,Verified,84.0,2022-02-26,2022-03-18,0,Branch,,documents/kyc/CUST_111/Driving_License/111_882711.pdf
769,Passport,S8212260,2024-06-09,2034-06-09,Verified,22.0,2024-07-01,2024-06-15,0,Branch,,documents/kyc/CUST_769/Passport/769_158319.pdf
972,Aadhaar,130935569185,2015-01-12,,Verified,40.0,2015-02-08,2015-02-09,0,Mobile App,,documents/kyc/CUST_972/Aadhaar/972_109233.pdf
743,Voter ID,VID912967869838,2020-07-05,2030-07-05,Pending,,,2020-08-01,0,Branch,,documents/kyc/CUST_743/Voter_ID/743_578646.pdf
344,Aadhaar,722297017412,2012-11-24,,Verified,34.0,2012-12-19,2012-12-20,0,Mobile App,,documents/kyc/CUST_344/Aadhaar/344_731325.pdf
831,Passport,J1618564,2010-01-15,2015-01-15,Pending,,,2010-01-27,1,Mobile App,,documents/kyc/CUST_831/Passport/831_842606.pdf
3,PAN,AWPPL8334R,2021-08-01,,Verified,84.0,2021-08-18,2021-08-25,0,Internet Banking,,documents/kyc/CUST_3/PAN/3_240367.pdf
680,Passport,M9817002,2016-01-22,2026-01-22,Verified,36.0,2016-01-23,2016-02-19,1,Mobile App,,documents/kyc/CUST_680/Passport/680_371529.pdf
986,PAN,JRSSC2734X,2014-07-15,,Verified,40.0,2014-08-11,2014-07-15,0,Branch,,documents/kyc/CUST_986/PAN/986_904869.pdf
164,Aadhaar,179681756780,2015-09-13,,Verified,3.0,2015-10-07,2015-09-22,0,Mobile App,,documents/kyc/CUST_164/Aadhaar/164_904428.pdf
815,Voter ID,VID507526642689,2017-07-22,2022-07-22,Pending,,,2017-08-05,1,Mobile App,,documents/kyc/CUST_815/Voter_ID/815_515405.pdf
432,PAN,RMOGH1122I,2016-09-30,,Verified,24.0,2016-10-11,2016-10-12,0,Branch,,documents/kyc/CUST_432/PAN/432_135899.pdf
448,PAN,YHTLA1730V,2011-02-08,,Verified,52.0,2011-02-21,2011-02-09,0,Mobile App,,documents/kyc/CUST_448/PAN/448_264862.pdf
47,Passport,X2675234,2026-07-12,2031-07-12,Verified,7.0,2026-08-06,2026-08-04,0,Branch,,documents/kyc/CUST_47/Passport/47_576395.pdf
370,Driving License,DL313617498752,2020-07-05,2025-07-05,Rejected,89.0,2020-07-21,2020-08-02,1,Mobile App,Document expired,documents/kyc/CUST_370/Driving_License/370_121637.pdf
624,Driving License,DL208124711520,2020-06-06,2030-06-06,Pending,,,2020-06-25,0,Internet Banking,,documents/kyc/CUST_624/Driving_License/624_144127.pdf
653,Aadhaar,786030552644,2014-11-12,,Verified,21.0,2014-11-27,2014-11-13,0,Internet Banking,,documents/kyc/CUST_653/Aadhaar/653_702342.pdf
945,Passport,V5268595,2025-08-19,2030-08-19,Verified,5.0,2025-08-25,2025-09-04,0,Branch,,documents/kyc/CUST_945/Passport/945_577314.pdf
812,Driving License,DL970073284877,2018-01-16,2023-01-16,Verified,40.0,2018-02-09,2018-01-30,1,Mobile App,,documents/kyc/CUST_812/Driving_License/812_408675.pdf
971,Passport,S6413094,2014-02-03,2024-02-03,Verified,20.0,2014-02-04,2014-02-24,1,Mobile App,,documents/kyc/CUST_971/Passport/971_785729.pdf
908,Driving License,DL855275135108,2023-07-11,2033-07-11,Verified,33.0,2023-07-14,2023-07-30,0,Internet Banking,,documents/kyc/CUST_908/Driving_License/908_912877.pdf
442,Aadhaar,417107627058,2019-10-13,,Verified,62.0,2019-11-06,2019-11-09,0,Mobile App,,documents/kyc/CUST_442/Aadhaar/442_376846.pdf
349,Driving License,DL946232261264,2023-10-28,2043-10-28,Rejected,93.0,2023-11-23,2023-11-09,0,Internet Banking,Document image unclear,documents/kyc/CUST_349/Driving_License/349_264631.pdf
973,PAN,RVAEZ3585C,2021-10-18,,Failed,82.0,2021-11-06,2021-11-07,0,Mobile App,Invalid document,documents/kyc/CUST_973/PAN/973_686671.pdf
773,PAN,TXAVL4318H,2012-06-15,,Verified,50.0,2012-07-12,2012-07-14,0,Mobile App,,documents/kyc/CUST_773/PAN/773_417300.pdf
369,Driving License,DL630812730448,2010-10-07,2015-10-07,Rejected,71.0,2010-10-26,2010-10-26,1,Mobile App,Document expired,documents/kyc/CUST_369/Driving_License/369_977621.pdf
918,Voter ID,VID576543836949,2022-12-04,2032-12-04,Verified,6.0,2022-12-20,2022-12-29,0,Mobile App,,documents/kyc/CUST_918/Voter_ID/918_922975.pdf
871,Aadhaar,311131121136,2025-09-01,,Verified,15.0,2025-09-08,2025-09-05,0,Mobile App,,documents/kyc/CUST_871/Aadhaar/871_826743.pdf
4,Passport,Y3497539,2025-03-30,2030-03-30,Verified,7.0,2025-04-19,2025-04-20,0,Internet Banking,,documents/kyc/CUST_4/Passport/4_296469.pdf
471,Driving License,DL239877181400,2012-10-14,2017-10-14,Verified,51.0,2012-11-10,2012-11-03,1,Mobile App,,documents/kyc/CUST_471/Driving_License/471_770878.pdf
830,Voter ID,VID149405417767,2023-10-30,2033-10-30,Verified,9.0,2023-11-19,2023-11-04,0,Mobile App,,documents/kyc/CUST_830/Voter_ID/830_153680.pdf
900,Aadhaar,300306747738,2016-12-18,,Verified,81.0,2017-01-17,2017-01-08,0,Branch,,documents/kyc/CUST_900/Aadhaar/900_159122.pdf
688,Aadhaar,830204208218,2021-03-12,,Verified,50.0,2021-03-19,2021-04-09,0,Branch,,documents/kyc/CUST_688/Aadhaar/688_772309.pdf
534,PAN,GHTMZ9275X,2016-06-14,,Verified,50.0,2016-06-22,2016-07-10,0,Branch,,documents/kyc/CUST_534/PAN/534_691557.pdf
922,Passport,I9316099,2021-03-24,2026-03-24,Verified,52.0,2021-04-22,2021-04-05,1,Branch,,documents/kyc/CUST_922/Passport/922_726608.pdf
195,Passport,E7328466,2010-03-06,2020-03-06,Verified,86.0,2010-03-10,2010-04-02,1,Mobile App,,documents/kyc/CUST_195/Passport/195_602303.pdf
439,Voter ID,VID411083668412,2018-02-20,2028-02-20,Verified,74.0,2018-03-21,2018-03-17,0,Branch,,documents/kyc/CUST_439/Voter_ID/439_989037.pdf
808,Voter ID,VID215308219843,2018-10-09,2023-10-09,Verified,59.0,2018-10-16,2018-10-18,1,Mobile App,,documents/kyc/CUST_808/Voter_ID/808_446130.pdf
258,Aadhaar,156835358862,2016-09-11,,Verified,75.0,2016-10-01,2016-10-04,0,Mobile App,,documents/kyc/CUST_258/Aadhaar/258_629550.pdf
755,Driving License,DL889322771737,2010-04-21,2020-04-21,Verified,40.0,2010-05-06,2010-04-21,1,Mobile App,,documents/kyc/CUST_755/Driving_License/755_552712.pdf
427,Voter ID,VID492054291331,2013-08-23,2023-08-23,Pending,,,2013-08-23,1,Branch,,documents/kyc/CUST_427/Voter_ID/427_401569.pdf
334,PAN,CTQAJ8885L,2014-02-20,,Verified,18.0,2014-03-16,2014-03-02,0,Branch,,documents/kyc/CUST_334/PAN/334_499298.pdf
843,Aadhaar,672595573127,2011-01-05,,Failed,100.0,2011-01-26,2011-01-10,0,Mobile App,Incorrect document information,documents/kyc/CUST_843/Aadhaar/843_206019.pdf
343,PAN,UONKR4891T,2010-06-15,,Verified,58.0,2010-07-04,2010-07-12,0,Mobile App,,documents/kyc/CUST_343/PAN/343_901339.pdf
400,Passport,F4901466,2016-08-23,2026-08-23,Verified,22.0,2016-09-16,2016-09-21,0,Mobile App,,documents/kyc/CUST_400/Passport/400_788248.pdf
766,Driving License,DL706447918717,2011-05-14,2016-05-14,Verified,82.0,2011-06-04,2011-06-06,1,Mobile App,,documents/kyc/CUST_766/Driving_License/766_823706.pdf
911,PAN,UUDGP9401N,2019-02-10,,Rejected,87.0,2019-03-12,2019-02-21,0,Branch,Verification failed,documents/kyc/CUST_911/PAN/911_464348.pdf
243,Aadhaar,533232960229,2024-08-29,,Rejected,69.0,2024-09-06,2024-09-14,0,Mobile App,Verification failed,documents/kyc/CUST_243/Aadhaar/243_137235.pdf
497,Voter ID,VID592445211219,2024-09-09,2034-09-09,Pending,,,2024-09-14,0,Internet Banking,,documents/kyc/CUST_497/Voter_ID/497_381893.pdf
6,Aadhaar,959179007314,2011-03-04,,Verified,80.0,2011-03-09,2011-03-13,0,Branch,,documents/kyc/CUST_6/Aadhaar/6_197881.pdf
204,Aadhaar,806967138221,2015-04-07,,Verified,97.0,2015-05-06,2015-04-11,0,Internet Banking,,documents/kyc/CUST_204/Aadhaar/204_441304.pdf
312,Driving License,DL243242953295,2025-03-20,2035-03-20,Verified,57.0,2025-03-27,2025-04-17,0,Mobile App,,documents/kyc/CUST_312/Driving_License/312_375451.pdf
262,PAN,UAYAJ2571R,2023-02-20,,Verified,39.0,2023-03-15,2023-03-09,0,Branch,,documents/kyc/CUST_262/PAN/262_323046.pdf
500,PAN,JCNDI2567W,2010-03-08,,Verified,78.0,2010-03-12,2010-03-09,0,Mobile App,,documents/kyc/CUST_500/PAN/500_626716.pdf
860,Passport,T8384624,2017-02-18,2022-02-18,Verified,34.0,2017-03-15,2017-02-23,1,Mobile App,,documents/kyc/CUST_860/Passport/860_923403.pdf
63,Aadhaar,891375415636,2015-10-17,,Verified,92.0,2015-10-18,2015-11-03,0,Mobile App,,documents/kyc/CUST_63/Aadhaar/63_703304.pdf
9,Passport,F4598784,2024-07-05,2034-07-05,Verified,37.0,2024-07-06,2024-07-22,0,Mobile App,,documents/kyc/CUST_9/Passport/9_491721.pdf
240,Aadhaar,723594443089,2016-03-07,,Verified,60.0,2016-04-06,2016-04-02,0,Branch,,documents/kyc/CUST_240/Aadhaar/240_720054.pdf
508,Driving License,DL637299170890,2010-10-04,2020-10-04,Pending,,,2010-10-30,1,Mobile App,,documents/kyc/CUST_508/Driving_License/508_926039.pdf
963,Driving License,DL849821925350,2023-02-04,2043-02-04,Verified,13.0,2023-02-12,2023-02-08,0,Mobile App,,documents/kyc/CUST_963/Driving_License/963_878529.pdf
737,Voter ID,VID943957917787,2016-03-09,2021-03-09,Pending,,,2016-04-07,1,Mobile App,,documents/kyc/CUST_737/Voter_ID/737_709061.pdf
284,Voter ID,VID975386587223,2019-06-08,2029-06-08,Verified,35.0,2019-06-18,2019-06-14,0,Internet Banking,,documents/kyc/CUST_284/Voter_ID/284_873072.pdf
183,Passport,C7392299,2016-08-22,2026-08-22,Verified,3.0,2016-09-07,2016-09-17,0,Mobile App,,documents/kyc/CUST_183/Passport/183_198462.pdf
366,Passport,Y8274515,2023-04-14,2028-04-14,Verified,3.0,2023-04-24,2023-04-17,0,Mobile App,,documents/kyc/CUST_366/Passport/366_928645.pdf
355,Voter ID,VID362175564243,2017-05-05,2027-05-05,Verified,61.0,2017-06-03,2017-05-23,0,Mobile App,,documents/kyc/CUST_355/Voter_ID/355_519711.pdf
452,PAN,ESLOA1823P,2023-09-10,,Verified,4.0,2023-10-02,2023-09-17,0,Mobile App,,documents/kyc/CUST_452/PAN/452_485173.pdf
240,Passport,O4563449,2015-07-29,2020-07-29,Verified,95.0,2015-08-04,2015-07-30,1,Mobile App,,documents/kyc/CUST_240/Passport/240_918283.pdf
26,Aadhaar,345478959894,2017-01-27,,Verified,49.0,2017-01-29,2017-02-11,0,Mobile App,,documents/kyc/CUST_26/Aadhaar/26_874772.pdf
15,Passport,Z5721389,2010-03-01,2020-03-01,Verified,87.0,2010-03-19,2010-03-02,1,Mobile App,,documents/kyc/CUST_15/Passport/15_227213.pdf
464,Aadhaar,957899352936,2019-03-12,,Verified,79.0,2019-04-09,2019-04-10,0,Mobile App,,documents/kyc/CUST_464/Aadhaar/464_517218.pdf
336,Passport,X8825067,2015-08-01,2025-08-01,Verified,16.0,2015-08-06,2015-08-26,1,Mobile App,,documents/kyc/CUST_336/Passport/336_991396.pdf
412,Driving License,DL209587100724,2015-10-03,2020-10-03,Verified,2.0,2015-10-07,2015-10-04,1,Mobile App,,documents/kyc/CUST_412/Driving_License/412_697968.pdf
231,PAN,JPKUD4779C,2025-10-18,,Verified,53.0,2025-10-19,2025-11-01,0,Internet Banking,,documents/kyc/CUST_231/PAN/231_439581.pdf
100,PAN,DRNVI1590G,2015-08-11,,Failed,10.0,2015-09-10,2015-08-12,0,Mobile App,Document details mismatch,documents/kyc/CUST_100/PAN/100_673192.pdf
48,PAN,QMPOE8629F,2022-03-13,,Verified,2.0,2022-04-03,2022-03-31,0,Internet Banking,,documents/kyc/CUST_48/PAN/48_664891.pdf
191,Passport,H3937976,2013-11-26,2018-11-26,Pending,,,2013-11-30,1,Branch,,documents/kyc/CUST_191/Passport/191_549973.pdf
742,Aadhaar,997608729292,2013-07-25,,Verified,78.0,2013-08-16,2013-08-06,0,Mobile App,,documents/kyc/CUST_742/Aadhaar/742_182649.pdf
546,Driving License,DL136981097351,2013-10-03,2033-10-03,Verified,14.0,2013-10-19,2013-11-01,0,Mobile App,,documents/kyc/CUST_546/Driving_License/546_243651.pdf
176,Driving License,DL145305322428,2018-01-10,2038-01-10,Verified,82.0,2018-02-06,2018-01-19,0,Mobile App,,documents/kyc/CUST_176/Driving_License/176_320773.pdf
491,Driving License,DL967961374781,2018-02-27,2023-02-27,Verified,9.0,2018-03-17,2018-03-28,1,Branch,,documents/kyc/CUST_491/Driving_License/491_254748.pdf
554,Voter ID,VID741496888479,2022-09-16,2032-09-16,Verified,10.0,2022-10-15,2022-10-10,0,Mobile App,,documents/kyc/CUST_554/Voter_ID/554_157598.pdf
742,Passport,O7583923,2024-11-12,2029-11-12,Failed,33.0,2024-12-08,2024-11-16,0,Mobile App,Document details mismatch,documents/kyc/CUST_742/Passport/742_669997.pdf
561,Passport,K6091001,2013-05-21,2023-05-21,Verified,96.0,2013-06-05,2013-05-27,1,Mobile App,,documents/kyc/CUST_561/Passport/561_129412.pdf
959,Passport,L7010644,2016-01-30,2021-01-30,Failed,45.0,2016-02-09,2016-02-23,1,Branch,Document image unclear,documents/kyc/CUST_959/Passport/959_639667.pdf
758,Aadhaar,991121230930,2017-01-03,,Failed,75.0,2017-01-14,2017-01-08,0,Mobile App,Verification failed,documents/kyc/CUST_758/Aadhaar/758_939342.pdf
291,PAN,CUAZX9200I,2023-07-31,,Pending,,,2023-08-20,0,Mobile App,,documents/kyc/CUST_291/PAN/291_900921.pdf
522,Passport,C5320962,2017-05-12,2027-05-12,Verified,96.0,2017-06-08,2017-06-07,0,Mobile App,,documents/kyc/CUST_522/Passport/522_220333.pdf
103,Driving License,DL581656058481,2023-10-01,2043-10-01,Failed,41.0,2023-10-06,2023-10-29,0,Branch,Document expired,documents/kyc/CUST_103/Driving_License/103_820141.pdf
261,Voter ID,VID323403711834,2012-08-06,2017-08-06,Pending,,,2012-08-19,1,Branch,,documents/kyc/CUST_261/Voter_ID/261_924664.pdf
988,Passport,K6374500,2010-03-03,2020-03-03,Verified,32.0,2010-03-11,2010-03-19,1,Mobile App,,documents/kyc/CUST_988/Passport/988_640471.pdf
953,PAN,WYQYV5634W,2015-01-13,,Verified,89.0,2015-01-18,2015-01-28,0,Branch,,documents/kyc/CUST_953/PAN/953_503538.pdf
793,Aadhaar,869327538726,2022-12-02,,Pending,,,2022-12-03,0,Internet Banking,,documents/kyc/CUST_793/Aadhaar/793_232351.pdf
692,Passport,A4981422,2018-06-10,2028-06-10,Verified,48.0,2018-06-23,2018-06-10,0,Mobile App,,documents/kyc/CUST_692/Passport/692_754813.pdf
124,Passport,N6301915,2021-12-12,2026-12-12,Failed,15.0,2021-12-25,2021-12-22,0,Mobile App,Invalid document,documents/kyc/CUST_124/Passport/124_800656.pdf
802,Aadhaar,275448482624,2017-03-08,,Verified,16.0,2017-04-03,2017-03-17,0,Branch,,documents/kyc/CUST_802/Aadhaar/802_333939.pdf
881,PAN,VRDXN4945A,2012-02-23,,Verified,93.0,2012-03-13,2012-02-26,0,Mobile App,,documents/kyc/CUST_881/PAN/881_885388.pdf
13,Voter ID,VID520763461824,2019-10-09,2029-10-09,Verified,62.0,2019-10-25,2019-10-16,0,Mobile App,,documents/kyc/CUST_13/Voter_ID/13_150081.pdf
12,Passport,Q2882254,2022-10-31,2032-10-31,Verified,30.0,2022-11-01,2022-11-07,0,Mobile App,,documents/kyc/CUST_12/Passport/12_600695.pdf
583,PAN,ELAGJ6016Q,2011-07-26,,Verified,26.0,2011-07-29,2011-08-14,0,Branch,,documents/kyc/CUST_583/PAN/583_663014.pdf
566,Voter ID,VID335532046978,2014-08-20,2024-08-20,Failed,47.0,2014-08-24,2014-09-14,1,Branch,Document expired,documents/kyc/CUST_566/Voter_ID/566_633919.pdf
182,Voter ID,VID337974407847,2018-01-30,2028-01-30,Verified,8.0,2018-02-06,2018-02-08,0,Internet Banking,,documents/kyc/CUST_182/Voter_ID/182_620780.pdf
79,Aadhaar,492988656183,2023-02-07,,Rejected,70.0,2023-02-20,2023-03-03,0,Mobile App,Incorrect document information,documents/kyc/CUST_79/Aadhaar/79_845536.pdf
170,Voter ID,VID584959459341,2017-12-07,2022-12-07,Verified,10.0,2017-12-21,2017-12-13,1,Internet Banking,,documents/kyc/CUST_170/Voter_ID/170_229583.pdf
680,PAN,UXEYR6559T,2014-01-01,,Failed,75.0,2014-01-12,2014-01-20,0,Mobile App,Incorrect document information,documents/kyc/CUST_680/PAN/680_483165.pdf
934,Aadhaar,436757200621,2010-02-22,,Pending,,,2010-03-03,0,Internet Banking,,documents/kyc/CUST_934/Aadhaar/934_952314.pdf
731,Aadhaar,947041894063,2021-05-16,,Verified,59.0,2021-06-14,2021-06-15,0,Mobile App,,documents/kyc/CUST_731/Aadhaar/731_240747.pdf
215,Driving License,DL149083356620,2026-04-26,2046-04-26,Verified,95.0,2026-05-09,2026-05-21,0,Mobile App,,documents/kyc/CUST_215/Driving_License/215_233270.pdf
55,Aadhaar,719057718076,2014-01-16,,Verified,96.0,2014-02-13,2014-02-07,0,Mobile App,,documents/kyc/CUST_55/Aadhaar/55_328907.pdf
383,PAN,LRNCR4768Z,2018-02-21,,Verified,52.0,2018-03-06,2018-03-02,0,Mobile App,,documents/kyc/CUST_383/PAN/383_766595.pdf
358,Driving License,DL817593171700,2019-07-06,2039-07-06,Verified,58.0,2019-07-26,2019-07-27,0,Branch,,documents/kyc/CUST_358/Driving_License/358_232800.pdf
842,PAN,WGTWY3148S,2010-02-12,,Pending,,,2010-02-18,0,Mobile App,,documents/kyc/CUST_842/PAN/842_428237.pdf
459,PAN,BHGLL7674A,2013-03-19,,Verified,61.0,2013-03-29,2013-04-12,0,Mobile App,,documents/kyc/CUST_459/PAN/459_296512.pdf
190,Driving License,DL591485047795,2011-08-22,2031-08-22,Verified,87.0,2011-09-06,2011-08-31,0,Mobile App,,documents/kyc/CUST_190/Driving_License/190_589090.pdf
974,Aadhaar,996580591941,2025-12-18,,Pending,,,2025-12-30,0,Mobile App,,documents/kyc/CUST_974/Aadhaar/974_148818.pdf
913,Voter ID,VID913475761042,2022-05-28,2032-05-28,Verified,14.0,2022-06-26,2022-06-22,0,Mobile App,,documents/kyc/CUST_913/Voter_ID/913_180612.pdf
18,PAN,QMVIW8862V,2018-09-15,,Verified,46.0,2018-10-11,2018-10-03,0,Mobile App,,documents/kyc/CUST_18/PAN/18_560165.pdf
799,Passport,V5922584,2012-04-25,2022-04-25,Verified,25.0,2012-05-13,2012-04-26,1,Branch,,documents/kyc/CUST_799/Passport/799_772696.pdf
555,Passport,D2145587,2012-04-15,2022-04-15,Verified,63.0,2012-05-08,2012-05-10,1,Internet Banking,,documents/kyc/CUST_555/Passport/555_476577.pdf
266,Voter ID,VID923370177631,2026-01-05,2036-01-05,Failed,68.0,2026-01-11,2026-01-09,0,Internet Banking,Verification failed,documents/kyc/CUST_266/Voter_ID/266_264708.pdf
624,PAN,UKTZB7751D,2010-11-22,,Failed,31.0,2010-11-26,2010-12-15,0,Branch,Document expired,documents/kyc/CUST_624/PAN/624_675876.pdf
50,Driving License,DL760155675043,2014-07-17,2019-07-17,Failed,30.0,2014-07-18,2014-08-01,1,Mobile App,Document details mismatch,documents/kyc/CUST_50/Driving_License/50_527512.pdf
575,Voter ID,VID398836330544,2014-07-20,2019-07-20,Pending,,,2014-08-03,1,Mobile App,,documents/kyc/CUST_575/Voter_ID/575_371686.pdf
28,Passport,R7008828,2021-11-08,2031-11-08,Verified,83.0,2021-11-20,2021-11-18,0,Branch,,documents/kyc/CUST_28/Passport/28_279401.pdf
350,Aadhaar,439655080451,2018-09-07,,Verified,9.0,2018-09-14,2018-10-07,0,Branch,,documents/kyc/CUST_350/Aadhaar/350_869866.pdf
889,PAN,CYCJI9101O,2016-11-12,,Verified,95.0,2016-11-18,2016-12-04,0,Mobile App,,documents/kyc/CUST_889/PAN/889_274318.pdf
443,Aadhaar,164733344062,2019-06-10,,Verified,45.0,2019-07-05,2019-06-12,0,Mobile App,,documents/kyc/CUST_443/Aadhaar/443_861913.pdf
843,Voter ID,VID134666229430,2019-12-25,2029-12-25,Verified,35.0,2020-01-17,2020-01-23,0,Mobile App,,documents/kyc/CUST_843/Voter_ID/843_583950.pdf
79,Driving License,DL665782753859,2021-08-22,2031-08-22,Verified,76.0,2021-09-12,2021-08-31,0,Mobile App,,documents/kyc/CUST_79/Driving_License/79_484839.pdf
347,PAN,JXOCW7781P,2025-03-13,,Rejected,42.0,2025-04-03,2025-04-04,0,Branch,Invalid document,documents/kyc/CUST_347/PAN/347_577148.pdf
801,Passport,E6702126,2012-12-06,2022-12-06,Verified,67.0,2012-12-22,2012-12-18,1,Mobile App,,documents/kyc/CUST_801/Passport/801_677009.pdf
154,Aadhaar,362082166649,2021-10-10,,Verified,44.0,2021-10-22,2021-11-03,0,Mobile App,,documents/kyc/CUST_154/Aadhaar/154_370029.pdf
348,Aadhaar,281869631190,2018-02-24,,Verified,10.0,2018-03-09,2018-03-18,0,Internet Banking,,documents/kyc/CUST_348/Aadhaar/348_214730.pdf
759,Voter ID,VID776454334596,2018-07-15,2023-07-15,Verified,41.0,2018-07-20,2018-07-15,1,Mobile App,,documents/kyc/CUST_759/Voter_ID/759_575180.pdf
465,Driving License,DL580309478664,2013-12-16,2023-12-16,Verified,59.0,2013-12-28,2013-12-21,1,Mobile App,,documents/kyc/CUST_465/Driving_License/465_180550.pdf
357,PAN,RBKYI3951I,2018-09-09,,Verified,64.0,2018-10-03,2018-10-02,0,Branch,,documents/kyc/CUST_357/PAN/357_381255.pdf
610,PAN,UAVPV5787N,2017-12-14,,Verified,60.0,2017-12-24,2018-01-06,0,Mobile App,,documents/kyc/CUST_610/PAN/610_177581.pdf
756,PAN,HJQQK5756B,2016-01-09,,Verified,57.0,2016-01-19,2016-01-09,0,Branch,,documents/kyc/CUST_756/PAN/756_158803.pdf
907,PAN,ULKAS3649A,2026-08-15,,Verified,42.0,2026-08-15,2026-08-15,0,Branch,,documents/kyc/CUST_907/PAN/907_579697.pdf
317,Voter ID,VID495155607654,2015-08-27,2025-08-27,Verified,30.0,2015-09-26,2015-09-07,1,Mobile App,,documents/kyc/CUST_317/Voter_ID/317_347608.pdf
203,PAN,KGISB1930V,2013-05-15,,Verified,56.0,2013-06-07,2013-06-02,0,Mobile App,,documents/kyc/CUST_203/PAN/203_663680.pdf
341,Passport,L7301591,2023-08-29,2033-08-29,Verified,82.0,2023-09-04,2023-09-02,0,Internet Banking,,documents/kyc/CUST_341/Passport/341_982451.pdf
177,Aadhaar,267042847632,2018-10-06,,Verified,100.0,2018-10-31,2018-10-26,0,Internet Banking,,documents/kyc/CUST_177/Aadhaar/177_378648.pdf
93,Passport,B9262163,2019-12-06,2029-12-06,Verified,51.0,2020-01-04,2019-12-23,0,Mobile App,,documents/kyc/CUST_93/Passport/93_991697.pdf
587,Driving License,DL401392167223,2015-06-14,2025-06-14,Rejected,3.0,2015-06-25,2015-06-23,1,Mobile App,Invalid document,documents/kyc/CUST_587/Driving_License/587_809064.pdf
974,PAN,QYAWF3370U,2019-05-30,,Verified,57.0,2019-06-19,2019-06-01,0,Mobile App,,documents/kyc/CUST_974/PAN/974_577932.pdf
478,PAN,VMJBM9840P,2010-07-14,,Verified,93.0,2010-07-15,2010-08-07,0,Mobile App,,documents/kyc/CUST_478/PAN/478_547619.pdf
130,PAN,BCLWF2655U,2022-01-18,,Verified,87.0,2022-01-23,2022-02-13,0,Mobile App,,documents/kyc/CUST_130/PAN/130_181087.pdf
939,Aadhaar,158448572964,2014-04-11,,Verified,28.0,2014-04-14,2014-04-29,0,Mobile App,,documents/kyc/CUST_939/Aadhaar/939_911956.pdf
303,Voter ID,VID403817637273,2021-10-11,2031-10-11,Verified,94.0,2021-10-17,2021-10-17,0,Branch,,documents/kyc/CUST_303/Voter_ID/303_313443.pdf
157,Driving License,DL127881468924,2026-05-30,2046-05-30,Verified,94.0,2026-06-16,2026-06-02,0,Mobile App,,documents/kyc/CUST_157/Driving_License/157_328122.pdf
516,PAN,EGLIT4200K,2020-05-28,,Pending,,,2020-06-09,0,Mobile App,,documents/kyc/CUST_516/PAN/516_437467.pdf
35,PAN,VLDIQ9289E,2018-10-31,,Verified,46.0,2018-11-17,2018-11-13,0,Branch,,documents/kyc/CUST_35/PAN/35_375126.pdf
553,Passport,O9327949,2020-06-19,2025-06-19,Pending,,,2020-07-16,1,Branch,,documents/kyc/CUST_553/Passport/553_851329.pdf
107,Voter ID,VID698796394304,2022-05-07,2027-05-07,Verified,76.0,2022-05-22,2022-05-08,0,Mobile App,,documents/kyc/CUST_107/Voter_ID/107_216070.pdf
932,Passport,Y1389981,2022-06-11,2032-06-11,Verified,41.0,2022-06-18,2022-06-16,0,Mobile App,,documents/kyc/CUST_932/Passport/932_534147.pdf
330,Passport,Z4296108,2020-05-25,2025-05-25,Verified,17.0,2020-06-24,2020-05-25,1,Mobile App,,documents/kyc/CUST_330/Passport/330_264985.pdf
69,PAN,RBERU9873D,2025-06-01,,Verified,33.0,2025-06-16,2025-06-30,0,Mobile App,,documents/kyc/CUST_69/PAN/69_147514.pdf
986,Voter ID,VID154297834604,2016-02-13,2021-02-13,Verified,18.0,2016-03-07,2016-03-10,1,Mobile App,,documents/kyc/CUST_986/Voter_ID/986_541191.pdf
819,Aadhaar,705875621251,2014-09-18,,Pending,,,2014-09-29,0,Mobile App,,documents/kyc/CUST_819/Aadhaar/819_212732.pdf
452,Driving License,DL617444481606,2011-04-03,2016-04-03,Verified,8.0,2011-04-08,2011-04-25,1,Mobile App,,documents/kyc/CUST_452/Driving_License/452_439823.pdf
860,PAN,XKXUU8888X,2022-08-16,,Verified,85.0,2022-09-01,2022-09-03,0,Mobile App,,documents/kyc/CUST_860/PAN/860_907319.pdf
612,PAN,GHYKJ4445J,2011-11-30,,Verified,88.0,2011-12-03,2011-12-23,0,Mobile App,,documents/kyc/CUST_612/PAN/612_174709.pdf
382,Driving License,DL570935999416,2012-03-30,2032-03-30,Verified,43.0,2012-04-26,2012-04-29,0,Mobile App,,documents/kyc/CUST_382/Driving_License/382_739724.pdf
698,Aadhaar,802573551578,2025-03-15,,Verified,64.0,2025-04-03,2025-04-14,0,Branch,,documents/kyc/CUST_698/Aadhaar/698_229976.pdf
526,Passport,O9847700,2023-07-14,2033-07-14,Verified,89.0,2023-08-02,2023-07-24,0,Mobile App,,documents/kyc/CUST_526/Passport/526_617645.pdf
690,Driving License,DL728156019144,2021-07-17,2026-07-17,Rejected,27.0,2021-08-10,2021-07-19,1,Mobile App,Verification failed,documents/kyc/CUST_690/Driving_License/690_750916.pdf
150,Passport,F6281973,2022-02-26,2032-02-26,Failed,35.0,2022-03-11,2022-03-07,0,Branch,Invalid document,documents/kyc/CUST_150/Passport/150_393310.pdf
645,Passport,U5098220,2019-09-21,2029-09-21,Verified,26.0,2019-10-04,2019-10-17,0,Mobile App,,documents/kyc/CUST_645/Passport/645_819505.pdf
126,Passport,A4056097,2021-04-29,2026-04-29,Verified,46.0,2021-05-27,2021-05-27,1,Branch,,documents/kyc/CUST_126/Passport/126_836506.pdf
847,Voter ID,VID510736650825,2023-04-26,2033-04-26,Verified,54.0,2023-05-07,2023-05-14,0,Mobile App,,documents/kyc/CUST_847/Voter_ID/847_725712.pdf
800,Driving License,DL922710492001,2016-06-26,2036-06-26,Verified,63.0,2016-06-28,2016-07-16,0,Internet Banking,,documents/kyc/CUST_800/Driving_License/800_432282.pdf
241,Voter ID,VID436545945148,2010-03-01,2020-03-01,Verified,12.0,2010-03-09,2010-03-15,1,Mobile App,,documents/kyc/CUST_241/Voter_ID/241_402126.pdf
476,Driving License,DL670950086368,2025-01-05,2045-01-05,Pending,,,2025-02-03,0,Mobile App,,documents/kyc/CUST_476/Driving_License/476_371075.pdf
561,Aadhaar,639865790550,2012-01-02,,Verified,100.0,2012-01-19,2012-01-14,0,Mobile App,,documents/kyc/CUST_561/Aadhaar/561_566319.pdf
255,Passport,C9478630,2024-11-22,2034-11-22,Verified,79.0,2024-12-21,2024-11-30,0,Mobile App,,documents/kyc/CUST_255/Passport/255_894189.pdf
982,Driving License,DL702638897398,2024-09-19,2029-09-19,Verified,84.0,2024-10-08,2024-09-20,0,Internet Banking,,documents/kyc/CUST_982/Driving_License/982_829003.pdf
699,Aadhaar,730004246175,2011-07-20,,Verified,25.0,2011-08-15,2011-08-14,0,Mobile App,,documents/kyc/CUST_699/Aadhaar/699_236548.pdf
848,PAN,YVHMJ4054P,2014-07-08,,Verified,87.0,2014-07-31,2014-07-18,0,Mobile App,,documents/kyc/CUST_848/PAN/848_351517.pdf
786,PAN,AWRDA2129J,2024-10-06,,Rejected,90.0,2024-10-25,2024-11-01,0,Internet Banking,Document image unclear,documents/kyc/CUST_786/PAN/786_762941.pdf
479,Aadhaar,122321091365,2017-09-23,,Verified,68.0,2017-10-06,2017-09-28,0,Mobile App,,documents/kyc/CUST_479/Aadhaar/479_443940.pdf
684,PAN,JFLDP5430E,2021-07-20,,Pending,,,2021-08-13,0,Mobile App,,documents/kyc/CUST_684/PAN/684_702163.pdf
685,PAN,KYTNI8483M,2018-09-18,,Verified,74.0,2018-09-24,2018-09-30,0,Branch,,documents/kyc/CUST_685/PAN/685_380854.pdf
309,Aadhaar,330003964179,2013-01-05,,Verified,11.0,2013-02-03,2013-01-12,0,Internet Banking,,documents/kyc/CUST_309/Aadhaar/309_936719.pdf
413,Driving License,DL584808953314,2016-12-11,2021-12-11,Failed,60.0,2016-12-18,2016-12-19,1,Mobile App,Document expired,documents/kyc/CUST_413/Driving_License/413_811279.pdf
160,PAN,YYZYG8650Y,2011-10-13,,Verified,33.0,2011-10-24,2011-10-19,0,Mobile App,,documents/kyc/CUST_160/PAN/160_915345.pdf
782,PAN,ZOWAV8085J,2012-11-25,,Verified,98.0,2012-12-18,2012-12-10,0,Mobile App,,documents/kyc/CUST_782/PAN/782_114067.pdf
55,PAN,OJDGS3973A,2011-03-04,,Verified,35.0,2011-03-09,2011-03-30,0,Mobile App,,documents/kyc/CUST_55/PAN/55_365196.pdf
951,Aadhaar,239437163297,2018-12-31,,Verified,82.0,2019-01-26,2019-01-12,0,Internet Banking,,documents/kyc/CUST_951/Aadhaar/951_171618.pdf
787,Voter ID,VID730680754384,2014-10-29,2019-10-29,Verified,3.0,2014-11-07,2014-11-07,1,Mobile App,,documents/kyc/CUST_787/Voter_ID/787_271717.pdf
58,PAN,USRKR5224I,2013-07-25,,Verified,58.0,2013-08-15,2013-08-15,0,Mobile App,,documents/kyc/CUST_58/PAN/58_598345.pdf
764,Aadhaar,865407715397,2010-02-18,,Verified,84.0,2010-03-09,2010-03-02,0,Branch,,documents/kyc/CUST_764/Aadhaar/764_731235.pdf
86,Driving License,DL211651607199,2018-07-04,2028-07-04,Verified,17.0,2018-07-12,2018-07-05,0,Mobile App,,documents/kyc/CUST_86/Driving_License/86_782815.pdf
706,Voter ID,VID692279584425,2014-01-27,2019-01-27,Verified,42.0,2014-02-17,2014-02-03,1,Internet Banking,,documents/kyc/CUST_706/Voter_ID/706_370465.pdf
595,Passport,F6628998,2024-10-07,2029-10-07,Verified,60.0,2024-11-06,2024-10-21,0,Mobile App,,documents/kyc/CUST_595/Passport/595_555332.pdf
63,Voter ID,VID344195593107,2011-03-06,2021-03-06,Failed,82.0,2011-03-17,2011-04-01,1,Mobile App,Incorrect document information,documents/kyc/CUST_63/Voter_ID/63_297135.pdf
474,Passport,O9504042,2013-07-06,2018-07-06,Verified,35.0,2013-07-15,2013-07-10,1,Mobile App,,documents/kyc/CUST_474/Passport/474_233871.pdf
990,PAN,MVCIE6635A,2013-02-04,,Pending,,,2013-02-09,0,Mobile App,,documents/kyc/CUST_990/PAN/990_990581.pdf
386,Passport,S4483279,2011-04-22,2021-04-22,Verified,33.0,2011-05-19,2011-05-17,1,Mobile App,,documents/kyc/CUST_386/Passport/386_373916.pdf
493,Voter ID,VID468909233917,2019-10-14,2029-10-14,Verified,74.0,2019-11-04,2019-10-18,0,Mobile App,,documents/kyc/CUST_493/Voter_ID/493_308527.pdf
155,Driving License,DL241778358930,2011-10-07,2031-10-07,Verified,23.0,2011-10-27,2011-10-19,0,Mobile App,,documents/kyc/CUST_155/Driving_License/155_420475.pdf
523,Aadhaar,173853873199,2023-07-31,,Verified,51.0,2023-08-08,2023-07-31,0,Branch,,documents/kyc/CUST_523/Aadhaar/523_697275.pdf
324,PAN,IQIIB5129V,2022-11-15,,Verified,31.0,2022-12-07,2022-12-03,0,Internet Banking,,documents/kyc/CUST_324/PAN/324_341561.pdf
19,Voter ID,VID965914145608,2011-04-08,2021-04-08,Verified,69.0,2011-04-24,2011-04-14,1,Mobile App,,documents/kyc/CUST_19/Voter_ID/19_642460.pdf
650,Voter ID,VID969538669089,2013-08-04,2023-08-04,Verified,11.0,2013-08-26,2013-08-29,1,Mobile App,,documents/kyc/CUST_650/Voter_ID/650_409919.pdf
981,Driving License,DL687127985651,2012-06-01,2017-06-01,Verified,57.0,2012-06-27,2012-06-04,1,Mobile App,,documents/kyc/CUST_981/Driving_License/981_612334.pdf
518,Passport,N9231800,2019-04-28,2024-04-28,Verified,33.0,2019-05-01,2019-05-27,1,Mobile App,,documents/kyc/CUST_518/Passport/518_858724.pdf
886,Passport,H6448799,2022-04-03,2032-04-03,Verified,45.0,2022-04-10,2022-04-22,0,Mobile App,,documents/kyc/CUST_886/Passport/886_361464.pdf
702,Driving License,DL642084838566,2019-02-02,2029-02-02,Verified,22.0,2019-02-28,2019-02-08,0,Mobile App,,documents/kyc/CUST_702/Driving_License/702_884108.pdf
985,Passport,F2387102,2019-05-08,2024-05-08,Verified,21.0,2019-05-19,2019-05-08,1,Branch,,documents/kyc/CUST_985/Passport/985_486878.pdf
768,Voter ID,VID440417848749,2023-02-20,2033-02-20,Verified,70.0,2023-03-04,2023-03-21,0,Mobile App,,documents/kyc/CUST_768/Voter_ID/768_608398.pdf
854,Aadhaar,347957975993,2025-06-19,,Verified,63.0,2025-06-30,2025-07-08,0,Branch,,documents/kyc/CUST_854/Aadhaar/854_648089.pdf
543,Aadhaar,227207486135,2016-10-20,,Verified,67.0,2016-11-06,2016-11-12,0,Branch,,documents/kyc/CUST_543/Aadhaar/543_878476.pdf
853,Aadhaar,685273842152,2023-09-10,,Verified,69.0,2023-10-09,2023-09-10,0,Mobile App,,documents/kyc/CUST_853/Aadhaar/853_892741.pdf
768,Aadhaar,311852256735,2021-11-30,,Verified,56.0,2021-12-06,2021-12-27,0,Mobile App,,documents/kyc/CUST_768/Aadhaar/768_683139.pdf
601,Passport,C7977368,2018-10-03,2023-10-03,Verified,49.0,2018-10-15,2018-10-10,1,Mobile App,,documents/kyc/CUST_601/Passport/601_167783.pdf
983,Passport,U3352251,2026-01-12,2031-01-12,Verified,5.0,2026-02-09,2026-01-23,0,Mobile App,,documents/kyc/CUST_983/Passport/983_159413.pdf
579,Voter ID,VID463856978906,2017-12-12,2027-12-12,Verified,99.0,2017-12-30,2018-01-05,0,Internet Banking,,documents/kyc/CUST_579/Voter_ID/579_523890.pdf
354,Aadhaar,880114859875,2021-07-12,,Rejected,4.0,2021-08-04,2021-08-08,0,Mobile App,Incorrect document information,documents/kyc/CUST_354/Aadhaar/354_243109.pdf
473,Passport,J6650187,2018-05-17,2028-05-17,Verified,13.0,2018-06-05,2018-06-13,0,Branch,,documents/kyc/CUST_473/Passport/473_763578.pdf
844,Driving License,DL872604698558,2010-11-19,2020-11-19,Rejected,75.0,2010-12-13,2010-11-22,1,Branch,Document image unclear,documents/kyc/CUST_844/Driving_License/844_389398.pdf
851,PAN,UIWVF6844Z,2020-12-15,,Verified,60.0,2021-01-09,2021-01-08,0,Internet Banking,,documents/kyc/CUST_851/PAN/851_516554.pdf
112,Driving License,DL341752265211,2014-03-15,2024-03-15,Verified,11.0,2014-03-22,2014-03-15,1,Mobile App,,documents/kyc/CUST_112/Driving_License/112_535565.pdf
698,Voter ID,VID131390411423,2014-06-17,2019-06-17,Verified,99.0,2014-07-16,2014-07-17,1,Mobile App,,documents/kyc/CUST_698/Voter_ID/698_906537.pdf
651,Passport,M1201698,2016-03-01,2026-03-01,Failed,37.0,2016-03-30,2016-03-10,1,Internet Banking,Incorrect document information,documents/kyc/CUST_651/Passport/651_854793.pdf
457,Driving License,DL697446081652,2026-02-04,2046-02-04,Rejected,26.0,2026-02-14,2026-02-18,0,Mobile App,Invalid document,documents/kyc/CUST_457/Driving_License/457_826605.pdf
522,Voter ID,VID769006050910,2014-08-18,2019-08-18,Verified,39.0,2014-09-16,2014-09-03,1,Mobile App,,documents/kyc/CUST_522/Voter_ID/522_778774.pdf
838,Aadhaar,295590675455,2016-12-12,,Pending,,,2016-12-20,0,Mobile App,,documents/kyc/CUST_838/Aadhaar/838_474178.pdf
830,PAN,LJPSU8684K,2022-10-02,,Verified,62.0,2022-10-11,2022-10-10,0,Branch,,documents/kyc/CUST_830/PAN/830_113912.pdf
338,Aadhaar,337963878579,2017-07-18,,Rejected,51.0,2017-07-20,2017-08-01,0,Mobile App,Document details mismatch,documents/kyc/CUST_338/Aadhaar/338_429926.pdf
68,PAN,NSBQA7543D,2023-07-26,,Verified,87.0,2023-07-31,2023-07-31,0,Mobile App,,documents/kyc/CUST_68/PAN/68_161432.pdf
994,Passport,T4661501,2013-08-04,2023-08-04,Verified,93.0,2013-08-19,2013-08-25,1,Internet Banking,,documents/kyc/CUST_994/Passport/994_159938.pdf
656,Aadhaar,870495251284,2010-07-12,,Verified,81.0,2010-07-29,2010-07-26,0,Branch,,documents/kyc/CUST_656/Aadhaar/656_216516.pdf
784,PAN,JZMJV1749O,2020-01-03,,Verified,100.0,2020-01-05,2020-01-09,0,Internet Banking,,documents/kyc/CUST_784/PAN/784_755077.pdf
421,Passport,M3461737,2010-06-24,2020-06-24,Verified,3.0,2010-07-20,2010-06-28,1,Mobile App,,documents/kyc/CUST_421/Passport/421_358832.pdf
221,Driving License,DL608741148652,2019-04-09,2024-04-09,Verified,1.0,2019-04-21,2019-04-29,1,Mobile App,,documents/kyc/CUST_221/Driving_License/221_309679.pdf
342,PAN,WZVVY3618Z,2018-04-25,,Verified,89.0,2018-05-17,2018-05-21,0,Mobile App,,documents/kyc/CUST_342/PAN/342_746334.pdf
309,Passport,Q6883928,2025-08-28,2030-08-28,Pending,,,2025-09-22,0,Internet Banking,,documents/kyc/CUST_309/Passport/309_978808.pdf
312,PAN,GELSJ3391M,2023-09-12,,Verified,11.0,2023-10-03,2023-09-30,0,Internet Banking,,documents/kyc/CUST_312/PAN/312_627398.pdf
602,Voter ID,VID953883550735,2020-03-24,2025-03-24,Verified,10.0,2020-04-04,2020-04-03,1,Branch,,documents/kyc/CUST_602/Voter_ID/602_832923.pdf
783,Aadhaar,399393161003,2024-08-15,,Verified,41.0,2024-08-16,2024-09-11,0,Branch,,documents/kyc/CUST_783/Aadhaar/783_931608.pdf
274,PAN,GOVGB2961K,2012-12-03,,Pending,,,2012-12-31,0,Mobile App,,documents/kyc/CUST_274/PAN/274_728230.pdf
325,Aadhaar,790268981416,2011-03-21,,Pending,,,2011-03-27,0,Internet Banking,,documents/kyc/CUST_325/Aadhaar/325_704841.pdf
825,PAN,BWRUV6751D,2011-12-16,,Verified,37.0,2011-12-26,2011-12-21,0,Branch,,documents/kyc/CUST_825/PAN/825_938388.pdf
602,Passport,T5959872,2023-04-08,2028-04-08,Verified,96.0,2023-04-24,2023-05-04,0,Mobile App,,documents/kyc/CUST_602/Passport/602_710715.pdf
824,Aadhaar,315211233167,2020-03-19,,Verified,45.0,2020-03-22,2020-04-14,0,Mobile App,,documents/kyc/CUST_824/Aadhaar/824_984983.pdf
640,Aadhaar,750319975564,2019-12-19,,Rejected,89.0,2019-12-23,2019-12-25,0,Branch,Incorrect document information,documents/kyc/CUST_640/Aadhaar/640_611061.pdf
18,Driving License,DL362600829792,2015-06-28,2020-06-28,Verified,55.0,2015-07-11,2015-06-28,1,Mobile App,,documents/kyc/CUST_18/Driving_License/18_699860.pdf
884,PAN,ZHPYG1203V,2010-12-23,,Verified,80.0,2011-01-07,2010-12-26,0,Branch,,documents/kyc/CUST_884/PAN/884_879235.pdf
247,Voter ID,VID562875832762,2013-06-04,2018-06-04,Verified,22.0,2013-06-27,2013-06-11,1,Mobile App,,documents/kyc/CUST_247/Voter_ID/247_393429.pdf
665,Passport,X6021814,2016-10-08,2021-10-08,Verified,54.0,2016-11-02,2016-10-27,1,Internet Banking,,documents/kyc/CUST_665/Passport/665_307540.pdf
835,PAN,WZJJM6103X,2021-10-31,,Verified,48.0,2021-11-22,2021-11-26,0,Branch,,documents/kyc/CUST_835/PAN/835_395887.pdf
928,Driving License,DL344889185070,2020-09-05,2030-09-05,Verified,1.0,2020-09-16,2020-09-10,0,Branch,,documents/kyc/CUST_928/Driving_License/928_595612.pdf
448,Driving License,DL503710971808,2024-11-05,2044-11-05,Rejected,33.0,2024-11-11,2024-12-04,0,Mobile App,Document expired,documents/kyc/CUST_448/Driving_License/448_602473.pdf
327,Passport,R7934334,2021-08-23,2026-08-23,Verified,61.0,2021-09-17,2021-09-22,0,Branch,,documents/kyc/CUST_327/Passport/327_801161.pdf
97,Passport,T6845692,2023-12-10,2033-12-10,Verified,19.0,2023-12-18,2023-12-22,0,Internet Banking,,documents/kyc/CUST_97/Passport/97_297872.pdf
761,Driving License,DL194443403898,2012-06-30,2032-06-30,Verified,74.0,2012-07-27,2012-07-07,0,Branch,,documents/kyc/CUST_761/Driving_License/761_414744.pdf
577,Driving License,DL306783655308,2014-03-03,2019-03-03,Verified,99.0,2014-03-05,2014-03-05,1,Mobile App,,documents/kyc/CUST_577/Driving_License/577_861682.pdf
147,Passport,X3378421,2011-11-24,2021-11-24,Rejected,79.0,2011-12-05,2011-12-03,1,Branch,Invalid document,documents/kyc/CUST_147/Passport/147_633251.pdf
323,Driving License,DL544462059340,2012-01-28,2017-01-28,Verified,33.0,2012-01-30,2012-02-04,1,Mobile App,,documents/kyc/CUST_323/Driving_License/323_497041.pdf
896,Aadhaar,197772576396,2015-05-20,,Pending,,,2015-06-17,0,Mobile App,,documents/kyc/CUST_896/Aadhaar/896_730698.pdf
707,Aadhaar,349165646001,2010-04-27,,Failed,86.0,2010-05-08,2010-05-11,0,Mobile App,Invalid document,documents/kyc/CUST_707/Aadhaar/707_661209.pdf
301,Passport,V4336167,2023-05-13,2028-05-13,Verified,96.0,2023-06-12,2023-06-08,0,Mobile App,,documents/kyc/CUST_301/Passport/301_346631.pdf
708,Voter ID,VID494021086746,2021-10-20,2026-10-20,Verified,21.0,2021-11-15,2021-11-17,0,Mobile App,,documents/kyc/CUST_708/Voter_ID/708_686779.pdf
119,Voter ID,VID275504545953,2020-11-24,2025-11-24,Verified,61.0,2020-12-17,2020-12-03,1,Branch,,documents/kyc/CUST_119/Voter_ID/119_162147.pdf
724,PAN,YEVGF5947F,2014-03-04,,Verified,48.0,2014-03-30,2014-03-25,0,Mobile App,,documents/kyc/CUST_724/PAN/724_654072.pdf
265,Passport,M9927372,2025-06-26,2035-06-26,Failed,100.0,2025-07-24,2025-07-21,0,Mobile App,Document expired,documents/kyc/CUST_265/Passport/265_315520.pdf
79,Voter ID,VID253889168259,2017-11-13,2027-11-13,Verified,17.0,2017-12-10,2017-11-18,0,Mobile App,,documents/kyc/CUST_79/Voter_ID/79_745981.pdf
384,PAN,KODWZ7589M,2011-09-08,,Pending,,,2011-10-01,0,Mobile App,,documents/kyc/CUST_384/PAN/384_364071.pdf
488,Voter ID,VID824223276431,2023-11-03,2033-11-03,Verified,25.0,2023-11-07,2023-12-03,0,Branch,,documents/kyc/CUST_488/Voter_ID/488_415517.pdf
374,Passport,Z8624385,2023-02-11,2028-02-11,Verified,84.0,2023-02-28,2023-03-13,0,Branch,,documents/kyc/CUST_374/Passport/374_632717.pdf
415,Voter ID,VID924221720843,2016-01-27,2026-01-27,Verified,49.0,2016-02-24,2016-02-22,1,Mobile App,,documents/kyc/CUST_415/Voter_ID/415_488798.pdf
5,PAN,DLPEN3934R,2026-03-04,,Verified,76.0,2026-03-26,2026-03-25,0,Internet Banking,,documents/kyc/CUST_5/PAN/5_692128.pdf
718,Passport,D9137730,2019-03-13,2029-03-13,Verified,59.0,2019-03-15,2019-04-03,0,Branch,,documents/kyc/CUST_718/Passport/718_255756.pdf
820,Aadhaar,807573418119,2020-11-20,,Pending,,,2020-12-19,0,Mobile App,,documents/kyc/CUST_820/Aadhaar/820_887574.pdf
278,Passport,F3426308,2019-11-06,2024-11-06,Verified,16.0,2019-11-23,2019-11-23,1,Mobile App,,documents/kyc/CUST_278/Passport/278_940733.pdf
844,PAN,RYEZP5151K,2021-03-06,,Verified,62.0,2021-04-03,2021-04-01,0,Branch,,documents/kyc/CUST_844/PAN/844_995609.pdf
930,Passport,O5554744,2025-07-29,2030-07-29,Verified,15.0,2025-08-13,2025-08-12,0,Mobile App,,documents/kyc/CUST_930/Passport/930_163100.pdf
842,Voter ID,VID113952035309,2023-03-17,2028-03-17,Verified,69.0,2023-03-26,2023-03-29,0,Mobile App,,documents/kyc/CUST_842/Voter_ID/842_103574.pdf
267,Driving License,DL973374165506,2016-11-16,2021-11-16,Verified,86.0,2016-11-27,2016-11-21,1,Branch,,documents/kyc/CUST_267/Driving_License/267_606636.pdf
501,Voter ID,VID267090924511,2011-10-01,2016-10-01,Verified,93.0,2011-10-08,2011-10-20,1,Mobile App,,documents/kyc/CUST_501/Voter_ID/501_146811.pdf
191,Voter ID,VID250634678236,2022-08-15,2027-08-15,Verified,11.0,2022-09-03,2022-08-30,0,Branch,,documents/kyc/CUST_191/Voter_ID/191_241445.pdf
36,Voter ID,VID107214868072,2011-03-21,2016-03-21,Verified,18.0,2011-04-11,2011-04-02,1,Internet Banking,,documents/kyc/CUST_36/Voter_ID/36_312239.pdf
748,Driving License,DL950714697431,2022-04-22,2027-04-22,Failed,15.0,2022-05-18,2022-05-09,0,Mobile App,Document details mismatch,documents/kyc/CUST_748/Driving_License/748_439750.pdf
990,Aadhaar,685667793824,2012-07-12,,Verified,10.0,2012-07-17,2012-07-13,0,Mobile App,,documents/kyc/CUST_990/Aadhaar/990_819062.pdf
763,Voter ID,VID230860751278,2017-08-23,2022-08-23,Verified,91.0,2017-08-25,2017-09-05,1,Branch,,documents/kyc/CUST_763/Voter_ID/763_473461.pdf
449,Passport,F3228725,2014-06-29,2024-06-29,Verified,4.0,2014-07-03,2014-07-08,1,Mobile App,,documents/kyc/CUST_449/Passport/449_584292.pdf
613,Voter ID,VID166608616584,2019-08-09,2029-08-09,Verified,40.0,2019-09-08,2019-09-04,0,Mobile App,,documents/kyc/CUST_613/Voter_ID/613_784622.pdf
293,Passport,N9800997,2024-11-05,2034-11-05,Verified,15.0,2024-11-16,2024-11-27,0,Branch,,documents/kyc/CUST_293/Passport/293_378775.pdf
511,Voter ID,VID972225102244,2015-12-17,2025-12-17,Verified,3.0,2015-12-22,2016-01-03,1,Mobile App,,documents/kyc/CUST_511/Voter_ID/511_968671.pdf
817,PAN,ROLJE8453J,2013-04-09,,Verified,87.0,2013-04-23,2013-04-15,0,Mobile App,,documents/kyc/CUST_817/PAN/817_363046.pdf
274,Voter ID,VID659462214912,2011-10-15,2016-10-15,Rejected,67.0,2011-10-27,2011-10-18,1,Mobile App,Document details mismatch,documents/kyc/CUST_274/Voter_ID/274_795817.pdf
332,Voter ID,VID566611715416,2013-06-27,2023-06-27,Verified,80.0,2013-07-07,2013-06-28,1,Mobile App,,documents/kyc/CUST_332/Voter_ID/332_863493.pdf
265,Aadhaar,735525862546,2011-06-13,,Pending,,,2011-07-01,0,Branch,,documents/kyc/CUST_265/Aadhaar/265_778212.pdf
370,Passport,H9374075,2011-11-17,2021-11-17,Failed,68.0,2011-12-14,2011-11-23,1,Mobile App,Invalid document,documents/kyc/CUST_370/Passport/370_243180.pdf
68,Driving License,DL806901592463,2014-06-16,2024-06-16,Verified,63.0,2014-06-23,2014-06-26,1,Mobile App,,documents/kyc/CUST_68/Driving_License/68_990574.pdf
926,Voter ID,VID102407373296,2025-10-24,2035-10-24,Failed,42.0,2025-11-09,2025-11-06,0,Branch,Document expired,documents/kyc/CUST_926/Voter_ID/926_181758.pdf
618,Passport,R5303129,2018-04-29,2028-04-29,Verified,51.0,2018-05-16,2018-05-20,0,Internet Banking,,documents/kyc/CUST_618/Passport/618_967312.pdf
416,Voter ID,VID668891346086,2017-03-22,2022-03-22,Verified,91.0,2017-03-30,2017-04-17,1,Mobile App,,documents/kyc/CUST_416/Voter_ID/416_301180.pdf
931,Voter ID,VID860956041470,2024-02-05,2029-02-05,Verified,78.0,2024-02-24,2024-03-06,0,Mobile App,,documents/kyc/CUST_931/Voter_ID/931_144859.pdf
960,Aadhaar,753419214004,2010-11-17,,Verified,96.0,2010-12-10,2010-11-27,0,Internet Banking,,documents/kyc/CUST_960/Aadhaar/960_181048.pdf
288,Voter ID,VID934915935523,2025-07-17,2035-07-17,Verified,39.0,2025-08-04,2025-07-29,0,Mobile App,,documents/kyc/CUST_288/Voter_ID/288_441287.pdf
913,Aadhaar,899982622287,2018-11-16,,Pending,,,2018-12-04,0,Mobile App,,documents/kyc/CUST_913/Aadhaar/913_713465.pdf
607,PAN,XUVDQ3300L,2020-11-24,,Verified,24.0,2020-12-05,2020-12-10,0,Mobile App,,documents/kyc/CUST_607/PAN/607_832318.pdf
876,Voter ID,VID571257228153,2013-02-22,2023-02-22,Verified,96.0,2013-02-26,2013-03-08,1,Branch,,documents/kyc/CUST_876/Voter_ID/876_365402.pdf
85,PAN,NIGIX4312C,2023-04-08,,Verified,85.0,2023-04-14,2023-04-14,0,Internet Banking,,documents/kyc/CUST_85/PAN/85_513218.pdf
668,Passport,J8165203,2017-05-17,2022-05-17,Verified,44.0,2017-05-29,2017-05-29,1,Mobile App,,documents/kyc/CUST_668/Passport/668_559228.pdf
352,Voter ID,VID170609068037,2026-03-06,2036-03-06,Verified,74.0,2026-03-16,2026-03-29,0,Mobile App,,documents/kyc/CUST_352/Voter_ID/352_458459.pdf
499,Voter ID,VID845308732706,2021-09-12,2031-09-12,Verified,67.0,2021-10-10,2021-09-20,0,Mobile App,,documents/kyc/CUST_499/Voter_ID/499_980153.pdf
644,PAN,CZDEG2095A,2015-02-20,,Verified,1.0,2015-02-23,2015-03-15,0,Mobile App,,documents/kyc/CUST_644/PAN/644_603475.pdf
489,Aadhaar,181078911361,2011-11-05,,Verified,33.0,2011-11-12,2011-12-04,0,Branch,,documents/kyc/CUST_489/Aadhaar/489_168890.pdf
184,Aadhaar,115094207947,2019-11-02,,Verified,55.0,2019-11-19,2019-11-22,0,Branch,,documents/kyc/CUST_184/Aadhaar/184_231310.pdf
73,Aadhaar,268238196544,2014-06-16,,Verified,90.0,2014-07-15,2014-06-27,0,Internet Banking,,documents/kyc/CUST_73/Aadhaar/73_560199.pdf
484,Driving License,DL778131560021,2014-06-05,2034-06-05,Pending,,,2014-06-20,0,Mobile App,,documents/kyc/CUST_484/Driving_License/484_773153.pdf
580,Passport,B2318156,2011-02-28,2016-02-28,Verified,71.0,2011-03-28,2011-03-20,1,Mobile App,,documents/kyc/CUST_580/Passport/580_106831.pdf
977,PAN,FYGHL1358P,2012-03-10,,Verified,37.0,2012-03-27,2012-03-12,0,Branch,,documents/kyc/CUST_977/PAN/977_407921.pdf
780,Voter ID,VID305902289152,2022-12-15,2027-12-15,Verified,1.0,2022-12-18,2022-12-25,0,Mobile App,,documents/kyc/CUST_780/Voter_ID/780_325313.pdf
33,Aadhaar,516615073880,2022-08-10,,Verified,27.0,2022-08-27,2022-08-12,0,Internet Banking,,documents/kyc/CUST_33/Aadhaar/33_923193.pdf
408,Aadhaar,660011652828,2024-03-23,,Verified,36.0,2024-04-18,2024-04-05,0,Branch,,documents/kyc/CUST_408/Aadhaar/408_162742.pdf
175,Aadhaar,628097589266,2011-09-26,,Verified,65.0,2011-10-10,2011-09-29,0,Mobile App,,documents/kyc/CUST_175/Aadhaar/175_345112.pdf
533,Aadhaar,449750640570,2016-01-19,,Pending,,,2016-01-28,0,Internet Banking,,documents/kyc/CUST_533/Aadhaar/533_740560.pdf
669,Voter ID,VID852099933091,2024-11-16,2029-11-16,Pending,,,2024-11-26,0,Branch,,documents/kyc/CUST_669/Voter_ID/669_420984.pdf
138,PAN,GRJLX5713R,2025-12-08,,Rejected,18.0,2025-12-31,2025-12-14,0,Mobile App,Document image unclear,documents/kyc/CUST_138/PAN/138_891157.pdf
940,Aadhaar,833225286885,2012-02-22,,Verified,17.0,2012-03-10,2012-03-02,0,Mobile App,,documents/kyc/CUST_940/Aadhaar/940_513993.pdf
909,Aadhaar,246275737286,2023-03-18,,Pending,,,2023-03-30,0,Mobile App,,documents/kyc/CUST_909/Aadhaar/909_607659.pdf
396,Aadhaar,198237457705,2016-07-23,,Verified,6.0,2016-08-07,2016-08-08,0,Mobile App,,documents/kyc/CUST_396/Aadhaar/396_191195.pdf
513,Voter ID,VID543466995033,2014-05-04,2024-05-04,Failed,33.0,2014-05-15,2014-05-16,1,Branch,Invalid document,documents/kyc/CUST_513/Voter_ID/513_292293.pdf
811,PAN,SCZHJ9481U,2014-09-24,,Verified,84.0,2014-09-25,2014-10-05,0,Branch,,documents/kyc/CUST_811/PAN/811_562096.pdf
927,Voter ID,VID822345003471,2017-03-23,2022-03-23,Verified,64.0,2017-04-13,2017-04-13,1,Branch,,documents/kyc/CUST_927/Voter_ID/927_527166.pdf
486,Passport,S4181302,2026-06-12,2036-06-12,Verified,82.0,2026-07-03,2026-06-27,0,Internet Banking,,documents/kyc/CUST_486/Passport/486_226541.pdf
583,Passport,W8748103,2018-04-25,2028-04-25,Verified,6.0,2018-04-28,2018-05-03,0,Branch,,documents/kyc/CUST_583/Passport/583_330522.pdf
359,Passport,A1124343,2017-02-12,2027-02-12,Verified,94.0,2017-03-01,2017-02-14,0,Mobile App,,documents/kyc/CUST_359/Passport/359_233012.pdf
102,Driving License,DL120467130108,2022-01-12,2032-01-12,Verified,24.0,2022-01-30,2022-01-17,0,Mobile App,,documents/kyc/CUST_102/Driving_License/102_413100.pdf
313,Driving License,DL526674452040,2015-02-02,2035-02-02,Pending,,,2015-02-07,0,Mobile App,,documents/kyc/CUST_313/Driving_License/313_462730.pdf
290,Voter ID,VID916062643458,2015-12-20,2025-12-20,Verified,72.0,2016-01-10,2015-12-24,1,Mobile App,,documents/kyc/CUST_290/Voter_ID/290_151676.pdf
749,Driving License,DL506527919731,2017-04-02,2022-04-02,Verified,60.0,2017-04-27,2017-04-04,1,Mobile App,,documents/kyc/CUST_749/Driving_License/749_826860.pdf
28,Driving License,DL515930072019,2018-10-18,2023-10-18,Verified,45.0,2018-11-12,2018-10-31,1,Mobile App,,documents/kyc/CUST_28/Driving_License/28_942030.pdf
687,Passport,F9614547,2011-06-16,2021-06-16,Verified,45.0,2011-06-23,2011-07-14,1,Branch,,documents/kyc/CUST_687/Passport/687_872190.pdf
390,PAN,CLWLL6344M,2017-04-22,,Verified,68.0,2017-05-22,2017-05-03,0,Internet Banking,,documents/kyc/CUST_390/PAN/390_953317.pdf
47,Driving License,DL382416221236,2023-12-31,2028-12-31,Verified,50.0,2024-01-13,2024-01-21,0,Internet Banking,,documents/kyc/CUST_47/Driving_License/47_588983.pdf
426,Voter ID,VID677499382824,2010-08-19,2020-08-19,Verified,70.0,2010-09-05,2010-08-29,1,Mobile App,,documents/kyc/CUST_426/Voter_ID/426_227277.pdf
477,Aadhaar,780722628940,2022-05-03,,Verified,8.0,2022-05-19,2022-05-19,0,Mobile App,,documents/kyc/CUST_477/Aadhaar/477_460802.pdf
223,Passport,S3041552,2014-07-25,2024-07-25,Verified,64.0,2014-07-29,2014-08-02,1,Mobile App,,documents/kyc/CUST_223/Passport/223_820335.pdf
598,Driving License,DL705669223444,2020-05-28,2040-05-28,Verified,46.0,2020-06-15,2020-06-04,0,Mobile App,,documents/kyc/CUST_598/Driving_License/598_942744.pdf
182,Aadhaar,592175654389,2023-04-28,,Verified,30.0,2023-04-30,2023-05-18,0,Internet Banking,,documents/kyc/CUST_182/Aadhaar/182_633204.pdf
505,Aadhaar,798962324164,2019-11-26,,Verified,23.0,2019-11-30,2019-11-29,0,Branch,,documents/kyc/CUST_505/Aadhaar/505_167968.pdf
132,PAN,YSQMZ1176P,2012-09-12,,Rejected,94.0,2012-09-19,2012-09-24,0,Mobile App,Document expired,documents/kyc/CUST_132/PAN/132_505655.pdf
390,Voter ID,VID986915489044,2015-06-12,2025-06-12,Verified,22.0,2015-07-12,2015-06-17,1,Mobile App,,documents/kyc/CUST_390/Voter_ID/390_320901.pdf
697,Driving License,DL972299668089,2013-03-13,2033-03-13,Verified,73.0,2013-04-02,2013-04-09,0,Mobile App,,documents/kyc/CUST_697/Driving_License/697_759381.pdf
528,PAN,DZEOL4627O,2018-11-04,,Verified,8.0,2018-11-30,2018-11-30,0,Mobile App,,documents/kyc/CUST_528/PAN/528_914751.pdf
776,Passport,G5294496,2011-03-03,2016-03-03,Failed,30.0,2011-03-10,2011-03-13,1,Mobile App,Document expired,documents/kyc/CUST_776/Passport/776_871018.pdf
224,Aadhaar,254068932330,2012-11-15,,Verified,2.0,2012-11-24,2012-11-19,0,Mobile App,,documents/kyc/CUST_224/Aadhaar/224_252125.pdf
96,PAN,IGZRB2959N,2017-07-07,,Verified,54.0,2017-07-17,2017-07-26,0,Branch,,documents/kyc/CUST_96/PAN/96_511804.pdf
23,Aadhaar,500233034957,2015-09-08,,Verified,16.0,2015-09-16,2015-09-30,0,Branch,,documents/kyc/CUST_23/Aadhaar/23_787224.pdf
580,Driving License,DL707859644149,2018-03-21,2038-03-21,Verified,94.0,2018-03-22,2018-04-18,0,Mobile App,,documents/kyc/CUST_580/Driving_License/580_134701.pdf
71,Passport,B4638308,2010-04-09,2015-04-09,Pending,,,2010-04-25,1,Branch,,documents/kyc/CUST_71/Passport/71_270281.pdf
860,Voter ID,VID793623495431,2020-01-04,2030-01-04,Verified,36.0,2020-01-15,2020-01-13,0,Mobile App,,documents/kyc/CUST_860/Voter_ID/860_814410.pdf
288,Passport,X9508038,2025-10-28,2035-10-28,Verified,70.0,2025-11-13,2025-11-21,0,Mobile App,,documents/kyc/CUST_288/Passport/288_681979.pdf
659,Voter ID,VID799607085423,2011-01-19,2021-01-19,Verified,31.0,2011-01-28,2011-01-22,1,Mobile App,,documents/kyc/CUST_659/Voter_ID/659_497885.pdf
925,Aadhaar,756868212884,2020-12-09,,Pending,,,2020-12-19,0,Mobile App,,documents/kyc/CUST_925/Aadhaar/925_681113.pdf
740,Aadhaar,241068223884,2014-02-11,,Verified,24.0,2014-02-12,2014-02-20,0,Mobile App,,documents/kyc/CUST_740/Aadhaar/740_327381.pdf
774,Passport,E9437517,2017-07-31,2022-07-31,Verified,100.0,2017-08-06,2017-08-23,1,Branch,,documents/kyc/CUST_774/Passport/774_175710.pdf
919,Voter ID,VID754139285684,2015-05-26,2020-05-26,Verified,100.0,2015-05-31,2015-06-01,1,Mobile App,,documents/kyc/CUST_919/Voter_ID/919_308396.pdf
261,PAN,IETZD8045V,2023-09-10,,Verified,83.0,2023-09-16,2023-09-25,0,Mobile App,,documents/kyc/CUST_261/PAN/261_728561.pdf
388,Aadhaar,556974158924,2018-11-23,,Verified,94.0,2018-11-24,2018-12-01,0,Mobile App,,documents/kyc/CUST_388/Aadhaar/388_665606.pdf
165,Aadhaar,559726810005,2022-08-30,,Verified,99.0,2022-09-26,2022-09-15,0,Internet Banking,,documents/kyc/CUST_165/Aadhaar/165_583413.pdf
960,PAN,WCUEW1909M,2014-10-16,,Verified,50.0,2014-11-11,2014-10-17,0,Mobile App,,documents/kyc/CUST_960/PAN/960_411079.pdf
645,Aadhaar,338828684547,2017-09-02,,Verified,8.0,2017-09-03,2017-09-23,0,Branch,,documents/kyc/CUST_645/Aadhaar/645_129336.pdf
33,Voter ID,VID662530793669,2018-08-07,2023-08-07,Verified,79.0,2018-08-13,2018-08-28,1,Internet Banking,,documents/kyc/CUST_33/Voter_ID/33_946340.pdf
124,Aadhaar,341353329349,2016-08-10,,Verified,70.0,2016-08-11,2016-08-17,0,Mobile App,,documents/kyc/CUST_124/Aadhaar/124_774263.pdf
480,Driving License,DL745473157135,2019-08-01,2024-08-01,Verified,23.0,2019-08-11,2019-08-03,1,Branch,,documents/kyc/CUST_480/Driving_License/480_321043.pdf
567,Aadhaar,935101498495,2019-07-18,,Verified,21.0,2019-08-09,2019-08-13,0,Branch,,documents/kyc/CUST_567/Aadhaar/567_953932.pdf
682,Voter ID,VID471599107392,2014-03-20,2019-03-20,Verified,47.0,2014-04-12,2014-04-11,1,Mobile App,,documents/kyc/CUST_682/Voter_ID/682_580449.pdf
979,Driving License,DL392640487088,2017-12-12,2022-12-12,Pending,,,2017-12-16,1,Internet Banking,,documents/kyc/CUST_979/Driving_License/979_425325.pdf
296,Passport,A9641193,2026-07-09,2031-07-09,Verified,8.0,2026-07-11,2026-07-23,0,Internet Banking,,documents/kyc/CUST_296/Passport/296_141888.pdf
612,Driving License,DL582920273724,2013-11-18,2033-11-18,Verified,15.0,2013-12-12,2013-11-25,0,Internet Banking,,documents/kyc/CUST_612/Driving_License/612_358037.pdf
835,Aadhaar,122617815324,2017-11-19,,Verified,96.0,2017-11-21,2017-11-23,0,Branch,,documents/kyc/CUST_835/Aadhaar/835_344505.pdf
746,Voter ID,VID692764277697,2023-08-05,2033-08-05,Pending,,,2023-08-05,0,Mobile App,,documents/kyc/CUST_746/Voter_ID/746_533652.pdf
517,Driving License,DL939143046860,2019-07-19,2024-07-19,Pending,,,2019-07-30,1,Branch,,documents/kyc/CUST_517/Driving_License/517_106025.pdf
698,Passport,U8792637,2019-11-08,2029-11-08,Verified,80.0,2019-11-12,2019-11-26,0,Mobile App,,documents/kyc/CUST_698/Passport/698_599077.pdf
307,Passport,L1573610,2019-12-19,2029-12-19,Verified,80.0,2020-01-18,2020-01-14,0,Mobile App,,documents/kyc/CUST_307/Passport/307_735624.pdf
775,PAN,TRLUB8136R,2022-07-06,,Verified,19.0,2022-08-05,2022-08-03,0,Branch,,documents/kyc/CUST_775/PAN/775_404266.pdf
300,Passport,Z3924218,2015-01-25,2020-01-25,Verified,42.0,2015-02-17,2015-02-05,1,Branch,,documents/kyc/CUST_300/Passport/300_765204.pdf
421,Driving License,DL734392105593,2020-11-08,2030-11-08,Verified,98.0,2020-11-30,2020-11-21,0,Mobile App,,documents/kyc/CUST_421/Driving_License/421_839006.pdf
481,Aadhaar,621040139531,2016-02-09,,Verified,73.0,2016-02-23,2016-03-08,0,Branch,,documents/kyc/CUST_481/Aadhaar/481_343183.pdf
596,Driving License,DL659891051070,2022-12-28,2027-12-28,Verified,20.0,2023-01-16,2023-01-18,0,Mobile App,,documents/kyc/CUST_596/Driving_License/596_977111.pdf
202,Aadhaar,103040570989,2023-07-21,,Verified,59.0,2023-08-13,2023-08-08,0,Mobile App,,documents/kyc/CUST_202/Aadhaar/202_107976.pdf
52,Passport,A3282817,2024-01-06,2034-01-06,Verified,62.0,2024-01-30,2024-01-06,0,Mobile App,,documents/kyc/CUST_52/Passport/52_277695.pdf
92,Voter ID,VID803083948998,2023-12-27,2033-12-27,Verified,24.0,2024-01-22,2024-01-18,0,Branch,,documents/kyc/CUST_92/Voter_ID/92_553874.pdf
341,Voter ID,VID431279720312,2021-11-04,2031-11-04,Verified,1.0,2021-11-05,2021-11-12,0,Branch,,documents/kyc/CUST_341/Voter_ID/341_196600.pdf
419,Aadhaar,222721216461,2011-06-26,,Verified,21.0,2011-07-25,2011-07-06,0,Mobile App,,documents/kyc/CUST_419/Aadhaar/419_485152.pdf
478,Driving License,DL456808214108,2021-12-21,2041-12-21,Verified,29.0,2022-01-19,2021-12-26,0,Branch,,documents/kyc/CUST_478/Driving_License/478_495276.pdf
762,Aadhaar,727608455105,2019-04-30,,Rejected,22.0,2019-05-26,2019-05-23,0,Branch,Document expired,documents/kyc/CUST_762/Aadhaar/762_616658.pdf
621,PAN,LLVWF1571Q,2019-07-06,,Pending,,,2019-08-02,0,Mobile App,,documents/kyc/CUST_621/PAN/621_593822.pdf
934,Passport,E4378192,2019-02-18,2029-02-18,Pending,,,2019-02-19,0,Internet Banking,,documents/kyc/CUST_934/Passport/934_241614.pdf
320,Aadhaar,652818009537,2025-04-24,,Verified,39.0,2025-05-11,2025-04-29,0,Mobile App,,documents/kyc/CUST_320/Aadhaar/320_205701.pdf
438,Voter ID,VID169832283625,2023-07-18,2028-07-18,Rejected,88.0,2023-07-24,2023-07-21,0,Branch,Document details mismatch,documents/kyc/CUST_438/Voter_ID/438_438626.pdf
947,Passport,C6591695,2016-06-12,2026-06-12,Verified,64.0,2016-06-21,2016-06-23,1,Branch,,documents/kyc/CUST_947/Passport/947_103361.pdf
98,Aadhaar,132928107166,2018-04-18,,Pending,,,2018-05-15,0,Mobile App,,documents/kyc/CUST_98/Aadhaar/98_389999.pdf
902,PAN,IPEUG2220O,2024-10-26,,Verified,17.0,2024-11-24,2024-11-09,0,Internet Banking,,documents/kyc/CUST_902/PAN/902_220289.pdf
142,PAN,YFFUP9999D,2015-07-13,,Verified,89.0,2015-07-31,2015-07-14,0,Mobile App,,documents/kyc/CUST_142/PAN/142_168455.pdf
786,Voter ID,VID622334641526,2026-02-05,2036-02-05,Pending,,,2026-03-01,0,Mobile App,,documents/kyc/CUST_786/Voter_ID/786_575143.pdf
315,Voter ID,VID681485795689,2026-05-05,2036-05-05,Verified,81.0,2026-05-30,2026-05-13,0,Branch,,documents/kyc/CUST_315/Voter_ID/315_734961.pdf
944,PAN,MALLK7474X,2016-03-09,,Pending,,,2016-03-30,0,Internet Banking,,documents/kyc/CUST_944/PAN/944_485818.pdf
479,PAN,NRKPB6213M,2016-11-14,,Rejected,78.0,2016-12-11,2016-12-03,0,Branch,Document image unclear,documents/kyc/CUST_479/PAN/479_214558.pdf
54,Driving License,DL995287430511,2015-01-14,2035-01-14,Verified,75.0,2015-02-05,2015-01-27,0,Internet Banking,,documents/kyc/CUST_54/Driving_License/54_628471.pdf
892,Aadhaar,992289925296,2011-03-26,,Verified,4.0,2011-04-06,2011-04-01,0,Mobile App,,documents/kyc/CUST_892/Aadhaar/892_462568.pdf
321,PAN,MTXXB8105G,2020-02-19,,Pending,,,2020-03-18,0,Mobile App,,documents/kyc/CUST_321/PAN/321_578337.pdf
590,Aadhaar,871351650063,2011-11-11,,Rejected,24.0,2011-11-24,2011-12-09,0,Mobile App,Incorrect document information,documents/kyc/CUST_590/Aadhaar/590_861741.pdf
689,Passport,H1666003,2016-11-20,2026-11-20,Verified,55.0,2016-12-10,2016-12-20,0,Mobile App,,documents/kyc/CUST_689/Passport/689_619084.pdf
313,PAN,SDZMH7934D,2015-08-07,,Verified,58.0,2015-08-09,2015-09-04,0,Internet Banking,,documents/kyc/CUST_313/PAN/313_510096.pdf
533,Voter ID,VID624253206435,2024-01-26,2034-01-26,Verified,5.0,2024-02-19,2024-02-05,0,Mobile App,,documents/kyc/CUST_533/Voter_ID/533_430066.pdf
906,Voter ID,VID813181659609,2023-09-17,2033-09-17,Rejected,48.0,2023-09-18,2023-10-17,0,Internet Banking,Incorrect document information,documents/kyc/CUST_906/Voter_ID/906_268795.pdf
907,Driving License,DL354300107603,2022-10-17,2032-10-17,Verified,84.0,2022-11-15,2022-11-15,0,Mobile App,,documents/kyc/CUST_907/Driving_License/907_593300.pdf
351,Aadhaar,881500231397,2020-07-04,,Failed,21.0,2020-08-01,2020-07-15,0,Mobile App,Document image unclear,documents/kyc/CUST_351/Aadhaar/351_374046.pdf
632,Driving License,DL165310147125,2017-09-30,2022-09-30,Failed,34.0,2017-10-23,2017-10-03,1,Mobile App,Document expired,documents/kyc/CUST_632/Driving_License/632_410345.pdf
230,Voter ID,VID560795157151,2013-05-06,2018-05-06,Verified,32.0,2013-05-17,2013-06-04,1,Branch,,documents/kyc/CUST_230/Voter_ID/230_940434.pdf
235,PAN,ISYBM7611W,2012-10-18,,Verified,5.0,2012-11-16,2012-10-23,0,Mobile App,,documents/kyc/CUST_235/PAN/235_497689.pdf
887,PAN,CVUXB8866B,2011-11-03,,Verified,3.0,2011-11-04,2011-11-05,0,Branch,,documents/kyc/CUST_887/PAN/887_199407.pdf
324,Voter ID,VID252918247001,2023-01-26,2033-01-26,Verified,80.0,2023-02-10,2023-02-22,0,Branch,,documents/kyc/CUST_324/Voter_ID/324_894832.pdf
845,Voter ID,VID716091305583,2012-12-09,2022-12-09,Rejected,69.0,2012-12-12,2012-12-15,1,Mobile App,Incorrect document information,documents/kyc/CUST_845/Voter_ID/845_406993.pdf
517,Passport,G9840034,2024-04-15,2034-04-15,Verified,16.0,2024-05-07,2024-05-06,0,Mobile App,,documents/kyc/CUST_517/Passport/517_974900.pdf
730,Aadhaar,925165871403,2014-02-05,,Rejected,78.0,2014-02-14,2014-02-09,0,Mobile App,Document expired,documents/kyc/CUST_730/Aadhaar/730_829403.pdf
710,Driving License,DL540373699523,2023-02-25,2028-02-25,Verified,16.0,2023-03-09,2023-03-07,0,Mobile App,,documents/kyc/CUST_710/Driving_License/710_455904.pdf
748,Voter ID,VID680575747666,2014-06-28,2019-06-28,Verified,29.0,2014-07-18,2014-07-03,1,Branch,,documents/kyc/CUST_748/Voter_ID/748_412894.pdf
801,Voter ID,VID651444637514,2014-01-19,2024-01-19,Verified,27.0,2014-01-20,2014-02-04,1,Mobile App,,documents/kyc/CUST_801/Voter_ID/801_112628.pdf
773,Driving License,DL638535075354,2021-08-28,2026-08-28,Verified,94.0,2021-09-27,2021-09-02,0,Branch,,documents/kyc/CUST_773/Driving_License/773_940796.pdf
430,PAN,SUUYT3590U,2024-01-08,,Verified,66.0,2024-01-09,2024-01-08,0,Branch,,documents/kyc/CUST_430/PAN/430_295922.pdf
768,PAN,TZDEN3908A,2023-02-12,,Verified,46.0,2023-03-02,2023-03-09,0,Internet Banking,,documents/kyc/CUST_768/PAN/768_451878.pdf
265,PAN,KNSRE6726J,2010-04-22,,Pending,,,2010-04-24,0,Mobile App,,documents/kyc/CUST_265/PAN/265_448460.pdf
381,Driving License,DL944087686728,2021-04-19,2031-04-19,Verified,88.0,2021-04-21,2021-05-12,0,Branch,,documents/kyc/CUST_381/Driving_License/381_234680.pdf
585,Voter ID,VID877729125075,2013-07-31,2018-07-31,Verified,86.0,2013-08-08,2013-08-14,1,Mobile App,,documents/kyc/CUST_585/Voter_ID/585_637253.pdf
7,Passport,C5037253,2016-05-01,2026-05-01,Verified,43.0,2016-05-31,2016-05-24,1,Mobile App,,documents/kyc/CUST_7/Passport/7_773406.pdf
686,Voter ID,VID840234390119,2023-07-10,2028-07-10,Verified,22.0,2023-07-17,2023-07-16,0,Mobile App,,documents/kyc/CUST_686/Voter_ID/686_314334.pdf
144,Passport,A4333300,2018-09-26,2028-09-26,Rejected,71.0,2018-10-20,2018-10-06,0,Mobile App,Document image unclear,documents/kyc/CUST_144/Passport/144_331667.pdf
284,Aadhaar,969632125494,2018-02-16,,Failed,96.0,2018-02-28,2018-02-22,0,Branch,Document image unclear,documents/kyc/CUST_284/Aadhaar/284_391186.pdf
962,Aadhaar,150465850799,2016-02-06,,Verified,49.0,2016-02-15,2016-02-29,0,Mobile App,,documents/kyc/CUST_962/Aadhaar/962_923514.pdf
519,PAN,HCHFG4726X,2015-08-07,,Verified,1.0,2015-08-31,2015-08-20,0,Branch,,documents/kyc/CUST_519/PAN/519_743702.pdf
347,Passport,Y7043428,2013-08-08,2023-08-08,Verified,67.0,2013-08-26,2013-08-18,1,Mobile App,,documents/kyc/CUST_347/Passport/347_309764.pdf
647,Aadhaar,729362641052,2026-05-15,,Rejected,45.0,2026-06-01,2026-05-24,0,Mobile App,Document expired,documents/kyc/CUST_647/Aadhaar/647_971698.pdf
744,Voter ID,VID160854272500,2011-10-06,2016-10-06,Verified,42.0,2011-10-31,2011-10-28,1,Branch,,documents/kyc/CUST_744/Voter_ID/744_120224.pdf
413,Voter ID,VID307662998631,2014-07-19,2019-07-19,Verified,76.0,2014-07-27,2014-07-19,1,Mobile App,,documents/kyc/CUST_413/Voter_ID/413_505274.pdf
420,PAN,SHNND6592Q,2020-04-19,,Pending,,,2020-05-09,0,Internet Banking,,documents/kyc/CUST_420/PAN/420_289353.pdf
655,Voter ID,VID299766669042,2019-08-30,2024-08-30,Rejected,66.0,2019-08-31,2019-09-24,1,Mobile App,Document details mismatch,documents/kyc/CUST_655/Voter_ID/655_843863.pdf
737,Aadhaar,486886777122,2012-01-28,,Verified,56.0,2012-02-17,2012-02-24,0,Mobile App,,documents/kyc/CUST_737/Aadhaar/737_774714.pdf
978,Passport,B3686527,2010-02-17,2015-02-17,Verified,41.0,2010-03-02,2010-03-16,1,Internet Banking,,documents/kyc/CUST_978/Passport/978_157992.pdf
738,PAN,YLRTE6894K,2010-07-01,,Rejected,60.0,2010-07-20,2010-07-01,0,Mobile App,Document image unclear,documents/kyc/CUST_738/PAN/738_994694.pdf
989,Voter ID,VID369479515726,2012-09-22,2022-09-22,Verified,16.0,2012-10-04,2012-10-07,1,Mobile App,,documents/kyc/CUST_989/Voter_ID/989_998933.pdf
423,Voter ID,VID606038500395,2025-10-18,2035-10-18,Failed,28.0,2025-10-24,2025-10-19,0,Internet Banking,Invalid document,documents/kyc/CUST_423/Voter_ID/423_980284.pdf
938,Driving License,DL808866958287,2016-02-05,2026-02-05,Verified,33.0,2016-03-06,2016-02-10,1,Branch,,documents/kyc/CUST_938/Driving_License/938_934886.pdf
783,Voter ID,VID501922936391,2024-09-23,2034-09-23,Verified,10.0,2024-10-18,2024-10-21,0,Branch,,documents/kyc/CUST_783/Voter_ID/783_688705.pdf
300,PAN,TOBTE5436B,2014-11-29,,Rejected,79.0,2014-12-18,2014-12-21,0,Mobile App,Document image unclear,documents/kyc/CUST_300/PAN/300_508423.pdf
401,Aadhaar,606579437043,2012-09-05,,Verified,19.0,2012-09-19,2012-09-11,0,Mobile App,,documents/kyc/CUST_401/Aadhaar/401_147505.pdf
928,Voter ID,VID822945660095,2019-01-20,2029-01-20,Verified,94.0,2019-02-19,2019-01-30,0,Mobile App,,documents/kyc/CUST_928/Voter_ID/928_457498.pdf
712,Driving License,DL117910478082,2023-06-07,2033-06-07,Pending,,,2023-06-13,0,Branch,,documents/kyc/CUST_712/Driving_License/712_991520.pdf
429,PAN,LMPQB5931L,2024-02-23,,Verified,62.0,2024-03-22,2024-02-29,0,Mobile App,,documents/kyc/CUST_429/PAN/429_856157.pdf
381,PAN,ILIXM2483R,2014-11-04,,Verified,37.0,2014-12-02,2014-11-14,0,Branch,,documents/kyc/CUST_381/PAN/381_510937.pdf
915,Aadhaar,284640851573,2024-01-20,,Pending,,,2024-02-07,0,Mobile App,,documents/kyc/CUST_915/Aadhaar/915_625923.pdf
258,Voter ID,VID687293244889,2026-01-04,2036-01-04,Verified,11.0,2026-02-02,2026-01-27,0,Internet Banking,,documents/kyc/CUST_258/Voter_ID/258_632564.pdf
276,PAN,UNXGR1432G,2016-06-12,,Verified,59.0,2016-07-05,2016-07-04,0,Branch,,documents/kyc/CUST_276/PAN/276_263453.pdf
804,PAN,LSOXQ1114M,2020-07-23,,Verified,28.0,2020-08-11,2020-07-26,0,Mobile App,,documents/kyc/CUST_804/PAN/804_833696.pdf
228,Voter ID,VID922303143026,2016-07-08,2021-07-08,Verified,19.0,2016-07-12,2016-08-06,1,Mobile App,,documents/kyc/CUST_228/Voter_ID/228_387003.pdf
180,Passport,A2293352,2024-08-18,2034-08-18,Verified,74.0,2024-08-30,2024-08-23,0,Branch,,documents/kyc/CUST_180/Passport/180_656710.pdf
123,Driving License,DL383020652190,2012-12-23,2032-12-23,Verified,76.0,2013-01-15,2012-12-23,0,Mobile App,,documents/kyc/CUST_123/Driving_License/123_494705.pdf
825,Aadhaar,361548420169,2025-01-09,,Verified,58.0,2025-01-19,2025-02-07,0,Mobile App,,documents/kyc/CUST_825/Aadhaar/825_981687.pdf
299,Passport,G4178843,2023-07-17,2028-07-17,Verified,99.0,2023-07-24,2023-07-26,0,Mobile App,,documents/kyc/CUST_299/Passport/299_803655.pdf
918,PAN,KLUUQ8179C,2011-12-03,,Verified,67.0,2011-12-22,2011-12-28,0,Internet Banking,,documents/kyc/CUST_918/PAN/918_374118.pdf
580,Aadhaar,886309480978,2021-09-01,,Verified,23.0,2021-09-28,2021-09-11,0,Mobile App,,documents/kyc/CUST_580/Aadhaar/580_391662.pdf
795,Passport,P3290626,2013-06-24,2018-06-24,Verified,20.0,2013-07-07,2013-07-10,1,Branch,,documents/kyc/CUST_795/Passport/795_220167.pdf
900,Driving License,DL630088611722,2015-08-29,2035-08-29,Verified,50.0,2015-09-14,2015-09-23,0,Mobile App,,documents/kyc/CUST_900/Driving_License/900_385188.pdf
643,Driving License,DL752131527141,2019-11-12,2039-11-12,Pending,,,2019-11-12,0,Mobile App,,documents/kyc/CUST_643/Driving_License/643_134542.pdf
24,Driving License,DL572538537967,2011-12-25,2021-12-25,Verified,95.0,2012-01-09,2012-01-13,1,Mobile App,,documents/kyc/CUST_24/Driving_License/24_635019.pdf
88,Voter ID,VID843770850204,2024-11-20,2034-11-20,Verified,8.0,2024-11-25,2024-12-16,0,Mobile App,,documents/kyc/CUST_88/Voter_ID/88_338628.pdf
49,Aadhaar,204327899400,2024-06-17,,Verified,88.0,2024-07-14,2024-06-29,0,Mobile App,,documents/kyc/CUST_49/Aadhaar/49_105004.pdf
292,Driving License,DL346174390289,2021-12-21,2026-12-21,Verified,77.0,2022-01-14,2021-12-26,0,Mobile App,,documents/kyc/CUST_292/Driving_License/292_576547.pdf
165,Voter ID,VID156436235211,2025-05-12,2035-05-12,Rejected,30.0,2025-05-18,2025-05-30,0,Mobile App,Verification failed,documents/kyc/CUST_165/Voter_ID/165_933984.pdf
114,Driving License,DL749394304476,2021-04-03,2031-04-03,Pending,,,2021-05-03,0,Mobile App,,documents/kyc/CUST_114/Driving_License/114_204985.pdf
141,Driving License,DL454075294205,2015-04-14,2020-04-14,Verified,98.0,2015-05-10,2015-05-01,1,Mobile App,,documents/kyc/CUST_141/Driving_License/141_606674.pdf
933,Aadhaar,142227385074,2024-09-15,,Verified,71.0,2024-10-09,2024-10-15,0,Mobile App,,documents/kyc/CUST_933/Aadhaar/933_681376.pdf
788,Aadhaar,683903399072,2021-09-20,,Pending,,,2021-10-15,0,Mobile App,,documents/kyc/CUST_788/Aadhaar/788_617232.pdf
397,Passport,C5120197,2023-02-03,2033-02-03,Verified,36.0,2023-02-21,2023-02-28,0,Mobile App,,documents/kyc/CUST_397/Passport/397_162463.pdf
872,Voter ID,VID674474469645,2011-03-13,2016-03-13,Verified,82.0,2011-04-11,2011-04-09,1,Mobile App,,documents/kyc/CUST_872/Voter_ID/872_938163.pdf
954,Driving License,DL913120027415,2012-07-07,2022-07-07,Verified,21.0,2012-07-25,2012-07-24,1,Internet Banking,,documents/kyc/CUST_954/Driving_License/954_427767.pdf
84,Voter ID,VID746201882824,2025-09-20,2035-09-20,Rejected,33.0,2025-10-16,2025-09-27,0,Mobile App,Document image unclear,documents/kyc/CUST_84/Voter_ID/84_387162.pdf
845,Passport,I2440769,2011-09-22,2016-09-22,Rejected,75.0,2011-10-19,2011-10-20,1,Mobile App,Document details mismatch,documents/kyc/CUST_845/Passport/845_595890.pdf
745,Passport,S2392790,2011-03-16,2016-03-16,Rejected,16.0,2011-03-31,2011-03-19,1,Mobile App,Verification failed,documents/kyc/CUST_745/Passport/745_667822.pdf
285,PAN,QPLKH5540H,2010-12-27,,Verified,10.0,2011-01-18,2011-01-17,0,Mobile App,,documents/kyc/CUST_285/PAN/285_682775.pdf
642,Driving License,DL391685520111,2011-08-24,2021-08-24,Failed,72.0,2011-09-13,2011-09-21,1,Mobile App,Verification failed,documents/kyc/CUST_642/Driving_License/642_591599.pdf
676,Driving License,DL560769190382,2010-02-07,2015-02-07,Verified,61.0,2010-03-07,2010-03-08,1,Mobile App,,documents/kyc/CUST_676/Driving_License/676_138927.pdf
705,Aadhaar,764950151051,2021-01-20,,Pending,,,2021-01-21,0,Mobile App,,documents/kyc/CUST_705/Aadhaar/705_469925.pdf
949,PAN,HVRQF5474E,2013-03-15,,Verified,81.0,2013-04-08,2013-03-28,0,Mobile App,,documents/kyc/CUST_949/PAN/949_801048.pdf
342,Voter ID,VID531599849186,2011-10-08,2021-10-08,Verified,79.0,2011-10-19,2011-11-01,1,Internet Banking,,documents/kyc/CUST_342/Voter_ID/342_419456.pdf
117,Voter ID,VID469511104556,2017-12-29,2022-12-29,Verified,80.0,2018-01-11,2018-01-21,1,Mobile App,,documents/kyc/CUST_117/Voter_ID/117_561300.pdf
676,Voter ID,VID263228683311,2010-07-04,2015-07-04,Verified,47.0,2010-07-19,2010-07-17,1,Internet Banking,,documents/kyc/CUST_676/Voter_ID/676_630160.pdf
704,PAN,GBQHF8110W,2026-01-27,,Verified,70.0,2026-01-30,2026-02-25,0,Branch,,documents/kyc/CUST_704/PAN/704_220110.pdf
186,Aadhaar,441133098974,2013-04-25,,Failed,45.0,2013-05-10,2013-04-27,0,Mobile App,Document details mismatch,documents/kyc/CUST_186/Aadhaar/186_760033.pdf
780,Aadhaar,928002300229,2018-01-28,,Verified,19.0,2018-02-16,2018-02-27,0,Mobile App,,documents/kyc/CUST_780/Aadhaar/780_220839.pdf
412,Voter ID,VID895798993889,2021-12-06,2031-12-06,Verified,46.0,2021-12-17,2021-12-14,0,Mobile App,,documents/kyc/CUST_412/Voter_ID/412_288613.pdf
498,Driving License,DL156853518326,2014-08-05,2024-08-05,Rejected,74.0,2014-08-28,2014-08-31,1,Mobile App,Verification failed,documents/kyc/CUST_498/Driving_License/498_442000.pdf
95,Voter ID,VID388945267874,2012-02-01,2022-02-01,Failed,19.0,2012-02-19,2012-03-01,1,Mobile App,Document image unclear,documents/kyc/CUST_95/Voter_ID/95_235105.pdf
392,Driving License,DL446705037994,2024-08-10,2034-08-10,Verified,38.0,2024-09-02,2024-08-16,0,Internet Banking,,documents/kyc/CUST_392/Driving_License/392_444402.pdf
276,Driving License,DL376252678974,2012-12-24,2022-12-24,Pending,,,2013-01-12,1,Mobile App,,documents/kyc/CUST_276/Driving_License/276_210215.pdf
184,PAN,IKLRB1082X,2018-12-31,,Verified,59.0,2019-01-02,2019-01-02,0,Branch,,documents/kyc/CUST_184/PAN/184_352898.pdf
253,Voter ID,VID804953897440,2020-04-25,2030-04-25,Verified,73.0,2020-05-22,2020-05-02,0,Mobile App,,documents/kyc/CUST_253/Voter_ID/253_194669.pdf
139,Aadhaar,452559003519,2011-11-20,,Verified,37.0,2011-12-15,2011-12-01,0,Branch,,documents/kyc/CUST_139/Aadhaar/139_102866.pdf
726,PAN,WEZAD1183I,2012-03-12,,Verified,61.0,2012-03-21,2012-03-30,0,Branch,,documents/kyc/CUST_726/PAN/726_234470.pdf
954,Passport,P5816962,2011-11-19,2016-11-19,Pending,,,2011-12-09,1,Mobile App,,documents/kyc/CUST_954/Passport/954_567768.pdf
285,Passport,X4831425,2013-08-18,2018-08-18,Verified,57.0,2013-09-06,2013-08-29,1,Branch,,documents/kyc/CUST_285/Passport/285_753354.pdf
787,PAN,QDMIG1719J,2025-05-18,,Verified,75.0,2025-06-14,2025-05-19,0,Mobile App,,documents/kyc/CUST_787/PAN/787_747940.pdf
623,PAN,OKAAK5488A,2024-11-10,,Verified,92.0,2024-11-24,2024-11-17,0,Mobile App,,documents/kyc/CUST_623/PAN/623_721706.pdf
327,Driving License,DL896466843062,2021-02-13,2026-02-13,Verified,59.0,2021-03-02,2021-03-05,1,Mobile App,,documents/kyc/CUST_327/Driving_License/327_650056.pdf
530,PAN,FSHXN7263K,2024-04-25,,Verified,38.0,2024-05-12,2024-05-11,0,Mobile App,,documents/kyc/CUST_530/PAN/530_879510.pdf
30,Aadhaar,387158714916,2018-08-21,,Verified,67.0,2018-09-18,2018-09-06,0,Internet Banking,,documents/kyc/CUST_30/Aadhaar/30_562037.pdf
605,Voter ID,VID536890986213,2012-12-24,2022-12-24,Verified,6.0,2013-01-23,2013-01-01,1,Mobile App,,documents/kyc/CUST_605/Voter_ID/605_271813.pdf
5,Driving License,DL342608265680,2012-12-28,2032-12-28,Rejected,90.0,2013-01-06,2013-01-17,0,Mobile App,Incorrect document information,documents/kyc/CUST_5/Driving_License/5_188028.pdf
638,PAN,JGFLQ6578Z,2012-07-19,,Verified,14.0,2012-07-20,2012-08-15,0,Mobile App,,documents/kyc/CUST_638/PAN/638_132549.pdf
456,PAN,FQVQT6850M,2012-05-12,,Verified,48.0,2012-05-28,2012-06-06,0,Mobile App,,documents/kyc/CUST_456/PAN/456_215076.pdf
510,PAN,QCXRJ1231B,2022-07-31,,Pending,,,2022-08-23,0,Branch,,documents/kyc/CUST_510/PAN/510_425748.pdf
186,Passport,C2321112,2011-09-05,2021-09-05,Verified,1.0,2011-09-26,2011-09-14,1,Branch,,documents/kyc/CUST_186/Passport/186_769545.pdf
898,Driving License,DL952176607856,2015-04-21,2020-04-21,Verified,44.0,2015-05-02,2015-05-19,1,Branch,,documents/kyc/CUST_898/Driving_License/898_354302.pdf
151,Aadhaar,150553328318,2013-04-08,,Rejected,8.0,2013-04-13,2013-05-04,0,Internet Banking,Verification failed,documents/kyc/CUST_151/Aadhaar/151_173274.pdf
291,Voter ID,VID176931382313,2017-06-24,2027-06-24,Verified,50.0,2017-07-18,2017-07-10,0,Mobile App,,documents/kyc/CUST_291/Voter_ID/291_676070.pdf
195,PAN,VTUBV2743M,2025-05-29,,Rejected,25.0,2025-06-24,2025-06-12,0,Mobile App,Incorrect document information,documents/kyc/CUST_195/PAN/195_900968.pdf
17,Passport,N4305736,2010-01-24,2015-01-24,Verified,3.0,2010-02-11,2010-01-29,1,Branch,,documents/kyc/CUST_17/Passport/17_539876.pdf
222,Driving License,DL492323576612,2012-04-15,2022-04-15,Verified,2.0,2012-05-03,2012-04-25,1,Branch,,documents/kyc/CUST_222/Driving_License/222_162739.pdf
31,Passport,M2393290,2016-03-05,2021-03-05,Pending,,,2016-03-15,1,Mobile App,,documents/kyc/CUST_31/Passport/31_889066.pdf
778,Voter ID,VID527991581512,2016-01-04,2021-01-04,Verified,13.0,2016-02-02,2016-01-17,1,Mobile App,,documents/kyc/CUST_778/Voter_ID/778_114418.pdf
220,Aadhaar,968689994720,2025-08-04,,Verified,41.0,2025-08-22,2025-08-25,0,Branch,,documents/kyc/CUST_220/Aadhaar/220_545377.pdf
743,Aadhaar,919582050005,2015-02-04,,Verified,84.0,2015-02-09,2015-02-11,0,Internet Banking,,documents/kyc/CUST_743/Aadhaar/743_492040.pdf
167,Driving License,DL934756842163,2025-06-02,2045-06-02,Verified,59.0,2025-06-25,2025-07-02,0,Mobile App,,documents/kyc/CUST_167/Driving_License/167_753491.pdf
568,PAN,OWKXF5965K,2025-03-22,,Verified,97.0,2025-04-07,2025-04-19,0,Internet Banking,,documents/kyc/CUST_568/PAN/568_639592.pdf
113,Aadhaar,995600934226,2021-05-15,,Verified,20.0,2021-06-14,2021-05-30,0,Branch,,documents/kyc/CUST_113/Aadhaar/113_708092.pdf
160,Aadhaar,977050139091,2017-07-01,,Pending,,,2017-07-10,0,Mobile App,,documents/kyc/CUST_160/Aadhaar/160_625542.pdf
282,PAN,LORNO6479W,2025-06-11,,Failed,63.0,2025-07-04,2025-07-01,0,Branch,Document details mismatch,documents/kyc/CUST_282/PAN/282_336737.pdf
280,PAN,EAFRZ3239Z,2022-03-08,,Verified,65.0,2022-04-01,2022-04-04,0,Mobile App,,documents/kyc/CUST_280/PAN/280_925315.pdf
410,Aadhaar,145926368975,2016-03-27,,Verified,41.0,2016-04-04,2016-04-23,0,Branch,,documents/kyc/CUST_410/Aadhaar/410_485931.pdf
544,Passport,S7954308,2023-07-19,2028-07-19,Verified,51.0,2023-07-23,2023-08-15,0,Branch,,documents/kyc/CUST_544/Passport/544_303688.pdf
779,PAN,YNGMH5776Z,2023-06-11,,Verified,13.0,2023-07-08,2023-06-16,0,Branch,,documents/kyc/CUST_779/PAN/779_766548.pdf
366,Voter ID,VID370845416900,2016-11-14,2026-11-14,Verified,3.0,2016-12-03,2016-11-25,0,Branch,,documents/kyc/CUST_366/Voter_ID/366_239179.pdf
531,Voter ID,VID964135628621,2015-06-06,2025-06-06,Verified,80.0,2015-06-23,2015-07-02,1,Mobile App,,documents/kyc/CUST_531/Voter_ID/531_514016.pdf
205,Voter ID,VID787497871674,2023-11-15,2033-11-15,Verified,14.0,2023-12-13,2023-11-18,0,Internet Banking,,documents/kyc/CUST_205/Voter_ID/205_473749.pdf
427,PAN,KYLWT6188R,2015-01-01,,Verified,23.0,2015-01-06,2015-01-01,0,Mobile App,,documents/kyc/CUST_427/PAN/427_394866.pdf
926,PAN,CYFVV2575Y,2015-03-12,,Verified,37.0,2015-03-16,2015-03-19,0,Mobile App,,documents/kyc/CUST_926/PAN/926_770696.pdf
612,Passport,R4857794,2011-12-12,2016-12-12,Verified,19.0,2011-12-29,2011-12-12,1,Branch,,documents/kyc/CUST_612/Passport/612_658255.pdf
563,Passport,D7237253,2019-04-28,2024-04-28,Verified,8.0,2019-05-26,2019-05-19,1,Branch,,documents/kyc/CUST_563/Passport/563_653141.pdf
855,Voter ID,VID882616257519,2021-10-27,2031-10-27,Pending,,,2021-11-16,0,Mobile App,,documents/kyc/CUST_855/Voter_ID/855_769597.pdf
891,Passport,E9530608,2010-01-07,2015-01-07,Verified,32.0,2010-01-17,2010-01-16,1,Branch,,documents/kyc/CUST_891/Passport/891_401653.pdf
976,PAN,BTRRB6685D,2021-05-02,,Verified,46.0,2021-05-12,2021-05-30,0,Branch,,documents/kyc/CUST_976/PAN/976_288116.pdf
125,PAN,HAFEZ1338U,2012-11-04,,Verified,63.0,2012-11-18,2012-11-09,0,Branch,,documents/kyc/CUST_125/PAN/125_416568.pdf
115,Aadhaar,768358698097,2013-04-12,,Rejected,53.0,2013-04-26,2013-04-17,0,Internet Banking,Incorrect document information,documents/kyc/CUST_115/Aadhaar/115_674048.pdf
353,Passport,W5555767,2023-06-02,2033-06-02,Verified,28.0,2023-07-01,2023-06-04,0,Branch,,documents/kyc/CUST_353/Passport/353_498930.pdf
892,PAN,PSGFT3592L,2016-09-15,,Verified,21.0,2016-10-07,2016-09-21,0,Mobile App,,documents/kyc/CUST_892/PAN/892_264688.pdf
180,PAN,ZZKNM7114Q,2015-08-11,,Verified,63.0,2015-08-21,2015-09-08,0,Mobile App,,documents/kyc/CUST_180/PAN/180_457450.pdf
940,Voter ID,VID212179793437,2010-04-21,2015-04-21,Verified,73.0,2010-05-08,2010-05-06,1,Internet Banking,,documents/kyc/CUST_940/Voter_ID/940_510570.pdf
860,Aadhaar,742141209862,2015-10-19,,Verified,31.0,2015-11-08,2015-10-23,0,Mobile App,,documents/kyc/CUST_860/Aadhaar/860_611667.pdf
237,PAN,JGPJD6551W,2012-10-04,,Verified,93.0,2012-10-29,2012-11-01,0,Branch,,documents/kyc/CUST_237/PAN/237_459240.pdf
329,Driving License,DL118349942446,2017-03-25,2022-03-25,Verified,26.0,2017-04-09,2017-03-27,1,Mobile App,,documents/kyc/CUST_329/Driving_License/329_316522.pdf
197,Driving License,DL447400035196,2013-11-20,2018-11-20,Verified,89.0,2013-12-11,2013-12-09,1,Internet Banking,,documents/kyc/CUST_197/Driving_License/197_858808.pdf
996,Voter ID,VID343453863202,2016-09-18,2026-09-18,Pending,,,2016-10-12,0,Mobile App,,documents/kyc/CUST_996/Voter_ID/996_519122.pdf
515,Driving License,DL534176105553,2016-08-22,2036-08-22,Verified,85.0,2016-09-02,2016-09-04,0,Mobile App,,documents/kyc/CUST_515/Driving_License/515_787316.pdf
289,Aadhaar,838354697660,2013-08-02,,Verified,83.0,2013-08-10,2013-08-13,0,Mobile App,,documents/kyc/CUST_289/Aadhaar/289_440861.pdf
825,Passport,U3109555,2017-09-05,2027-09-05,Pending,,,2017-09-29,0,Mobile App,,documents/kyc/CUST_825/Passport/825_390617.pdf
45,PAN,ZONYG3797G,2024-02-05,,Verified,78.0,2024-03-05,2024-03-04,0,Mobile App,,documents/kyc/CUST_45/PAN/45_569290.pdf
154,Voter ID,VID811061691144,2013-09-01,2018-09-01,Pending,,,2013-09-07,1,Mobile App,,documents/kyc/CUST_154/Voter_ID/154_326700.pdf
294,Passport,K9333393,2010-11-17,2020-11-17,Verified,52.0,2010-12-13,2010-11-17,1,Branch,,documents/kyc/CUST_294/Passport/294_352714.pdf
9,Driving License,DL716714854141,2026-07-22,2046-07-22,Verified,90.0,2026-08-04,2026-08-11,0,Internet Banking,,documents/kyc/CUST_9/Driving_License/9_332344.pdf
813,Aadhaar,542431854987,2010-05-03,,Verified,54.0,2010-05-15,2010-05-03,0,Mobile App,,documents/kyc/CUST_813/Aadhaar/813_476009.pdf
288,PAN,ZMOGB1030T,2016-09-20,,Verified,29.0,2016-10-15,2016-09-24,0,Internet Banking,,documents/kyc/CUST_288/PAN/288_154195.pdf
660,Driving License,DL842911362932,2015-07-13,2035-07-13,Verified,29.0,2015-07-21,2015-07-16,0,Mobile App,,documents/kyc/CUST_660/Driving_License/660_741457.pdf
51,Driving License,DL652008564463,2015-03-02,2035-03-02,Rejected,46.0,2015-03-07,2015-03-21,0,Mobile App,Document details mismatch,documents/kyc/CUST_51/Driving_License/51_638511.pdf
753,PAN,CNBPB5109I,2019-02-20,,Verified,11.0,2019-02-21,2019-03-04,0,Internet Banking,,documents/kyc/CUST_753/PAN/753_505122.pdf
818,Aadhaar,205057469244,2021-05-22,,Verified,31.0,2021-06-20,2021-06-06,0,Branch,,documents/kyc/CUST_818/Aadhaar/818_568982.pdf
226,Voter ID,VID856155646138,2015-04-09,2025-04-09,Verified,34.0,2015-04-23,2015-05-05,1,Branch,,documents/kyc/CUST_226/Voter_ID/226_300815.pdf
195,Voter ID,VID559769260351,2021-03-13,2026-03-13,Verified,90.0,2021-03-30,2021-03-15,1,Mobile App,,documents/kyc/CUST_195/Voter_ID/195_305352.pdf
859,Aadhaar,241284182465,2011-10-08,,Rejected,53.0,2011-11-06,2011-10-28,0,Internet Banking,Verification failed,documents/kyc/CUST_859/Aadhaar/859_738377.pdf
522,PAN,YTPFI3657S,2022-04-07,,Verified,61.0,2022-04-08,2022-04-24,0,Mobile App,,documents/kyc/CUST_522/PAN/522_631983.pdf
335,Aadhaar,315829469350,2010-04-04,,Verified,54.0,2010-04-29,2010-04-15,0,Branch,,documents/kyc/CUST_335/Aadhaar/335_114417.pdf
632,Aadhaar,845725741731,2025-02-09,,Pending,,,2025-02-14,0,Internet Banking,,documents/kyc/CUST_632/Aadhaar/632_689305.pdf
303,Aadhaar,731796481157,2017-05-13,,Verified,34.0,2017-06-05,2017-05-18,0,Mobile App,,documents/kyc/CUST_303/Aadhaar/303_803774.pdf
197,PAN,IXDKE7484R,2014-09-04,,Verified,88.0,2014-09-08,2014-09-08,0,Mobile App,,documents/kyc/CUST_197/PAN/197_707947.pdf
580,Voter ID,VID270174769277,2020-12-03,2025-12-03,Verified,79.0,2020-12-06,2020-12-04,1,Mobile App,,documents/kyc/CUST_580/Voter_ID/580_126368.pdf
90,PAN,CXNDR8447V,2016-07-17,,Verified,59.0,2016-08-04,2016-08-05,0,Internet Banking,,documents/kyc/CUST_90/PAN/90_667577.pdf
411,Driving License,DL741695016904,2010-03-02,2015-03-02,Verified,96.0,2010-03-27,2010-03-12,1,Branch,,documents/kyc/CUST_411/Driving_License/411_535363.pdf
868,Aadhaar,894284939485,2017-07-27,,Rejected,15.0,2017-08-16,2017-08-03,0,Mobile App,Verification failed,documents/kyc/CUST_868/Aadhaar/868_385236.pdf
179,Aadhaar,789798799962,2023-07-31,,Verified,19.0,2023-08-25,2023-08-26,0,Branch,,documents/kyc/CUST_179/Aadhaar/179_719281.pdf
730,Driving License,DL745734783200,2019-08-27,2024-08-27,Pending,,,2019-08-27,1,Mobile App,,documents/kyc/CUST_730/Driving_License/730_182078.pdf
569,Aadhaar,116765943336,2017-05-14,,Verified,39.0,2017-05-26,2017-06-12,0,Branch,,documents/kyc/CUST_569/Aadhaar/569_523032.pdf
199,Passport,R4282152,2022-02-19,2032-02-19,Verified,43.0,2022-03-20,2022-03-13,0,Internet Banking,,documents/kyc/CUST_199/Passport/199_733934.pdf
633,Driving License,DL724745394720,2020-03-05,2040-03-05,Verified,60.0,2020-03-21,2020-04-01,0,Branch,,documents/kyc/CUST_633/Driving_License/633_605862.pdf
716,Aadhaar,736021481021,2022-07-06,,Verified,10.0,2022-07-21,2022-07-24,0,Mobile App,,documents/kyc/CUST_716/Aadhaar/716_953569.pdf
110,Aadhaar,237206565643,2015-02-02,,Verified,22.0,2015-02-15,2015-02-04,0,Mobile App,,documents/kyc/CUST_110/Aadhaar/110_727653.pdf
204,Passport,P5301340,2022-02-14,2027-02-14,Pending,,,2022-03-10,0,Internet Banking,,documents/kyc/CUST_204/Passport/204_660215.pdf
379,Voter ID,VID691299983852,2011-01-09,2016-01-09,Failed,42.0,2011-01-10,2011-01-10,1,Branch,Document details mismatch,documents/kyc/CUST_379/Voter_ID/379_117585.pdf
302,PAN,LEEPP1215S,2016-05-07,,Verified,21.0,2016-05-19,2016-05-11,0,Mobile App,,documents/kyc/CUST_302/PAN/302_663664.pdf
927,Aadhaar,303803396788,2010-03-23,,Pending,,,2010-04-05,0,Mobile App,,documents/kyc/CUST_927/Aadhaar/927_712589.pdf
873,Driving License,DL800346974060,2020-02-07,2030-02-07,Verified,43.0,2020-03-04,2020-02-22,0,Internet Banking,,documents/kyc/CUST_873/Driving_License/873_251581.pdf
532,Driving License,DL506995290779,2011-03-05,2016-03-05,Verified,2.0,2011-03-28,2011-03-07,1,Internet Banking,,documents/kyc/CUST_532/Driving_License/532_359025.pdf
472,Passport,K8674126,2022-10-03,2032-10-03,Pending,,,2022-10-21,0,Mobile App,,documents/kyc/CUST_472/Passport/472_100033.pdf
87,PAN,TVOOM5157G,2021-07-22,,Verified,75.0,2021-07-27,2021-07-30,0,Mobile App,,documents/kyc/CUST_87/PAN/87_483596.pdf
520,Aadhaar,276170817357,2020-09-21,,Rejected,91.0,2020-10-07,2020-10-19,0,Mobile App,Verification failed,documents/kyc/CUST_520/Aadhaar/520_484064.pdf
373,Aadhaar,158472846038,2022-12-12,,Verified,9.0,2022-12-15,2023-01-02,0,Mobile App,,documents/kyc/CUST_373/Aadhaar/373_848372.pdf
400,Driving License,DL558744804982,2018-01-13,2028-01-13,Verified,57.0,2018-01-31,2018-01-22,0,Internet Banking,,documents/kyc/CUST_400/Driving_License/400_397136.pdf
431,Voter ID,VID875363738408,2020-09-09,2025-09-09,Verified,55.0,2020-09-27,2020-09-16,1,Mobile App,,documents/kyc/CUST_431/Voter_ID/431_567645.pdf
934,Voter ID,VID667634961046,2019-09-21,2029-09-21,Verified,21.0,2019-09-28,2019-09-24,0,Mobile App,,documents/kyc/CUST_934/Voter_ID/934_139127.pdf
588,Voter ID,VID149066426812,2018-07-03,2023-07-03,Pending,,,2018-07-27,1,Mobile App,,documents/kyc/CUST_588/Voter_ID/588_772711.pdf
169,PAN,QZRLO7784U,2019-12-22,,Verified,15.0,2020-01-01,2020-01-06,0,Branch,,documents/kyc/CUST_169/PAN/169_428625.pdf
361,Passport,S6926922,2013-09-09,2023-09-09,Verified,87.0,2013-10-08,2013-09-21,1,Internet Banking,,documents/kyc/CUST_361/Passport/361_584670.pdf
997,Passport,X3782392,2010-07-18,2015-07-18,Verified,76.0,2010-08-08,2010-07-22,1,Mobile App,,documents/kyc/CUST_997/Passport/997_630036.pdf
865,Aadhaar,956811206694,2013-05-05,,Verified,1.0,2013-05-23,2013-05-17,0,Mobile App,,documents/kyc/CUST_865/Aadhaar/865_122475.pdf
147,Aadhaar,617309977495,2022-07-19,,Verified,98.0,2022-08-16,2022-08-02,0,Mobile App,,documents/kyc/CUST_147/Aadhaar/147_215088.pdf
948,Passport,Q4966861,2023-09-28,2033-09-28,Verified,51.0,2023-10-11,2023-10-09,0,Branch,,documents/kyc/CUST_948/Passport/948_344766.pdf
920,Voter ID,VID386518025484,2014-02-17,2019-02-17,Verified,46.0,2014-02-23,2014-02-17,1,Mobile App,,documents/kyc/CUST_920/Voter_ID/920_496383.pdf
600,PAN,MYFNA1201I,2017-01-04,,Rejected,16.0,2017-01-23,2017-01-23,0,Mobile App,Document expired,documents/kyc/CUST_600/PAN/600_946128.pdf
591,Driving License,DL992084204739,2021-12-22,2031-12-22,Pending,,,2022-01-09,0,Branch,,documents/kyc/CUST_591/Driving_License/591_341695.pdf
944,Driving License,DL898873198746,2017-06-17,2027-06-17,Verified,47.0,2017-06-20,2017-07-03,0,Branch,,documents/kyc/CUST_944/Driving_License/944_776989.pdf
489,PAN,NCGYG9452R,2018-02-27,,Verified,2.0,2018-03-26,2018-03-03,0,Mobile App,,documents/kyc/CUST_489/PAN/489_212615.pdf
105,Driving License,DL697661668418,2014-08-31,2019-08-31,Verified,21.0,2014-09-03,2014-09-23,1,Internet Banking,,documents/kyc/CUST_105/Driving_License/105_492467.pdf
632,Voter ID,VID862800194781,2019-05-16,2029-05-16,Verified,47.0,2019-05-28,2019-06-01,0,Mobile App,,documents/kyc/CUST_632/Voter_ID/632_586508.pdf
1,Aadhaar,527679953206,2012-07-16,,Rejected,84.0,2012-08-11,2012-08-15,0,Internet Banking,Verification failed,documents/kyc/CUST_1/Aadhaar/1_107769.pdf
210,Passport,H6053766,2025-06-12,2035-06-12,Verified,33.0,2025-07-03,2025-07-10,0,Mobile App,,documents/kyc/CUST_210/Passport/210_295590.pdf
636,Passport,F9504659,2022-12-20,2032-12-20,Verified,98.0,2022-12-23,2023-01-14,0,Mobile App,,documents/kyc/CUST_636/Passport/636_623829.pdf
818,Driving License,DL184600135113,2013-08-15,2023-08-15,Verified,83.0,2013-09-07,2013-09-09,1,Mobile App,,documents/kyc/CUST_818/Driving_License/818_745750.pdf
25,Passport,P7978279,2016-04-30,2021-04-30,Verified,24.0,2016-05-23,2016-05-25,1,Mobile App,,documents/kyc/CUST_25/Passport/25_332172.pdf
506,Aadhaar,115980991434,2024-09-14,,Verified,42.0,2024-10-11,2024-10-08,0,Mobile App,,documents/kyc/CUST_506/Aadhaar/506_393610.pdf
958,Aadhaar,742608067113,2015-12-04,,Rejected,92.0,2015-12-13,2015-12-11,0,Branch,Document expired,documents/kyc/CUST_958/Aadhaar/958_243475.pdf
336,Driving License,DL203864697588,2024-11-18,2034-11-18,Verified,80.0,2024-12-16,2024-12-04,0,Branch,,documents/kyc/CUST_336/Driving_License/336_448557.pdf
667,Passport,X1959957,2019-07-26,2024-07-26,Pending,,,2019-08-19,1,Mobile App,,documents/kyc/CUST_667/Passport/667_890004.pdf
943,PAN,SSHCP7678B,2018-12-10,,Pending,,,2018-12-20,0,Mobile App,,documents/kyc/CUST_943/PAN/943_106231.pdf
310,Passport,X9407611,2011-01-18,2016-01-18,Verified,100.0,2011-01-25,2011-02-13,1,Mobile App,,documents/kyc/CUST_310/Passport/310_881680.pdf
135,Voter ID,VID329997869176,2012-06-23,2022-06-23,Verified,62.0,2012-07-14,2012-07-08,1,Branch,,documents/kyc/CUST_135/Voter_ID/135_358379.pdf
803,Passport,D8662060,2013-11-03,2023-11-03,Verified,52.0,2013-11-14,2013-11-06,1,Mobile App,,documents/kyc/CUST_803/Passport/803_201327.pdf
532,Passport,W9341643,2024-04-18,2034-04-18,Verified,23.0,2024-04-22,2024-05-09,0,Internet Banking,,documents/kyc/CUST_532/Passport/532_412264.pdf
71,PAN,NSYZF3333F,2013-04-26,,Verified,26.0,2013-04-27,2013-05-07,0,Mobile App,,documents/kyc/CUST_71/PAN/71_538703.pdf
571,Voter ID,VID846676663046,2025-09-03,2030-09-03,Rejected,93.0,2025-10-03,2025-09-05,0,Mobile App,Document expired,documents/kyc/CUST_571/Voter_ID/571_403063.pdf
688,Driving License,DL317068683195,2020-08-24,2040-08-24,Verified,88.0,2020-09-13,2020-09-06,0,Mobile App,,documents/kyc/CUST_688/Driving_License/688_187753.pdf
121,Aadhaar,497512731795,2019-05-19,,Verified,71.0,2019-06-11,2019-05-20,0,Mobile App,,documents/kyc/CUST_121/Aadhaar/121_394296.pdf
628,PAN,SWZAI9013G,2018-02-16,,Pending,,,2018-02-26,0,Mobile App,,documents/kyc/CUST_628/PAN/628_666458.pdf
634,PAN,TOQSL6759K,2024-12-25,,Verified,29.0,2025-01-06,2025-01-06,0,Mobile App,,documents/kyc/CUST_634/PAN/634_640169.pdf
405,PAN,XILLT2628Y,2010-03-15,,Pending,,,2010-04-08,0,Branch,,documents/kyc/CUST_405/PAN/405_232621.pdf
146,Driving License,DL968431809502,2011-10-04,2021-10-04,Verified,77.0,2011-11-01,2011-10-29,1,Branch,,documents/kyc/CUST_146/Driving_License/146_721231.pdf
522,Driving License,DL207155282131,2024-02-22,2029-02-22,Pending,,,2024-03-08,0,Branch,,documents/kyc/CUST_522/Driving_License/522_332997.pdf
211,Driving License,DL172054806156,2011-08-18,2021-08-18,Verified,48.0,2011-09-04,2011-08-19,1,Mobile App,,documents/kyc/CUST_211/Driving_License/211_993309.pdf
452,Passport,N6759563,2018-09-15,2023-09-15,Verified,31.0,2018-09-24,2018-10-01,1,Branch,,documents/kyc/CUST_452/Passport/452_361902.pdf
581,PAN,BEEYL4001X,2018-09-03,,Verified,43.0,2018-09-16,2018-09-30,0,Branch,,documents/kyc/CUST_581/PAN/581_828528.pdf
572,Aadhaar,237002220609,2022-12-15,,Pending,,,2023-01-12,0,Mobile App,,documents/kyc/CUST_572/Aadhaar/572_491652.pdf
301,Aadhaar,980042996207,2017-08-29,,Verified,61.0,2017-09-13,2017-09-13,0,Mobile App,,documents/kyc/CUST_301/Aadhaar/301_740692.pdf
420,Passport,O5114832,2018-01-01,2023-01-01,Rejected,19.0,2018-01-20,2018-01-04,1,Mobile App,Invalid document,documents/kyc/CUST_420/Passport/420_135157.pdf
960,Voter ID,VID380591226301,2012-02-05,2017-02-05,Verified,31.0,2012-02-23,2012-02-18,1,Mobile App,,documents/kyc/CUST_960/Voter_ID/960_508455.pdf
488,Driving License,DL802440051536,2018-05-09,2028-05-09,Verified,38.0,2018-05-12,2018-06-05,0,Internet Banking,,documents/kyc/CUST_488/Driving_License/488_302323.pdf
674,Voter ID,VID323809767379,2010-01-05,2020-01-05,Verified,76.0,2010-01-12,2010-01-26,1,Branch,,documents/kyc/CUST_674/Voter_ID/674_580801.pdf
899,Passport,C9965815,2015-11-16,2025-11-16,Verified,33.0,2015-12-06,2015-11-23,1,Branch,,documents/kyc/CUST_899/Passport/899_698705.pdf
893,Voter ID,VID865754309295,2017-07-17,2022-07-17,Verified,14.0,2017-08-10,2017-08-02,1,Branch,,documents/kyc/CUST_893/Voter_ID/893_296252.pdf
217,PAN,KFDSS2657M,2020-06-05,,Verified,61.0,2020-06-27,2020-06-05,0,Branch,,documents/kyc/CUST_217/PAN/217_233080.pdf
968,Passport,Y5865252,2019-06-06,2029-06-06,Verified,27.0,2019-06-12,2019-06-22,0,Mobile App,,documents/kyc/CUST_968/Passport/968_621563.pdf
636,PAN,OAAYJ8005J,2021-02-08,,Verified,31.0,2021-02-13,2021-02-28,0,Mobile App,,documents/kyc/CUST_636/PAN/636_857418.pdf
189,Driving License,DL106888744910,2017-01-17,2022-01-17,Rejected,29.0,2017-01-27,2017-01-26,1,Branch,Incorrect document information,documents/kyc/CUST_189/Driving_License/189_157418.pdf
100,Driving License,DL580668712494,2019-09-26,2029-09-26,Verified,62.0,2019-10-20,2019-10-03,0,Mobile App,,documents/kyc/CUST_100/Driving_License/100_619415.pdf
977,Driving License,DL120345596096,2025-11-09,2030-11-09,Failed,69.0,2025-11-14,2025-11-09,0,Internet Banking,Document details mismatch,documents/kyc/CUST_977/Driving_License/977_885658.pdf
260,Aadhaar,865218082834,2021-03-10,,Verified,12.0,2021-03-24,2021-03-24,0,Mobile App,,documents/kyc/CUST_260/Aadhaar/260_901470.pdf
750,Passport,Q4314533,2018-12-27,2028-12-27,Verified,4.0,2019-01-02,2019-01-04,0,Mobile App,,documents/kyc/CUST_750/Passport/750_584311.pdf
97,Driving License,DL896200667554,2012-12-03,2032-12-03,Failed,19.0,2012-12-27,2012-12-10,0,Mobile App,Incorrect document information,documents/kyc/CUST_97/Driving_License/97_162735.pdf
647,Driving License,DL606316882854,2020-09-17,2040-09-17,Verified,48.0,2020-10-09,2020-09-27,0,Branch,,documents/kyc/CUST_647/Driving_License/647_325352.pdf
458,Driving License,DL767474507377,2015-01-01,2020-01-01,Verified,84.0,2015-01-27,2015-01-09,1,Mobile App,,documents/kyc/CUST_458/Driving_License/458_285163.pdf
158,Passport,K4325978,2014-02-07,2019-02-07,Pending,,,2014-02-12,1,Branch,,documents/kyc/CUST_158/Passport/158_623758.pdf
745,PAN,TFJUE1515L,2015-07-01,,Verified,70.0,2015-07-09,2015-07-01,0,Mobile App,,documents/kyc/CUST_745/PAN/745_441213.pdf
15,PAN,MTACH1037B,2013-01-30,,Verified,51.0,2013-02-19,2013-02-26,0,Mobile App,,documents/kyc/CUST_15/PAN/15_101975.pdf
543,Passport,M8965097,2011-07-24,2021-07-24,Verified,51.0,2011-08-08,2011-08-14,1,Mobile App,,documents/kyc/CUST_543/Passport/543_628931.pdf
96,Passport,C2905610,2018-03-30,2028-03-30,Verified,15.0,2018-04-09,2018-04-18,0,Branch,,documents/kyc/CUST_96/Passport/96_335339.pdf
76,Driving License,DL269653059369,2022-08-04,2042-08-04,Pending,,,2022-08-17,0,Internet Banking,,documents/kyc/CUST_76/Driving_License/76_216341.pdf
791,PAN,KXHFW7820B,2013-02-23,,Verified,8.0,2013-02-25,2013-03-10,0,Mobile App,,documents/kyc/CUST_791/PAN/791_611463.pdf
110,Driving License,DL159885947568,2025-05-03,2045-05-03,Verified,29.0,2025-05-10,2025-05-05,0,Branch,,documents/kyc/CUST_110/Driving_License/110_537480.pdf
207,PAN,GDVIL2612B,2025-10-23,,Rejected,87.0,2025-11-02,2025-11-15,0,Mobile App,Invalid document,documents/kyc/CUST_207/PAN/207_806181.pdf
962,PAN,PPYVN9637Q,2019-03-31,,Verified,47.0,2019-04-17,2019-04-09,0,Internet Banking,,documents/kyc/CUST_962/PAN/962_958011.pdf
821,Passport,S8234401,2020-08-04,2025-08-04,Verified,19.0,2020-08-18,2020-08-28,1,Mobile App,,documents/kyc/CUST_821/Passport/821_684341.pdf
874,Aadhaar,501484981597,2020-10-04,,Verified,41.0,2020-10-16,2020-10-29,0,Mobile App,,documents/kyc/CUST_874/Aadhaar/874_750922.pdf
448,Passport,Z2236370,2025-03-08,2035-03-08,Verified,13.0,2025-03-16,2025-03-18,0,Mobile App,,documents/kyc/CUST_448/Passport/448_505326.pdf
11,Aadhaar,816892326753,2011-07-17,,Verified,82.0,2011-07-22,2011-07-17,0,Branch,,documents/kyc/CUST_11/Aadhaar/11_199110.pdf
485,PAN,TQILR7312H,2024-02-01,,Rejected,33.0,2024-02-10,2024-02-06,0,Mobile App,Invalid document,documents/kyc/CUST_485/PAN/485_284157.pdf
694,Driving License,DL596647572149,2022-04-29,2027-04-29,Rejected,76.0,2022-05-12,2022-05-13,0,Mobile App,Document image unclear,documents/kyc/CUST_694/Driving_License/694_537710.pdf
822,Passport,T5391939,2022-10-18,2027-10-18,Verified,34.0,2022-10-21,2022-11-02,0,Mobile App,,documents/kyc/CUST_822/Passport/822_852734.pdf
852,PAN,RIQSE1198W,2015-03-31,,Verified,62.0,2015-04-27,2015-04-21,0,Mobile App,,documents/kyc/CUST_852/PAN/852_713460.pdf
969,Aadhaar,273219297094,2010-09-01,,Rejected,79.0,2010-10-01,2010-09-06,0,Branch,Verification failed,documents/kyc/CUST_969/Aadhaar/969_405848.pdf
88,Driving License,DL693675405048,2015-08-19,2020-08-19,Verified,69.0,2015-09-09,2015-08-22,1,Mobile App,,documents/kyc/CUST_88/Driving_License/88_370501.pdf
859,Voter ID,VID746575047614,2022-04-12,2032-04-12,Pending,,,2022-04-14,0,Mobile App,,documents/kyc/CUST_859/Voter_ID/859_958697.pdf
263,Passport,Z5478628,2023-05-08,2033-05-08,Rejected,99.0,2023-06-02,2023-06-02,0,Branch,Document image unclear,documents/kyc/CUST_263/Passport/263_590412.pdf
516,Voter ID,VID510354572055,2018-05-03,2028-05-03,Rejected,71.0,2018-05-17,2018-05-23,0,Mobile App,Invalid document,documents/kyc/CUST_516/Voter_ID/516_669960.pdf
688,Passport,K2078066,2022-06-05,2027-06-05,Verified,3.0,2022-06-28,2022-06-22,0,Branch,,documents/kyc/CUST_688/Passport/688_264848.pdf
629,Passport,G1607689,2018-05-11,2028-05-11,Rejected,27.0,2018-06-04,2018-05-22,0,Mobile App,Document expired,documents/kyc/CUST_629/Passport/629_935460.pdf
104,Aadhaar,998506146896,2013-08-21,,Verified,21.0,2013-09-11,2013-08-22,0,Mobile App,,documents/kyc/CUST_104/Aadhaar/104_360976.pdf
781,Aadhaar,468470473174,2011-08-14,,Verified,83.0,2011-09-05,2011-09-06,0,Mobile App,,documents/kyc/CUST_781/Aadhaar/781_939192.pdf
545,Driving License,DL188914478277,2026-02-07,2031-02-07,Verified,28.0,2026-02-14,2026-02-14,0,Branch,,documents/kyc/CUST_545/Driving_License/545_463060.pdf
360,PAN,REVOQ5260M,2022-12-06,,Verified,77.0,2022-12-13,2023-01-03,0,Mobile App,,documents/kyc/CUST_360/PAN/360_598297.pdf
783,Passport,T2269693,2025-10-02,2030-10-02,Verified,42.0,2025-10-16,2025-10-22,0,Mobile App,,documents/kyc/CUST_783/Passport/783_929404.pdf
375,Driving License,DL481306615172,2018-12-25,2038-12-25,Verified,49.0,2019-01-24,2019-01-12,0,Mobile App,,documents/kyc/CUST_375/Driving_License/375_756563.pdf
193,Passport,P6141822,2016-05-25,2026-05-25,Verified,10.0,2016-06-10,2016-06-14,1,Mobile App,,documents/kyc/CUST_193/Passport/193_960769.pdf
427,Aadhaar,437447627588,2026-03-17,,Failed,55.0,2026-04-08,2026-03-19,0,Branch,Verification failed,documents/kyc/CUST_427/Aadhaar/427_698951.pdf
715,Passport,T2919538,2015-06-17,2020-06-17,Verified,65.0,2015-07-09,2015-07-12,1,Mobile App,,documents/kyc/CUST_715/Passport/715_238979.pdf
94,Driving License,DL401550358224,2017-04-13,2022-04-13,Rejected,21.0,2017-04-17,2017-05-11,1,Mobile App,Invalid document,documents/kyc/CUST_94/Driving_License/94_561901.pdf
257,Aadhaar,623357723398,2018-06-02,,Failed,64.0,2018-06-08,2018-06-20,0,Internet Banking,Incorrect document information,documents/kyc/CUST_257/Aadhaar/257_980688.pdf
328,Passport,K8841960,2025-12-07,2030-12-07,Verified,99.0,2025-12-29,2025-12-24,0,Mobile App,,documents/kyc/CUST_328/Passport/328_618501.pdf
916,Aadhaar,306627720174,2023-08-17,,Verified,67.0,2023-08-22,2023-08-25,0,Branch,,documents/kyc/CUST_916/Aadhaar/916_897029.pdf
424,PAN,UMZIS3471O,2017-05-31,,Rejected,67.0,2017-06-03,2017-06-19,0,Internet Banking,Verification failed,documents/kyc/CUST_424/PAN/424_564327.pdf
11,Driving License,DL910183907371,2016-08-21,2026-08-21,Verified,63.0,2016-09-05,2016-08-27,0,Branch,,documents/kyc/CUST_11/Driving_License/11_459569.pdf
935,Aadhaar,234103806983,2026-03-06,,Verified,77.0,2026-03-17,2026-03-18,0,Branch,,documents/kyc/CUST_935/Aadhaar/935_604115.pdf
339,Passport,Y6992556,2017-06-15,2027-06-15,Pending,,,2017-06-24,0,Mobile App,,documents/kyc/CUST_339/Passport/339_157901.pdf
466,PAN,XNNLC2930D,2016-05-24,,Verified,60.0,2016-05-31,2016-06-09,0,Mobile App,,documents/kyc/CUST_466/PAN/466_977668.pdf
295,Voter ID,VID312012834364,2021-05-19,2031-05-19,Verified,5.0,2021-06-17,2021-06-08,0,Branch,,documents/kyc/CUST_295/Voter_ID/295_911231.pdf
188,Passport,W7366513,2023-06-09,2028-06-09,Failed,44.0,2023-06-19,2023-07-01,0,Mobile App,Document expired,documents/kyc/CUST_188/Passport/188_553291.pdf
217,Driving License,DL341583602652,2016-06-03,2026-06-03,Verified,77.0,2016-06-20,2016-07-03,1,Branch,,documents/kyc/CUST_217/Driving_License/217_900982.pdf
586,Aadhaar,370049706428,2016-12-24,,Verified,6.0,2016-12-30,2017-01-11,0,Mobile App,,documents/kyc/CUST_586/Aadhaar/586_554921.pdf
