customer_name,mobile_number,email,dob,gender,occupation,house_no,street,area,city,state,pincode,country,pan_number,kyc_status,created_at,customer_status,login_status
Nirja Mistry,9554919776,nirja.mistry0@gmail.com,1989-06-01,Female,Business Owner,679,Deol Street,Ville,Hyderabad,Telangana,500001,India,AQYKQ6770H,Verified,2024-04-18 12:48:43,Active,Active
Yahvi Anne,9275530207,yahvi.anne1@gmail.com,2003-04-22,Other,Sales Executive,585,Nagi Zila,Ville,Chennai,Tamil Nadu,600001,India,GOTPO6231I,Verified,2022-07-05 09:57:44,Active,Active
Neha Varughese,6103322970,neha.varughese2@gmail.com,2004-06-09,Female,Marketing Manager,415,Basu Nagar,Ville,Jaipur,Rajasthan,302001,India,MJUXB2933R,Verified,2024-11-11 07:26:36,Active,Active
Joshua Deep,8762715687,joshua.deep3@gmail.com,1989-04-13,Male,Business Owner,801,Gill,Ville,Kota,Rajasthan,324001,India,GKAHV5715Y,Verified,2023-09-18 22:21:28,Active,Active
Fitan Chada,9898109254,fitan.chada4@gmail.com,1980-05-20,Male,Business Owner,807,Bala Circle,Ville,Mumbai,Maharashtra,400001,India,EMLYY8998W,Verified,2022-07-02 14:53:44,Active,Active
Aarnav Rastogi,8015599474,aarnav.rastogi5@gmail.com,2003-09-16,Male,Student,750,Bal Circle,Ville,Kota,Rajasthan,324001,India,RMOLF8786R,Verified,2023-01-10 22:36:57,Active,Active
Wyatt Korpal,7759872292,wyatt.korpal6@gmail.com,1992-05-13,Male,Bank Employee,193,Raghavan Ganj,Ville,Bhopal,Madhya Pradesh,462001,India,OSOCR5772O,Rejected,2023-07-27 13:39:47,Active,Active
Kiaan Bhasin,8094333773,kiaan.bhasin7@gmail.com,2005-07-16,Male,Government Employee,490,Ghosh Street,Ville,Kolkata,West Bengal,700001,India,BCCPX6187R,Verified,2023-01-07 17:38:29,Active,Active
Praneel Rau,7581865604,praneel.rau8@gmail.com,1992-10-13,Male,Student,775,Pall Path,Ville,Hyderabad,Telangana,500001,India,AMULB2461E,Verified,2022-02-13 08:22:03,Active,Active
Damini Subramaniam,7053072327,damini.subramaniam9@gmail.com,1972-01-22,Female,Student,966,Mallick Circle,Ville,Kanpur,Uttar Pradesh,208001,India,IPCFS1876W,Verified,2026-05-17 22:21:02,Active,Active
Krisha Dasgupta,6847362865,krisha.dasgupta10@gmail.com,1986-02-24,Female,Accountant,78,Kalita Circle,Ville,Hyderabad,Telangana,500001,India,ARVEH0737Q,Verified,2023-03-07 22:08:59,Active,Active
Madhavi Shukla,8219387978,madhavi.shukla11@gmail.com,1989-07-15,Female,Engineer,20,Sarin Ganj,Ville,Kolkata,West Bengal,700001,India,OSGEY6463V,Verified,2023-11-19 08:34:04,Active,Active
Sneha Korpal,6622245408,sneha.korpal12@gmail.com,2003-09-14,Female,Accountant,514,Chandra Zila,Ville,Patna,Bihar,800001,India,AAHHK9936P,Verified,2025-09-02 12:18:48,Active,Active
Sanaya Soni,7871215986,sanaya.soni13@gmail.com,1977-03-24,Female,Bank Employee,764,Misra,Ville,Bhopal,Madhya Pradesh,462001,India,TSTWW4053X,Verified,2023-01-24 09:10:27,Active,Active
Aarush Das,9202359412,aarush.das14@gmail.com,1983-10-18,Male,Sales Executive,618,Agate Ganj,Ville,Jaipur,Rajasthan,302001,India,OUOPX3240C,Verified,2023-06-26 20:08:01,Active,Active
Nihal Jani,7206010620,nihal.jani15@gmail.com,1972-11-16,Male,Software Engineer,66,Chaudhry Zila,Ville,Bhopal,Madhya Pradesh,462001,India,SPTWS3711O,Verified,2022-12-10 21:10:57,Active,Active
Zaid Jhaveri,9846238708,zaid.jhaveri16@gmail.com,1982-06-22,Male,Accountant,409,Deo Path,Ville,Bhopal,Madhya Pradesh,462001,India,SDDMD6559A,Verified,2023-12-30 23:48:04,Active,Active
Ridhi Korpal,8424008055,ridhi.korpal17@gmail.com,1982-06-12,Female,Self Employed,719,Seth Chowk,Ville,Lucknow,Uttar Pradesh,226001,India,IXCGW2244U,Verified,2025-05-16 23:09:33,Active,Active
Qabil Borde,8280061261,qabil.borde18@gmail.com,1983-02-06,Male,Self Employed,141,Sharma Ganj,Ville,Lucknow,Uttar Pradesh,226001,India,QGFVU6291L,Verified,2024-09-09 05:37:29,Active,Active
Ranveer Randhawa,7071371841,ranveer.randhawa19@gmail.com,1980-02-27,Male,Teacher,338,Memon Nagar,Ville,Chennai,Tamil Nadu,600001,India,ILZIC1697O,Pending,2023-07-08 07:43:37,Active,Active
Sathvik Jhaveri,9211733652,sathvik.jhaveri20@gmail.com,1994-08-29,Male,Doctor,587,Saxena,Ville,Mumbai,Maharashtra,400001,India,TIXFI4913Q,Verified,2026-01-18 13:10:14,Active,Active
Zashil Sekhon,8003328921,zashil.sekhon21@gmail.com,1992-04-03,Male,Bank Employee,147,Madan Chowk,Ville,Kanpur,Uttar Pradesh,208001,India,KWVLC6314S,Pending,2024-07-27 16:50:43,Active,Active
Advika Bali,6697377144,advika.bali22@gmail.com,1996-12-27,Female,Teacher,674,Ratti Chowk,Ville,Bhopal,Madhya Pradesh,462001,India,QBCEO8240F,Verified,2022-09-20 08:47:11,Active,Active
Timothy Pingle,7319958470,timothy.pingle23@gmail.com,1995-10-01,Male,HR Manager,232,Deep Circle,Ville,Bhopal,Madhya Pradesh,462001,India,FBAYG6147H,Verified,2026-05-10 05:33:10,Active,Active
Samesh Sha,7077815703,samesh.sha24@gmail.com,2003-08-13,Male,Marketing Manager,516,Roy Chowk,Ville,Pune,Maharashtra,411001,India,EVHPN8635C,Verified,2022-03-19 10:52:35,Inactive,Active
Upma Kulkarni,9282258089,upma.kulkarni25@gmail.com,1991-02-10,Other,Self Employed,556,Sachar Road,Ville,Delhi,Delhi,110001,India,CMBEA8894C,Verified,2022-01-30 13:26:39,Active,Active
Aadi Sabharwal,8806411616,aadi.sabharwal26@gmail.com,1976-09-03,Male,Self Employed,880,Chatterjee Road,Ville,Kolkata,West Bengal,700001,India,ZWGJE4939O,Verified,2026-03-24 23:14:55,Active,Active
Advay Narang,9115597598,advay.narang27@gmail.com,2003-10-25,Male,Student,296,Tailor Path,Ville,Kota,Rajasthan,324001,India,FMMCO2257E,Verified,2022-02-25 20:49:25,Blocked,Blocked
Max Kala,9458389466,max.kala28@gmail.com,1991-09-25,Other,Marketing Manager,640,Basu Nagar,Ville,Jaipur,Rajasthan,302001,India,EKPQV6108F,Verified,2024-10-18 03:45:53,Active,Active
Sudiksha Pingle,8009299675,sudiksha.pingle29@gmail.com,1975-01-30,Female,Accountant,11,Wali Nagar,Ville,Jaipur,Rajasthan,302001,India,JYYEX7528H,Verified,2021-10-08 15:58:44,Active,Active
Frado Krish,9379987170,frado.krish30@gmail.com,1990-10-03,Male,Teacher,557,Chakrabarti Circle,Ville,Jaipur,Rajasthan,302001,India,WUTAB5556O,Rejected,2026-03-18 18:00:55,Blocked,Blocked
Maanas Mani,9923797348,maanas.mani31@gmail.com,1974-07-19,Male,Engineer,894,Bhatti Road,Ville,Chennai,Tamil Nadu,600001,India,UBQWN4863T,Verified,2022-06-09 14:37:35,Inactive,Active
Ayushman Chaudhuri,8456537097,ayushman.chaudhuri32@gmail.com,1999-02-02,Male,Consultant,188,Sarkar Nagar,Ville,Patna,Bihar,800001,India,HOCNT8145G,Verified,2025-08-13 20:16:36,Active,Active
Siya Cheema,9507889375,siya.cheema33@gmail.com,1982-02-13,Female,HR Manager,874,Raja Zila,Ville,Bengaluru,Karnataka,560001,India,BWLDA7179H,Verified,2022-02-10 20:53:06,Active,Active
Oviya Walla,8051403753,oviya.walla34@gmail.com,1977-10-18,Female,Engineer,48,Kalla Path,Ville,Hyderabad,Telangana,500001,India,SARRJ7301Y,Verified,2022-04-22 17:36:35,Active,Active
Bahadurjit Bala,7958855015,bahadurjit.bala35@gmail.com,2005-11-14,Male,Software Engineer,428,Shan Chowk,Ville,Delhi,Delhi,110001,India,SNEEH4885I,Verified,2022-12-15 18:19:56,Blocked,Blocked
Geetika Bumb,8620604816,geetika.bumb36@gmail.com,1997-07-14,Female,Marketing Manager,723,Murty Ganj,Ville,Ahmedabad,Gujarat,380001,India,IDMIL8815B,Verified,2025-08-09 12:32:27,Active,Active
Thomas D’Alia,7191114298,thomas.d’alia37@gmail.com,1985-09-18,Male,Government Employee,5,Goswami Zila,Ville,Kolkata,West Bengal,700001,India,UVOFP6751O,Verified,2024-11-05 06:14:13,Active,Active
Nimrat Patel,9561937269,nimrat.patel38@gmail.com,2005-03-27,Female,Accountant,129,Vyas Ganj,Ville,Delhi,Delhi,110001,India,DVSQU3845O,Verified,2023-07-22 02:40:04,Active,Active
Andrew Thakur,8232858657,andrew.thakur39@gmail.com,1982-09-30,Male,Marketing Manager,714,Sharaf Zila,Ville,Hyderabad,Telangana,500001,India,MTPIZ1370A,Verified,2026-02-11 14:49:24,Active,Active
Logan Gaba,6760940010,logan.gaba40@gmail.com,1978-03-21,Male,Lawyer,581,Lata Circle,Ville,Kolkata,West Bengal,700001,India,DNRND2338O,Verified,2023-09-27 23:56:11,Active,Active
Kashvi Prabhakar,8463260940,kashvi.prabhakar41@gmail.com,2002-09-20,Female,Government Employee,113,Prabhakar Path,Ville,Bhopal,Madhya Pradesh,462001,India,UPYCE0658R,Pending,2021-10-27 16:03:56,Active,Active
Maanav Deshpande,7973356860,maanav.deshpande42@gmail.com,1988-04-25,Male,Marketing Manager,555,Shanker Nagar,Ville,Pune,Maharashtra,411001,India,KVDNS9255W,Verified,2023-06-09 00:40:00,Active,Active
Abdul Lalla,6511583667,abdul.lalla43@gmail.com,1998-09-12,Male,Accountant,996,Dyal Street,Ville,Chennai,Tamil Nadu,600001,India,GNVKM1708R,Verified,2026-03-19 19:35:54,Active,Active
Bhanumati Bumb,8822960706,bhanumati.bumb44@gmail.com,1982-06-16,Other,Sales Executive,845,Chacko Marg,Ville,Ahmedabad,Gujarat,380001,India,KSHBB0362I,Pending,2022-08-18 19:35:34,Inactive,Active
Bhavna Gulati,9762961414,bhavna.gulati45@gmail.com,2005-01-10,Female,HR Manager,821,Bail Path,Ville,Ahmedabad,Gujarat,380001,India,CBDYU4181C,Verified,2024-08-29 20:41:04,Active,Active
Gavin Sankaran,6065705237,gavin.sankaran46@gmail.com,1988-04-08,Male,Marketing Manager,531,Shetty Street,Ville,Pune,Maharashtra,411001,India,DYEXH6100Y,Pending,2025-01-27 18:09:46,Active,Active
Lavanya Talwar,9793011540,lavanya.talwar47@gmail.com,1982-03-28,Female,Accountant,626,Grewal Zila,Ville,Chennai,Tamil Nadu,600001,India,MXSOO8317A,Verified,2022-09-28 20:28:30,Active,Active
Darsh Raja,7688647756,darsh.raja48@gmail.com,2003-10-09,Male,Student,374,Talwar Street,Ville,Jaipur,Rajasthan,302001,India,RAKHA1713Y,Verified,2023-07-13 21:57:04,Active,Active
Hema Mukhopadhyay,7686549594,hema.mukhopadhyay49@gmail.com,2003-10-21,Female,HR Manager,584,Cheema Road,Ville,Kolkata,West Bengal,700001,India,AUVXT8795G,Verified,2023-09-20 07:11:52,Active,Active
Rajeshri Luthra,8739283120,rajeshri.luthra50@gmail.com,1982-05-28,Female,Business Owner,795,Deol Marg,Ville,Mumbai,Maharashtra,400001,India,MZXFB1000F,Rejected,2022-10-16 12:32:11,Active,Active
Madhavi Handa,7600808274,madhavi.handa51@gmail.com,1979-05-19,Female,Lawyer,244,Ramakrishnan Path,Ville,Delhi,Delhi,110001,India,DFIMT4309L,Verified,2025-01-23 21:58:58,Active,Active
Samaksh Gopal,7516693975,samaksh.gopal52@gmail.com,1986-11-14,Male,Marketing Manager,481,Tank Marg,Ville,Pune,Maharashtra,411001,India,KRKET7585D,Verified,2023-07-29 21:33:48,Active,Active
Nilima Trivedi,9600934235,nilima.trivedi53@gmail.com,2004-02-12,Female,Lawyer,925,Rama Ganj,Ville,Bhopal,Madhya Pradesh,462001,India,YYRDU0396O,Verified,2022-06-28 09:22:50,Active,Active
Ishita Soman,6063019541,ishita.soman54@gmail.com,2003-06-01,Female,Sales Executive,116,Kohli Zila,Ville,Sitapur,Uttar Pradesh,261001,India,DIWRB6325U,Verified,2022-10-25 14:32:10,Active,Active
Joshua Sibal,8403534807,joshua.sibal55@gmail.com,2002-03-24,Male,HR Manager,462,Sabharwal Path,Ville,Hyderabad,Telangana,500001,India,CCSLO5858E,Verified,2022-08-08 17:20:12,Active,Active
Forum Seshadri,9991385792,forum.seshadri56@gmail.com,2004-08-11,Female,Bank Employee,290,Arya Zila,Ville,Chennai,Tamil Nadu,600001,India,XZTXF7738A,Verified,2024-03-16 02:51:18,Active,Active
Udant Nazareth,8579384936,udant.nazareth57@gmail.com,1991-08-31,Male,Engineer,121,Goel Street,Ville,Jaipur,Rajasthan,302001,India,VOSNB5124S,Verified,2023-05-09 18:11:36,Active,Active
Zarna Chad,6763556248,zarna.chad58@gmail.com,1997-08-10,Female,Teacher,147,Guha Circle,Ville,Lucknow,Uttar Pradesh,226001,India,OLWNG2176X,Verified,2023-02-03 15:27:20,Active,Active
Falan Bakshi,7050032537,falan.bakshi59@gmail.com,1981-12-18,Male,Government Employee,671,Patil Circle,Ville,Patna,Bihar,800001,India,NMKOH5585Y,Verified,2021-10-08 12:55:35,Active,Active
Ryan Rege,9595146809,ryan.rege60@gmail.com,1998-05-30,Male,Teacher,304,Seth Path,Ville,Hyderabad,Telangana,500001,India,ADCFJ2136C,Verified,2026-01-01 00:00:53,Active,Active
Kalpit Sarna,9919487184,kalpit.sarna61@gmail.com,1986-05-05,Male,Engineer,141,Parmar Road,Ville,Lucknow,Uttar Pradesh,226001,India,RITQN1500H,Verified,2024-11-25 20:48:03,Active,Active
Nathaniel Nanda,9113433679,nathaniel.nanda62@gmail.com,1985-09-02,Male,HR Manager,706,Anne Marg,Ville,Ahmedabad,Gujarat,380001,India,JVTAE3095Z,Verified,2025-01-07 10:27:08,Active,Active
Ekavir Iyer,9094574350,ekavir.iyer63@gmail.com,1975-07-28,Male,Self Employed,643,Raman,Ville,Ahmedabad,Gujarat,380001,India,VWNWG5731N,Rejected,2024-06-29 14:50:37,Active,Active
Arin Krishnamurthy,9737764369,arin.krishnamurthy64@gmail.com,1973-03-20,Male,Accountant,609,Rout Zila,Ville,Hyderabad,Telangana,500001,India,QJIDG8588U,Verified,2026-02-08 18:36:41,Active,Active
Kashish Menon,6815910564,kashish.menon65@gmail.com,1970-10-04,Female,Student,296,Trivedi Nagar,Ville,Mumbai,Maharashtra,400001,India,OUBUC0105I,Verified,2022-04-13 14:39:55,Active,Active
Anay Pillay,9265608073,anay.pillay66@gmail.com,2004-05-19,Male,Software Engineer,844,Hayer,Ville,Kota,Rajasthan,324001,India,NIYWY6458R,Pending,2025-11-02 10:25:37,Active,Active
Barkha Chana,8532379789,barkha.chana67@gmail.com,1999-06-20,Female,HR Manager,320,Prasad Road,Ville,Hyderabad,Telangana,500001,India,CVEVF2081I,Pending,2024-04-21 22:06:22,Active,Active
Hitesh Subramaniam,9446004773,hitesh.subramaniam68@gmail.com,1973-10-25,Male,Business Owner,725,Agrawal Circle,Ville,Bengaluru,Karnataka,560001,India,JKWUN0480Y,Verified,2023-05-04 05:45:52,Active,Active
Advaith Warrior,7247310149,advaith.warrior69@gmail.com,1984-05-14,Male,Government Employee,341,Dhawan Path,Ville,Sitapur,Uttar Pradesh,261001,India,PRJEO8595Q,Pending,2022-07-18 20:42:47,Inactive,Blocked
Jagdish Varty,9842898093,jagdish.varty70@gmail.com,1984-07-24,Other,Lawyer,350,Patla,Ville,Sitapur,Uttar Pradesh,261001,India,INHQS5613V,Verified,2025-06-27 23:51:46,Active,Active
Nathaniel Agarwal,8377458881,nathaniel.agarwal71@gmail.com,1999-02-21,Male,Lawyer,752,Vohra Street,Ville,Jaipur,Rajasthan,302001,India,GZGLX1420F,Pending,2024-10-08 16:07:01,Active,Active
Mekhala Mane,9593899221,mekhala.mane72@gmail.com,1975-10-22,Female,Bank Employee,872,Acharya Zila,Ville,Kota,Rajasthan,324001,India,RFQXV0171L,Verified,2025-12-28 08:52:17,Active,Active
Mugdha Mannan,7825613827,mugdha.mannan73@gmail.com,1997-06-04,Female,Doctor,363,Gola Chowk,Ville,Lucknow,Uttar Pradesh,226001,India,KCCSJ9085V,Verified,2022-03-02 18:17:52,Active,Active
Vihaan Joshi,7164658410,vihaan.joshi74@gmail.com,2005-04-14,Male,Bank Employee,290,Ben Street,Ville,Kanpur,Uttar Pradesh,208001,India,GHFJS8744C,Verified,2023-08-19 09:13:46,Active,Active
Udyati Luthra,7206303712,udyati.luthra75@gmail.com,1988-11-03,Female,Marketing Manager,777,Nagar Chowk,Ville,Pune,Maharashtra,411001,India,AHUCT4842M,Verified,2021-09-22 11:09:02,Active,Active
Omya Malhotra,9497985099,omya.malhotra76@gmail.com,1997-04-08,Female,Self Employed,217,Ganguly,Ville,Chennai,Tamil Nadu,600001,India,SQWZY1749M,Pending,2022-09-08 23:23:22,Active,Active
Pallavi Pradhan,7846318515,pallavi.pradhan77@gmail.com,1999-09-16,Female,Marketing Manager,849,Kapadia Zila,Ville,Pune,Maharashtra,411001,India,MDCXD0045V,Pending,2024-04-10 19:11:50,Active,Active
Chaitaly Chahal,7062754228,chaitaly.chahal78@gmail.com,1974-04-24,Female,Bank Employee,620,Shere Chowk,Ville,Mumbai,Maharashtra,400001,India,WQXOH7351C,Verified,2025-02-07 09:51:35,Active,Active
Sathvik Sen,7487377848,sathvik.sen79@gmail.com,1981-11-09,Male,Software Engineer,745,Vala Road,Ville,Pune,Maharashtra,411001,India,MRWRK6602D,Pending,2022-08-23 13:52:41,Active,Active
Maya Banik,8198536207,maya.banik80@gmail.com,1975-10-26,Female,Doctor,291,Dhingra Ganj,Ville,Jaipur,Rajasthan,302001,India,KLELR0195Q,Verified,2026-01-05 22:45:06,Active,Active
Yutika Bhalla,6220762466,yutika.bhalla81@gmail.com,1994-03-28,Female,HR Manager,645,Malhotra Ganj,Ville,Bengaluru,Karnataka,560001,India,EADZD7355G,Verified,2024-01-22 12:35:37,Active,Active
Pushti Bajwa,7945622040,pushti.bajwa82@gmail.com,1976-06-19,Female,Software Engineer,43,Gandhi Circle,Ville,Jaipur,Rajasthan,302001,India,SLLEH9266V,Verified,2026-04-12 05:22:16,Active,Active
Anya Talwar,8058036933,anya.talwar83@gmail.com,1979-01-21,Female,Marketing Manager,299,Mann Marg,Ville,Lucknow,Uttar Pradesh,226001,India,ZGEUW8236D,Verified,2023-03-11 01:18:09,Active,Active
Kashish Dhar,9836154184,kashish.dhar84@gmail.com,1972-07-04,Female,Government Employee,612,Doctor Marg,Ville,Sitapur,Uttar Pradesh,261001,India,ECLSJ7555Q,Verified,2022-03-24 23:34:45,Active,Active
Yashvi Sengupta,8566201063,yashvi.sengupta85@gmail.com,1981-10-05,Female,HR Manager,590,Nagar Road,Ville,Patna,Bihar,800001,India,BWREZ5455F,Verified,2024-02-21 19:51:40,Active,Active
Diya Seth,9887160901,diya.seth86@gmail.com,1991-07-21,Female,Sales Executive,700,Bajaj Ganj,Ville,Mumbai,Maharashtra,400001,India,MHUNB2653J,Verified,2021-10-03 20:14:43,Active,Active
Kritika Kale,9126478854,kritika.kale87@gmail.com,1998-07-15,Female,Business Owner,303,Parekh,Ville,Pune,Maharashtra,411001,India,CZHWJ6275I,Verified,2026-06-30 17:07:46,Active,Active
Priya Balay,6342859172,priya.balay88@gmail.com,1978-11-03,Female,Software Engineer,424,Khatri Zila,Ville,Ahmedabad,Gujarat,380001,India,OTTOT2416X,Verified,2025-04-27 23:18:52,Inactive,Active
Warhi Jani,6393422947,warhi.jani89@gmail.com,1996-07-08,Female,Sales Executive,730,Bali Circle,Ville,Lucknow,Uttar Pradesh,226001,India,QZZZH6785Y,Verified,2023-11-25 11:17:11,Active,Active
Kamya Shankar,9415951083,kamya.shankar90@gmail.com,1988-02-11,Female,Accountant,521,Patla Path,Ville,Hyderabad,Telangana,500001,India,SJWRU6002W,Verified,2025-12-12 02:12:01,Active,Active
Vinaya Bhatti,9326105405,vinaya.bhatti91@gmail.com,1973-10-08,Female,Accountant,742,Sarin,Ville,Kolkata,West Bengal,700001,India,UCOWN9729U,Pending,2025-05-24 03:59:17,Active,Active
Sara Yadav,8223962294,sara.yadav92@gmail.com,1982-04-10,Female,Self Employed,623,Randhawa Chowk,Ville,Hyderabad,Telangana,500001,India,LQQHC8736F,Verified,2025-04-02 11:52:01,Active,Active
Tanvi Koshy,7060019672,tanvi.koshy93@gmail.com,2002-11-26,Female,Government Employee,863,Gola Path,Ville,Sitapur,Uttar Pradesh,261001,India,OMNMW7277R,Verified,2024-05-28 18:20:53,Blocked,Blocked
Upasna Oza,8617874166,upasna.oza94@gmail.com,1992-04-22,Female,Accountant,515,Agrawal Chowk,Ville,Patna,Bihar,800001,India,YGHGD6909A,Verified,2026-07-24 11:24:45,Active,Active
Neha Doctor,7698204473,neha.doctor95@gmail.com,1978-05-13,Female,Doctor,29,Nagi Circle,Ville,Ahmedabad,Gujarat,380001,India,BMOYZ1801V,Verified,2021-10-23 02:22:05,Active,Active
Gunbir Cherian,6690187911,gunbir.cherian96@gmail.com,1992-12-28,Male,Sales Executive,224,Zachariah Nagar,Ville,Bhopal,Madhya Pradesh,462001,India,UWFNJ6272J,Verified,2024-09-09 07:37:12,Active,Active
Radha Tak,9114709224,radha.tak97@gmail.com,1993-09-23,Female,Consultant,901,Dhillon Street,Ville,Chennai,Tamil Nadu,600001,India,UNUMI1088O,Verified,2023-03-28 20:19:12,Inactive,Active
Rudra Konda,7232153767,rudra.konda98@gmail.com,1999-04-09,Male,HR Manager,978,Ramaswamy Circle,Ville,Lucknow,Uttar Pradesh,226001,India,BZRZM2748P,Pending,2024-07-25 15:36:59,Active,Active
Matthew Bera,7012401213,matthew.bera99@gmail.com,1975-08-28,Male,Lawyer,586,Vyas Chowk,Ville,Delhi,Delhi,110001,India,REGDI9954K,Verified,2022-02-14 05:38:39,Inactive,Active
Jonathan Bail,7300816240,jonathan.bail100@gmail.com,1984-09-16,Other,Software Engineer,934,Bahl Ganj,Ville,Ahmedabad,Gujarat,380001,India,DERPT3278B,Pending,2025-01-09 19:02:48,Blocked,Blocked
Warinder Lall,6636255044,warinder.lall101@gmail.com,1997-11-29,Male,Lawyer,812,Sant Ganj,Ville,Bhopal,Madhya Pradesh,462001,India,EURLC8507U,Verified,2021-08-27 06:09:59,Active,Active
Mahika Sane,6459050943,mahika.sane102@gmail.com,1986-01-10,Female,Bank Employee,43,Atwal Street,Ville,Kanpur,Uttar Pradesh,208001,India,QKYRW3749Q,Verified,2023-03-22 08:03:38,Active,Active
Faras Mohanty,8562606401,faras.mohanty103@gmail.com,1975-01-13,Male,Engineer,631,Mukhopadhyay Chowk,Ville,Mumbai,Maharashtra,400001,India,LDAGS7616R,Verified,2021-11-08 23:47:19,Active,Active
Upkaar Murty,8063082965,upkaar.murty104@gmail.com,2000-05-20,Male,HR Manager,891,Halder Nagar,Ville,Mumbai,Maharashtra,400001,India,OYVHQ6481J,Verified,2023-11-16 10:05:01,Active,Active
Aadhya Dora,6288839152,aadhya.dora105@gmail.com,1989-12-25,Female,Accountant,865,Sidhu,Ville,Bengaluru,Karnataka,560001,India,EWHGF2684A,Verified,2025-02-05 22:08:05,Active,Active
Bachittar Bhat,7891208843,bachittar.bhat106@gmail.com,1972-06-05,Male,Software Engineer,374,Sani Nagar,Ville,Hyderabad,Telangana,500001,India,AYNQG5096J,Verified,2021-08-29 10:27:13,Active,Active
Tristan Dyal,6032304336,tristan.dyal107@gmail.com,1975-02-07,Male,Accountant,301,Goswami Street,Ville,Kota,Rajasthan,324001,India,ZOMAL4614B,Verified,2025-11-17 07:05:08,Active,Active
Shravya Raghavan,7882164433,shravya.raghavan108@gmail.com,2000-02-28,Female,Business Owner,872,Buch Road,Ville,Patna,Bihar,800001,India,ZNPZO1715R,Verified,2022-08-06 22:36:34,Active,Active
Barkha Wali,9768502633,barkha.wali109@gmail.com,1998-06-11,Female,Bank Employee,782,Raman Street,Ville,Jaipur,Rajasthan,302001,India,BUBTC7323Q,Verified,2022-02-08 06:06:36,Blocked,Blocked
Ansh Sehgal,9651522961,ansh.sehgal110@gmail.com,1989-08-23,Male,Accountant,654,Shukla Nagar,Ville,Jaipur,Rajasthan,302001,India,MUTTY9754L,Verified,2021-09-25 22:20:33,Active,Active
Pranav Mutti,6085618892,pranav.mutti111@gmail.com,1980-03-23,Male,Doctor,611,Bhandari Zila,Ville,Mumbai,Maharashtra,400001,India,LVXSB0655J,Verified,2023-07-01 02:36:37,Active,Active
Ekiya Loke,9986653222,ekiya.loke112@gmail.com,2003-01-04,Female,Bank Employee,345,Ratti Chowk,Ville,Kolkata,West Bengal,700001,India,MSOJF5009J,Pending,2024-07-14 20:30:01,Active,Active
Amara Das,6876080923,amara.das113@gmail.com,1987-12-04,Female,Self Employed,299,Aggarwal Ganj,Ville,Bengaluru,Karnataka,560001,India,UFPQB7236T,Verified,2023-08-26 23:04:45,Active,Active
Diya Rattan,7986295390,diya.rattan114@gmail.com,2000-09-05,Female,Student,611,Gupta Zila,Ville,Lucknow,Uttar Pradesh,226001,India,DFVKY9143T,Verified,2025-07-12 00:46:05,Active,Active
Triya Dubey,6331819389,triya.dubey115@gmail.com,1985-06-09,Female,Accountant,259,Kibe Zila,Ville,Kanpur,Uttar Pradesh,208001,India,EQBMQ2550G,Verified,2026-07-29 11:24:44,Active,Active
Siddharth Hayre,9824655172,siddharth.hayre116@gmail.com,1975-03-03,Male,Accountant,289,Kalita Ganj,Ville,Jaipur,Rajasthan,302001,India,CSDHF1659S,Verified,2023-11-28 10:55:10,Active,Active
Imaran Comar,9529662307,imaran.comar117@gmail.com,1996-05-08,Male,Business Owner,614,Bhatti Zila,Ville,Delhi,Delhi,110001,India,ODMPP4020X,Verified,2022-06-23 17:12:31,Active,Active
Jasmit Rattan,7526986158,jasmit.rattan118@gmail.com,2000-04-10,Female,Teacher,465,Kalita Chowk,Ville,Bhopal,Madhya Pradesh,462001,India,AFSEL0298V,Pending,2024-09-25 02:10:00,Active,Active
Ubika Khatri,9577101081,ubika.khatri119@gmail.com,1975-04-10,Female,Marketing Manager,830,Devi Marg,Ville,Bengaluru,Karnataka,560001,India,XZVXK1451O,Pending,2024-07-24 18:19:11,Active,Active
Wyatt Dua,8909763741,wyatt.dua120@gmail.com,1985-04-04,Male,Engineer,787,Murty Street,Ville,Chennai,Tamil Nadu,600001,India,DWXOE1982Z,Verified,2024-01-20 08:11:46,Active,Active
Ryan Dhar,8389465529,ryan.dhar121@gmail.com,1996-08-03,Male,Engineer,768,Mutti Path,Ville,Bhopal,Madhya Pradesh,462001,India,WJMLV5446Y,Verified,2025-07-16 21:42:57,Active,Active
Dalaja Pradhan,9699327878,dalaja.pradhan122@gmail.com,1970-02-16,Female,Self Employed,572,Dugar Ganj,Ville,Mumbai,Maharashtra,400001,India,XCUEW3096C,Verified,2024-01-09 01:40:42,Active,Active
Alexander Sarkar,6348045913,alexander.sarkar123@gmail.com,1972-10-24,Male,Consultant,60,Merchant Circle,Ville,Bhopal,Madhya Pradesh,462001,India,CUPLL4851M,Pending,2022-05-23 10:37:07,Active,Active
Vrinda Kumar,8837665032,vrinda.kumar124@gmail.com,1989-11-19,Female,Business Owner,978,Natt Chowk,Ville,Kolkata,West Bengal,700001,India,ZATBC3709O,Verified,2026-07-18 09:57:32,Active,Active
Zilmil Bhasin,6143504575,zilmil.bhasin125@gmail.com,1999-04-06,Female,Software Engineer,293,Kari Path,Ville,Delhi,Delhi,110001,India,QCJAW4390E,Verified,2023-10-25 19:44:14,Active,Active
Yug Merchant,6949337279,yug.merchant126@gmail.com,1980-06-09,Male,Engineer,585,Trivedi Road,Ville,Bengaluru,Karnataka,560001,India,CCOFU7162U,Verified,2025-01-14 19:51:44,Active,Active
Harish Mohanty,9175222630,harish.mohanty127@gmail.com,1987-04-17,Male,Government Employee,24,Bora Nagar,Ville,Delhi,Delhi,110001,India,APFAJ8851X,Verified,2025-06-11 21:57:14,Active,Active
Ekaraj Sundaram,7867489756,ekaraj.sundaram128@gmail.com,2003-07-23,Male,Software Engineer,653,Chopra Street,Ville,Delhi,Delhi,110001,India,SJEWF5568U,Verified,2025-10-28 06:29:41,Active,Active
Yashvi Dass,9259758843,yashvi.dass129@gmail.com,1994-11-10,Female,Student,207,Pai Circle,Ville,Kanpur,Uttar Pradesh,208001,India,HNIAS9155S,Verified,2022-11-28 07:34:22,Active,Active
Gaurav Kaul,7636879280,gaurav.kaul130@gmail.com,1989-07-19,Male,Software Engineer,187,Chaudhuri Circle,Ville,Kolkata,West Bengal,700001,India,JMDKR4118B,Verified,2025-07-11 14:00:38,Active,Active
Yashoda Balay,9964056653,yashoda.balay131@gmail.com,1972-05-28,Female,Sales Executive,813,Sandhu Nagar,Ville,Chennai,Tamil Nadu,600001,India,VGIUP2818X,Verified,2021-09-19 17:35:27,Active,Active
Sarthak Mitra,8621641628,sarthak.mitra132@gmail.com,1978-08-15,Male,Sales Executive,323,Yogi Ganj,Ville,Mumbai,Maharashtra,400001,India,TYDSP6883L,Verified,2024-04-13 19:47:15,Active,Active
Janani Keer,7419050063,janani.keer133@gmail.com,1987-11-05,Female,Software Engineer,765,Brahmbhatt Marg,Ville,Patna,Bihar,800001,India,NLIKU7431J,Verified,2024-06-16 17:37:59,Active,Active
Girik Shetty,9620658107,girik.shetty134@gmail.com,1994-10-06,Male,Engineer,113,Varkey Marg,Ville,Patna,Bihar,800001,India,WMHBJ3123J,Verified,2023-05-15 13:51:22,Active,Active
Imaran Bala,8656344709,imaran.bala135@gmail.com,1984-01-08,Male,Doctor,579,Ravel Path,Ville,Bhopal,Madhya Pradesh,462001,India,KLYFS1906C,Verified,2026-06-06 02:25:19,Active,Active
Ojas Deshmukh,8332495985,ojas.deshmukh136@gmail.com,1976-06-16,Male,Bank Employee,252,Dara Circle,Ville,Bhopal,Madhya Pradesh,462001,India,HHCFH6633K,Verified,2024-03-07 15:41:29,Active,Active
Bhavna Lalla,9409819886,bhavna.lalla137@gmail.com,1998-05-04,Female,HR Manager,605,Pandey Road,Ville,Delhi,Delhi,110001,India,SEBYI6340R,Verified,2022-01-26 18:44:38,Inactive,Active
Chaman Dada,6423399930,chaman.dada138@gmail.com,1970-11-13,Female,Marketing Manager,169,Karnik Ganj,Ville,Mumbai,Maharashtra,400001,India,IYQSF0771S,Verified,2024-08-30 20:03:06,Active,Active
Rachana Pillai,8985582158,rachana.pillai139@gmail.com,1972-01-07,Female,Consultant,292,Savant Zila,Ville,Jaipur,Rajasthan,302001,India,VNHYB3024S,Verified,2021-09-21 15:17:21,Active,Active
Omisha Dass,8404029267,omisha.dass140@gmail.com,2005-12-17,Female,Business Owner,890,Gour Zila,Ville,Lucknow,Uttar Pradesh,226001,India,BPPWM8467I,Verified,2026-02-25 07:12:13,Active,Active
Lekha Bhandari,8881978856,lekha.bhandari141@gmail.com,1970-05-15,Other,Doctor,101,Anand Circle,Ville,Kanpur,Uttar Pradesh,208001,India,VIBJW5796O,Verified,2023-12-02 11:58:32,Active,Active
Lavanya Dugal,6825962232,lavanya.dugal142@gmail.com,1994-03-30,Female,Bank Employee,310,Buch,Ville,Pune,Maharashtra,411001,India,PCWID9918B,Verified,2021-08-27 03:16:47,Active,Active
Balendra Chaudhry,6449097943,balendra.chaudhry143@gmail.com,2001-02-23,Male,Student,407,Din Zila,Ville,Bhopal,Madhya Pradesh,462001,India,YRQLU3062G,Verified,2025-06-11 11:56:57,Active,Active
Yasti Magar,8897100767,yasti.magar144@gmail.com,1972-06-24,Female,Software Engineer,191,Varty Chowk,Ville,Kolkata,West Bengal,700001,India,WVRYL0749G,Verified,2025-06-21 19:08:31,Active,Active
Yasti Radhakrishnan,7594283541,yasti.radhakrishnan145@gmail.com,1981-10-30,Female,Software Engineer,198,Khurana Nagar,Ville,Bhopal,Madhya Pradesh,462001,India,KJWOA7714J,Verified,2024-03-25 08:58:17,Active,Active
Bimala Kunda,9289093834,bimala.kunda146@gmail.com,1992-01-21,Female,Sales Executive,641,Gour Road,Ville,Delhi,Delhi,110001,India,VRZRW6334V,Pending,2022-02-05 07:23:02,Active,Active
Chandresh Sampath,8664069048,chandresh.sampath147@gmail.com,1975-05-11,Male,Government Employee,983,Dhar Path,Ville,Bhopal,Madhya Pradesh,462001,India,VRVCJ5749X,Verified,2023-01-25 09:23:51,Active,Blocked
Akshay Palla,7984782801,akshay.palla148@gmail.com,1971-06-22,Male,Software Engineer,523,Shukla Marg,Ville,Kota,Rajasthan,324001,India,WABSZ5792U,Verified,2024-06-05 13:27:38,Active,Active
Raghav Kapadia,9170390742,raghav.kapadia149@gmail.com,1996-05-27,Male,Consultant,770,Palan Circle,Ville,Chennai,Tamil Nadu,600001,India,ARPXR5613X,Verified,2022-06-24 11:22:42,Inactive,Active
Meghana Jayaraman,8333589856,meghana.jayaraman150@gmail.com,1985-01-27,Other,Self Employed,866,Kakar Circle,Ville,Jaipur,Rajasthan,302001,India,TXEWD9347H,Pending,2023-01-02 21:18:26,Inactive,Active
Xavier Pal,9144655025,xavier.pal151@gmail.com,1972-06-27,Male,Engineer,158,Gopal Circle,Ville,Sitapur,Uttar Pradesh,261001,India,DWYFC8415X,Verified,2023-08-30 08:32:46,Active,Active
Laban Ranganathan,8513704612,laban.ranganathan152@gmail.com,1993-06-16,Male,Teacher,231,Kurian Marg,Ville,Kanpur,Uttar Pradesh,208001,India,IFQHX2484T,Verified,2023-01-01 14:39:36,Active,Active
Finn Deol,7011864560,finn.deol153@gmail.com,1991-08-20,Male,Sales Executive,465,Dass Path,Ville,Patna,Bihar,800001,India,GQRFG9022Q,Verified,2023-01-18 17:48:03,Active,Active
Maya Deo,6333434590,maya.deo154@gmail.com,1975-06-10,Female,Engineer,937,Ganesan Path,Ville,Bhopal,Madhya Pradesh,462001,India,FIIXM5475E,Pending,2025-01-22 01:04:05,Blocked,Blocked
Sneha Natt,6279345132,sneha.natt155@gmail.com,1984-11-29,Other,Doctor,455,Karpe Nagar,Ville,Kota,Rajasthan,324001,India,GGQJH8768P,Verified,2021-09-08 20:22:12,Active,Active
Gagan Date,8303817064,gagan.date156@gmail.com,1978-10-02,Male,Marketing Manager,554,Bhatia Zila,Ville,Kolkata,West Bengal,700001,India,WQEOZ5075Q,Verified,2024-11-01 20:58:41,Active,Active
Anika Roy,9149814509,anika.roy157@gmail.com,1982-02-09,Female,Engineer,369,Venkatesh Street,Ville,Kota,Rajasthan,324001,India,IFWXI3578V,Verified,2025-08-06 18:58:02,Active,Active
Darpan Sethi,8199273571,darpan.sethi158@gmail.com,1985-10-13,Male,Self Employed,722,Mistry Circle,Ville,Sitapur,Uttar Pradesh,261001,India,HLYDH9649X,Verified,2024-09-16 16:24:41,Active,Active
Mitesh Jayaraman,9885737928,mitesh.jayaraman159@gmail.com,1978-05-16,Male,Marketing Manager,442,Sanghvi Path,Ville,Lucknow,Uttar Pradesh,226001,India,AVVIX3983V,Verified,2023-03-06 10:42:41,Active,Active
Hardik Kohli,8046416969,hardik.kohli160@gmail.com,1991-08-01,Male,Lawyer,895,Goswami Road,Ville,Kolkata,West Bengal,700001,India,YCHOR3196G,Verified,2021-11-18 09:06:23,Active,Active
Ayush Rege,6344055631,ayush.rege161@gmail.com,1971-12-27,Male,Sales Executive,657,Singh Circle,Ville,Bengaluru,Karnataka,560001,India,BLJLH3587O,Verified,2021-11-08 14:59:04,Active,Active
Ethan Goel,7923219229,ethan.goel162@gmail.com,2001-11-02,Male,Accountant,87,Chahal Zila,Ville,Kota,Rajasthan,324001,India,EZYIL8140I,Verified,2024-03-16 11:19:17,Active,Active
Reyansh Dhingra,9677841151,reyansh.dhingra163@gmail.com,2003-04-25,Male,Student,477,Kala Circle,Ville,Sitapur,Uttar Pradesh,261001,India,JYOLU6849S,Verified,2024-11-14 17:54:57,Active,Active
Wyatt Mann,9934969296,wyatt.mann164@gmail.com,1977-02-28,Male,Marketing Manager,956,Majumdar Road,Ville,Kolkata,West Bengal,700001,India,HOGYC5608G,Verified,2026-07-18 23:59:40,Active,Active
Onveer Halder,6878459700,onveer.halder165@gmail.com,2004-09-30,Male,Lawyer,447,Buch Zila,Ville,Kolkata,West Bengal,700001,India,QRVLN3606D,Verified,2023-06-28 23:34:45,Active,Active
Sai Modi,8687352846,sai.modi166@gmail.com,1997-10-19,Female,Software Engineer,525,Zachariah Path,Ville,Mumbai,Maharashtra,400001,India,TWKIZ9405L,Verified,2023-03-10 03:07:37,Active,Active
Aadhya Prabhakar,8277260737,aadhya.prabhakar167@gmail.com,2005-09-26,Female,Doctor,115,Pingle Path,Ville,Kolkata,West Bengal,700001,India,JRUZT7270G,Verified,2025-05-10 18:17:43,Active,Active
Priya Parsa,7506189239,priya.parsa168@gmail.com,1998-02-06,Female,Engineer,523,Wable Nagar,Ville,Sitapur,Uttar Pradesh,261001,India,EEGEA2674W,Verified,2026-03-06 23:13:57,Active,Active
Yasti Cheema,8333701661,yasti.cheema169@gmail.com,2001-10-12,Female,Consultant,717,Memon Zila,Ville,Delhi,Delhi,110001,India,RRCQU2534N,Verified,2026-06-01 05:49:45,Active,Active
Ucchal Bose,9115503411,ucchal.bose170@gmail.com,1970-12-05,Female,Government Employee,470,Balakrishnan Path,Ville,Ahmedabad,Gujarat,380001,India,YBHIY1674N,Verified,2023-07-08 20:14:17,Active,Active
Krishna Raju,8956185134,krishna.raju171@gmail.com,1983-04-04,Female,Self Employed,639,Chakrabarti Zila,Ville,Ahmedabad,Gujarat,380001,India,CPWGX2641O,Verified,2024-10-16 16:03:23,Active,Active
Aarini Bansal,6660889548,aarini.bansal172@gmail.com,2002-05-31,Female,Lawyer,600,Koshy Zila,Ville,Chennai,Tamil Nadu,600001,India,PFBNN7328G,Verified,2023-05-03 14:05:11,Inactive,Active
Rachit Rastogi,8108338473,rachit.rastogi173@gmail.com,1987-07-13,Male,Business Owner,362,Singhal Ganj,Ville,Kanpur,Uttar Pradesh,208001,India,ASWTL2968O,Verified,2026-03-13 22:41:02,Active,Active
Devika Chacko,7717242496,devika.chacko174@gmail.com,1987-03-10,Female,Sales Executive,210,Sathe Marg,Ville,Pune,Maharashtra,411001,India,EHHXT3269H,Verified,2024-04-01 15:38:33,Active,Active
Amaira Mann,9614104189,amaira.mann175@gmail.com,2003-03-04,Female,Sales Executive,432,Jani,Ville,Lucknow,Uttar Pradesh,226001,India,YNIJS8435Q,Verified,2024-10-18 06:34:36,Active,Active
Vyanjana Jayaraman,6756789972,vyanjana.jayaraman176@gmail.com,1999-10-07,Female,Consultant,940,Kohli Circle,Ville,Kanpur,Uttar Pradesh,208001,India,UHUVT2907K,Verified,2025-02-17 21:33:07,Active,Active
Jacob Din,9457112265,jacob.din177@gmail.com,1978-04-14,Male,Business Owner,758,Dasgupta Street,Ville,Ahmedabad,Gujarat,380001,India,FLOYI3828N,Verified,2025-10-28 14:29:31,Active,Active
Watika Nayar,8843558477,watika.nayar178@gmail.com,1972-11-15,Female,Bank Employee,10,Ramaswamy Circle,Ville,Patna,Bihar,800001,India,GTDBZ4825P,Verified,2024-03-04 13:42:55,Inactive,Active
Jairaj Sanghvi,7868357790,jairaj.sanghvi179@gmail.com,1992-03-07,Male,Doctor,702,Tella Zila,Ville,Chennai,Tamil Nadu,600001,India,NFIZQ3559N,Verified,2025-02-26 16:54:07,Inactive,Blocked
Shaurya Sengupta,7603833646,shaurya.sengupta180@gmail.com,1984-10-15,Male,Lawyer,955,Mane Ganj,Ville,Lucknow,Uttar Pradesh,226001,India,PQHFA8584V,Verified,2022-10-21 10:59:03,Active,Active
Ekantika Oak,9888789092,ekantika.oak181@gmail.com,1975-12-29,Female,Student,15,Mandal Road,Ville,Bengaluru,Karnataka,560001,India,PSFMO4784E,Verified,2024-06-19 02:35:51,Active,Active
Ishita Karan,6487677962,ishita.karan182@gmail.com,2005-04-01,Female,Business Owner,998,Dhaliwal Marg,Ville,Hyderabad,Telangana,500001,India,EPBQR8949X,Pending,2024-12-25 22:25:40,Active,Active
Bhavika Kalla,8754279443,bhavika.kalla183@gmail.com,1999-06-29,Female,Engineer,477,Sood,Ville,Pune,Maharashtra,411001,India,GSBKF5969Y,Pending,2025-02-01 16:09:55,Inactive,Blocked
Balvan Mall,6517612966,balvan.mall184@gmail.com,1991-01-04,Male,Bank Employee,586,Pradhan Ganj,Ville,Bengaluru,Karnataka,560001,India,QMXXR6112T,Verified,2025-12-04 00:45:06,Inactive,Active
Aarna Bansal,9084928985,aarna.bansal185@gmail.com,1985-01-09,Female,Self Employed,116,More Chowk,Ville,Kanpur,Uttar Pradesh,208001,India,ZUSAO2252X,Pending,2022-12-13 00:33:51,Active,Active
Bina Swamy,8883414290,bina.swamy186@gmail.com,2003-12-01,Female,HR Manager,818,Bhavsar Chowk,Ville,Sitapur,Uttar Pradesh,261001,India,RBVMA5182G,Rejected,2024-02-16 21:33:30,Active,Active
Vrishti Yohannan,8854095121,vrishti.yohannan187@gmail.com,1999-01-19,Female,Student,687,Sawhney Marg,Ville,Pune,Maharashtra,411001,India,GGJWF6483N,Verified,2025-05-21 03:22:13,Active,Active
Anvi Konda,6330674639,anvi.konda188@gmail.com,2003-02-21,Female,Marketing Manager,347,Bath Street,Ville,Chennai,Tamil Nadu,600001,India,AVPAK8607B,Verified,2024-04-12 15:52:19,Active,Active
Balendra Parekh,9687196986,balendra.parekh189@gmail.com,1975-03-30,Male,HR Manager,455,Bhandari Marg,Ville,Patna,Bihar,800001,India,IPCHP8280I,Verified,2022-01-06 22:13:33,Active,Active
Yatan Mutti,8169605831,yatan.mutti190@gmail.com,1998-06-24,Male,Engineer,754,Dada Path,Ville,Jaipur,Rajasthan,302001,India,IBKWC7535N,Verified,2023-09-26 16:57:37,Active,Active
Januja Koshy,7834465959,januja.koshy191@gmail.com,1972-06-21,Female,Self Employed,170,Singh Zila,Ville,Ahmedabad,Gujarat,380001,India,FRWWH3254Y,Verified,2025-06-25 05:33:29,Blocked,Blocked
Krisha Bhalla,6531426881,krisha.bhalla192@gmail.com,1997-01-09,Female,Software Engineer,870,Borra Road,Ville,Kota,Rajasthan,324001,India,XIJXP5378G,Verified,2023-06-12 03:13:46,Active,Active
Ati Mani,6743500332,ati.mani193@gmail.com,1998-11-12,Female,Government Employee,562,Sachar Road,Ville,Bhopal,Madhya Pradesh,462001,India,SNCYQ7494O,Pending,2024-02-05 16:31:57,Active,Active
Jairaj Gokhale,7180578208,jairaj.gokhale194@gmail.com,2000-05-11,Male,Doctor,907,Ahluwalia Ganj,Ville,Ahmedabad,Gujarat,380001,India,BPWZF1289C,Verified,2026-02-10 11:54:47,Active,Active
Yadavi Bassi,7420763016,yadavi.bassi195@gmail.com,2002-05-10,Female,Sales Executive,754,Minhas Circle,Ville,Sitapur,Uttar Pradesh,261001,India,EKSPH5802W,Verified,2025-08-09 05:18:58,Active,Active
Farhan Luthra,7706565708,farhan.luthra196@gmail.com,1996-04-27,Male,Accountant,763,Nori Nagar,Ville,Chennai,Tamil Nadu,600001,India,TPAGY1734N,Verified,2022-06-08 00:16:18,Inactive,Active
Banjeet Shah,9099078241,banjeet.shah197@gmail.com,1983-02-08,Male,Sales Executive,415,Madan Circle,Ville,Bhopal,Madhya Pradesh,462001,India,OJUSM9753B,Verified,2026-04-18 03:09:26,Active,Active
Yahvi Kamdar,8073025178,yahvi.kamdar198@gmail.com,1977-01-07,Female,Self Employed,690,Aurora Nagar,Ville,Jaipur,Rajasthan,302001,India,HPAHN0680C,Pending,2026-05-11 12:13:25,Active,Active
Gautam Saxena,8666685101,gautam.saxena199@gmail.com,1970-07-05,Male,Teacher,250,Biswas Path,Ville,Chennai,Tamil Nadu,600001,India,HPNFX2917K,Verified,2024-06-12 03:58:06,Active,Active
Farhan Barman,7789097697,farhan.barman200@gmail.com,1994-01-20,Male,Engineer,598,Sahota Road,Ville,Kanpur,Uttar Pradesh,208001,India,TCWOB5832L,Rejected,2024-04-06 03:12:16,Active,Active
Rushil Bala,7238301233,rushil.bala201@gmail.com,1972-05-25,Male,Marketing Manager,345,Trivedi Marg,Ville,Chennai,Tamil Nadu,600001,India,EYEYF6382E,Verified,2021-09-21 04:47:05,Active,Active
Ati Kapadia,8196409435,ati.kapadia202@gmail.com,2004-02-12,Female,Bank Employee,916,Dass Chowk,Ville,Bengaluru,Karnataka,560001,India,ZLJCC3466Q,Verified,2024-11-15 00:47:37,Active,Active
Rushil Chad,9334335600,rushil.chad203@gmail.com,1989-04-22,Other,Consultant,5,Karan Ganj,Ville,Mumbai,Maharashtra,400001,India,WILSS9294V,Verified,2023-06-22 07:25:07,Active,Active
Kala Doshi,9357553555,kala.doshi204@gmail.com,1985-01-13,Female,Doctor,88,Kuruvilla Path,Ville,Kolkata,West Bengal,700001,India,MRWLO8851A,Verified,2023-12-03 22:07:22,Active,Active
Dhruv Anand,9581305073,dhruv.anand205@gmail.com,1970-02-11,Other,Sales Executive,532,Chaudhuri Zila,Ville,Mumbai,Maharashtra,400001,India,XAAUH3100V,Verified,2022-04-30 11:18:25,Active,Active
Qadim Pandit,7412901336,qadim.pandit206@gmail.com,1990-03-17,Male,Doctor,986,Sehgal Road,Ville,Kota,Rajasthan,324001,India,AUBJF9406O,Verified,2023-01-22 02:29:09,Active,Active
Chakradhar Kale,7756726363,chakradhar.kale207@gmail.com,1977-10-15,Male,Marketing Manager,854,Mishra Nagar,Ville,Hyderabad,Telangana,500001,India,ZTVLH2521H,Verified,2026-01-09 21:36:46,Active,Active
Yash Tata,8089416118,yash.tata208@gmail.com,1971-01-17,Male,Student,793,Menon Nagar,Ville,Jaipur,Rajasthan,302001,India,LXJEE3400T,Verified,2024-04-14 13:17:54,Active,Active
Kala Choudhury,6376072677,kala.choudhury209@gmail.com,1988-08-26,Female,Lawyer,715,Handa Path,Ville,Jaipur,Rajasthan,302001,India,VXOBB7062E,Verified,2025-12-02 00:07:00,Active,Active
Indira Narain,7540818734,indira.narain210@gmail.com,1971-03-28,Female,Accountant,667,Das Path,Ville,Bengaluru,Karnataka,560001,India,WFYYS2225V,Verified,2023-01-21 21:21:54,Active,Active
Aarav Rattan,8971105851,aarav.rattan211@gmail.com,2002-04-30,Male,HR Manager,336,Nagarajan Road,Ville,Pune,Maharashtra,411001,India,HBVYH1613S,Verified,2026-04-02 13:58:44,Active,Active
Pahal Ganesh,6805547921,pahal.ganesh212@gmail.com,1982-10-04,Female,Accountant,780,Comar Marg,Ville,Delhi,Delhi,110001,India,ITBOW2537L,Verified,2023-11-29 15:19:58,Active,Active
Maanas Pradhan,6543546062,maanas.pradhan213@gmail.com,1985-02-26,Male,Doctor,496,Ben Ganj,Ville,Chennai,Tamil Nadu,600001,India,EOZRN5230R,Verified,2024-12-05 09:28:20,Active,Blocked
Turvi Apte,6623176793,turvi.apte214@gmail.com,1970-05-08,Female,Lawyer,872,Chacko Street,Ville,Pune,Maharashtra,411001,India,OYYKO0259A,Verified,2026-02-06 17:53:34,Active,Active
Dhriti Sekhon,9226458065,dhriti.sekhon215@gmail.com,2000-11-06,Female,Teacher,66,Chanda Chowk,Ville,Kota,Rajasthan,324001,India,JEOUH9654O,Verified,2025-09-10 06:58:11,Active,Active
Vritti Guha,6289964349,vritti.guha216@gmail.com,1987-05-12,Female,Marketing Manager,112,Ramachandran Street,Ville,Ahmedabad,Gujarat,380001,India,OEFTH2879D,Verified,2024-01-26 10:58:49,Active,Active
Hema Madan,7958624461,hema.madan217@gmail.com,1993-04-03,Other,Marketing Manager,190,Chaudhry Road,Ville,Bengaluru,Karnataka,560001,India,MNLAY4363L,Verified,2023-09-17 10:01:14,Active,Active
Hema Shankar,8812749539,hema.shankar218@gmail.com,1984-05-30,Female,Sales Executive,826,Kanda Road,Ville,Ahmedabad,Gujarat,380001,India,RSPJN3378K,Pending,2026-04-20 01:33:45,Active,Active
Turvi Bhalla,9499802222,turvi.bhalla219@gmail.com,1975-09-11,Female,Engineer,882,Kalita Zila,Ville,Chennai,Tamil Nadu,600001,India,SNAAR7788L,Verified,2024-03-21 20:46:56,Active,Active
Oscar Kakar,7661093665,oscar.kakar220@gmail.com,1979-06-23,Male,Sales Executive,590,Pradhan Path,Ville,Pune,Maharashtra,411001,India,JUAPM1786M,Verified,2022-02-17 07:54:34,Active,Active
Divya Banik,9147633185,divya.banik221@gmail.com,1979-06-24,Female,Accountant,640,Chaudry Street,Ville,Mumbai,Maharashtra,400001,India,LSQUT0712U,Verified,2023-02-04 18:31:12,Active,Active
Hiral Loyal,9821000464,hiral.loyal222@gmail.com,1974-07-13,Female,Consultant,251,Natarajan Marg,Ville,Chennai,Tamil Nadu,600001,India,FBPOZ6030G,Verified,2026-01-26 01:14:14,Active,Active
Warjas Dara,8683458574,warjas.dara223@gmail.com,1999-07-05,Other,Bank Employee,718,Basak Chowk,Ville,Kanpur,Uttar Pradesh,208001,India,VADYU1259L,Verified,2022-06-20 12:02:20,Active,Active
Ekaraj Patel,7036969821,ekaraj.patel224@gmail.com,1977-10-06,Male,Sales Executive,449,Borde,Ville,Kolkata,West Bengal,700001,India,EGJHX7010H,Verified,2024-05-24 08:13:00,Active,Active
Varsha Hayer,8294322938,varsha.hayer225@gmail.com,1970-12-09,Female,Teacher,903,Bassi Ganj,Ville,Jaipur,Rajasthan,302001,India,FHEHO3707P,Rejected,2025-08-15 19:20:41,Active,Active
Samesh Ganesan,6931046154,samesh.ganesan226@gmail.com,1982-06-25,Male,Government Employee,321,Pillai Road,Ville,Sitapur,Uttar Pradesh,261001,India,TLNBF5401D,Verified,2025-08-03 15:03:30,Active,Active
Bakhshi Ahluwalia,7109684176,bakhshi.ahluwalia227@gmail.com,1977-09-25,Male,Marketing Manager,417,Bandi Chowk,Ville,Delhi,Delhi,110001,India,GDMUU4948I,Verified,2022-01-19 07:52:08,Blocked,Blocked
Patrick Loke,8121923687,patrick.loke228@gmail.com,1973-05-13,Male,Sales Executive,882,Shah Circle,Ville,Ahmedabad,Gujarat,380001,India,YYPES6857Q,Verified,2025-07-18 21:05:09,Active,Active
Leela Bhatti,8252066221,leela.bhatti229@gmail.com,1997-12-27,Female,Student,422,Mane,Ville,Jaipur,Rajasthan,302001,India,IDVUQ7272W,Pending,2022-06-20 04:37:54,Active,Active
Samuel Nadig,6786519637,samuel.nadig230@gmail.com,1970-02-20,Male,Marketing Manager,669,Som Street,Ville,Kota,Rajasthan,324001,India,WUPZF4035F,Verified,2023-09-22 04:17:28,Active,Active
Anmol Mody,8557820838,anmol.mody231@gmail.com,2002-05-07,Male,Sales Executive,910,Kant Street,Ville,Mumbai,Maharashtra,400001,India,MUMUF1487G,Verified,2024-03-16 00:01:22,Active,Active
Kritika Saraf,9317403922,kritika.saraf232@gmail.com,1987-05-12,Female,Sales Executive,651,Sehgal Nagar,Ville,Mumbai,Maharashtra,400001,India,MNIVH7167R,Verified,2022-11-11 00:47:30,Active,Active
Timothy Date,6853071458,timothy.date233@gmail.com,1980-03-14,Male,Accountant,718,Dugal Path,Ville,Lucknow,Uttar Pradesh,226001,India,OCDHZ7789J,Verified,2022-08-26 02:52:32,Active,Active
Tanmayi Shukla,7528650037,tanmayi.shukla234@gmail.com,1978-10-27,Female,Engineer,211,Keer Nagar,Ville,Hyderabad,Telangana,500001,India,JBJFW5950Q,Verified,2025-05-11 04:39:09,Active,Active
Darpan Bora,8723094521,darpan.bora235@gmail.com,1974-12-06,Male,Marketing Manager,453,Ben Ganj,Ville,Bengaluru,Karnataka,560001,India,WGEFH0125U,Verified,2021-09-18 10:38:27,Active,Active
Baljiwan Barman,8295431652,baljiwan.barman236@gmail.com,2000-05-11,Male,Bank Employee,217,Ramachandran Ganj,Ville,Jaipur,Rajasthan,302001,India,TNPXK3345X,Verified,2025-03-27 10:25:20,Active,Active
Sai Muni,8730578524,sai.muni237@gmail.com,1979-05-10,Female,Teacher,438,Sodhi Path,Ville,Pune,Maharashtra,411001,India,YOKYS7544G,Pending,2022-08-16 15:49:12,Active,Active
Azad Pradhan,7444112473,azad.pradhan238@gmail.com,2005-04-11,Male,Business Owner,271,Vaidya Zila,Ville,Jaipur,Rajasthan,302001,India,UHPZK2073E,Verified,2022-08-01 13:17:04,Blocked,Blocked
Raagini Vyas,6143300619,raagini.vyas239@gmail.com,1989-03-17,Female,Government Employee,145,Bakshi Circle,Ville,Bhopal,Madhya Pradesh,462001,India,HVDKZ9122X,Verified,2022-12-19 23:26:55,Active,Active
Hitesh Ratti,9072033848,hitesh.ratti240@gmail.com,1976-05-25,Male,Business Owner,523,Chadha Path,Ville,Kolkata,West Bengal,700001,India,JZXWE9503Z,Verified,2021-12-28 20:13:30,Active,Active
Laksh Lala,7179508463,laksh.lala241@gmail.com,1971-01-30,Male,Student,637,Rege Marg,Ville,Ahmedabad,Gujarat,380001,India,WOOYE3104O,Verified,2022-10-10 08:15:34,Active,Active
Ucchal Halder,9763608236,ucchal.halder242@gmail.com,1976-02-14,Female,Accountant,404,Mani Path,Ville,Patna,Bihar,800001,India,SDREU8216I,Verified,2023-03-23 03:11:23,Active,Active
Fiyaz Suresh,7744497066,fiyaz.suresh243@gmail.com,1981-04-07,Male,Engineer,905,Badami Nagar,Ville,Bhopal,Madhya Pradesh,462001,India,QNMZQ4596I,Pending,2025-12-04 08:22:51,Active,Active
Aashi Mani,6412951052,aashi.mani244@gmail.com,1992-10-01,Female,HR Manager,800,Singh Marg,Ville,Mumbai,Maharashtra,400001,India,SISEW7105L,Verified,2022-12-26 08:22:49,Active,Active
Udarsh Shah,8425997080,udarsh.shah245@gmail.com,1972-03-10,Male,Student,317,Walia Zila,Ville,Patna,Bihar,800001,India,IFUPH4608R,Verified,2022-05-21 16:41:30,Inactive,Active
Yauvani Magar,6901373026,yauvani.magar246@gmail.com,1983-03-10,Female,Marketing Manager,927,Memon Road,Ville,Kota,Rajasthan,324001,India,OBPXD1468B,Pending,2023-10-11 17:54:38,Active,Active
Omkaar Bhavsar,6576906680,omkaar.bhavsar247@gmail.com,1986-03-08,Male,Bank Employee,700,Guha Street,Ville,Bengaluru,Karnataka,560001,India,BQYOG5321S,Verified,2025-06-03 04:06:35,Active,Active
Nidra Chana,6978280995,nidra.chana248@gmail.com,1973-04-23,Female,Government Employee,825,Bhasin Path,Ville,Delhi,Delhi,110001,India,SJDGG0770O,Verified,2023-08-20 22:22:43,Active,Blocked
Darpan Manne,6479110240,darpan.manne249@gmail.com,1995-02-22,Male,Software Engineer,909,Sandal Street,Ville,Patna,Bihar,800001,India,MBTFV7603N,Verified,2022-12-09 02:44:49,Active,Active
Deepa Keer,8924454518,deepa.keer250@gmail.com,1999-08-15,Female,Lawyer,771,Singh Chowk,Ville,Ahmedabad,Gujarat,380001,India,USWNA6927Y,Verified,2022-10-18 03:49:11,Active,Active
Sanaya Rout,8240369490,sanaya.rout251@gmail.com,1990-04-29,Female,Consultant,258,Dora Street,Ville,Jaipur,Rajasthan,302001,India,UVDXP5280Z,Verified,2026-01-21 04:12:16,Active,Active
Kai Patil,8347852753,kai.patil252@gmail.com,1996-06-19,Male,Government Employee,328,Nayar Ganj,Ville,Jaipur,Rajasthan,302001,India,XUGVB9909Y,Verified,2025-06-21 00:47:54,Active,Active
Ethan Singhal,8922693038,ethan.singhal253@gmail.com,1973-03-19,Male,HR Manager,990,Goyal Path,Ville,Kanpur,Uttar Pradesh,208001,India,UHNYJ4607Z,Verified,2024-02-05 21:40:28,Active,Active
Maya Virk,6847081496,maya.virk254@gmail.com,1983-07-13,Female,Engineer,530,Kale Path,Ville,Chennai,Tamil Nadu,600001,India,QXDRH3039Y,Pending,2023-10-08 13:04:53,Active,Active
Abhimanyu Chaudhuri,8801130455,abhimanyu.chaudhuri255@gmail.com,1996-03-03,Male,Software Engineer,263,Yogi Chowk,Ville,Pune,Maharashtra,411001,India,EASNA5210V,Verified,2025-10-12 11:47:55,Active,Active
Arin Seth,8897374322,arin.seth256@gmail.com,1989-09-16,Male,Software Engineer,653,Chaudhuri,Ville,Kota,Rajasthan,324001,India,WBNGE0639L,Verified,2022-04-12 15:13:24,Blocked,Blocked
Naveen Patla,7996032824,naveen.patla257@gmail.com,1989-07-01,Male,Bank Employee,850,Pandit Zila,Ville,Bhopal,Madhya Pradesh,462001,India,MVFXW8744D,Verified,2023-06-27 13:14:10,Active,Active
Upkaar Uppal,8183433033,upkaar.uppal258@gmail.com,1973-12-09,Male,Teacher,34,Prakash Street,Ville,Chennai,Tamil Nadu,600001,India,HIJFT4433M,Verified,2023-09-21 15:03:02,Active,Active
Aachal Ramanathan,8316569694,aachal.ramanathan259@gmail.com,1996-12-31,Female,Teacher,939,Taneja Circle,Ville,Kota,Rajasthan,324001,India,LWGXS7065R,Verified,2023-12-26 13:18:35,Active,Active
William Ghosh,7158849165,william.ghosh260@gmail.com,1995-03-18,Male,Self Employed,906,Baria Path,Ville,Mumbai,Maharashtra,400001,India,BYDPZ8450M,Verified,2026-05-30 13:26:32,Inactive,Active
Faris Majumdar,9538359138,faris.majumdar261@gmail.com,1978-05-24,Male,Engineer,550,Magar Circle,Ville,Ahmedabad,Gujarat,380001,India,BTJJA4837U,Verified,2022-11-28 22:11:23,Active,Active
Max Atwal,8165778052,max.atwal262@gmail.com,1975-10-04,Male,Self Employed,516,Subramanian Chowk,Ville,Delhi,Delhi,110001,India,CHEAP2379Z,Verified,2026-05-08 09:20:51,Active,Active
Reva Prakash,9920600196,reva.prakash263@gmail.com,1973-03-14,Female,Accountant,629,Kunda Road,Ville,Kota,Rajasthan,324001,India,YWNRF7010C,Verified,2024-07-19 05:24:00,Active,Active
Vasana Sodhi,8663776942,vasana.sodhi264@gmail.com,1982-02-09,Female,Consultant,670,Sur,Ville,Patna,Bihar,800001,India,OINLM8219Z,Verified,2025-03-27 04:44:30,Active,Blocked
Ronith Krishnamurthy,7149845539,ronith.krishnamurthy265@gmail.com,1985-06-30,Male,Teacher,492,Contractor Circle,Ville,Kota,Rajasthan,324001,India,INDNL1635E,Verified,2021-12-29 16:56:31,Active,Active
Jason Dave,6381593444,jason.dave266@gmail.com,1997-08-17,Male,Student,899,Prasad Chowk,Ville,Hyderabad,Telangana,500001,India,APYLJ3236V,Verified,2022-09-15 01:08:32,Active,Active
Neha Palan,8911286685,neha.palan267@gmail.com,1978-07-16,Female,Teacher,822,Pal Path,Ville,Kanpur,Uttar Pradesh,208001,India,JOGNS2861H,Verified,2022-11-19 22:13:39,Active,Active
Faris Srinivas,9704035167,faris.srinivas268@gmail.com,1989-08-20,Male,Government Employee,744,Raval Path,Ville,Kanpur,Uttar Pradesh,208001,India,PXWNG1015U,Verified,2024-11-01 16:36:16,Active,Active
Damini Lal,6722099267,damini.lal269@gmail.com,2001-02-14,Female,HR Manager,236,Nagarajan Path,Ville,Pune,Maharashtra,411001,India,KRSRE2390G,Verified,2023-04-02 12:00:26,Active,Active
Aarna Sawhney,7478117364,aarna.sawhney270@gmail.com,1993-10-19,Female,Sales Executive,216,Chacko Zila,Ville,Lucknow,Uttar Pradesh,226001,India,ATAYZ7587H,Pending,2024-04-10 22:21:53,Active,Active
Ekansh Keer,9696691552,ekansh.keer271@gmail.com,1989-10-15,Male,Government Employee,457,Sampath Road,Ville,Kanpur,Uttar Pradesh,208001,India,AIJAT0470S,Verified,2022-06-17 15:42:18,Active,Active
Pratyush Grewal,7664341210,pratyush.grewal272@gmail.com,1988-07-20,Male,Student,199,Deshpande Zila,Ville,Pune,Maharashtra,411001,India,BMDYL6075G,Verified,2025-07-07 16:35:36,Active,Active
Bakhshi Sem,8600164231,bakhshi.sem273@gmail.com,1977-05-13,Male,Marketing Manager,517,Chakraborty Marg,Ville,Jaipur,Rajasthan,302001,India,IHDTI8965F,Verified,2022-03-23 22:54:29,Active,Active
Omya Hayre,7555907695,omya.hayre274@gmail.com,1979-05-02,Female,Teacher,984,Sridhar Chowk,Ville,Mumbai,Maharashtra,400001,India,ZXYXI5852F,Pending,2024-01-29 05:13:38,Active,Active
Arya Kala,8218415783,arya.kala275@gmail.com,1982-08-02,Female,Engineer,877,Dua Marg,Ville,Pune,Maharashtra,411001,India,LIIRM3353P,Verified,2023-05-17 07:28:07,Active,Active
Devansh Shroff,8656678521,devansh.shroff276@gmail.com,1971-10-29,Male,HR Manager,925,Deo Ganj,Ville,Hyderabad,Telangana,500001,India,VHWZN1206Z,Pending,2026-05-15 21:31:32,Inactive,Active
Upma Dada,9947170926,upma.dada277@gmail.com,1979-06-29,Female,Engineer,465,Nadig Road,Ville,Bengaluru,Karnataka,560001,India,XESCO6856J,Verified,2024-07-23 19:51:12,Active,Active
Chakradev Chhabra,6199305435,chakradev.chhabra278@gmail.com,1972-11-28,Male,Business Owner,194,Luthra Road,Ville,Bengaluru,Karnataka,560001,India,BEVDJ2447J,Verified,2026-03-13 15:47:02,Inactive,Active
Samarth Palla,7465082244,samarth.palla279@gmail.com,1997-12-03,Male,Lawyer,55,Mangat Nagar,Ville,Jaipur,Rajasthan,302001,India,GBAZP9695B,Verified,2023-06-01 21:17:57,Active,Active
Gunbir Agate,7659884714,gunbir.agate280@gmail.com,1978-12-20,Male,Teacher,311,Pall Nagar,Ville,Chennai,Tamil Nadu,600001,India,VJXJW4268V,Verified,2025-06-03 03:01:21,Active,Active
Irya Mittal,8743525257,irya.mittal281@gmail.com,2002-04-17,Female,Business Owner,806,Nadkarni Nagar,Ville,Bengaluru,Karnataka,560001,India,LKSKB6678A,Verified,2024-05-10 18:06:47,Active,Active
Eesha Naidu,7802249458,eesha.naidu282@gmail.com,2002-07-20,Other,HR Manager,275,Chaudhary Circle,Ville,Delhi,Delhi,110001,India,PSKQX1419N,Verified,2025-11-20 22:08:07,Active,Active
Tristan Choudhury,6022713596,tristan.choudhury283@gmail.com,1983-09-12,Male,Bank Employee,976,Kapadia Zila,Ville,Mumbai,Maharashtra,400001,India,OWNHF6501T,Verified,2024-07-21 15:19:46,Active,Active
Rajeshri Pandey,7969062584,rajeshri.pandey284@gmail.com,1989-03-22,Other,Bank Employee,235,Kari Road,Ville,Sitapur,Uttar Pradesh,261001,India,HPFZW8862O,Pending,2021-12-12 18:38:55,Active,Active
Jalsa Sant,9412604335,jalsa.sant285@gmail.com,1990-12-05,Other,Software Engineer,784,Ghose Chowk,Ville,Bhopal,Madhya Pradesh,462001,India,HGMZV4686T,Verified,2023-11-02 23:17:23,Active,Active
Azad Sethi,7394997876,azad.sethi286@gmail.com,2002-08-10,Male,Marketing Manager,752,Sodhi Road,Ville,Ahmedabad,Gujarat,380001,India,ALXMS8860Y,Verified,2025-10-25 04:21:50,Active,Active
Nidra Palla,6656359500,nidra.palla287@gmail.com,1971-05-21,Female,Consultant,603,Mishra Path,Ville,Kota,Rajasthan,324001,India,YAVYL9246H,Verified,2024-08-04 03:02:21,Inactive,Active
Abhiram Guha,8893930294,abhiram.guha288@gmail.com,1995-07-13,Male,Government Employee,886,Mohanty Ganj,Ville,Ahmedabad,Gujarat,380001,India,LZJQT5729N,Verified,2024-02-28 06:22:26,Active,Active
Jagvi Sunder,9728587245,jagvi.sunder289@gmail.com,1999-11-04,Female,Self Employed,726,Anand Marg,Ville,Patna,Bihar,800001,India,LGAWV7108O,Verified,2024-08-30 15:47:39,Active,Active
Joshua Khatri,8125772035,joshua.khatri290@gmail.com,1986-06-01,Male,Accountant,629,Samra Path,Ville,Hyderabad,Telangana,500001,India,RGIAK3942M,Verified,2023-12-13 00:07:40,Active,Active
Wridesh Mody,7648224968,wridesh.mody291@gmail.com,2004-04-10,Male,Business Owner,211,Krish Road,Ville,Sitapur,Uttar Pradesh,261001,India,EAGAT2976T,Verified,2025-05-12 12:53:38,Active,Active
Ekavir Samra,8803817744,ekavir.samra292@gmail.com,1976-05-04,Male,HR Manager,18,Sharaf Street,Ville,Kanpur,Uttar Pradesh,208001,India,XMFHP6488T,Verified,2022-07-15 18:18:57,Inactive,Active
Charvi Barad,9545822063,charvi.barad293@gmail.com,1986-05-29,Female,Software Engineer,471,Chhabra Road,Ville,Bengaluru,Karnataka,560001,India,OKSIA5806U,Rejected,2023-02-05 20:37:06,Active,Active
Upadhriti Chawla,8000604964,upadhriti.chawla294@gmail.com,1973-07-23,Female,Consultant,507,Natt Zila,Ville,Delhi,Delhi,110001,India,FQCJP2285D,Verified,2022-05-06 05:23:46,Active,Active
Yatan Sankar,9806975844,yatan.sankar295@gmail.com,1977-08-06,Male,Sales Executive,747,Pai Nagar,Ville,Kota,Rajasthan,324001,India,LDRNJ8013E,Pending,2021-12-20 05:42:51,Active,Active
Aarini Venkatesh,7591820553,aarini.venkatesh296@gmail.com,1995-01-05,Female,Business Owner,106,Gaba Marg,Ville,Mumbai,Maharashtra,400001,India,OEKHR8157E,Verified,2024-11-06 10:18:20,Active,Active
Widisha Reddy,9279029419,widisha.reddy297@gmail.com,1975-12-28,Female,Bank Employee,726,Salvi,Ville,Hyderabad,Telangana,500001,India,ZWMLI4881P,Verified,2026-05-26 02:22:40,Active,Active
Pranav Boase,6308589336,pranav.boase298@gmail.com,1982-12-13,Male,Engineer,487,Bassi Ganj,Ville,Hyderabad,Telangana,500001,India,EHVCC7719W,Verified,2024-04-11 07:40:54,Inactive,Active
Andrew Rege,6100017673,andrew.rege299@gmail.com,1994-03-16,Male,Software Engineer,147,Mand Nagar,Ville,Hyderabad,Telangana,500001,India,SGDXY8584K,Verified,2023-12-07 07:26:11,Active,Active
Chanchal Nagarajan,7568524568,chanchal.nagarajan300@gmail.com,1975-10-31,Female,Consultant,408,Bajaj Marg,Ville,Kolkata,West Bengal,700001,India,ZAMUX5365X,Verified,2023-12-03 16:06:11,Active,Active
Suhani Nair,8869803780,suhani.nair301@gmail.com,1991-12-04,Female,Accountant,56,Rao Street,Ville,Hyderabad,Telangana,500001,India,VENJF5892M,Verified,2024-06-02 03:29:14,Active,Active
William Hans,6369464365,william.hans302@gmail.com,1985-11-08,Male,Bank Employee,784,Dalal Marg,Ville,Jaipur,Rajasthan,302001,India,WLFEH1776M,Verified,2021-10-28 18:28:35,Active,Active
Naveen Grover,8922957445,naveen.grover303@gmail.com,1998-05-12,Male,HR Manager,131,Wali Circle,Ville,Chennai,Tamil Nadu,600001,India,LCUJQ1361N,Rejected,2024-07-13 18:04:48,Active,Active
Maanav Kapadia,6245953543,maanav.kapadia304@gmail.com,1981-11-15,Male,Lawyer,625,Pal Path,Ville,Chennai,Tamil Nadu,600001,India,JYKDL7257U,Verified,2023-10-19 00:10:46,Active,Active
Prisha Ratti,9667376363,prisha.ratti305@gmail.com,1984-03-10,Other,Consultant,355,Solanki Path,Ville,Ahmedabad,Gujarat,380001,India,OUUHO4043J,Verified,2021-08-28 03:52:18,Active,Active
Jagvi Chokshi,8826777193,jagvi.chokshi306@gmail.com,1985-01-20,Female,Sales Executive,946,Rastogi Circle,Ville,Ahmedabad,Gujarat,380001,India,HVXIB8535T,Verified,2024-09-01 11:25:21,Active,Active
Farhan Jain,9545847169,farhan.jain307@gmail.com,1997-05-31,Male,Business Owner,463,Narayan Zila,Ville,Pune,Maharashtra,411001,India,SMPXI5097B,Verified,2022-09-27 07:56:16,Active,Active
Yashawini Kala,7271336312,yashawini.kala308@gmail.com,1976-12-19,Female,Student,339,Banik Zila,Ville,Hyderabad,Telangana,500001,India,BMBUT7269R,Verified,2025-09-04 22:57:12,Active,Active
Rudra Mandal,7177287542,rudra.mandal309@gmail.com,1977-04-26,Male,Teacher,199,Srivastava,Ville,Delhi,Delhi,110001,India,DWTXR0142E,Verified,2022-07-02 21:04:24,Active,Active
Varsha Dhar,8167062390,varsha.dhar310@gmail.com,1984-06-18,Female,Marketing Manager,433,Sha Nagar,Ville,Lucknow,Uttar Pradesh,226001,India,MUJYC7205F,Verified,2021-09-19 10:33:48,Active,Active
Watika Kala,8130464264,watika.kala311@gmail.com,1994-01-31,Female,Business Owner,15,Sundaram Marg,Ville,Sitapur,Uttar Pradesh,261001,India,JUMHX2445Y,Verified,2023-11-27 20:32:45,Blocked,Blocked
Hardik Suresh,8424065198,hardik.suresh312@gmail.com,1975-01-14,Male,Teacher,722,D’Alia Ganj,Ville,Kolkata,West Bengal,700001,India,JAXIM9785A,Verified,2025-02-10 16:35:35,Active,Active
Gabriel Mitra,8896786975,gabriel.mitra313@gmail.com,1997-03-31,Other,Government Employee,626,Sarkar Zila,Ville,Sitapur,Uttar Pradesh,261001,India,MTFKM4504H,Verified,2025-11-13 04:12:24,Active,Active
Yashasvi Tailor,6849223324,yashasvi.tailor314@gmail.com,1976-01-05,Female,Self Employed,505,Hora Path,Ville,Mumbai,Maharashtra,400001,India,TZJYX9937G,Verified,2022-04-05 15:15:04,Active,Active
Daksh Sampath,7486923236,daksh.sampath315@gmail.com,1970-08-10,Male,Engineer,644,Mani Chowk,Ville,Kolkata,West Bengal,700001,India,MDEHQ1005A,Verified,2022-10-12 07:08:13,Active,Active
Chakradhar Srinivasan,8733670934,chakradhar.srinivasan316@gmail.com,1983-05-31,Male,Marketing Manager,194,Minhas Street,Ville,Delhi,Delhi,110001,India,KNCLN3221M,Pending,2026-03-18 14:37:55,Active,Active
Kala Nagarajan,9157159881,kala.nagarajan317@gmail.com,2001-11-29,Female,Marketing Manager,509,Ghose Road,Ville,Kota,Rajasthan,324001,India,ZSKBN7549P,Verified,2025-04-18 13:49:33,Active,Active
Jagdish Dhawan,6531674041,jagdish.dhawan318@gmail.com,1989-05-28,Male,Lawyer,423,Kapoor Ganj,Ville,Delhi,Delhi,110001,India,ALDUB6228O,Verified,2025-09-19 08:40:37,Active,Active
Vrinda Dutt,8977723089,vrinda.dutt319@gmail.com,1999-03-07,Female,Doctor,576,Srivastava Street,Ville,Kolkata,West Bengal,700001,India,RDFIO0545V,Verified,2025-10-18 22:06:38,Active,Active
Vasatika Goyal,6643565353,vasatika.goyal320@gmail.com,1973-12-07,Female,Engineer,903,Nanda Marg,Ville,Bengaluru,Karnataka,560001,India,ICDMG1218S,Verified,2023-10-13 12:49:26,Inactive,Active
Manthan Natt,7746993143,manthan.natt321@gmail.com,1996-05-22,Male,Teacher,67,Panchal Marg,Ville,Chennai,Tamil Nadu,600001,India,VFGGF6789X,Verified,2025-09-06 07:15:31,Active,Active
Abeer Bhatnagar,6836457493,abeer.bhatnagar322@gmail.com,1982-05-26,Male,Accountant,368,Parmer Chowk,Ville,Patna,Bihar,800001,India,IXFOV7310O,Verified,2022-08-19 18:58:27,Blocked,Blocked
Pratyush Patla,9603287252,pratyush.patla323@gmail.com,1977-06-20,Male,Student,503,Vala Circle,Ville,Pune,Maharashtra,411001,India,FAZPR6372S,Verified,2022-12-23 04:37:20,Active,Active
George Zacharia,7069826494,george.zacharia324@gmail.com,1996-01-05,Male,Self Employed,299,Datta Marg,Ville,Hyderabad,Telangana,500001,India,AFKHK6541R,Verified,2023-05-05 08:22:24,Active,Active
Yadavi Naidu,8439520226,yadavi.naidu325@gmail.com,1973-03-07,Female,Engineer,573,Krishnamurthy Chowk,Ville,Kolkata,West Bengal,700001,India,EQDUY5726V,Verified,2024-04-11 04:27:29,Blocked,Blocked
Rajata Butala,9293574420,rajata.butala326@gmail.com,1993-09-21,Female,Bank Employee,605,Dhar Nagar,Ville,Pune,Maharashtra,411001,India,AFGZX9914V,Verified,2023-09-09 09:32:08,Active,Active
Pranav Oommen,9407676770,pranav.oommen327@gmail.com,1982-12-22,Male,Business Owner,756,Upadhyay Street,Ville,Pune,Maharashtra,411001,India,BSKXN7569C,Verified,2024-03-10 01:30:48,Active,Active
Kai Handa,7677085504,kai.handa328@gmail.com,1992-09-04,Male,Marketing Manager,87,Balan Nagar,Ville,Kolkata,West Bengal,700001,India,ULDLF6911E,Verified,2024-05-21 17:06:07,Active,Active
Anya Master,6970609022,anya.master329@gmail.com,1999-08-26,Female,Consultant,387,Dhar Nagar,Ville,Delhi,Delhi,110001,India,SGOPQ5503Y,Pending,2022-10-07 12:55:36,Active,Active
Chanchal Oommen,9883994509,chanchal.oommen330@gmail.com,1970-10-18,Female,Consultant,315,Bhat Nagar,Ville,Delhi,Delhi,110001,India,EGYVS3966L,Verified,2024-01-01 02:09:32,Active,Active
Dev Chaudhuri,9062455278,dev.chaudhuri331@gmail.com,1970-09-19,Male,Engineer,198,Bose Marg,Ville,Bhopal,Madhya Pradesh,462001,India,DKJID1332I,Verified,2023-01-02 16:56:56,Active,Active
Anjali Garde,7324968616,anjali.garde332@gmail.com,1993-11-26,Female,Teacher,532,Chakrabarti,Ville,Bengaluru,Karnataka,560001,India,FRYJO9200W,Verified,2022-12-20 16:24:48,Active,Active
Tanmayi Krishnamurthy,8734812896,tanmayi.krishnamurthy333@gmail.com,1977-08-13,Female,Government Employee,89,Bandi Path,Ville,Kota,Rajasthan,324001,India,ZWHFL4236S,Verified,2024-11-07 20:26:59,Active,Active
Aayush Menon,6223337025,aayush.menon334@gmail.com,1993-03-22,Male,Accountant,440,Bir Zila,Ville,Sitapur,Uttar Pradesh,261001,India,AMARJ5597O,Rejected,2024-10-01 02:51:14,Active,Active
Anirudh Arora,9030678746,anirudh.arora335@gmail.com,2005-02-07,Male,Doctor,826,Johal Path,Ville,Chennai,Tamil Nadu,600001,India,BJPES8846K,Verified,2022-07-08 01:24:40,Inactive,Active
Riya Gokhale,6763146595,riya.gokhale336@gmail.com,1980-01-02,Other,Self Employed,900,Saran Path,Ville,Bhopal,Madhya Pradesh,462001,India,LLWSN2106H,Verified,2021-11-21 11:28:02,Active,Active
Benjamin Doctor,6508262275,benjamin.doctor337@gmail.com,1980-03-14,Male,Teacher,401,Mittal Marg,Ville,Chennai,Tamil Nadu,600001,India,AKYDY2910T,Verified,2023-08-24 11:46:27,Active,Active
Aahana Iyer,6725502579,aahana.iyer338@gmail.com,1986-05-01,Female,Teacher,979,Jaggi,Ville,Mumbai,Maharashtra,400001,India,IPSHV8849W,Pending,2024-07-17 04:53:57,Active,Active
Xalak Narayanan,7719838059,xalak.narayanan339@gmail.com,1999-04-26,Female,Self Employed,994,Shanker Path,Ville,Kanpur,Uttar Pradesh,208001,India,XBYYE3610P,Verified,2025-12-15 22:07:56,Active,Active
Anthony Shanker,9068840814,anthony.shanker340@gmail.com,1985-12-16,Male,Lawyer,917,Hora Nagar,Ville,Kolkata,West Bengal,700001,India,FAUFN7982A,Verified,2025-03-02 10:59:02,Active,Active
Tanish Kannan,6214845096,tanish.kannan341@gmail.com,1976-02-17,Male,Lawyer,986,Dhillon Zila,Ville,Ahmedabad,Gujarat,380001,India,BXWVL0422B,Pending,2025-02-21 00:30:21,Active,Active
Ojasvi Sharma,8677333818,ojasvi.sharma342@gmail.com,1987-02-16,Female,Government Employee,882,Bhagat,Ville,Ahmedabad,Gujarat,380001,India,VIKZZ7000D,Verified,2021-09-26 07:06:20,Active,Active
Anvi Bhatia,6534436856,anvi.bhatia343@gmail.com,1992-08-22,Female,Teacher,858,Grewal Nagar,Ville,Lucknow,Uttar Pradesh,226001,India,HLVEN1047K,Verified,2025-01-18 01:02:16,Active,Active
Abeer Tella,9949892638,abeer.tella344@gmail.com,1984-02-18,Male,Business Owner,990,Kaul Ganj,Ville,Ahmedabad,Gujarat,380001,India,BBKWZ5947J,Verified,2025-04-28 19:12:11,Inactive,Active
Barkha Nagy,7301105247,barkha.nagy345@gmail.com,1992-09-12,Female,Doctor,656,Sehgal Circle,Ville,Bengaluru,Karnataka,560001,India,HVDOG4084X,Verified,2023-03-24 10:58:49,Active,Active
Yoshita Goyal,8985173841,yoshita.goyal346@gmail.com,2004-08-24,Female,Business Owner,220,Naidu Ganj,Ville,Lucknow,Uttar Pradesh,226001,India,XLMVD3916A,Verified,2026-01-21 11:33:31,Active,Active
Umang Pant,7180198615,umang.pant347@gmail.com,1991-01-27,Male,Sales Executive,122,Aggarwal Path,Ville,Chennai,Tamil Nadu,600001,India,VGBPY8697B,Verified,2023-01-03 20:52:18,Active,Active
Devika Maharaj,9804367708,devika.maharaj348@gmail.com,1988-03-08,Female,HR Manager,622,Saran Street,Ville,Kolkata,West Bengal,700001,India,VVJKW3118P,Pending,2026-07-20 08:11:05,Active,Active
Gaurika Balan,6932996623,gaurika.balan349@gmail.com,1989-07-30,Female,Consultant,91,Rao Nagar,Ville,Bhopal,Madhya Pradesh,462001,India,FHHJB3477H,Verified,2023-03-12 20:37:06,Active,Active
Jeet Chokshi,6478787986,jeet.chokshi350@gmail.com,2005-04-28,Male,Accountant,739,Wadhwa Path,Ville,Bhopal,Madhya Pradesh,462001,India,WVYCO8035T,Verified,2024-07-08 02:23:20,Active,Active
Onveer Raja,9344814308,onveer.raja351@gmail.com,1992-05-05,Male,Government Employee,451,Kara Road,Ville,Bengaluru,Karnataka,560001,India,WAVUU7252H,Verified,2026-03-10 13:01:54,Active,Active
Qarin Garde,7246544561,qarin.garde352@gmail.com,1995-03-25,Male,Engineer,825,Bala Ganj,Ville,Bengaluru,Karnataka,560001,India,BOXWC4249B,Verified,2026-04-30 16:55:09,Active,Active
Anusha Wali,8266435410,anusha.wali353@gmail.com,1992-01-15,Female,Doctor,500,Chandra,Ville,Sitapur,Uttar Pradesh,261001,India,NDDZV7707B,Verified,2022-04-03 23:27:04,Active,Active
Parth Pall,8781493848,parth.pall354@gmail.com,1974-09-22,Male,Self Employed,353,Reddy,Ville,Mumbai,Maharashtra,400001,India,KNTLD0571S,Verified,2022-11-06 07:54:06,Active,Active
Urvashi Kadakia,6288993732,urvashi.kadakia355@gmail.com,1999-12-24,Female,Lawyer,374,Setty Street,Ville,Chennai,Tamil Nadu,600001,India,RYDHB3988X,Verified,2024-12-16 04:01:47,Active,Active
Oscar Jaggi,9596064506,oscar.jaggi356@gmail.com,1996-03-21,Male,Self Employed,71,Sarin Circle,Ville,Sitapur,Uttar Pradesh,261001,India,WGRZQ9257B,Verified,2025-02-20 00:56:41,Blocked,Blocked
Barkha Raja,6304292362,barkha.raja357@gmail.com,1992-12-24,Female,Software Engineer,574,Wable Circle,Ville,Bengaluru,Karnataka,560001,India,ENBYS7286K,Verified,2023-11-23 12:26:53,Active,Active
Ranbir Virk,8146559630,ranbir.virk358@gmail.com,2003-06-20,Male,Business Owner,578,Narayanan Ganj,Ville,Patna,Bihar,800001,India,TSBVC8875A,Pending,2022-12-22 13:55:02,Active,Active
Yochana Tella,9018708708,yochana.tella359@gmail.com,1982-01-16,Female,Business Owner,634,Bora Zila,Ville,Chennai,Tamil Nadu,600001,India,LJZSU8835Z,Verified,2023-04-14 22:25:07,Active,Active
Shravya Patla,8364025764,shravya.patla360@gmail.com,1993-03-21,Female,Sales Executive,798,Ghose Path,Ville,Chennai,Tamil Nadu,600001,India,SSWVE9249Q,Verified,2024-12-13 09:39:25,Active,Active
Tamanna Barman,8417274548,tamanna.barman361@gmail.com,1985-12-06,Female,Self Employed,881,Walla Path,Ville,Delhi,Delhi,110001,India,MNCTS3545G,Verified,2022-08-02 04:02:43,Active,Active
Pahal Mandal,6271156535,pahal.mandal362@gmail.com,1986-11-18,Female,Student,226,Edwin Road,Ville,Delhi,Delhi,110001,India,DBEWE9795J,Verified,2023-08-05 12:20:18,Active,Active
Tanveer Sandal,9111948388,tanveer.sandal363@gmail.com,2005-04-25,Other,Self Employed,212,Bava Circle,Ville,Lucknow,Uttar Pradesh,226001,India,BLFHC1304W,Verified,2024-11-29 14:05:38,Inactive,Active
Bhavini Narayanan,8905897712,bhavini.narayanan364@gmail.com,1974-02-19,Female,Sales Executive,423,Dhar Path,Ville,Delhi,Delhi,110001,India,NAFSJ8805X,Verified,2024-05-24 09:33:40,Active,Active
Yoshita Kade,8410229470,yoshita.kade365@gmail.com,2003-05-24,Female,Accountant,672,Patil Zila,Ville,Lucknow,Uttar Pradesh,226001,India,YJDEM5261E,Rejected,2022-04-23 18:35:01,Inactive,Active
Warda Golla,8732132921,warda.golla366@gmail.com,1984-08-27,Female,Business Owner,998,Butala Ganj,Ville,Patna,Bihar,800001,India,GDBBK8705U,Verified,2023-07-03 02:53:41,Active,Active
Logan Cheema,8569368550,logan.cheema367@gmail.com,1972-03-19,Male,Doctor,4,Mahal Road,Ville,Sitapur,Uttar Pradesh,261001,India,XCEUO8510Y,Verified,2026-02-07 03:50:24,Inactive,Blocked
Kiaan Ben,6875408532,kiaan.ben368@gmail.com,2003-10-17,Male,Self Employed,911,Thakur,Ville,Kota,Rajasthan,324001,India,DWVAK0720B,Verified,2021-08-19 09:47:49,Active,Blocked
Abdul Mitter,9583398457,abdul.mitter369@gmail.com,1982-02-09,Male,Bank Employee,690,Solanki Road,Ville,Hyderabad,Telangana,500001,India,PMMYK2995R,Pending,2022-02-21 08:52:29,Active,Active
Wakeeta Contractor,7442142002,wakeeta.contractor370@gmail.com,1988-05-25,Female,Lawyer,761,Sheth Ganj,Ville,Jaipur,Rajasthan,302001,India,IABBK1767X,Verified,2024-09-11 21:51:23,Active,Active
Qarin Varma,6117306802,qarin.varma371@gmail.com,1980-02-22,Male,HR Manager,460,Thakkar Street,Ville,Pune,Maharashtra,411001,India,PWNNJ8478I,Verified,2022-01-14 15:26:19,Active,Active
Saksham Gade,8256177502,saksham.gade372@gmail.com,1979-08-18,Male,HR Manager,67,Chaudhuri Street,Ville,Jaipur,Rajasthan,302001,India,SEHDK1974M,Verified,2026-03-15 11:36:54,Active,Active
Shaurya Sankar,8416987812,shaurya.sankar373@gmail.com,1977-09-13,Male,Marketing Manager,318,Bhakta Ganj,Ville,Bhopal,Madhya Pradesh,462001,India,KMREN6438Z,Verified,2022-09-16 15:18:50,Active,Active
Rachit Hari,6915518832,rachit.hari374@gmail.com,1992-07-23,Male,Consultant,272,Joshi Ganj,Ville,Bhopal,Madhya Pradesh,462001,India,CGJRG1794W,Verified,2022-12-24 05:18:29,Active,Active
Unnati Bobal,7946295480,unnati.bobal375@gmail.com,1992-10-06,Female,Accountant,94,Khare Nagar,Ville,Chennai,Tamil Nadu,600001,India,NIVOY4355Z,Verified,2022-03-26 17:57:20,Active,Active
Samarth Dugar,8194201235,samarth.dugar376@gmail.com,1987-06-20,Male,HR Manager,279,Palla Circle,Ville,Patna,Bihar,800001,India,RZDUP0102M,Verified,2022-07-21 08:40:17,Active,Active
Gaurav Subramanian,9728181983,gaurav.subramanian377@gmail.com,1976-03-06,Male,Engineer,425,Choudhary Ganj,Ville,Ahmedabad,Gujarat,380001,India,UPCNU5477T,Pending,2025-07-08 22:15:30,Blocked,Blocked
Vasana Dave,7925113746,vasana.dave378@gmail.com,2003-08-28,Female,Sales Executive,606,Sinha Nagar,Ville,Hyderabad,Telangana,500001,India,CLEDL0762B,Verified,2024-11-28 10:13:31,Active,Active
Dayamai Sundaram,9680947508,dayamai.sundaram379@gmail.com,1998-05-15,Female,Student,627,Chaudhry Nagar,Ville,Bhopal,Madhya Pradesh,462001,India,GLTPG3465I,Verified,2023-04-04 23:07:49,Active,Active
Advay Pandey,9317006002,advay.pandey380@gmail.com,1987-04-05,Male,HR Manager,538,Jani Zila,Ville,Kota,Rajasthan,324001,India,CTVRE0002X,Verified,2022-06-13 03:47:35,Active,Active
Devansh Rajagopal,9771224555,devansh.rajagopal381@gmail.com,2002-01-02,Male,Engineer,86,Rai Street,Ville,Bengaluru,Karnataka,560001,India,EWOIY8617P,Verified,2023-01-24 19:01:15,Active,Active
Samar Sharma,8811580619,samar.sharma382@gmail.com,1990-07-05,Male,Sales Executive,109,Borra Ganj,Ville,Jaipur,Rajasthan,302001,India,SFFUE6616Q,Pending,2021-12-26 18:59:34,Active,Active
Oni Deol,9214478998,oni.deol383@gmail.com,1997-06-05,Female,Government Employee,62,Chaudhuri Nagar,Ville,Kolkata,West Bengal,700001,India,VEMRO3917X,Verified,2023-03-16 13:23:37,Active,Active
Oeshi Sani,6492465410,oeshi.sani384@gmail.com,1994-03-14,Female,Lawyer,618,Savant Chowk,Ville,Kota,Rajasthan,324001,India,HCJYS8434T,Verified,2023-02-28 01:15:36,Active,Active
Samuel Devi,7245509417,samuel.devi385@gmail.com,1989-05-18,Male,Consultant,2,Subramaniam Nagar,Ville,Kota,Rajasthan,324001,India,VKYYO8231M,Verified,2024-07-04 01:17:39,Active,Active
Devansh Mishra,6533389421,devansh.mishra386@gmail.com,1984-03-04,Male,Business Owner,583,Apte,Ville,Kolkata,West Bengal,700001,India,RVEZJ5814A,Rejected,2024-05-24 17:40:02,Inactive,Active
Sarthak Kapoor,9407484069,sarthak.kapoor387@gmail.com,1972-05-28,Male,HR Manager,637,Minhas Nagar,Ville,Bhopal,Madhya Pradesh,462001,India,AQHXX4508X,Verified,2022-01-31 03:34:03,Active,Active
Ethan Dugar,6382528091,ethan.dugar388@gmail.com,1976-11-30,Male,Teacher,295,Mahajan Circle,Ville,Sitapur,Uttar Pradesh,261001,India,NJYAL3112V,Verified,2025-06-08 03:09:00,Active,Active
Lila Prabhu,6544177484,lila.prabhu389@gmail.com,2005-09-15,Female,Bank Employee,55,Dhingra,Ville,Delhi,Delhi,110001,India,VOTEG9800P,Pending,2025-09-07 07:40:46,Active,Active
Pavani Mitra,6336672248,pavani.mitra390@gmail.com,1991-07-18,Female,Student,873,Johal Ganj,Ville,Pune,Maharashtra,411001,India,JZRTI9764C,Verified,2025-02-07 10:05:59,Active,Active
Zilmil Guha,8824799466,zilmil.guha391@gmail.com,1984-02-09,Female,Sales Executive,476,Salvi Zila,Ville,Kanpur,Uttar Pradesh,208001,India,MTFZC1068G,Verified,2022-05-18 14:53:12,Active,Active
Faris Prashad,9038081409,faris.prashad392@gmail.com,1999-02-03,Other,Engineer,870,Grover Ganj,Ville,Jaipur,Rajasthan,302001,India,SFIVZ2795W,Pending,2023-10-03 07:06:20,Active,Active
Imaran Bava,9851463873,imaran.bava393@gmail.com,2004-05-29,Male,Student,649,Sane Street,Ville,Kolkata,West Bengal,700001,India,PFVQA5170Q,Verified,2025-07-31 21:06:54,Active,Active
Ekalinga Luthra,8477773327,ekalinga.luthra394@gmail.com,1991-11-17,Male,Student,697,Khare Road,Ville,Bengaluru,Karnataka,560001,India,HQWYK4763D,Verified,2024-10-29 17:13:54,Active,Active
Yuvraj Kade,9899660943,yuvraj.kade395@gmail.com,1997-10-18,Male,Lawyer,383,Bajaj Path,Ville,Bengaluru,Karnataka,560001,India,QZQLA2144J,Verified,2023-11-29 09:31:10,Active,Active
Balendra Borah,8498849390,balendra.borah396@gmail.com,1984-01-11,Male,Bank Employee,591,Sunder Road,Ville,Pune,Maharashtra,411001,India,MFFMQ2051M,Verified,2025-12-03 20:17:15,Active,Active
Eiravati Singhal,7262537743,eiravati.singhal397@gmail.com,1999-10-23,Female,Teacher,307,Sethi Marg,Ville,Hyderabad,Telangana,500001,India,AXLDW2920M,Rejected,2023-05-22 06:55:27,Active,Active
Finn Mandal,9593886208,finn.mandal398@gmail.com,1993-12-15,Male,Marketing Manager,852,Ram Path,Ville,Hyderabad,Telangana,500001,India,SRZRQ2881D,Verified,2022-08-07 11:18:42,Active,Active
Nidra Deo,6549797292,nidra.deo399@gmail.com,1991-08-25,Female,Lawyer,927,Sachdeva Path,Ville,Bhopal,Madhya Pradesh,462001,India,PPZLX9053D,Rejected,2025-05-04 16:34:12,Inactive,Active
Kiaan Pathak,8242596060,kiaan.pathak400@gmail.com,1985-05-16,Male,Engineer,780,Issac Ganj,Ville,Bhopal,Madhya Pradesh,462001,India,PXQKS5226U,Verified,2026-08-03 13:59:33,Active,Active
Aayush Gaba,9944420755,aayush.gaba401@gmail.com,1987-10-25,Male,Accountant,176,Gokhale Zila,Ville,Bengaluru,Karnataka,560001,India,ZXSWL6554D,Verified,2022-10-05 03:03:49,Active,Active
Ronith Mandal,6129668349,ronith.mandal402@gmail.com,1971-06-09,Male,Teacher,641,Shan Zila,Ville,Patna,Bihar,800001,India,FWQYG5233N,Verified,2025-02-16 05:30:13,Active,Blocked
Mahika Kashyap,9863870097,mahika.kashyap403@gmail.com,1978-11-20,Female,HR Manager,342,Bhagat Street,Ville,Delhi,Delhi,110001,India,ZMUWS8937P,Verified,2023-04-08 05:25:50,Active,Active
Chavvi Uppal,9723984470,chavvi.uppal404@gmail.com,1979-03-21,Female,Teacher,177,Chaudhari Ganj,Ville,Jaipur,Rajasthan,302001,India,RQZQO5802I,Verified,2023-02-07 00:28:13,Active,Active
Hemang Ram,7794806922,hemang.ram405@gmail.com,1987-09-28,Male,Government Employee,957,Chander Chowk,Ville,Lucknow,Uttar Pradesh,226001,India,GKTSO3328E,Verified,2022-09-24 22:51:46,Active,Active
Ikshita Char,6416914103,ikshita.char406@gmail.com,1990-03-31,Female,Consultant,479,Narula Circle,Ville,Delhi,Delhi,110001,India,KMUUI8511Y,Verified,2024-11-24 12:47:35,Active,Active
Upkaar Hayre,9369571589,upkaar.hayre407@gmail.com,1985-05-05,Male,Consultant,210,Ramesh Path,Ville,Kanpur,Uttar Pradesh,208001,India,ULGZQ2868H,Verified,2023-12-26 08:19:52,Active,Active
Anirudh Lata,9200512060,anirudh.lata408@gmail.com,1985-03-09,Other,Doctor,885,Tella Nagar,Ville,Bhopal,Madhya Pradesh,462001,India,EAEUI4282U,Verified,2024-05-28 21:35:15,Active,Blocked
Yashvi Basu,6981160328,yashvi.basu409@gmail.com,1987-07-01,Female,Software Engineer,154,Singhal Road,Ville,Mumbai,Maharashtra,400001,India,ILWFP3350X,Verified,2026-04-16 09:39:46,Active,Active
Mason Swaminathan,7512208374,mason.swaminathan410@gmail.com,1987-10-08,Male,Lawyer,592,Palla Nagar,Ville,Bengaluru,Karnataka,560001,India,HVFNS3173B,Pending,2026-08-05 12:28:57,Active,Active
Dayamai Khosla,8689194491,dayamai.khosla411@gmail.com,1998-09-29,Female,Accountant,410,Shankar Road,Ville,Hyderabad,Telangana,500001,India,COJPR3506A,Verified,2023-01-07 09:41:13,Active,Active
Jonathan Loyal,8074293968,jonathan.loyal412@gmail.com,1983-09-30,Male,Sales Executive,561,Bawa Circle,Ville,Pune,Maharashtra,411001,India,NEBWN4164J,Verified,2024-10-21 04:36:14,Inactive,Active
Isaiah Parsa,6919139164,isaiah.parsa413@gmail.com,1995-05-03,Male,Doctor,959,Chakraborty,Ville,Pune,Maharashtra,411001,India,GHFTT6286F,Verified,2022-07-11 18:04:44,Active,Active
Wriddhish Sundaram,9975113485,wriddhish.sundaram414@gmail.com,1977-10-09,Male,Bank Employee,946,Sharma Circle,Ville,Sitapur,Uttar Pradesh,261001,India,HTBGJ7828Z,Verified,2022-04-06 12:40:14,Active,Active
Matthew D’Alia,8659236332,matthew.d’alia415@gmail.com,1994-02-14,Male,Self Employed,308,Mohan Marg,Ville,Jaipur,Rajasthan,302001,India,XMICV6991N,Pending,2021-11-05 23:59:22,Active,Active
Gabriel Varkey,8672177040,gabriel.varkey416@gmail.com,1999-07-28,Male,Lawyer,813,Sura Zila,Ville,Delhi,Delhi,110001,India,ZADKL1167R,Verified,2026-06-12 14:55:49,Active,Active
Ranbir Chada,9256448899,ranbir.chada417@gmail.com,1974-03-08,Male,Business Owner,722,Kara Road,Ville,Chennai,Tamil Nadu,600001,India,NBYAX8444G,Verified,2024-04-14 03:43:01,Inactive,Active
Benjamin Iyengar,7992592148,benjamin.iyengar418@gmail.com,1989-11-05,Male,Bank Employee,721,Pandya Zila,Ville,Lucknow,Uttar Pradesh,226001,India,FTKVQ4864Z,Verified,2024-12-05 01:08:17,Active,Active
Mekhala Biswas,7982447598,mekhala.biswas419@gmail.com,2005-09-23,Female,Teacher,807,Rama Path,Ville,Lucknow,Uttar Pradesh,226001,India,USSEL0626H,Verified,2023-12-27 03:50:02,Active,Blocked
Vanya Nori,7350242180,vanya.nori420@gmail.com,1996-04-27,Female,Student,279,Devan Circle,Ville,Patna,Bihar,800001,India,IVPHB5576F,Verified,2026-08-07 11:38:56,Active,Active
Isaac Tata,9834342401,isaac.tata421@gmail.com,1984-11-15,Male,Sales Executive,25,Raval Road,Ville,Kolkata,West Bengal,700001,India,XOVAM8066O,Verified,2025-08-01 21:52:09,Active,Active
Krisha Walia,9515732499,krisha.walia422@gmail.com,2005-10-15,Female,Doctor,186,Thakkar Circle,Ville,Bengaluru,Karnataka,560001,India,OWIBB3856K,Pending,2023-09-16 23:22:49,Active,Active
Chaitaly Koshy,8190139265,chaitaly.koshy423@gmail.com,1978-08-02,Female,Sales Executive,654,Kakar Street,Ville,Mumbai,Maharashtra,400001,India,VIXWR3598D,Verified,2021-12-16 17:54:27,Inactive,Active
Hitesh Mitra,7032257614,hitesh.mitra424@gmail.com,1975-09-09,Male,Software Engineer,206,Ratti Zila,Ville,Patna,Bihar,800001,India,EMJOH4110Z,Verified,2021-08-10 12:59:51,Active,Active
Chaitanya Sibal,7468418485,chaitanya.sibal425@gmail.com,1991-05-15,Male,Marketing Manager,703,Oza Zila,Ville,Sitapur,Uttar Pradesh,261001,India,KTKQD7050S,Verified,2022-05-28 03:48:06,Active,Active
Dominic Loyal,7151837229,dominic.loyal426@gmail.com,1983-01-26,Male,Teacher,715,Sinha Chowk,Ville,Kanpur,Uttar Pradesh,208001,India,VRRJD9325N,Verified,2023-05-19 04:39:00,Active,Active
Ryan Gupta,9740043048,ryan.gupta427@gmail.com,1993-07-19,Male,Self Employed,737,Ravi Road,Ville,Mumbai,Maharashtra,400001,India,DRYRT4439N,Verified,2026-02-15 23:50:33,Active,Active
Naksh Das,8524988223,naksh.das428@gmail.com,1978-09-14,Male,Consultant,472,Palan Nagar,Ville,Bengaluru,Karnataka,560001,India,CMKQZ1507I,Verified,2022-08-31 20:39:20,Active,Active
Viraj Deep,6930411059,viraj.deep429@gmail.com,1996-05-27,Male,Sales Executive,159,Nori Ganj,Ville,Bengaluru,Karnataka,560001,India,TLUQF1234O,Verified,2024-10-04 18:48:59,Active,Active
Akshay Chawla,9558856203,akshay.chawla430@gmail.com,1980-10-23,Male,Self Employed,601,Brahmbhatt Marg,Ville,Jaipur,Rajasthan,302001,India,QHBWA0773I,Verified,2025-11-02 05:20:16,Active,Active
Daksh Tara,7939570135,daksh.tara431@gmail.com,1977-08-12,Male,Marketing Manager,600,Char Chowk,Ville,Pune,Maharashtra,411001,India,XCPGE3616M,Verified,2026-02-06 19:19:10,Active,Active
Chandran Modi,7410800008,chandran.modi432@gmail.com,2002-04-22,Male,Lawyer,395,Keer,Ville,Bengaluru,Karnataka,560001,India,IGMZV6623Z,Verified,2025-02-10 14:32:18,Active,Active
Qabil Malhotra,7324967483,qabil.malhotra433@gmail.com,1984-08-07,Male,Sales Executive,432,Balay Zila,Ville,Delhi,Delhi,110001,India,FJQRA0180R,Verified,2022-11-18 21:29:28,Active,Active
Jack Bhavsar,9239090076,jack.bhavsar434@gmail.com,2004-08-27,Male,Consultant,235,Bhavsar,Ville,Ahmedabad,Gujarat,380001,India,HNHNN9595E,Verified,2024-08-05 15:52:34,Active,Active
Om Mukhopadhyay,7560130423,om.mukhopadhyay435@gmail.com,2000-01-09,Male,Consultant,129,Gopal Ganj,Ville,Pune,Maharashtra,411001,India,XPCKC2821Z,Verified,2022-02-16 07:42:56,Active,Blocked
Sneha Kuruvilla,8036932021,sneha.kuruvilla436@gmail.com,1982-06-01,Female,Sales Executive,927,Date Nagar,Ville,Sitapur,Uttar Pradesh,261001,India,FBJOD5612G,Verified,2024-06-20 11:35:45,Active,Active
Ati Atwal,7690212503,ati.atwal437@gmail.com,1979-07-28,Female,Teacher,392,Sachdeva Street,Ville,Lucknow,Uttar Pradesh,226001,India,IHBYJ4473M,Verified,2024-10-12 08:23:32,Active,Active
Ridhi Bora,9571663276,ridhi.bora438@gmail.com,2001-07-31,Other,Business Owner,398,Kulkarni Street,Ville,Patna,Bihar,800001,India,TAPXQ4223F,Verified,2024-12-31 04:48:37,Active,Active
Diya Varughese,8187131957,diya.varughese439@gmail.com,1991-11-27,Female,Student,1,Krishna Ganj,Ville,Ahmedabad,Gujarat,380001,India,KKXZI5263I,Verified,2022-08-12 20:51:14,Active,Blocked
Aarini Sani,7904052067,aarini.sani440@gmail.com,1995-05-18,Female,Student,622,Vyas Path,Ville,Delhi,Delhi,110001,India,BPWUP5527V,Verified,2026-02-06 07:34:22,Active,Active
Leena Khanna,7392731739,leena.khanna441@gmail.com,1998-04-24,Female,Marketing Manager,496,Chada Nagar,Ville,Chennai,Tamil Nadu,600001,India,MXQKQ1201R,Rejected,2025-12-09 03:01:46,Active,Active
Chanchal Mann,6142425162,chanchal.mann442@gmail.com,1997-12-28,Female,Marketing Manager,257,Dash Path,Ville,Bengaluru,Karnataka,560001,India,UGVIC7452S,Verified,2023-03-10 08:59:53,Active,Active
Ubika Srinivasan,6994387092,ubika.srinivasan443@gmail.com,1982-03-31,Female,Accountant,763,Choudhry Road,Ville,Hyderabad,Telangana,500001,India,BYTRD7965G,Pending,2024-11-01 15:59:22,Active,Active
Arya Ramanathan,7531555805,arya.ramanathan444@gmail.com,1998-08-18,Female,HR Manager,917,Palan Zila,Ville,Patna,Bihar,800001,India,FAQGY3569M,Verified,2025-07-08 16:38:31,Active,Active
Urmi Pillai,6398055479,urmi.pillai445@gmail.com,2004-02-22,Female,Lawyer,518,Sastry Street,Ville,Kota,Rajasthan,324001,India,RHVIT0975C,Verified,2024-03-23 08:39:38,Active,Active
Zarna Kar,9544707708,zarna.kar446@gmail.com,1995-04-20,Female,Doctor,585,Manne Nagar,Ville,Sitapur,Uttar Pradesh,261001,India,LBMCH4899L,Verified,2025-12-21 08:25:21,Active,Active
Megha Bhatt,9579749034,megha.bhatt447@gmail.com,1970-05-27,Female,HR Manager,769,Kothari,Ville,Sitapur,Uttar Pradesh,261001,India,JBNYU0902Q,Verified,2024-05-20 13:48:50,Active,Active
Andrew Tailor,6141386545,andrew.tailor448@gmail.com,2000-02-26,Male,Accountant,445,Kale Path,Ville,Mumbai,Maharashtra,400001,India,VQKCF2548K,Pending,2023-12-11 21:52:44,Active,Active
Max Dutt,9446551485,max.dutt449@gmail.com,1973-09-25,Male,Sales Executive,402,Andra Ganj,Ville,Pune,Maharashtra,411001,India,USSXM1818P,Verified,2024-08-05 23:34:07,Active,Active
Jhalak Kuruvilla,7471947090,jhalak.kuruvilla450@gmail.com,1995-07-05,Female,Government Employee,340,Dalal Chowk,Ville,Delhi,Delhi,110001,India,IACFR2232D,Verified,2026-05-28 05:18:01,Active,Active
Eiravati Tank,9295942829,eiravati.tank451@gmail.com,1998-02-07,Female,Doctor,688,Narayan Ganj,Ville,Kolkata,West Bengal,700001,India,MUWPX1505K,Verified,2025-09-18 23:31:44,Active,Active
Jatin Narang,6185754787,jatin.narang452@gmail.com,1988-02-27,Male,Engineer,127,Raghavan Circle,Ville,Kanpur,Uttar Pradesh,208001,India,IMSJY8980G,Verified,2025-08-18 16:56:23,Active,Active
David Gade,6727040262,david.gade453@gmail.com,1994-03-23,Male,Consultant,204,Sharma Nagar,Ville,Lucknow,Uttar Pradesh,226001,India,FHUDP3397Q,Verified,2023-03-26 07:55:50,Active,Active
Avni Savant,6475725841,avni.savant454@gmail.com,2002-08-09,Female,Self Employed,144,Suresh Chowk,Ville,Kolkata,West Bengal,700001,India,BDOJS4163K,Verified,2023-07-30 12:49:03,Active,Active
Qushi Dugal,8875109483,qushi.dugal455@gmail.com,1980-05-09,Female,Marketing Manager,271,Thaker,Ville,Sitapur,Uttar Pradesh,261001,India,CEODK3279P,Verified,2023-01-25 01:52:39,Active,Active
Orinder Gade,8654136359,orinder.gade456@gmail.com,1971-09-20,Male,Self Employed,809,Shukla Marg,Ville,Mumbai,Maharashtra,400001,India,VOQMG5458U,Verified,2025-01-01 09:51:38,Blocked,Blocked
Pushti Bhatnagar,6548652002,pushti.bhatnagar457@gmail.com,1994-02-04,Other,Government Employee,870,Raju Marg,Ville,Ahmedabad,Gujarat,380001,India,YBEIC8479F,Rejected,2022-03-26 05:12:41,Active,Active
Anika Narula,7588227144,anika.narula458@gmail.com,1988-05-17,Female,Sales Executive,394,Mitra Circle,Ville,Kota,Rajasthan,324001,India,TELHY2248N,Verified,2022-12-25 12:11:09,Active,Active
Jasmit Pingle,9312306199,jasmit.pingle459@gmail.com,1986-06-18,Female,Business Owner,870,Lad Ganj,Ville,Jaipur,Rajasthan,302001,India,SKILA7092E,Pending,2023-04-03 23:49:42,Active,Active
Abeer Mishra,7968191326,abeer.mishra460@gmail.com,1978-03-05,Male,Lawyer,512,Grewal Circle,Ville,Lucknow,Uttar Pradesh,226001,India,ZEGRM8629R,Verified,2026-07-28 22:07:16,Active,Blocked
Noah Sridhar,7739436324,noah.sridhar461@gmail.com,1994-12-30,Other,Bank Employee,990,Chad Ganj,Ville,Hyderabad,Telangana,500001,India,AWAZG2300N,Verified,2025-10-10 02:40:02,Active,Active
Janaki Natarajan,8460934926,janaki.natarajan462@gmail.com,1990-06-06,Female,Software Engineer,792,Nagy Chowk,Ville,Sitapur,Uttar Pradesh,261001,India,CHEJE3144U,Verified,2026-06-13 23:37:43,Inactive,Active
Zinal Dubey,7771785633,zinal.dubey463@gmail.com,1997-11-30,Female,Software Engineer,521,Bir Circle,Ville,Bhopal,Madhya Pradesh,462001,India,QZRXE2115R,Verified,2023-05-26 05:57:38,Active,Active
Kavya Sandal,6154226645,kavya.sandal464@gmail.com,1970-11-06,Female,Doctor,117,Char Ganj,Ville,Delhi,Delhi,110001,India,CSOCA4373G,Verified,2025-07-27 20:25:32,Active,Active
Falan Ram,9062064738,falan.ram465@gmail.com,1977-11-12,Male,Self Employed,275,Nair,Ville,Mumbai,Maharashtra,400001,India,JAEAU7803V,Verified,2026-01-10 04:22:51,Active,Active
Naksh Edwin,7469791900,naksh.edwin466@gmail.com,1993-01-17,Male,Accountant,84,Bhat Ganj,Ville,Mumbai,Maharashtra,400001,India,VVHND4865Z,Verified,2021-10-02 07:14:27,Active,Active
Chakradhar Mangal,6869279837,chakradhar.mangal467@gmail.com,1979-02-10,Male,Engineer,361,Nagarajan Street,Ville,Kanpur,Uttar Pradesh,208001,India,BUEWX7085G,Verified,2021-08-20 16:11:08,Active,Active
Jairaj Rau,8153519585,jairaj.rau468@gmail.com,1979-11-30,Male,Lawyer,574,Kota Zila,Ville,Kota,Rajasthan,324001,India,EPAZZ7648N,Verified,2022-08-12 23:47:27,Active,Active
Aditya Nadig,6422267806,aditya.nadig469@gmail.com,1993-02-02,Male,Student,827,Ben Ganj,Ville,Chennai,Tamil Nadu,600001,India,LZZVC9125X,Verified,2025-05-09 20:02:37,Active,Active
Barkha Shankar,6736374918,barkha.shankar470@gmail.com,1970-06-12,Other,Doctor,388,Comar Street,Ville,Sitapur,Uttar Pradesh,261001,India,KVMTJ3100N,Verified,2022-05-23 02:04:16,Active,Active
Gautam Sibal,9345669428,gautam.sibal471@gmail.com,1993-08-15,Male,HR Manager,267,Wali Ganj,Ville,Patna,Bihar,800001,India,YHOEJ3708Q,Verified,2026-07-21 19:32:47,Active,Active
Rachana Ghosh,6358272421,rachana.ghosh472@gmail.com,1985-07-07,Female,Government Employee,990,Patil Circle,Ville,Jaipur,Rajasthan,302001,India,SUNEM3459I,Verified,2023-10-25 01:59:53,Active,Active
Hamsini Maharaj,7569393370,hamsini.maharaj473@gmail.com,1976-06-19,Female,HR Manager,456,Mandal Road,Ville,Kota,Rajasthan,324001,India,NXDOQ5621A,Verified,2025-06-20 17:21:09,Active,Active
Azad Kanda,8317279501,azad.kanda474@gmail.com,1982-01-27,Male,Student,792,Dar Street,Ville,Hyderabad,Telangana,500001,India,BXYEJ6104W,Verified,2023-04-14 22:40:48,Active,Active
Priya Kala,6527642921,priya.kala475@gmail.com,1982-08-22,Female,Accountant,678,Khosla Zila,Ville,Chennai,Tamil Nadu,600001,India,JQMNS3780T,Verified,2023-06-04 08:59:24,Active,Active
Kabir Gole,6927578845,kabir.gole476@gmail.com,1977-03-09,Male,Accountant,74,Zachariah Street,Ville,Lucknow,Uttar Pradesh,226001,India,YFTIK3888K,Verified,2023-10-29 15:39:00,Active,Active
Jonathan Chandran,7861797343,jonathan.chandran477@gmail.com,1986-10-15,Other,Lawyer,713,Bora Nagar,Ville,Hyderabad,Telangana,500001,India,NZGXI2085L,Verified,2023-12-04 00:49:09,Active,Blocked
Bhavika Korpal,6392122680,bhavika.korpal478@gmail.com,1988-03-09,Other,Lawyer,386,Gola Marg,Ville,Kanpur,Uttar Pradesh,208001,India,AQFQS2860D,Verified,2023-11-07 01:23:49,Active,Active
Krisha Varty,7986249184,krisha.varty479@gmail.com,1977-01-11,Female,Doctor,544,Parikh Nagar,Ville,Bhopal,Madhya Pradesh,462001,India,KGXQL2381Z,Verified,2022-04-16 01:38:08,Active,Active
Arin Bera,6683370750,arin.bera480@gmail.com,1988-04-17,Male,Doctor,425,Sani Zila,Ville,Bengaluru,Karnataka,560001,India,IIZYV6973T,Verified,2022-06-23 01:20:40,Inactive,Active
Krishna Batra,6738404331,krishna.batra481@gmail.com,1991-09-10,Female,Student,619,Chandran Circle,Ville,Hyderabad,Telangana,500001,India,VGEIR7476S,Verified,2026-01-15 04:02:07,Active,Active
Kabir Jha,9178161128,kabir.jha482@gmail.com,1983-02-15,Male,Teacher,600,Manda Ganj,Ville,Bengaluru,Karnataka,560001,India,CUIRI2424X,Verified,2025-09-01 13:53:49,Active,Active
Rehaan Pal,7135260777,rehaan.pal483@gmail.com,2001-02-02,Male,Software Engineer,505,Mukherjee Marg,Ville,Pune,Maharashtra,411001,India,QYXKV7848V,Verified,2026-03-06 02:37:32,Active,Active
Diya Wadhwa,8429545098,diya.wadhwa484@gmail.com,2000-09-10,Female,Accountant,767,Kashyap Nagar,Ville,Pune,Maharashtra,411001,India,FACSH8341V,Verified,2022-05-11 02:51:54,Active,Active
Omkaar Deo,8098112244,omkaar.deo485@gmail.com,1983-06-08,Male,Teacher,601,Rattan Zila,Ville,Kanpur,Uttar Pradesh,208001,India,PJEZT1122F,Verified,2025-01-06 06:50:41,Active,Active
Nakul Thakur,9626781219,nakul.thakur486@gmail.com,1981-07-21,Male,HR Manager,34,Kari Circle,Ville,Pune,Maharashtra,411001,India,PFCQS7972R,Verified,2026-04-20 20:48:40,Active,Active
Shaurya Rao,7899321371,shaurya.rao487@gmail.com,1976-05-17,Male,Engineer,51,Das Road,Ville,Kolkata,West Bengal,700001,India,PGBUD4220E,Pending,2026-04-24 15:40:14,Active,Active
Girik Mishra,9444842803,girik.mishra488@gmail.com,1974-01-30,Male,Marketing Manager,913,Karan Nagar,Ville,Mumbai,Maharashtra,400001,India,BOBEW7748P,Verified,2022-05-06 17:34:50,Active,Active
Anusha Tailor,7950640542,anusha.tailor489@gmail.com,1971-08-21,Other,Software Engineer,365,Sarin Nagar,Ville,Sitapur,Uttar Pradesh,261001,India,NMYHI7213Z,Verified,2024-02-09 15:55:28,Active,Active
Neha Desai,8464800519,neha.desai490@gmail.com,1989-05-09,Female,Student,150,Arora Path,Ville,Bhopal,Madhya Pradesh,462001,India,KSQGW0333C,Verified,2024-02-08 22:25:27,Active,Active
Yuvraj Wagle,7948949811,yuvraj.wagle491@gmail.com,1981-08-11,Male,Business Owner,12,Brahmbhatt Zila,Ville,Kota,Rajasthan,324001,India,FKCSL2533I,Verified,2022-04-06 01:52:01,Inactive,Active
Chavvi Palla,8421531688,chavvi.palla492@gmail.com,1973-03-09,Female,Self Employed,873,Bakshi Marg,Ville,Mumbai,Maharashtra,400001,India,IDBDZ9674K,Verified,2024-02-02 22:15:50,Active,Active
Abha Warrior,6546930536,abha.warrior493@gmail.com,1977-05-29,Female,Business Owner,966,Nair Zila,Ville,Chennai,Tamil Nadu,600001,India,SWYUQ5329B,Verified,2024-02-07 16:32:40,Active,Active
Janaki Kota,9746445798,janaki.kota494@gmail.com,1990-11-03,Female,Doctor,188,Mody Zila,Ville,Bengaluru,Karnataka,560001,India,KSXEX3704X,Verified,2022-10-31 19:59:31,Active,Active
Nihal Sampath,6093333221,nihal.sampath495@gmail.com,1978-08-09,Male,Software Engineer,876,Warrior Street,Ville,Mumbai,Maharashtra,400001,India,SOLQR7471H,Verified,2022-06-01 19:52:23,Active,Active
Keya Banik,8208038049,keya.banik496@gmail.com,1992-12-09,Other,Lawyer,682,Shan Marg,Ville,Jaipur,Rajasthan,302001,India,UXKMQ8379M,Verified,2021-08-13 03:33:47,Active,Active
Xalak Khanna,6078322742,xalak.khanna497@gmail.com,1973-12-21,Female,Self Employed,997,Babu Ganj,Ville,Mumbai,Maharashtra,400001,India,AYLNJ1614C,Verified,2023-06-16 18:46:45,Active,Active
Neelima Srinivasan,8129974440,neelima.srinivasan498@gmail.com,1998-03-22,Female,Sales Executive,810,Contractor Marg,Ville,Kanpur,Uttar Pradesh,208001,India,OVRXU9789O,Verified,2022-03-21 14:37:40,Active,Active
Charvi Jha,7725061312,charvi.jha499@gmail.com,1997-07-29,Female,Consultant,796,Konda Ganj,Ville,Ahmedabad,Gujarat,380001,India,GDUJX8690C,Verified,2022-06-16 02:26:16,Active,Active
Lila Raman,6904085727,lila.raman500@gmail.com,1992-09-22,Female,HR Manager,470,Guha Ganj,Ville,Sitapur,Uttar Pradesh,261001,India,BOLBZ1829Y,Verified,2024-09-26 18:37:17,Active,Active
Omya Sant,6576607916,omya.sant501@gmail.com,2001-08-14,Female,Self Employed,109,Arya Chowk,Ville,Jaipur,Rajasthan,302001,India,TSRJJ2195B,Verified,2022-07-19 06:47:22,Active,Active
Jasmit Bhardwaj,7481221265,jasmit.bhardwaj502@gmail.com,2001-04-20,Female,Doctor,393,Brahmbhatt Chowk,Ville,Kolkata,West Bengal,700001,India,KBYFF2760D,Verified,2024-07-10 02:28:36,Active,Active
Pavani Talwar,6568047016,pavani.talwar503@gmail.com,1994-11-25,Female,Bank Employee,62,Ganesh Nagar,Ville,Pune,Maharashtra,411001,India,TXVCA6647I,Verified,2024-09-06 18:21:27,Active,Active
Warjas Lad,7666095881,warjas.lad504@gmail.com,1982-03-11,Male,Government Employee,350,Patil Nagar,Ville,Pune,Maharashtra,411001,India,BCSGV8155M,Verified,2022-01-27 03:43:53,Active,Active
Tarak D’Alia,8986380314,tarak.d’alia505@gmail.com,1975-06-29,Male,Marketing Manager,401,Sampath Street,Ville,Patna,Bihar,800001,India,PCUAV1039P,Verified,2025-11-20 03:36:16,Active,Active
Qasim Misra,9265603871,qasim.misra506@gmail.com,2005-08-12,Male,Self Employed,467,Magar Street,Ville,Bengaluru,Karnataka,560001,India,NOVCL3519T,Verified,2024-07-27 17:30:48,Active,Active
Ishita Manne,6133231980,ishita.manne507@gmail.com,1980-08-30,Female,Software Engineer,125,Sama Path,Ville,Hyderabad,Telangana,500001,India,LVXTD0374T,Verified,2025-03-03 23:19:16,Active,Active
Aadi Chandra,6536932356,aadi.chandra508@gmail.com,1970-01-20,Male,Business Owner,656,Swaminathan Nagar,Ville,Kolkata,West Bengal,700001,India,QZRVO3612V,Verified,2026-06-27 02:00:31,Active,Active
Henry Basu,7960114673,henry.basu509@gmail.com,1980-02-24,Male,Software Engineer,855,Dora Marg,Ville,Delhi,Delhi,110001,India,HEIBU4402L,Verified,2022-06-08 19:13:19,Inactive,Active
Vedhika Shere,6431744244,vedhika.shere510@gmail.com,1980-06-06,Female,Software Engineer,458,Purohit Marg,Ville,Ahmedabad,Gujarat,380001,India,LITEC0512G,Verified,2024-08-14 13:34:38,Active,Active
Anya Rajagopalan,8118073039,anya.rajagopalan511@gmail.com,1996-05-23,Female,Doctor,860,Raju Ganj,Ville,Bengaluru,Karnataka,560001,India,CYUPD2518K,Pending,2024-08-03 02:46:54,Active,Active
Manya Majumdar,6251908543,manya.majumdar512@gmail.com,1999-08-05,Female,Marketing Manager,215,Sampath Circle,Ville,Mumbai,Maharashtra,400001,India,EGWKS4422W,Verified,2025-03-01 13:00:10,Active,Active
Pranit Barman,7219252780,pranit.barman513@gmail.com,1984-11-24,Male,HR Manager,258,Thakkar Ganj,Ville,Kota,Rajasthan,324001,India,HNKOO4345J,Verified,2024-02-27 11:32:28,Active,Active
Gaurangi Lad,8924587100,gaurangi.lad514@gmail.com,1987-05-07,Female,Marketing Manager,862,Pradhan,Ville,Bhopal,Madhya Pradesh,462001,India,KNCYO6029D,Rejected,2023-01-31 22:45:20,Active,Active
Vasatika Sant,9314695559,vasatika.sant515@gmail.com,1975-06-05,Female,Sales Executive,10,Rege Circle,Ville,Jaipur,Rajasthan,302001,India,GYUSD8189I,Verified,2023-08-24 04:19:25,Inactive,Active
Dipta Mukhopadhyay,8948864185,dipta.mukhopadhyay516@gmail.com,1983-02-11,Female,Marketing Manager,272,Mann,Ville,Kota,Rajasthan,324001,India,MASOV9340A,Pending,2022-11-13 20:19:20,Active,Blocked
William Memon,7719893028,william.memon517@gmail.com,1982-06-15,Male,Consultant,830,Sibal Zila,Ville,Ahmedabad,Gujarat,380001,India,XERHW3141N,Verified,2023-05-17 13:18:55,Active,Active
Maanas Taneja,7517849416,maanas.taneja518@gmail.com,1998-12-14,Male,Business Owner,335,Issac,Ville,Sitapur,Uttar Pradesh,261001,India,ILZTU6614Y,Verified,2023-09-22 01:48:32,Active,Active
Chaman Mitter,6339847167,chaman.mitter519@gmail.com,2003-11-15,Female,Software Engineer,877,Peri Chowk,Ville,Chennai,Tamil Nadu,600001,India,XQJBD3234A,Verified,2025-12-24 09:58:56,Active,Active
Avi Mangal,7489444177,avi.mangal520@gmail.com,1995-10-05,Male,Bank Employee,695,Seshadri Street,Ville,Bhopal,Madhya Pradesh,462001,India,VEWMZ6300A,Verified,2023-12-25 15:07:14,Inactive,Active
Rayaan Goyal,9567884707,rayaan.goyal521@gmail.com,1988-07-20,Male,Self Employed,22,Aggarwal Circle,Ville,Kolkata,West Bengal,700001,India,MOZRC3796I,Pending,2021-11-15 23:31:07,Active,Active
Alexander Aggarwal,9023953179,alexander.aggarwal522@gmail.com,1983-11-19,Male,Bank Employee,966,Chaudhuri Circle,Ville,Kanpur,Uttar Pradesh,208001,India,KJXMY5030F,Verified,2022-03-01 05:21:02,Active,Active
Faras Krishnan,9154775266,faras.krishnan523@gmail.com,1980-10-11,Male,Software Engineer,558,Bajwa,Ville,Sitapur,Uttar Pradesh,261001,India,WNKMZ1323C,Verified,2026-06-26 09:59:09,Active,Active
Ekapad Jayaraman,6461586064,ekapad.jayaraman524@gmail.com,1981-05-14,Male,Doctor,12,Mangat Zila,Ville,Patna,Bihar,800001,India,FVSBK6883B,Verified,2023-11-30 02:33:43,Active,Active
Rayaan Shan,6768531666,rayaan.shan525@gmail.com,2001-03-21,Male,Lawyer,944,Halder Chowk,Ville,Bengaluru,Karnataka,560001,India,HYNDH7715T,Verified,2022-04-02 16:06:14,Active,Active
Inaya Chacko,7505439546,inaya.chacko526@gmail.com,1995-08-01,Female,Sales Executive,708,Bhalla Road,Ville,Kanpur,Uttar Pradesh,208001,India,WYCSQ5415H,Verified,2022-09-06 12:22:10,Active,Active
Wishi Pathak,9011458548,wishi.pathak527@gmail.com,1994-02-11,Female,Consultant,927,Badami Circle,Ville,Kanpur,Uttar Pradesh,208001,India,VYHRC4627R,Verified,2026-03-23 20:21:12,Active,Active
Charita Zacharia,6515875106,charita.zacharia528@gmail.com,1974-06-17,Female,Accountant,33,Wable Ganj,Ville,Lucknow,Uttar Pradesh,226001,India,KECGF7975Y,Verified,2024-06-22 07:55:04,Active,Active
Sai Narain,6832756085,sai.narain529@gmail.com,2001-07-27,Male,Software Engineer,830,Bath Zila,Ville,Pune,Maharashtra,411001,India,ECTMO5478H,Pending,2024-03-03 11:02:38,Active,Active
Hema Virk,9604037732,hema.virk530@gmail.com,1999-08-30,Female,Engineer,241,Rout Circle,Ville,Bhopal,Madhya Pradesh,462001,India,WBJMG7586P,Pending,2024-05-22 19:42:47,Active,Active
Gaurav Prashad,8637548949,gaurav.prashad531@gmail.com,1976-07-06,Male,Marketing Manager,304,Dass,Ville,Chennai,Tamil Nadu,600001,India,ZLOYW8215Z,Verified,2022-06-18 17:32:47,Active,Active
William Kakar,7458053412,william.kakar532@gmail.com,2005-05-13,Male,Government Employee,918,Dubey Street,Ville,Pune,Maharashtra,411001,India,KNPCI8139W,Verified,2024-08-24 21:34:44,Active,Active
Yash Rama,9492131384,yash.rama533@gmail.com,1976-01-06,Male,Engineer,727,Sen Nagar,Ville,Patna,Bihar,800001,India,FARCB5639T,Verified,2022-01-01 09:22:18,Active,Active
Brinda Mutti,8994192934,brinda.mutti534@gmail.com,1988-12-07,Other,Consultant,672,De Chowk,Ville,Chennai,Tamil Nadu,600001,India,EIVZB1386G,Verified,2025-08-11 16:35:19,Inactive,Active
Manya Sachar,7165396552,manya.sachar535@gmail.com,1974-10-07,Female,Bank Employee,307,Bhasin Ganj,Ville,Ahmedabad,Gujarat,380001,India,JIAUT0509R,Rejected,2024-05-06 08:56:30,Inactive,Active
Balendra Yadav,6609611240,balendra.yadav536@gmail.com,1988-11-13,Male,Bank Employee,439,Bassi Marg,Ville,Mumbai,Maharashtra,400001,India,EJSPJ0208P,Verified,2024-06-27 06:08:29,Inactive,Active
Amol Barad,8421318250,amol.barad537@gmail.com,1980-09-06,Male,Consultant,106,Narang Nagar,Ville,Hyderabad,Telangana,500001,India,FADUI2610C,Verified,2024-04-20 00:26:35,Active,Active
Zashil Soni,7114610767,zashil.soni538@gmail.com,1988-01-26,Male,Engineer,964,Kari Street,Ville,Lucknow,Uttar Pradesh,226001,India,TPNSP5376K,Verified,2026-06-11 07:15:19,Active,Active
Isaac Dada,9999225391,isaac.dada539@gmail.com,1992-05-30,Male,Teacher,491,Dixit Nagar,Ville,Sitapur,Uttar Pradesh,261001,India,SRHSP7214P,Verified,2021-09-15 23:00:56,Active,Active
Shivansh Kunda,9057459873,shivansh.kunda540@gmail.com,1978-10-10,Male,Accountant,593,Parmar Street,Ville,Chennai,Tamil Nadu,600001,India,WBSFO5137J,Verified,2026-07-20 11:31:34,Active,Active
Neelima Sura,8761532643,neelima.sura541@gmail.com,1990-07-10,Female,Marketing Manager,944,Loyal Road,Ville,Chennai,Tamil Nadu,600001,India,FVBTR9513H,Verified,2023-05-24 00:54:45,Active,Active
Wyatt Roy,6303746519,wyatt.roy542@gmail.com,1988-11-26,Male,Student,688,Gaba Zila,Ville,Sitapur,Uttar Pradesh,261001,India,VFFJW6511O,Pending,2023-09-16 06:22:04,Active,Active
Mason Bhatt,9265908601,mason.bhatt543@gmail.com,1991-12-02,Male,Marketing Manager,461,Basu Circle,Ville,Kanpur,Uttar Pradesh,208001,India,IKZYB2661T,Verified,2025-11-27 10:22:11,Active,Active
Ekaraj Sarkar,8725031058,ekaraj.sarkar544@gmail.com,1970-05-31,Male,Student,215,Comar Marg,Ville,Patna,Bihar,800001,India,TSBTV1511H,Verified,2024-10-26 07:18:20,Active,Active
Vedika Pant,8984706303,vedika.pant545@gmail.com,1982-09-08,Other,Lawyer,882,Zachariah Path,Ville,Pune,Maharashtra,411001,India,ARMBB1469N,Verified,2021-12-30 15:20:42,Active,Active
Dayamai Pal,7944052954,dayamai.pal546@gmail.com,1975-08-20,Female,Self Employed,426,Kibe Road,Ville,Bengaluru,Karnataka,560001,India,ZDWSB4485Z,Verified,2025-10-30 13:37:32,Active,Active
Yutika Sethi,8122695365,yutika.sethi547@gmail.com,1973-08-16,Female,Business Owner,843,Kala Marg,Ville,Bengaluru,Karnataka,560001,India,PYUNK1931V,Verified,2025-08-06 18:53:29,Active,Active
Rajata Mandal,8072491218,rajata.mandal548@gmail.com,1973-11-11,Female,Business Owner,551,Chacko Zila,Ville,Patna,Bihar,800001,India,JJFBC0010I,Verified,2026-04-21 10:50:11,Active,Active
Chatresh Pillay,8181883953,chatresh.pillay549@gmail.com,1974-05-20,Male,Lawyer,714,Mander Zila,Ville,Ahmedabad,Gujarat,380001,India,DIAHW0857E,Verified,2023-07-27 08:36:00,Active,Active
Wriddhish Narayan,7866775269,wriddhish.narayan550@gmail.com,1995-06-02,Male,Engineer,273,Khanna Marg,Ville,Ahmedabad,Gujarat,380001,India,JOQBG0837R,Verified,2022-11-08 04:20:32,Active,Active
Harshil Pandit,6458526394,harshil.pandit551@gmail.com,2005-07-15,Male,Teacher,127,Ghosh Ganj,Ville,Sitapur,Uttar Pradesh,261001,India,HMQWP4379F,Verified,2026-03-30 19:09:47,Active,Active
Jason Kunda,6039249300,jason.kunda552@gmail.com,1998-01-26,Male,HR Manager,54,Salvi Path,Ville,Ahmedabad,Gujarat,380001,India,CAGER4807S,Pending,2021-10-06 12:15:46,Active,Active
Champak Murty,8416802210,champak.murty553@gmail.com,1976-04-03,Male,Student,307,Bhargava Chowk,Ville,Patna,Bihar,800001,India,VGZHN6177Q,Verified,2023-04-07 10:10:30,Active,Active
Forum Samra,8211954654,forum.samra554@gmail.com,1983-11-03,Female,Student,422,Peri,Ville,Lucknow,Uttar Pradesh,226001,India,TQZWS0546S,Verified,2022-03-18 08:13:24,Active,Active
Yahvi Sem,8827548614,yahvi.sem555@gmail.com,1989-07-30,Female,Doctor,291,Trivedi,Ville,Patna,Bihar,800001,India,LZMVD4337N,Verified,2023-09-19 06:07:35,Active,Active
Dayita Konda,8206707044,dayita.konda556@gmail.com,1987-11-09,Female,Marketing Manager,223,Buch Chowk,Ville,Kota,Rajasthan,324001,India,EAUOQ0085O,Verified,2025-05-30 19:59:38,Active,Active
Upma Sur,6307212281,upma.sur557@gmail.com,1989-11-08,Female,Doctor,380,Chaudhary,Ville,Patna,Bihar,800001,India,NOCBW2585B,Verified,2024-04-16 08:12:01,Active,Active
Rudra Bera,9730230836,rudra.bera558@gmail.com,1974-04-08,Male,Teacher,727,Bali Zila,Ville,Sitapur,Uttar Pradesh,261001,India,ZYIGR0880D,Verified,2023-08-24 13:51:39,Active,Active
Tarak Iyengar,9729083437,tarak.iyengar559@gmail.com,1973-07-02,Male,Student,443,Bhatia,Ville,Kanpur,Uttar Pradesh,208001,India,GYQMA3810G,Verified,2024-07-14 14:32:59,Active,Active
Sathvik Pant,9587439465,sathvik.pant560@gmail.com,1973-09-04,Male,Consultant,879,Grover Ganj,Ville,Hyderabad,Telangana,500001,India,EZVNS7732M,Verified,2022-03-07 23:51:32,Active,Active
Jairaj Sibal,9157513977,jairaj.sibal561@gmail.com,1995-02-06,Male,Consultant,613,Bora Street,Ville,Kanpur,Uttar Pradesh,208001,India,XAATB3032A,Verified,2026-07-18 07:41:31,Active,Active
Yug Sama,9691547736,yug.sama562@gmail.com,1980-11-02,Male,Bank Employee,454,Singh Path,Ville,Kota,Rajasthan,324001,India,XOQON3717Q,Verified,2025-07-02 22:57:24,Active,Active
Vivaan Hayer,6379547220,vivaan.hayer563@gmail.com,1984-03-09,Male,HR Manager,513,Bajaj Circle,Ville,Lucknow,Uttar Pradesh,226001,India,RZXHT6870E,Verified,2025-03-20 17:25:43,Active,Active
Maya Puri,8094061268,maya.puri564@gmail.com,1974-06-12,Female,Business Owner,264,Srinivas Marg,Ville,Kanpur,Uttar Pradesh,208001,India,TUSUH8051D,Pending,2025-10-29 18:57:55,Active,Active
Ira Mangal,9599092767,ira.mangal565@gmail.com,1983-04-22,Female,Engineer,27,Guha Path,Ville,Chennai,Tamil Nadu,600001,India,GAZMP2016C,Verified,2024-04-18 10:32:28,Active,Active
Amaira Halder,6577262836,amaira.halder566@gmail.com,2001-12-28,Female,Sales Executive,96,Khalsa,Ville,Patna,Bihar,800001,India,DRTUD4082Y,Rejected,2025-08-09 23:38:11,Active,Active
Rachit Prasad,8227900008,rachit.prasad567@gmail.com,1981-11-01,Male,Software Engineer,975,Guha Marg,Ville,Lucknow,Uttar Pradesh,226001,India,BLESI9817Z,Verified,2021-09-03 03:46:52,Active,Active
Pranav Tara,7481827818,pranav.tara568@gmail.com,1997-12-02,Male,Sales Executive,412,Roy Circle,Ville,Kota,Rajasthan,324001,India,UNNSW5093K,Verified,2022-02-02 20:11:41,Active,Blocked
Garima Chaudhry,8459629390,garima.chaudhry569@gmail.com,1979-07-18,Female,Consultant,924,Saxena Marg,Ville,Bhopal,Madhya Pradesh,462001,India,YWCCL7509U,Pending,2022-02-21 01:58:54,Active,Active
Yatan Ramesh,7283431415,yatan.ramesh570@gmail.com,1973-10-03,Male,Software Engineer,794,Randhawa Street,Ville,Jaipur,Rajasthan,302001,India,MHHYX0693V,Verified,2021-12-06 15:20:21,Active,Active
Falguni Seshadri,6000049735,falguni.seshadri571@gmail.com,1972-06-22,Female,Bank Employee,994,Chaudhry Nagar,Ville,Mumbai,Maharashtra,400001,India,AWNTG3376E,Verified,2024-09-05 09:44:35,Active,Active
Wazir Mannan,8977887840,wazir.mannan572@gmail.com,1993-07-07,Male,Teacher,703,Bhattacharyya Road,Ville,Kolkata,West Bengal,700001,India,SXCQH9945V,Verified,2021-09-06 15:38:04,Active,Active
Jairaj Barad,6080904703,jairaj.barad573@gmail.com,1996-08-19,Male,Sales Executive,290,Dyal Nagar,Ville,Delhi,Delhi,110001,India,ZZXIN7103G,Verified,2023-08-31 09:23:56,Active,Active
Dipta Hayre,6307328631,dipta.hayre574@gmail.com,2005-05-22,Female,Lawyer,448,Prashad Marg,Ville,Kanpur,Uttar Pradesh,208001,India,MEIMQ1533M,Pending,2021-11-24 02:29:22,Active,Active
Aadhya Iyengar,6656082302,aadhya.iyengar575@gmail.com,1974-07-11,Female,Bank Employee,623,Dixit Zila,Ville,Bhopal,Madhya Pradesh,462001,India,LTYQK1594R,Verified,2023-07-11 20:03:00,Active,Active
Chandran Behl,8511603738,chandran.behl576@gmail.com,1977-02-14,Other,Software Engineer,879,Pal Zila,Ville,Kolkata,West Bengal,700001,India,BGEYF6512N,Verified,2024-01-27 04:08:52,Inactive,Blocked
Hredhaan Buch,7365441691,hredhaan.buch577@gmail.com,1977-12-03,Male,Teacher,341,Mukherjee Path,Ville,Patna,Bihar,800001,India,CEDXH0971Q,Verified,2023-05-14 11:15:44,Active,Active
Frado Kulkarni,9416706146,frado.kulkarni578@gmail.com,1991-08-22,Male,Lawyer,915,Sampath Chowk,Ville,Kolkata,West Bengal,700001,India,PORNH9483J,Verified,2022-03-08 12:26:33,Active,Active
Adya Kala,6751966223,adya.kala579@gmail.com,1980-09-19,Female,HR Manager,684,Gulati Path,Ville,Jaipur,Rajasthan,302001,India,OFLKM2721I,Verified,2025-06-09 12:43:07,Active,Active
Varsha Shankar,6080008628,varsha.shankar580@gmail.com,2000-05-12,Female,Lawyer,196,Gala Nagar,Ville,Kolkata,West Bengal,700001,India,KMOMC2685D,Verified,2022-01-05 04:39:11,Active,Active
Charan Grewal,6165339056,charan.grewal581@gmail.com,1971-04-11,Male,Engineer,928,Gandhi Ganj,Ville,Pune,Maharashtra,411001,India,MIZRF4974M,Verified,2022-09-21 06:12:11,Active,Active
Oni Dass,9993139974,oni.dass582@gmail.com,1971-04-15,Female,Teacher,712,Choudhury Path,Ville,Bhopal,Madhya Pradesh,462001,India,UDCZI3292W,Pending,2026-06-05 08:42:36,Active,Active
Abhiram Palan,9538429496,abhiram.palan583@gmail.com,2004-01-07,Male,Government Employee,912,Raj Path,Ville,Sitapur,Uttar Pradesh,261001,India,NXMCE9762V,Verified,2023-10-10 03:31:27,Active,Active
Aishani Anand,9595493375,aishani.anand584@gmail.com,2004-08-26,Female,HR Manager,885,Bose Zila,Ville,Mumbai,Maharashtra,400001,India,RKCVL0187B,Verified,2022-06-11 22:56:35,Active,Active
Jack Naidu,7398014517,jack.naidu585@gmail.com,1991-06-26,Male,Engineer,503,Kurian Street,Ville,Jaipur,Rajasthan,302001,India,CQFDA4986G,Verified,2024-03-25 23:35:13,Blocked,Blocked
Ekiya Mani,6362963717,ekiya.mani586@gmail.com,1980-09-21,Female,Lawyer,837,Mallick Marg,Ville,Kota,Rajasthan,324001,India,BLHKA4588Q,Verified,2026-04-05 17:56:23,Active,Active
Aarna Bora,9559268438,aarna.bora587@gmail.com,1975-07-27,Female,Marketing Manager,899,Kibe Nagar,Ville,Mumbai,Maharashtra,400001,India,DQPPS0282L,Verified,2024-10-02 23:26:00,Active,Active
Tamanna Tailor,6950392351,tamanna.tailor588@gmail.com,1972-12-06,Female,Consultant,314,Wali,Ville,Mumbai,Maharashtra,400001,India,DONJT6426S,Verified,2025-03-03 10:51:25,Active,Active
Chatresh Dixit,9837445070,chatresh.dixit589@gmail.com,1982-06-13,Male,Accountant,814,Zachariah Zila,Ville,Chennai,Tamil Nadu,600001,India,BZIWW4662H,Verified,2022-09-28 22:47:41,Active,Active
Dakshesh Subramanian,8997658437,dakshesh.subramanian590@gmail.com,1996-07-23,Male,Self Employed,417,Jani Zila,Ville,Bengaluru,Karnataka,560001,India,SZDTG2418O,Verified,2025-01-04 08:12:28,Active,Blocked
Pranav Borah,8622350855,pranav.borah591@gmail.com,1994-01-30,Male,Student,851,Tiwari,Ville,Lucknow,Uttar Pradesh,226001,India,ZSQOS1590I,Verified,2025-07-11 18:17:39,Active,Active
Sarthak Hans,8662304270,sarthak.hans592@gmail.com,2003-12-01,Male,Government Employee,361,Swamy Zila,Ville,Sitapur,Uttar Pradesh,261001,India,TGARP4219J,Verified,2022-02-26 13:49:21,Active,Active
Unni Gokhale,9548445630,unni.gokhale593@gmail.com,2001-11-03,Female,Consultant,829,Bhasin Nagar,Ville,Delhi,Delhi,110001,India,BTJVX4086J,Verified,2024-11-23 23:58:27,Active,Active
Yashvi Puri,6262496054,yashvi.puri594@gmail.com,1972-07-02,Female,Doctor,253,Divan Circle,Ville,Kota,Rajasthan,324001,India,WLOLO0515T,Verified,2023-08-20 14:09:05,Active,Active
Urishilla Parikh,8260383089,urishilla.parikh595@gmail.com,1991-03-30,Female,Teacher,486,Mohanty Chowk,Ville,Chennai,Tamil Nadu,600001,India,CANKW2003B,Verified,2024-08-19 12:47:01,Blocked,Blocked
Shravya Lall,6179336911,shravya.lall596@gmail.com,2001-01-10,Female,HR Manager,64,Kannan Marg,Ville,Chennai,Tamil Nadu,600001,India,HFRAN4314T,Verified,2024-11-10 13:34:40,Active,Active
Arin Halder,7835820987,arin.halder597@gmail.com,1974-09-03,Male,Accountant,920,Wali Nagar,Ville,Ahmedabad,Gujarat,380001,India,DAGMB0882O,Verified,2023-06-26 02:11:12,Active,Active
Hiral Bumb,7751089348,hiral.bumb598@gmail.com,2003-09-14,Female,Government Employee,414,Salvi,Ville,Chennai,Tamil Nadu,600001,India,UWLDR9735F,Verified,2022-05-04 11:21:00,Active,Active
Saumya Ratta,6893857420,saumya.ratta599@gmail.com,2004-09-12,Female,Consultant,530,Tailor,Ville,Kota,Rajasthan,324001,India,OTHFC1134C,Verified,2023-06-03 05:25:37,Active,Active
Osha Issac,7995948650,osha.issac600@gmail.com,1984-12-18,Female,Government Employee,258,Bhatt,Ville,Kota,Rajasthan,324001,India,OUUNV0059F,Verified,2022-05-12 02:58:02,Active,Active
Urvi Divan,8740362144,urvi.divan601@gmail.com,1987-10-05,Female,Sales Executive,195,Raja Circle,Ville,Jaipur,Rajasthan,302001,India,TODDJ8983H,Verified,2022-08-02 17:02:02,Active,Active
Umang Gara,6845977934,umang.gara602@gmail.com,1972-02-05,Male,Government Employee,690,Majumdar Street,Ville,Delhi,Delhi,110001,India,EJDAU4041P,Verified,2023-07-13 22:27:43,Active,Active
Aayush Kibe,8899057295,aayush.kibe603@gmail.com,2001-07-15,Male,Government Employee,657,Behl Circle,Ville,Kota,Rajasthan,324001,India,HHIFA3882X,Rejected,2024-06-27 17:14:58,Active,Active
Vedika Dara,8936754113,vedika.dara604@gmail.com,1990-11-16,Female,Sales Executive,839,Behl Zila,Ville,Delhi,Delhi,110001,India,JUGFP5552X,Rejected,2023-06-29 08:54:50,Active,Active
Yachana Sethi,6966181182,yachana.sethi605@gmail.com,1976-03-30,Female,Software Engineer,732,Halder Chowk,Ville,Bhopal,Madhya Pradesh,462001,India,IPLTD8379U,Verified,2022-06-27 01:51:42,Active,Active
Amol Biswas,6807739205,amol.biswas606@gmail.com,1978-12-25,Male,Accountant,275,Nadkarni Ganj,Ville,Patna,Bihar,800001,India,LNUZC0707N,Verified,2022-04-01 13:55:36,Active,Active
Sathvik Raj,7892879843,sathvik.raj607@gmail.com,1975-06-05,Other,Software Engineer,985,Dani Circle,Ville,Hyderabad,Telangana,500001,India,WZZBB7827V,Verified,2025-08-04 15:24:06,Active,Active
Vasatika Mann,8275925750,vasatika.mann608@gmail.com,2002-10-16,Female,Consultant,462,Issac,Ville,Mumbai,Maharashtra,400001,India,FDZNP5919B,Rejected,2024-03-28 16:10:38,Active,Active
Zehaan Chacko,9107800544,zehaan.chacko609@gmail.com,1982-03-20,Male,HR Manager,402,Lala Marg,Ville,Bengaluru,Karnataka,560001,India,VBFZO5194S,Verified,2022-08-29 17:46:49,Active,Active
Charles Vig,8953625895,charles.vig610@gmail.com,1977-10-01,Male,Student,315,Ranganathan Circle,Ville,Hyderabad,Telangana,500001,India,FHYVM3713A,Verified,2021-12-03 05:47:38,Active,Active
Ubika Khanna,7691082441,ubika.khanna611@gmail.com,2003-10-09,Female,Doctor,350,Pradhan Ganj,Ville,Sitapur,Uttar Pradesh,261001,India,XOKDR4324S,Pending,2026-02-15 22:46:37,Active,Active
Imaran Char,7385703248,imaran.char612@gmail.com,1999-11-09,Male,Student,233,Jhaveri Path,Ville,Mumbai,Maharashtra,400001,India,POXAS3281S,Pending,2025-08-11 02:06:45,Blocked,Blocked
Warinder Kibe,9866162104,warinder.kibe613@gmail.com,1979-05-22,Male,Doctor,732,Patla Zila,Ville,Kota,Rajasthan,324001,India,RHUJC0734H,Pending,2022-03-28 22:32:57,Active,Active
Baghyawati Lata,8905772257,baghyawati.lata614@gmail.com,2003-09-24,Female,Sales Executive,6,Pandya Zila,Ville,Mumbai,Maharashtra,400001,India,LIYLR4570T,Pending,2022-12-12 19:01:31,Active,Active
Ranbir D’Alia,8346016767,ranbir.d’alia615@gmail.com,1995-12-16,Male,Engineer,201,Hora Marg,Ville,Hyderabad,Telangana,500001,India,QIEQW7830W,Verified,2025-02-04 09:52:28,Active,Active
Urmi Muni,9010770642,urmi.muni616@gmail.com,2005-11-22,Other,Sales Executive,938,Biswas Ganj,Ville,Delhi,Delhi,110001,India,KKEKB6858T,Verified,2021-08-25 23:04:35,Active,Active
Prisha Raghavan,8398923354,prisha.raghavan617@gmail.com,1984-08-13,Female,Teacher,685,Koshy Street,Ville,Kolkata,West Bengal,700001,India,PVSXK8311I,Verified,2025-11-07 05:34:56,Active,Active
Edhitha Nagarajan,9910192616,edhitha.nagarajan618@gmail.com,2000-03-19,Female,Engineer,283,Chopra Street,Ville,Kota,Rajasthan,324001,India,CHBJD5938P,Verified,2022-01-18 07:40:12,Active,Active
Ikshita Sood,8032508433,ikshita.sood619@gmail.com,1996-05-02,Female,Software Engineer,704,Din Circle,Ville,Kolkata,West Bengal,700001,India,MHPCI9522I,Verified,2025-04-16 06:58:37,Active,Active
Krish Puri,9096795020,krish.puri620@gmail.com,1979-01-18,Male,Accountant,168,Nadig Marg,Ville,Jaipur,Rajasthan,302001,India,JDXNV5372A,Pending,2022-11-11 09:48:57,Active,Active
Frado Talwar,6484198189,frado.talwar621@gmail.com,1996-11-16,Male,Business Owner,568,Deshpande Circle,Ville,Sitapur,Uttar Pradesh,261001,India,DYKRB0295M,Pending,2024-03-15 01:31:58,Active,Active
Gaurangi Warrior,9312320173,gaurangi.warrior622@gmail.com,1979-11-08,Female,Teacher,913,Chhabra Zila,Ville,Chennai,Tamil Nadu,600001,India,KODRI5988B,Pending,2025-06-26 20:35:54,Active,Active
Lipika Dayal,9454707354,lipika.dayal623@gmail.com,1991-09-07,Female,Software Engineer,436,Mannan Ganj,Ville,Patna,Bihar,800001,India,WAOQS7905P,Pending,2023-06-24 21:33:05,Active,Active
Advika Magar,9969056094,advika.magar624@gmail.com,1990-08-27,Female,Marketing Manager,601,Ramaswamy Marg,Ville,Jaipur,Rajasthan,302001,India,JWRNP9114T,Verified,2025-08-16 12:01:38,Blocked,Blocked
Tara Seshadri,7785004000,tara.seshadri625@gmail.com,1971-05-17,Female,Teacher,411,Suresh Marg,Ville,Mumbai,Maharashtra,400001,India,ZWUCS9062S,Rejected,2022-12-30 05:55:10,Active,Active
Charvi Uppal,6558188073,charvi.uppal626@gmail.com,1978-05-21,Female,Marketing Manager,324,Bedi Road,Ville,Kanpur,Uttar Pradesh,208001,India,LHELX7332L,Verified,2026-05-21 19:12:51,Active,Active
Chaman Sha,7731569448,chaman.sha627@gmail.com,1975-03-08,Female,Doctor,137,Lall Path,Ville,Bhopal,Madhya Pradesh,462001,India,KGTXJ8337F,Verified,2022-04-13 20:15:54,Active,Active
Vasana Thakkar,8698254294,vasana.thakkar628@gmail.com,1986-11-02,Female,Sales Executive,656,Ahuja Ganj,Ville,Bengaluru,Karnataka,560001,India,AEYQJ8769U,Verified,2026-04-21 11:01:54,Active,Active
Balhaar Kurian,9374620501,balhaar.kurian629@gmail.com,1989-07-13,Male,Doctor,626,Karnik Ganj,Ville,Sitapur,Uttar Pradesh,261001,India,KXBSH0129U,Pending,2025-09-02 23:59:46,Active,Active
Anusha Pai,6602028191,anusha.pai630@gmail.com,1984-10-08,Female,Business Owner,1,Gade Ganj,Ville,Pune,Maharashtra,411001,India,NSRNR8789W,Pending,2022-06-23 20:21:34,Active,Active
Sanya Kohli,6370370934,sanya.kohli631@gmail.com,1978-04-06,Female,Accountant,301,Som Ganj,Ville,Sitapur,Uttar Pradesh,261001,India,LUGEQ8896D,Verified,2024-04-23 21:35:00,Active,Active
Bhavna Gopal,9445023083,bhavna.gopal632@gmail.com,2003-07-29,Female,Self Employed,823,Karpe Circle,Ville,Lucknow,Uttar Pradesh,226001,India,GORDH7273U,Verified,2024-09-17 19:02:13,Inactive,Active
Bhavika Mannan,9704276073,bhavika.mannan633@gmail.com,1986-07-06,Female,Sales Executive,639,Palla Circle,Ville,Patna,Bihar,800001,India,VEGBS8358S,Verified,2023-04-05 21:17:39,Active,Active
Girish Bassi,6468167797,girish.bassi634@gmail.com,1994-07-22,Male,Software Engineer,856,Ganesan Zila,Ville,Kanpur,Uttar Pradesh,208001,India,GXZLE7709E,Verified,2022-02-16 13:17:28,Active,Active
Gopal Bava,8322924454,gopal.bava635@gmail.com,1978-12-28,Male,Marketing Manager,556,Goyal Marg,Ville,Mumbai,Maharashtra,400001,India,TLAVA4501S,Verified,2026-01-01 04:56:28,Active,Active
Finn Kala,6699675683,finn.kala636@gmail.com,1993-08-16,Other,Government Employee,802,Pathak Street,Ville,Ahmedabad,Gujarat,380001,India,KUZHP4876L,Pending,2023-08-28 07:55:14,Active,Active
Sneha Naidu,9526439403,sneha.naidu637@gmail.com,1973-08-08,Female,Consultant,547,Sahni Circle,Ville,Kanpur,Uttar Pradesh,208001,India,KXVCB4137W,Rejected,2022-01-08 15:33:24,Inactive,Active
Hredhaan Talwar,9985697539,hredhaan.talwar638@gmail.com,1983-11-06,Male,Business Owner,564,Rao Ganj,Ville,Bengaluru,Karnataka,560001,India,UZMBZ3099C,Verified,2022-03-09 05:50:32,Active,Active
Advay Majumdar,8976541973,advay.majumdar639@gmail.com,1991-11-01,Male,Software Engineer,196,Behl Road,Ville,Kanpur,Uttar Pradesh,208001,India,HWLVK7262D,Verified,2021-08-15 08:00:00,Active,Active
Azaan Ghose,7523136073,azaan.ghose640@gmail.com,1986-01-29,Male,Self Employed,670,Lal Circle,Ville,Bengaluru,Karnataka,560001,India,GDWEU1286O,Verified,2025-12-11 08:35:32,Active,Active
Manthan Saran,6514662528,manthan.saran641@gmail.com,1980-08-27,Male,Sales Executive,23,Jayaraman Chowk,Ville,Bhopal,Madhya Pradesh,462001,India,IMONJ4561I,Verified,2021-09-06 14:17:41,Inactive,Active
Matthew Merchant,8360387101,matthew.merchant642@gmail.com,2002-11-20,Male,Bank Employee,90,Dar Marg,Ville,Mumbai,Maharashtra,400001,India,FMCXW2865Q,Pending,2022-02-18 00:32:35,Inactive,Active
Akshay Contractor,9931312777,akshay.contractor643@gmail.com,1993-04-09,Male,Teacher,590,Bora Chowk,Ville,Jaipur,Rajasthan,302001,India,MAUDK1648U,Verified,2026-04-25 15:04:26,Active,Active
Vanya Salvi,8286910378,vanya.salvi644@gmail.com,2002-10-14,Female,Teacher,927,Prakash Marg,Ville,Lucknow,Uttar Pradesh,226001,India,JLCZX3413D,Verified,2022-06-17 04:38:22,Active,Active
Lila Lall,8294700141,lila.lall645@gmail.com,1995-02-11,Female,Student,912,Bala Ganj,Ville,Bhopal,Madhya Pradesh,462001,India,QXUMY8830F,Verified,2024-12-20 21:03:47,Active,Active
Raghav Batta,9681293310,raghav.batta646@gmail.com,2003-06-11,Male,Business Owner,975,Pillay Street,Ville,Pune,Maharashtra,411001,India,WDRND3831D,Verified,2024-08-24 16:08:54,Active,Blocked
Gopal Dash,9703362576,gopal.dash647@gmail.com,1974-06-03,Male,Accountant,432,Loyal Path,Ville,Mumbai,Maharashtra,400001,India,YNSNG9933H,Verified,2025-08-12 01:23:27,Active,Blocked
Avni Manda,7364881745,avni.manda648@gmail.com,2003-02-25,Female,Bank Employee,857,Shroff Nagar,Ville,Kota,Rajasthan,324001,India,XOLAB9976K,Rejected,2022-01-02 04:22:15,Active,Active
Shivansh Singhal,9554811327,shivansh.singhal649@gmail.com,1972-06-09,Male,Consultant,357,Anne Path,Ville,Sitapur,Uttar Pradesh,261001,India,NDVIC3785U,Verified,2024-02-17 03:46:51,Active,Active
Aarna Khurana,9054070679,aarna.khurana650@gmail.com,1977-07-11,Female,Software Engineer,121,Gill Circle,Ville,Ahmedabad,Gujarat,380001,India,YRNRK0589N,Verified,2023-02-08 06:18:39,Inactive,Active
Upadhriti Chaudhuri,8198870027,upadhriti.chaudhuri651@gmail.com,1990-12-31,Female,Consultant,672,Murthy Zila,Ville,Patna,Bihar,800001,India,AQURY4032T,Verified,2023-02-17 03:59:21,Active,Active
Jagvi Zachariah,6568184458,jagvi.zachariah652@gmail.com,1976-08-18,Female,Sales Executive,665,Suri Ganj,Ville,Ahmedabad,Gujarat,380001,India,BCHWG1826X,Verified,2024-02-14 19:48:07,Active,Active
Faraj Radhakrishnan,6172343948,faraj.radhakrishnan653@gmail.com,1974-09-17,Male,HR Manager,366,Nadkarni Marg,Ville,Chennai,Tamil Nadu,600001,India,WLFCX9258M,Verified,2022-04-10 00:55:24,Active,Active
Om Sangha,7078348690,om.sangha654@gmail.com,1989-09-11,Male,Student,417,Soman Zila,Ville,Delhi,Delhi,110001,India,WJXYO8964U,Verified,2024-11-23 07:56:15,Active,Active
Ekanta Warrior,7039296878,ekanta.warrior655@gmail.com,1986-12-27,Female,Doctor,653,Tripathi Nagar,Ville,Hyderabad,Telangana,500001,India,RRDYB5465J,Verified,2024-05-09 18:20:13,Active,Active
Jack Zacharia,8688153608,jack.zacharia656@gmail.com,1973-09-26,Male,Software Engineer,177,Raja Zila,Ville,Mumbai,Maharashtra,400001,India,VZYCP3048R,Verified,2025-11-29 02:28:03,Active,Active
Manya Rama,9195974624,manya.rama657@gmail.com,1998-10-26,Female,Lawyer,580,Vala Marg,Ville,Sitapur,Uttar Pradesh,261001,India,PEJSI9797U,Verified,2022-12-09 06:34:09,Active,Active
Henry Chawla,6252796587,henry.chawla658@gmail.com,1992-03-10,Male,Teacher,216,Murthy Path,Ville,Jaipur,Rajasthan,302001,India,CZFFZ5900V,Verified,2025-03-23 09:23:21,Active,Active
Qabil Lal,6023914477,qabil.lal659@gmail.com,1983-10-02,Male,Teacher,11,Bhagat,Ville,Chennai,Tamil Nadu,600001,India,FVWJP6116M,Verified,2021-08-14 21:25:38,Active,Active
Hardik Mitter,8547829750,hardik.mitter660@gmail.com,1987-09-02,Male,Consultant,743,Hegde Nagar,Ville,Patna,Bihar,800001,India,DBXBY6796L,Verified,2024-06-14 11:38:46,Active,Active
Turvi Naidu,8757623733,turvi.naidu661@gmail.com,2003-12-12,Female,Engineer,150,Bhatti Chowk,Ville,Kanpur,Uttar Pradesh,208001,India,FRSBR6852O,Verified,2026-03-14 15:18:40,Active,Active
Amrita Chaudhary,8306967060,amrita.chaudhary662@gmail.com,1993-08-12,Female,Self Employed,172,Kothari,Ville,Mumbai,Maharashtra,400001,India,OKQOL0239G,Verified,2024-10-06 19:35:38,Active,Active
Ekaraj Misra,7985212484,ekaraj.misra663@gmail.com,1992-04-15,Male,Government Employee,879,Gara Marg,Ville,Patna,Bihar,800001,India,BSZCJ5528D,Verified,2024-09-22 07:38:53,Active,Active
Mohammed Prabhu,6690921254,mohammed.prabhu664@gmail.com,1987-05-28,Male,Self Employed,85,Bora Circle,Ville,Kolkata,West Bengal,700001,India,XRKMF6486P,Verified,2022-12-19 14:35:50,Active,Active
Ladli Bedi,9176010952,ladli.bedi665@gmail.com,2001-07-16,Female,Government Employee,379,Nagy Nagar,Ville,Chennai,Tamil Nadu,600001,India,ETZKF6219H,Verified,2025-05-10 23:51:42,Active,Active
Chandani Krish,6183924904,chandani.krish666@gmail.com,1981-05-12,Female,HR Manager,38,Bandi Circle,Ville,Patna,Bihar,800001,India,DKYYK9984R,Verified,2023-04-15 11:50:50,Active,Active
Vrinda Wason,7924140687,vrinda.wason667@gmail.com,2003-03-16,Female,Accountant,892,Reddy Marg,Ville,Hyderabad,Telangana,500001,India,LQVXT9195P,Verified,2026-06-11 20:14:58,Active,Active
Aadi Chakrabarti,9911507088,aadi.chakrabarti668@gmail.com,1970-10-24,Male,Self Employed,38,Srinivas Circle,Ville,Sitapur,Uttar Pradesh,261001,India,XSZON5988W,Verified,2026-05-25 06:16:33,Active,Active
Falguni Bhardwaj,6260823778,falguni.bhardwaj669@gmail.com,1997-01-14,Female,Lawyer,310,Chatterjee Path,Ville,Jaipur,Rajasthan,302001,India,NPXDI9165C,Verified,2025-12-26 15:17:21,Active,Active
Abdul Modi,7521905411,abdul.modi670@gmail.com,1974-11-02,Male,Software Engineer,793,Dada Road,Ville,Jaipur,Rajasthan,302001,India,MCVPP1442Z,Verified,2023-03-10 17:48:35,Active,Active
Ekaraj Mann,7929557334,ekaraj.mann671@gmail.com,1971-07-03,Male,Government Employee,62,Johal Marg,Ville,Kolkata,West Bengal,700001,India,XTUCL0903T,Rejected,2025-04-21 23:54:25,Active,Active
Vihaan Sengupta,7273863302,vihaan.sengupta672@gmail.com,1977-02-08,Male,Government Employee,143,Mammen Nagar,Ville,Bengaluru,Karnataka,560001,India,FGIAD1960J,Verified,2021-11-13 06:09:19,Active,Active
Kalpit Prakash,8108449629,kalpit.prakash673@gmail.com,2004-03-26,Male,Sales Executive,544,Bhagat Circle,Ville,Kolkata,West Bengal,700001,India,DSHZT5990K,Verified,2023-01-03 01:04:19,Active,Active
Harshil Wali,7235720056,harshil.wali674@gmail.com,1985-03-23,Male,Business Owner,773,Tella Path,Ville,Pune,Maharashtra,411001,India,OFBLC3923K,Verified,2021-12-16 20:14:15,Active,Active
Benjamin Kar,6155741188,benjamin.kar675@gmail.com,1973-12-04,Male,Business Owner,556,Barman Nagar,Ville,Sitapur,Uttar Pradesh,261001,India,KPRTE4021T,Verified,2022-01-03 05:02:37,Active,Active
Aditya Gupta,7787687698,aditya.gupta676@gmail.com,2005-03-02,Male,Bank Employee,574,Puri Road,Ville,Kanpur,Uttar Pradesh,208001,India,PETXX2932E,Verified,2021-09-25 17:49:52,Active,Active
Nathan Manda,7886430344,nathan.manda677@gmail.com,1985-05-21,Male,Self Employed,933,Bava Circle,Ville,Chennai,Tamil Nadu,600001,India,VGCMF2956X,Rejected,2024-10-21 05:46:22,Active,Active
Shivansh Bahri,8565012851,shivansh.bahri678@gmail.com,1995-03-20,Male,Teacher,2,Devan Marg,Ville,Kolkata,West Bengal,700001,India,WFJCA9684Q,Verified,2022-01-23 13:48:05,Active,Active
Darika Sankaran,7932740612,darika.sankaran679@gmail.com,1990-06-12,Female,Business Owner,309,Parmer Zila,Ville,Patna,Bihar,800001,India,WZYSK5825M,Rejected,2022-06-24 18:09:48,Inactive,Active
Kalpit Warrior,6018140469,kalpit.warrior680@gmail.com,1996-05-09,Male,Engineer,581,Shetty Chowk,Ville,Lucknow,Uttar Pradesh,226001,India,ZBMKS0308Y,Pending,2025-06-04 02:28:43,Active,Active
Ucchal Vora,9904472019,ucchal.vora681@gmail.com,1977-08-07,Female,Consultant,650,Sandal Ganj,Ville,Kanpur,Uttar Pradesh,208001,India,ZEEZE7601L,Verified,2024-02-04 17:42:09,Active,Active
Falak Wali,9766468557,falak.wali682@gmail.com,1985-02-22,Female,Business Owner,109,Sastry Road,Ville,Jaipur,Rajasthan,302001,India,FWFEP4715H,Verified,2026-04-06 16:26:10,Active,Active
Arunima Chada,7181007165,arunima.chada683@gmail.com,1982-09-16,Other,Marketing Manager,612,Chauhan Street,Ville,Lucknow,Uttar Pradesh,226001,India,PGWYG8490O,Verified,2023-06-05 01:32:38,Inactive,Active
Aditya Khurana,8068032383,aditya.khurana684@gmail.com,1977-10-09,Male,Marketing Manager,682,Sawhney Zila,Ville,Bengaluru,Karnataka,560001,India,LJCOD0321Z,Verified,2023-04-23 06:22:02,Active,Active
Aahana Grover,8227773179,aahana.grover685@gmail.com,2003-03-04,Female,Business Owner,108,Dave,Ville,Sitapur,Uttar Pradesh,261001,India,IOVHR1908N,Verified,2021-09-24 16:36:25,Active,Active
Jalsa Gala,9492988679,jalsa.gala686@gmail.com,1975-12-02,Female,Marketing Manager,372,Verma Nagar,Ville,Ahmedabad,Gujarat,380001,India,BCFAO8185A,Verified,2026-01-08 21:20:35,Active,Active
Hema Kunda,6319772443,hema.kunda687@gmail.com,1982-10-31,Female,Teacher,750,Rana Nagar,Ville,Mumbai,Maharashtra,400001,India,LYEVB0498O,Pending,2022-01-17 22:40:10,Active,Active
Eiravati Krishnan,9857286515,eiravati.krishnan688@gmail.com,1999-05-28,Female,HR Manager,334,Sehgal Street,Ville,Jaipur,Rajasthan,302001,India,ZZZHA1892R,Verified,2021-11-09 08:23:09,Active,Active
Turvi Mital,7865828669,turvi.mital689@gmail.com,1976-08-24,Female,Consultant,833,Om Street,Ville,Delhi,Delhi,110001,India,AQUOK0435C,Verified,2022-11-04 12:20:49,Active,Active
Shaurya Sehgal,9241389502,shaurya.sehgal690@gmail.com,1982-10-07,Male,Self Employed,144,Zachariah Road,Ville,Mumbai,Maharashtra,400001,India,ELPGB7625S,Verified,2022-08-23 04:36:35,Active,Active
Kabir Bose,6040494993,kabir.bose691@gmail.com,1993-07-26,Male,HR Manager,552,Chanda Nagar,Ville,Sitapur,Uttar Pradesh,261001,India,JZYCG5979A,Verified,2025-08-17 02:33:26,Active,Active
Peter Balay,6180003918,peter.balay692@gmail.com,1975-07-20,Male,Business Owner,195,Vig Street,Ville,Ahmedabad,Gujarat,380001,India,GULKC8062Q,Verified,2025-07-23 16:36:06,Inactive,Active
Finn Yadav,9451932255,finn.yadav693@gmail.com,1973-09-12,Male,Software Engineer,877,Kuruvilla,Ville,Pune,Maharashtra,411001,India,NMEWR0731G,Verified,2023-10-10 02:14:04,Active,Active
Barkha Garg,9284689055,barkha.garg694@gmail.com,1970-08-03,Female,Marketing Manager,237,Tata Street,Ville,Lucknow,Uttar Pradesh,226001,India,FOUPB9446S,Pending,2023-08-13 04:13:38,Active,Active
Jalsa Kale,9635675007,jalsa.kale695@gmail.com,1974-10-24,Female,Software Engineer,249,Mody Ganj,Ville,Ahmedabad,Gujarat,380001,India,RJWEG2876O,Verified,2022-06-18 20:56:42,Active,Active
Anthony Mahal,6728034092,anthony.mahal696@gmail.com,1994-07-30,Male,Marketing Manager,191,Murthy Zila,Ville,Pune,Maharashtra,411001,India,IGTKC1848J,Verified,2022-10-22 05:58:59,Active,Active
Mason Iyer,8427589770,mason.iyer697@gmail.com,1980-05-16,Male,Teacher,363,Dass Marg,Ville,Ahmedabad,Gujarat,380001,India,KFJFX1241X,Verified,2026-04-28 02:05:08,Active,Active
Qushi Thakkar,9717843887,qushi.thakkar698@gmail.com,1974-09-05,Female,Lawyer,238,Sodhi Nagar,Ville,Kanpur,Uttar Pradesh,208001,India,CFGUO8010I,Verified,2025-03-06 15:25:11,Active,Active
Atharv Padmanabhan,6643963286,atharv.padmanabhan699@gmail.com,1971-08-15,Male,Consultant,336,Ben Circle,Ville,Kota,Rajasthan,324001,India,BDDHX4082L,Verified,2025-12-18 16:23:02,Active,Active
Luke Sastry,9017370022,luke.sastry700@gmail.com,1987-03-03,Male,Doctor,744,Kulkarni,Ville,Lucknow,Uttar Pradesh,226001,India,KZPSJ2021L,Verified,2021-09-20 13:18:56,Active,Active
Nathan Lala,9615843705,nathan.lala701@gmail.com,1971-04-26,Male,Marketing Manager,992,Bhalla,Ville,Lucknow,Uttar Pradesh,226001,India,PAOCB5601P,Verified,2022-04-04 05:00:46,Inactive,Active
Amara Singhal,9564467977,amara.singhal702@gmail.com,2004-09-13,Female,Self Employed,42,Prabhu Nagar,Ville,Kolkata,West Bengal,700001,India,TIJVL2413G,Verified,2024-10-31 19:18:16,Active,Active
Caleb Dube,6050619272,caleb.dube703@gmail.com,1980-05-27,Male,Government Employee,55,Bajwa Nagar,Ville,Chennai,Tamil Nadu,600001,India,NZDHF5898Z,Verified,2022-11-29 02:22:03,Active,Active
Warjas Prabhakar,6579920656,warjas.prabhakar704@gmail.com,1979-01-22,Male,Self Employed,44,Bhagat Nagar,Ville,Delhi,Delhi,110001,India,YQCBB4534K,Verified,2023-12-12 23:46:23,Active,Active
Dakshesh Sunder,8086832365,dakshesh.sunder705@gmail.com,1994-03-04,Male,Accountant,89,Kari,Ville,Sitapur,Uttar Pradesh,261001,India,UHZEF3442B,Verified,2025-03-22 05:03:34,Inactive,Active
Abeer Iyer,7260757630,abeer.iyer706@gmail.com,1971-10-22,Male,Software Engineer,346,Dhingra Circle,Ville,Hyderabad,Telangana,500001,India,MKRMJ2108V,Verified,2023-07-07 23:16:41,Active,Active
Xavier Dasgupta,9225934325,xavier.dasgupta707@gmail.com,1970-12-28,Male,Doctor,157,Buch Path,Ville,Delhi,Delhi,110001,India,ZWAKC1686P,Verified,2025-09-09 20:47:16,Active,Active
Rohan Oommen,7432840116,rohan.oommen708@gmail.com,1970-12-02,Male,Student,708,Krishnan,Ville,Delhi,Delhi,110001,India,WXCPZ9714X,Verified,2025-08-24 01:25:43,Active,Active
Yadavi Sodhi,7983150400,yadavi.sodhi709@gmail.com,2005-01-26,Female,Software Engineer,18,Kala Street,Ville,Chennai,Tamil Nadu,600001,India,BCUUS7634E,Verified,2026-07-05 15:48:47,Active,Active
Ekansh Saxena,9882267693,ekansh.saxena710@gmail.com,1973-05-30,Male,Doctor,333,Balakrishnan Road,Ville,Hyderabad,Telangana,500001,India,GRQHZ8627K,Verified,2024-07-01 04:39:51,Active,Active
Baghyawati Dua,7215388001,baghyawati.dua711@gmail.com,1983-11-06,Female,Lawyer,90,Parmar,Ville,Sitapur,Uttar Pradesh,261001,India,FBXEH7405V,Verified,2024-06-03 08:00:30,Active,Active
Samesh Karpe,8122750342,samesh.karpe712@gmail.com,1990-10-30,Male,Doctor,476,Comar,Ville,Kanpur,Uttar Pradesh,208001,India,PIUWL7379W,Verified,2026-06-12 03:01:53,Inactive,Active
Divya Kunda,8823660875,divya.kunda713@gmail.com,1992-10-20,Female,Bank Employee,382,Halder Circle,Ville,Hyderabad,Telangana,500001,India,JECQU6141Y,Pending,2022-12-06 05:12:27,Active,Active
Ishwar Char,8957485910,ishwar.char714@gmail.com,1983-03-14,Male,HR Manager,185,Karan Chowk,Ville,Sitapur,Uttar Pradesh,261001,India,GAUMN5481F,Verified,2023-09-26 04:17:02,Active,Active
Lohit Saxena,6188041611,lohit.saxena715@gmail.com,1971-03-21,Male,Business Owner,470,Venkataraman Chowk,Ville,Bengaluru,Karnataka,560001,India,JGVAR1926C,Verified,2023-10-16 03:27:43,Active,Active
Jacob Acharya,8240691516,jacob.acharya716@gmail.com,2001-05-20,Male,HR Manager,930,Suri Nagar,Ville,Kolkata,West Bengal,700001,India,CCFYU0371I,Verified,2024-05-22 07:53:50,Active,Active
Chanakya Dhaliwal,9095822929,chanakya.dhaliwal717@gmail.com,1987-11-27,Male,HR Manager,469,Bobal Road,Ville,Pune,Maharashtra,411001,India,AXHRU0873V,Verified,2025-06-10 08:00:56,Active,Active
Pranav Sheth,6459167888,pranav.sheth718@gmail.com,1992-09-14,Male,Student,735,Hora Road,Ville,Sitapur,Uttar Pradesh,261001,India,VKDYM8774A,Verified,2022-09-29 15:07:22,Active,Active
Lajita Nagar,9098854097,lajita.nagar719@gmail.com,1977-11-26,Female,Marketing Manager,289,Nazareth Chowk,Ville,Chennai,Tamil Nadu,600001,India,GPYHR9691C,Verified,2025-03-15 03:42:40,Active,Active
Hritik Krishnan,6288828795,hritik.krishnan720@gmail.com,1990-08-20,Male,Bank Employee,345,Viswanathan Marg,Ville,Jaipur,Rajasthan,302001,India,LLASB5299V,Verified,2022-10-17 21:52:20,Active,Blocked
Forum Tiwari,8297163736,forum.tiwari721@gmail.com,2000-05-26,Female,Bank Employee,92,Kunda Road,Ville,Sitapur,Uttar Pradesh,261001,India,UQFUM8036J,Verified,2022-12-26 00:01:52,Active,Active
Advik Parsa,7705620527,advik.parsa722@gmail.com,1992-04-03,Male,Sales Executive,347,Mital Street,Ville,Lucknow,Uttar Pradesh,226001,India,GNVLE0552W,Verified,2022-09-23 03:56:59,Active,Active
Jasmit Garg,9576391135,jasmit.garg723@gmail.com,1973-01-20,Female,Consultant,522,Vohra Zila,Ville,Pune,Maharashtra,411001,India,ZYAPB5593P,Verified,2024-07-20 18:57:51,Active,Active
Priya Pant,7746807258,priya.pant724@gmail.com,1993-03-28,Female,Student,238,Bhatti Ganj,Ville,Delhi,Delhi,110001,India,SKKEK2320Z,Pending,2023-01-17 16:16:35,Active,Active
Wridesh Reddy,6474013443,wridesh.reddy725@gmail.com,1995-05-02,Male,Marketing Manager,434,Sarma Street,Ville,Bengaluru,Karnataka,560001,India,ATPGY7073J,Verified,2023-02-11 02:54:52,Active,Active
Tamanna Thakkar,7343633119,tamanna.thakkar726@gmail.com,2000-02-12,Female,Consultant,849,Shanker Circle,Ville,Kanpur,Uttar Pradesh,208001,India,ZPYKU9772X,Verified,2026-01-31 16:25:44,Active,Active
Triya Iyer,8155104744,triya.iyer727@gmail.com,2000-08-03,Female,Marketing Manager,224,Minhas Chowk,Ville,Delhi,Delhi,110001,India,COFCN7587B,Verified,2022-10-04 07:22:34,Active,Active
Amaira Mani,9717570059,amaira.mani728@gmail.com,1986-01-27,Female,Accountant,698,Bhargava,Ville,Pune,Maharashtra,411001,India,PQKIC7877G,Verified,2026-02-03 13:40:10,Active,Active
Chakradhar Ganesh,8728546979,chakradhar.ganesh729@gmail.com,1971-08-15,Male,Government Employee,779,Mani Marg,Ville,Sitapur,Uttar Pradesh,261001,India,RZUKL5200D,Verified,2023-06-30 05:52:01,Active,Active
Atharv Kurian,7149045327,atharv.kurian730@gmail.com,1997-11-05,Male,Marketing Manager,173,Devan Ganj,Ville,Mumbai,Maharashtra,400001,India,SHIEX6553X,Verified,2022-12-07 10:59:07,Active,Active
Aachal Lalla,8037936461,aachal.lalla731@gmail.com,1973-11-20,Female,Accountant,690,Kapadia Chowk,Ville,Delhi,Delhi,110001,India,ECTNV4926H,Verified,2021-10-24 19:38:13,Active,Active
Geetika Tara,8844382407,geetika.tara732@gmail.com,2003-11-15,Female,Bank Employee,253,Dube,Ville,Lucknow,Uttar Pradesh,226001,India,TFRFE2818V,Verified,2025-01-06 03:28:09,Active,Active
Caleb Suresh,6359239789,caleb.suresh733@gmail.com,1973-12-22,Male,Software Engineer,370,Bhattacharyya Nagar,Ville,Chennai,Tamil Nadu,600001,India,BSBCI4900Z,Verified,2021-12-22 03:05:14,Inactive,Active
Pallavi Contractor,8050702276,pallavi.contractor734@gmail.com,1988-12-27,Female,Consultant,632,Toor,Ville,Ahmedabad,Gujarat,380001,India,KKAPK2457N,Rejected,2022-01-19 00:14:42,Active,Active
Yoshita Sarin,8242651271,yoshita.sarin735@gmail.com,1989-01-29,Female,Consultant,84,Kala Road,Ville,Bengaluru,Karnataka,560001,India,WFAVR8013I,Verified,2025-01-31 19:43:54,Active,Active
Gaurang Rajan,6646788833,gaurang.rajan736@gmail.com,1976-11-03,Male,Government Employee,994,Pandya Zila,Ville,Mumbai,Maharashtra,400001,India,VMPWX7289N,Rejected,2025-02-10 00:44:17,Active,Active
Garima Arora,6460511653,garima.arora737@gmail.com,1988-01-01,Female,HR Manager,713,Dora Road,Ville,Sitapur,Uttar Pradesh,261001,India,BDXIY5318U,Pending,2021-11-08 14:36:12,Active,Active
Jeremiah Prabhakar,6602322645,jeremiah.prabhakar738@gmail.com,1994-04-29,Male,Bank Employee,175,Mittal Chowk,Ville,Patna,Bihar,800001,India,JJSVI3396D,Verified,2021-12-29 23:13:38,Inactive,Active
Xavier De,7075199344,xavier.de739@gmail.com,1982-06-14,Male,Self Employed,497,Narayan Street,Ville,Chennai,Tamil Nadu,600001,India,QELSK1920I,Pending,2022-03-03 17:38:47,Inactive,Active
Aarna Taneja,9579087668,aarna.taneja740@gmail.com,2000-11-10,Female,Self Employed,709,Koshy Street,Ville,Lucknow,Uttar Pradesh,226001,India,HJUTD9470I,Verified,2024-09-12 02:12:33,Active,Active
Kalpit Vala,7059718489,kalpit.vala741@gmail.com,1973-10-12,Male,Doctor,941,Sathe Ganj,Ville,Kolkata,West Bengal,700001,India,OCTLX2687H,Verified,2026-07-18 17:58:40,Blocked,Blocked
Chanchal Patel,9176597465,chanchal.patel742@gmail.com,1984-03-04,Female,Marketing Manager,344,Raja Street,Ville,Kota,Rajasthan,324001,India,MVGCW3432S,Verified,2021-11-14 02:08:34,Active,Active
William Kant,7756553676,william.kant743@gmail.com,1984-10-09,Male,Lawyer,715,Sha Chowk,Ville,Ahmedabad,Gujarat,380001,India,HKDFQ1927D,Verified,2024-11-18 09:19:02,Active,Active
Kritika Sharaf,6421982581,kritika.sharaf744@gmail.com,1978-10-15,Female,Teacher,324,Memon Path,Ville,Lucknow,Uttar Pradesh,226001,India,PITFA7814C,Verified,2025-04-05 21:01:02,Active,Active
Jeevika Kurian,9401898259,jeevika.kurian745@gmail.com,1995-02-02,Female,Student,795,Patil Circle,Ville,Sitapur,Uttar Pradesh,261001,India,CSTDT1826W,Verified,2024-05-03 00:43:11,Blocked,Blocked
Nilima De,8448389358,nilima.de746@gmail.com,1985-08-23,Female,Bank Employee,209,Bali Chowk,Ville,Lucknow,Uttar Pradesh,226001,India,CRKUZ6997Q,Pending,2024-02-07 18:59:14,Active,Active
Nilima Kurian,9247237563,nilima.kurian747@gmail.com,1972-09-05,Female,HR Manager,946,Mittal Chowk,Ville,Bhopal,Madhya Pradesh,462001,India,QQCNY9022T,Verified,2022-11-20 21:42:49,Active,Active
Meghana De,6616060022,meghana.de748@gmail.com,1978-05-08,Female,Bank Employee,403,Chowdhury,Ville,Kanpur,Uttar Pradesh,208001,India,JDHMY0773C,Verified,2022-05-04 21:25:07,Inactive,Active
Aradhana Nigam,7599562879,aradhana.nigam749@gmail.com,2000-12-25,Other,Software Engineer,20,Raju Nagar,Ville,Sitapur,Uttar Pradesh,261001,India,XCBMH7931N,Verified,2024-10-24 04:58:11,Active,Active
Abhimanyu Borah,7756051636,abhimanyu.borah750@gmail.com,1990-03-30,Male,Engineer,973,Narayan Chowk,Ville,Kota,Rajasthan,324001,India,ZVHFK8046Y,Verified,2022-01-06 16:08:21,Active,Active
Osha Mallick,9831088088,osha.mallick751@gmail.com,1989-12-30,Female,Self Employed,981,Patel Road,Ville,Kota,Rajasthan,324001,India,ZVHRP8498K,Rejected,2023-06-06 04:54:05,Active,Active
Sathvik Nagi,7998594331,sathvik.nagi752@gmail.com,1994-04-22,Male,Doctor,71,Oza Street,Ville,Chennai,Tamil Nadu,600001,India,ZNUTN5271I,Verified,2025-02-27 12:56:34,Active,Active
Daniel Sabharwal,6596710213,daniel.sabharwal753@gmail.com,1984-06-01,Male,HR Manager,839,Swaminathan Ganj,Ville,Pune,Maharashtra,411001,India,UDOXV2445P,Verified,2021-08-20 11:29:40,Blocked,Blocked
Odika Mangal,7463885007,odika.mangal754@gmail.com,2002-10-30,Female,Self Employed,40,Subramanian Street,Ville,Ahmedabad,Gujarat,380001,India,HUJLI1307A,Verified,2023-03-21 15:59:29,Active,Active
Yauvani Kant,6447727441,yauvani.kant755@gmail.com,1977-04-22,Female,Bank Employee,86,Sarkar Road,Ville,Bhopal,Madhya Pradesh,462001,India,LCKVE9781T,Verified,2021-11-28 23:07:59,Active,Active
Veer Sidhu,7890706471,veer.sidhu756@gmail.com,1976-09-25,Male,Government Employee,959,Dhawan Ganj,Ville,Mumbai,Maharashtra,400001,India,YIDIH4240K,Verified,2023-05-23 15:17:47,Active,Active
Priya Andra,9259857185,priya.andra757@gmail.com,1977-02-26,Female,Government Employee,179,Ray Ganj,Ville,Lucknow,Uttar Pradesh,226001,India,LLLAA2404A,Verified,2021-10-07 07:55:44,Active,Active
Ojasvi Dhawan,6302162912,ojasvi.dhawan758@gmail.com,1986-02-04,Female,Government Employee,735,Goel Path,Ville,Mumbai,Maharashtra,400001,India,JBTHE1612R,Verified,2023-10-29 08:09:57,Active,Active
Manthan Chana,7269124265,manthan.chana759@gmail.com,1994-11-04,Male,Business Owner,816,Lad Marg,Ville,Kota,Rajasthan,324001,India,MTQZC2748V,Pending,2026-07-06 20:51:00,Active,Active
Sanya Hegde,7014707752,sanya.hegde760@gmail.com,2005-08-18,Female,Self Employed,760,Goswami Path,Ville,Bengaluru,Karnataka,560001,India,XEVAW3403L,Pending,2022-11-29 10:45:17,Active,Active
Zilmil Sahni,7193990727,zilmil.sahni761@gmail.com,1986-11-04,Female,Marketing Manager,548,Golla Ganj,Ville,Mumbai,Maharashtra,400001,India,FONDS6678E,Verified,2023-03-28 07:44:17,Active,Active
Yachana Rana,6192142727,yachana.rana762@gmail.com,1987-10-14,Female,Student,302,Mann Ganj,Ville,Jaipur,Rajasthan,302001,India,JCDMZ1089S,Verified,2023-03-03 16:28:44,Active,Active
Indrajit Prashad,6998045323,indrajit.prashad763@gmail.com,1979-07-15,Male,HR Manager,466,Joshi,Ville,Lucknow,Uttar Pradesh,226001,India,CJMJH5864D,Verified,2024-01-10 21:21:04,Active,Active
Karan Thakkar,9439688017,karan.thakkar764@gmail.com,1998-11-29,Male,Software Engineer,809,Mistry Road,Ville,Hyderabad,Telangana,500001,India,VNGUW2018L,Verified,2022-06-09 04:11:15,Active,Active
Watika Pau,9127435832,watika.pau765@gmail.com,2003-12-16,Female,Marketing Manager,758,Bahl Ganj,Ville,Hyderabad,Telangana,500001,India,WTTOS1072J,Verified,2024-11-08 06:16:12,Active,Active
Rachit Tripathi,9334385476,rachit.tripathi766@gmail.com,1973-01-18,Male,Government Employee,7,Mandal Chowk,Ville,Kolkata,West Bengal,700001,India,JUVUA5925A,Verified,2024-12-13 08:04:45,Active,Active
Kevin Manne,7759986115,kevin.manne767@gmail.com,1975-03-21,Male,Doctor,982,Char Marg,Ville,Chennai,Tamil Nadu,600001,India,ICUKP4739L,Verified,2026-05-19 00:18:35,Active,Active
Bhavini Samra,9687298921,bhavini.samra768@gmail.com,1998-10-17,Female,Accountant,953,Pant Street,Ville,Bengaluru,Karnataka,560001,India,PQWCT2011B,Verified,2023-04-15 23:31:29,Inactive,Active
Sai Murthy,8020765106,sai.murthy769@gmail.com,1979-04-22,Male,Government Employee,972,Upadhyay Ganj,Ville,Kolkata,West Bengal,700001,India,EACWY0206B,Pending,2022-03-23 18:43:40,Active,Active
Leena Edwin,8407988591,leena.edwin770@gmail.com,1976-08-27,Female,Teacher,869,Kala Path,Ville,Chennai,Tamil Nadu,600001,India,PJGUD9363Z,Rejected,2022-08-28 04:38:52,Active,Active
Gaurika Handa,8208314920,gaurika.handa771@gmail.com,1971-01-09,Female,Software Engineer,52,Chander Zila,Ville,Bhopal,Madhya Pradesh,462001,India,CPBTA4977V,Pending,2023-08-31 20:36:13,Active,Active
Oscar Kumer,9201411089,oscar.kumer772@gmail.com,1986-04-20,Male,Lawyer,347,Mishra Road,Ville,Sitapur,Uttar Pradesh,261001,India,FBOVS6515R,Pending,2025-08-03 17:31:02,Active,Active
Nathan Dey,8391273979,nathan.dey773@gmail.com,1971-04-24,Male,Business Owner,556,Pau Street,Ville,Patna,Bihar,800001,India,EDTZI4473K,Verified,2022-10-11 01:34:32,Active,Active
Guneet Parmar,8841250735,guneet.parmar774@gmail.com,1989-04-05,Male,Consultant,864,Mann Path,Ville,Delhi,Delhi,110001,India,KRFLZ0767S,Verified,2026-05-22 21:38:44,Active,Active
Aadhya Prashad,8730789158,aadhya.prashad775@gmail.com,1973-04-05,Female,Sales Executive,273,Bains,Ville,Sitapur,Uttar Pradesh,261001,India,STDRW9046Z,Verified,2024-03-01 19:54:04,Active,Active
Dipta Goel,6017541836,dipta.goel776@gmail.com,1980-09-06,Female,Business Owner,408,Dara Path,Ville,Patna,Bihar,800001,India,TXJWC8883C,Pending,2023-03-11 21:07:58,Blocked,Blocked
Ansh Dhar,6203386439,ansh.dhar777@gmail.com,1992-01-12,Male,Sales Executive,241,Rana Path,Ville,Patna,Bihar,800001,India,RJYGT8805G,Verified,2024-05-08 22:42:42,Active,Active
Nitara Dutta,6607374467,nitara.dutta778@gmail.com,1995-10-30,Female,Self Employed,935,Varty Circle,Ville,Hyderabad,Telangana,500001,India,SSGOE1725I,Verified,2024-07-19 20:16:27,Active,Active
Kala Manne,9694517555,kala.manne779@gmail.com,1970-09-12,Female,Doctor,784,Bhatt Marg,Ville,Sitapur,Uttar Pradesh,261001,India,EFNCJ3858U,Verified,2024-01-12 06:57:00,Active,Active
Tamanna Bajwa,8435647736,tamanna.bajwa780@gmail.com,2003-07-20,Other,HR Manager,583,Mukhopadhyay Circle,Ville,Delhi,Delhi,110001,India,AHIPR3183K,Verified,2023-01-24 10:19:42,Active,Active
Lakshmi Solanki,6647387977,lakshmi.solanki781@gmail.com,1977-08-23,Female,Business Owner,788,Chander Marg,Ville,Pune,Maharashtra,411001,India,KNAZE7201P,Verified,2022-06-25 08:23:41,Active,Active
Ekani Goyal,8707316607,ekani.goyal782@gmail.com,1981-12-24,Female,Bank Employee,137,Virk Marg,Ville,Kota,Rajasthan,324001,India,LWOUJ3723O,Verified,2025-08-15 15:21:36,Active,Active
Rushil Talwar,9219166705,rushil.talwar783@gmail.com,1977-05-15,Male,Bank Employee,686,Vyas,Ville,Lucknow,Uttar Pradesh,226001,India,NAROT4558V,Verified,2024-12-22 01:08:40,Active,Active
Viraj Sama,6725772188,viraj.sama784@gmail.com,1972-11-28,Male,Bank Employee,319,Mitra,Ville,Sitapur,Uttar Pradesh,261001,India,HAHUE4085C,Verified,2025-12-18 14:27:40,Inactive,Active
Tristan Issac,7389995200,tristan.issac785@gmail.com,1988-10-23,Male,Marketing Manager,884,Ghose Marg,Ville,Lucknow,Uttar Pradesh,226001,India,WMXCR6192K,Verified,2023-01-12 15:12:36,Active,Active
Anika Goswami,8405107425,anika.goswami786@gmail.com,1993-11-27,Female,Student,409,Nori Marg,Ville,Jaipur,Rajasthan,302001,India,ENIRB0845V,Verified,2026-05-18 09:45:48,Active,Active
Edhitha Din,8268104796,edhitha.din787@gmail.com,1991-02-19,Female,Engineer,772,Grewal Marg,Ville,Patna,Bihar,800001,India,EVQUU5533T,Verified,2024-06-10 14:39:38,Active,Active
Oliver Rajagopal,7565581829,oliver.rajagopal788@gmail.com,1971-01-29,Male,Teacher,507,Rajagopal Circle,Ville,Patna,Bihar,800001,India,IZAWA2214U,Verified,2022-04-08 02:07:01,Active,Active
Waida Parekh,9059556556,waida.parekh789@gmail.com,1983-08-07,Female,Student,933,Mannan Nagar,Ville,Mumbai,Maharashtra,400001,India,JYOWZ6473W,Verified,2022-11-06 16:55:56,Active,Active
Sachi Narayanan,8258207931,sachi.narayanan790@gmail.com,1994-12-04,Female,Accountant,439,Dugar Zila,Ville,Patna,Bihar,800001,India,HMGUT4847H,Verified,2023-12-31 13:36:25,Active,Active
Harita Khanna,8315965307,harita.khanna791@gmail.com,1993-06-12,Female,Lawyer,558,Dhillon Road,Ville,Kolkata,West Bengal,700001,India,XOVFJ0564V,Verified,2026-02-26 18:55:29,Active,Active
Hiral Mitra,7429293130,hiral.mitra792@gmail.com,1991-12-02,Female,Marketing Manager,172,Chad Street,Ville,Bhopal,Madhya Pradesh,462001,India,NHIXP9428O,Verified,2026-05-29 01:17:27,Active,Active
Dhruv Sastry,9616850883,dhruv.sastry793@gmail.com,2000-02-10,Male,Engineer,383,Golla Chowk,Ville,Kota,Rajasthan,324001,India,SCGCG7451Y,Verified,2023-09-08 18:55:47,Active,Active
Idika Ram,6371305856,idika.ram794@gmail.com,1975-07-27,Female,Lawyer,635,De Street,Ville,Patna,Bihar,800001,India,QDLND6044P,Verified,2021-08-14 19:36:10,Active,Active
Arin Puri,7755010258,arin.puri795@gmail.com,1972-02-26,Other,Marketing Manager,987,Nori Chowk,Ville,Chennai,Tamil Nadu,600001,India,CTKAS5925Y,Verified,2024-12-11 11:20:35,Active,Active
Falan Guha,7744638748,falan.guha796@gmail.com,1981-07-03,Male,Self Employed,117,Rana Marg,Ville,Sitapur,Uttar Pradesh,261001,India,JXRWG1930E,Verified,2024-05-06 08:18:33,Active,Active
Sathvik Chahal,9360644801,sathvik.chahal797@gmail.com,1974-02-26,Male,Engineer,478,Bains Circle,Ville,Kolkata,West Bengal,700001,India,EXTBR3896Y,Verified,2024-08-20 11:11:01,Active,Active
Harshil Uppal,7059203508,harshil.uppal798@gmail.com,1997-10-27,Male,Bank Employee,914,Sengupta Ganj,Ville,Kota,Rajasthan,324001,India,CEWSW4886T,Verified,2026-01-05 08:29:44,Active,Active
Quincy Goyal,6757663287,quincy.goyal799@gmail.com,1973-08-10,Male,Bank Employee,147,Apte Road,Ville,Sitapur,Uttar Pradesh,261001,India,GMXER1651X,Verified,2025-02-02 09:31:29,Active,Active
Amaira Balasubramanian,7774483913,amaira.balasubramanian800@gmail.com,1970-04-18,Female,Lawyer,21,Munshi Road,Ville,Patna,Bihar,800001,India,SGPBM3267O,Verified,2022-07-25 21:18:01,Active,Active
Dominic Shroff,7410488731,dominic.shroff801@gmail.com,1996-05-10,Male,Teacher,803,Dar Circle,Ville,Pune,Maharashtra,411001,India,FRQUG2638F,Verified,2021-12-12 05:53:21,Active,Active
Reyansh Gole,9906506557,reyansh.gole802@gmail.com,1996-04-07,Male,Bank Employee,315,Kumar Road,Ville,Kolkata,West Bengal,700001,India,ULLTM0071B,Pending,2025-12-04 01:06:48,Active,Active
Lohit Devi,7886388462,lohit.devi803@gmail.com,1970-06-06,Other,Teacher,366,Kibe Street,Ville,Mumbai,Maharashtra,400001,India,STYYV5197U,Verified,2025-11-28 16:56:30,Active,Active
Udyati Chaudhari,9470301572,udyati.chaudhari804@gmail.com,1981-08-11,Female,Bank Employee,970,Shroff Circle,Ville,Patna,Bihar,800001,India,ZHKQP1808M,Verified,2025-12-13 13:41:33,Active,Active
Qarin Setty,9071230376,qarin.setty805@gmail.com,1975-08-25,Male,Consultant,620,Prakash,Ville,Kolkata,West Bengal,700001,India,LBILU6657O,Pending,2024-06-24 07:36:08,Active,Active
Aayush Sridhar,8253162929,aayush.sridhar806@gmail.com,1995-10-31,Other,Consultant,214,Thakur Chowk,Ville,Hyderabad,Telangana,500001,India,FWTGG3322U,Verified,2022-10-02 06:29:51,Active,Active
Victor Bajwa,6095535470,victor.bajwa807@gmail.com,1993-08-11,Male,Student,526,Amble Ganj,Ville,Chennai,Tamil Nadu,600001,India,FPKMD3885S,Verified,2025-06-05 06:43:22,Active,Active
Kashvi Deo,8948027303,kashvi.deo808@gmail.com,1995-05-11,Female,Business Owner,114,Parikh Marg,Ville,Kanpur,Uttar Pradesh,208001,India,KMKFF6603V,Pending,2022-07-08 23:41:55,Active,Active
Tanish Chacko,9101157598,tanish.chacko809@gmail.com,1995-03-25,Male,Lawyer,952,Pathak Nagar,Ville,Delhi,Delhi,110001,India,QVRGD7318G,Verified,2025-09-14 23:03:26,Active,Active
Aashi Balan,8828210268,aashi.balan810@gmail.com,1985-10-03,Female,Consultant,456,Narain Chowk,Ville,Bhopal,Madhya Pradesh,462001,India,HWKEX1288E,Verified,2024-08-20 03:48:21,Active,Active
Rajeshri Mitter,7067632278,rajeshri.mitter811@gmail.com,1990-11-02,Female,Marketing Manager,702,Oommen Street,Ville,Mumbai,Maharashtra,400001,India,JTCAT3858F,Verified,2024-07-22 23:03:41,Active,Active
Ekaja Raghavan,9457493204,ekaja.raghavan812@gmail.com,2003-05-02,Female,Bank Employee,17,Dash Street,Ville,Bengaluru,Karnataka,560001,India,WQWFD2040D,Verified,2022-08-10 11:01:31,Active,Active
Bhavani Shroff,6954277675,bhavani.shroff813@gmail.com,2001-11-23,Female,Sales Executive,371,Agrawal Chowk,Ville,Hyderabad,Telangana,500001,India,IHCZZ7814O,Verified,2022-06-30 05:47:24,Active,Active
Vritti Kibe,8723016159,vritti.kibe814@gmail.com,1982-12-11,Female,Self Employed,35,Sura Circle,Ville,Lucknow,Uttar Pradesh,226001,India,EKGEN5373N,Verified,2025-05-11 13:32:53,Active,Active
Yashvi Dani,8220782409,yashvi.dani815@gmail.com,1977-06-27,Female,Sales Executive,925,Bhattacharyya Circle,Ville,Delhi,Delhi,110001,India,SWJHT1013T,Verified,2022-01-25 09:04:08,Active,Active
Pushti Saraf,7892700464,pushti.saraf816@gmail.com,2003-11-21,Female,Government Employee,366,Ganguly Chowk,Ville,Bengaluru,Karnataka,560001,India,VCGZD9142J,Verified,2024-12-31 00:29:55,Active,Active
Upma Thakur,8948300015,upma.thakur817@gmail.com,1983-06-28,Female,HR Manager,988,Bajwa Zila,Ville,Chennai,Tamil Nadu,600001,India,NZQTP0551D,Verified,2026-03-16 02:17:25,Active,Active
Yagnesh Balasubramanian,6467465545,yagnesh.balasubramanian818@gmail.com,1979-06-19,Male,Business Owner,351,Grewal Nagar,Ville,Mumbai,Maharashtra,400001,India,TQGNR7154N,Verified,2022-08-03 00:37:58,Active,Active
Viraj Singh,9020349103,viraj.singh819@gmail.com,1990-07-07,Male,Sales Executive,186,Nair Path,Ville,Kota,Rajasthan,324001,India,BGUVU4810Q,Pending,2025-06-17 09:59:55,Active,Active
Farhan Nagarajan,6314646337,farhan.nagarajan820@gmail.com,1994-07-17,Male,Sales Executive,519,Lanka Nagar,Ville,Jaipur,Rajasthan,302001,India,IXHZW1206M,Verified,2025-03-20 02:57:07,Active,Active
Amol Banerjee,9718749128,amol.banerjee821@gmail.com,1984-04-23,Male,Teacher,594,Natarajan Road,Ville,Mumbai,Maharashtra,400001,India,GSPPS6658F,Verified,2021-12-05 04:39:36,Active,Active
Odika Bora,8913161887,odika.bora822@gmail.com,2005-07-30,Female,Consultant,693,Amble Road,Ville,Chennai,Tamil Nadu,600001,India,LHHNE8137U,Verified,2022-05-04 04:21:44,Active,Active
Madhavi Prashad,7262809220,madhavi.prashad823@gmail.com,1987-01-28,Female,Doctor,130,Mani Zila,Ville,Kolkata,West Bengal,700001,India,AJZJM0389T,Verified,2022-11-13 09:34:21,Active,Active
Janya Prabhu,7762424920,janya.prabhu824@gmail.com,1990-08-02,Female,Doctor,960,Gupta Circle,Ville,Mumbai,Maharashtra,400001,India,VBRII0328S,Verified,2025-12-20 21:22:23,Active,Active
Vedika Gaba,7416545042,vedika.gaba825@gmail.com,1971-03-07,Female,HR Manager,176,Rana Chowk,Ville,Kanpur,Uttar Pradesh,208001,India,WLVYK7733D,Verified,2022-06-30 06:51:05,Active,Active
Chanchal Choudhury,8896277508,chanchal.choudhury826@gmail.com,1988-12-21,Female,Sales Executive,941,Shankar Road,Ville,Hyderabad,Telangana,500001,India,LZNYT8978X,Verified,2024-05-03 10:20:39,Active,Active
Kalpit Bava,7821188259,kalpit.bava827@gmail.com,2002-04-15,Male,Accountant,118,Sachdeva Nagar,Ville,Pune,Maharashtra,411001,India,WAZHI9343J,Verified,2024-11-12 13:39:38,Active,Active
Frado Roy,7831749388,frado.roy828@gmail.com,1981-10-07,Male,Teacher,234,Chaudhuri Circle,Ville,Kota,Rajasthan,324001,India,JBBCU9749G,Pending,2022-04-03 03:03:49,Active,Active
Warinder Salvi,6583951062,warinder.salvi829@gmail.com,1985-02-01,Male,Accountant,343,Lad Circle,Ville,Sitapur,Uttar Pradesh,261001,India,PPKHY1316L,Verified,2024-03-25 23:15:05,Active,Blocked
Chakradev Natarajan,7680102893,chakradev.natarajan830@gmail.com,1973-09-24,Male,Marketing Manager,639,Sant Marg,Ville,Pune,Maharashtra,411001,India,VZZNT4787L,Verified,2023-07-25 21:11:31,Active,Active
Qushi Mittal,9698985804,qushi.mittal831@gmail.com,1993-02-08,Female,Engineer,151,Ravi Street,Ville,Kolkata,West Bengal,700001,India,BZNJM5178I,Verified,2023-01-31 20:41:32,Active,Active
Qasim Prasad,7347535785,qasim.prasad832@gmail.com,1970-09-23,Male,Marketing Manager,811,Nagarajan Marg,Ville,Bhopal,Madhya Pradesh,462001,India,FMZKN2921Y,Verified,2021-12-07 13:44:37,Active,Active
Rachit Raman,7641017683,rachit.raman833@gmail.com,1990-11-12,Male,Government Employee,676,Sekhon Path,Ville,Bhopal,Madhya Pradesh,462001,India,SOOKZ1882P,Verified,2023-10-03 12:35:36,Active,Active
Udant Bumb,8824415421,udant.bumb834@gmail.com,1984-09-13,Male,Bank Employee,911,Ravel Chowk,Ville,Delhi,Delhi,110001,India,YKFIV2234V,Verified,2024-11-27 03:59:07,Active,Active
Arunima Bhasin,7497608832,arunima.bhasin835@gmail.com,1989-06-08,Female,Bank Employee,317,Mandal Road,Ville,Jaipur,Rajasthan,302001,India,IJPBY2147R,Verified,2025-11-04 13:39:16,Active,Active
Ubika Aggarwal,9453587650,ubika.aggarwal836@gmail.com,2001-10-19,Female,Engineer,291,Chauhan Nagar,Ville,Kolkata,West Bengal,700001,India,IIKHV4462O,Verified,2023-12-02 15:43:51,Active,Active
Gopal More,8426335865,gopal.more837@gmail.com,1995-05-03,Male,HR Manager,180,Anand Chowk,Ville,Lucknow,Uttar Pradesh,226001,India,HIRRK6915W,Verified,2022-05-24 07:12:12,Inactive,Active
Chakradhar Khalsa,9231912913,chakradhar.khalsa838@gmail.com,2001-04-12,Male,Lawyer,98,Suri Zila,Ville,Kolkata,West Bengal,700001,India,ALJPN4223L,Verified,2023-03-14 08:48:55,Active,Active
Ryan Mane,8244833402,ryan.mane839@gmail.com,1992-10-11,Male,Bank Employee,775,Upadhyay Circle,Ville,Lucknow,Uttar Pradesh,226001,India,CRPID4890E,Verified,2023-05-10 02:12:26,Active,Active
Tejas Dugar,8825098540,tejas.dugar840@gmail.com,1997-02-05,Male,Marketing Manager,577,Butala Nagar,Ville,Ahmedabad,Gujarat,380001,India,KACJG5986L,Pending,2022-07-20 14:52:42,Active,Active
Isha Gour,7229230591,isha.gour841@gmail.com,1994-08-17,Other,Bank Employee,105,Chaudhari Ganj,Ville,Hyderabad,Telangana,500001,India,POSAJ9006W,Rejected,2025-01-28 17:06:32,Active,Active
Jyoti Soni,6840179917,jyoti.soni842@gmail.com,1970-08-24,Female,Business Owner,584,Rajagopal Nagar,Ville,Delhi,Delhi,110001,India,ATCXY0579X,Verified,2025-07-13 01:04:15,Active,Active
Balhaar Arora,7062861609,balhaar.arora843@gmail.com,1973-05-21,Male,Software Engineer,442,Salvi Zila,Ville,Delhi,Delhi,110001,India,GVOQW3443K,Verified,2026-02-10 21:28:03,Active,Active
Eshana Venkatesh,6588048388,eshana.venkatesh844@gmail.com,1991-12-07,Female,Marketing Manager,978,Chhabra Chowk,Ville,Patna,Bihar,800001,India,JLIYS4830P,Pending,2021-12-15 11:03:04,Active,Active
Vamakshi Garg,7091855726,vamakshi.garg845@gmail.com,1982-08-19,Female,Teacher,91,Sood Circle,Ville,Sitapur,Uttar Pradesh,261001,India,FTJLA7195U,Verified,2022-03-07 06:26:59,Active,Active
Advika Chhabra,6403585572,advika.chhabra846@gmail.com,1994-06-22,Female,Bank Employee,814,Dutta Road,Ville,Jaipur,Rajasthan,302001,India,KGUWL0821E,Verified,2025-05-18 18:25:53,Active,Active
Abhiram Kalita,9103421764,abhiram.kalita847@gmail.com,1979-04-07,Male,Bank Employee,414,Sagar Street,Ville,Sitapur,Uttar Pradesh,261001,India,YHHKS1124R,Verified,2023-04-03 17:11:35,Inactive,Active
Ishaan Garde,6985147352,ishaan.garde848@gmail.com,1977-10-23,Male,Accountant,145,Shan Circle,Ville,Kota,Rajasthan,324001,India,KCVIB3953D,Verified,2023-08-18 12:19:10,Active,Active
Abhimanyu Ganguly,6176603629,abhimanyu.ganguly849@gmail.com,1990-02-16,Male,Sales Executive,809,Sangha Ganj,Ville,Kanpur,Uttar Pradesh,208001,India,QSETV1834J,Verified,2023-07-29 03:34:18,Active,Active
Hredhaan Boase,9803910622,hredhaan.boase850@gmail.com,1972-10-15,Male,Accountant,69,Morar Street,Ville,Hyderabad,Telangana,500001,India,KHAJF2743C,Verified,2026-05-26 07:08:30,Active,Active
Ekani Pillay,9447269014,ekani.pillay851@gmail.com,1985-09-03,Female,Software Engineer,369,Kapur Road,Ville,Kolkata,West Bengal,700001,India,ASTCI5468P,Verified,2024-06-03 09:13:47,Blocked,Blocked
Aachal Manda,6808804579,aachal.manda852@gmail.com,1974-02-28,Female,Student,793,Soman Marg,Ville,Lucknow,Uttar Pradesh,226001,India,KTTZP5976R,Verified,2023-05-18 06:44:08,Active,Active
Aadi Dutta,9097248523,aadi.dutta853@gmail.com,2000-10-20,Male,Self Employed,715,Mani Ganj,Ville,Pune,Maharashtra,411001,India,REFEJ3324T,Verified,2022-12-17 08:57:39,Active,Active
Charan Varghese,6827475695,charan.varghese854@gmail.com,1975-10-05,Male,Self Employed,36,Goda Street,Ville,Kota,Rajasthan,324001,India,TKKLN4757Y,Verified,2024-06-06 12:01:01,Active,Active
Kabir Chacko,7971550552,kabir.chacko855@gmail.com,1985-12-20,Male,Lawyer,780,Bajaj Street,Ville,Lucknow,Uttar Pradesh,226001,India,SCDCE1626K,Verified,2022-08-21 17:10:31,Active,Active
Niharika Lalla,9199000727,niharika.lalla856@gmail.com,1972-08-04,Female,Consultant,872,Jayaraman Path,Ville,Chennai,Tamil Nadu,600001,India,BPRKE1900R,Verified,2026-07-28 16:21:07,Active,Active
Elijah Subramaniam,7649457859,elijah.subramaniam857@gmail.com,1990-05-12,Male,Business Owner,707,Taneja Road,Ville,Sitapur,Uttar Pradesh,261001,India,XZYPP4888W,Rejected,2026-08-07 19:12:24,Active,Active
Maanav Subramaniam,7989556528,maanav.subramaniam858@gmail.com,1993-03-16,Other,Marketing Manager,114,Mani Marg,Ville,Bhopal,Madhya Pradesh,462001,India,UBPPL2770H,Verified,2022-12-30 13:54:37,Active,Active
Girish Sane,9783133621,girish.sane859@gmail.com,1998-04-02,Male,Doctor,821,Talwar Chowk,Ville,Bengaluru,Karnataka,560001,India,YUZBS0405M,Verified,2022-12-19 18:08:49,Active,Active
Keya Tara,6511857326,keya.tara860@gmail.com,2001-12-27,Female,Bank Employee,846,Madan Street,Ville,Jaipur,Rajasthan,302001,India,MKLKJ1353S,Pending,2024-11-29 20:00:20,Active,Active
Upasna Toor,9093064234,upasna.toor861@gmail.com,1985-01-25,Female,Government Employee,296,Shankar Circle,Ville,Kolkata,West Bengal,700001,India,HMOIO7006Z,Verified,2025-01-12 05:58:39,Active,Active
Liam Anne,8293706029,liam.anne862@gmail.com,1975-01-26,Male,Consultant,504,Malhotra Ganj,Ville,Jaipur,Rajasthan,302001,India,NTXFK9066X,Verified,2025-11-14 15:12:37,Active,Active
Avi Badal,8797082659,avi.badal863@gmail.com,1999-07-07,Male,Software Engineer,508,Raja Street,Ville,Sitapur,Uttar Pradesh,261001,India,JMPFP9156H,Verified,2024-08-04 17:12:13,Active,Active
Ria Mandal,9455673230,ria.mandal864@gmail.com,1970-10-22,Female,Student,250,Bakshi Ganj,Ville,Bengaluru,Karnataka,560001,India,WQGPO4884C,Verified,2023-05-02 11:02:43,Active,Active
Rudra Natt,6607819497,rudra.natt865@gmail.com,1978-06-08,Male,Teacher,655,Som Zila,Ville,Sitapur,Uttar Pradesh,261001,India,JRNUQ0240Y,Verified,2022-11-03 04:32:14,Active,Active
Shaurya Jhaveri,7929637871,shaurya.jhaveri866@gmail.com,1987-03-11,Male,Engineer,319,Pradhan Path,Ville,Hyderabad,Telangana,500001,India,KTQHJ7872Q,Verified,2025-10-04 05:40:54,Inactive,Active
Tamanna Wagle,6511889320,tamanna.wagle867@gmail.com,2000-02-04,Female,Consultant,795,Choudhury,Ville,Delhi,Delhi,110001,India,DMQYF8985F,Verified,2022-08-01 20:32:31,Active,Active
Siya Shroff,6216789274,siya.shroff868@gmail.com,1982-08-18,Female,HR Manager,165,Balakrishnan Path,Ville,Ahmedabad,Gujarat,380001,India,MBUWO6474P,Pending,2023-06-18 07:11:20,Active,Active
Nidra Hayer,7424777858,nidra.hayer869@gmail.com,1974-04-03,Female,Sales Executive,866,Sha Path,Ville,Pune,Maharashtra,411001,India,UPWVN4014D,Verified,2024-03-27 12:10:27,Active,Active
Gaurangi Sachdeva,7961635471,gaurangi.sachdeva870@gmail.com,1990-07-11,Female,Engineer,422,Brar Street,Ville,Sitapur,Uttar Pradesh,261001,India,DPCTJ3855I,Verified,2022-12-05 22:43:54,Active,Active
Maya Barad,6386268953,maya.barad871@gmail.com,2003-02-24,Female,Sales Executive,217,Goda Street,Ville,Chennai,Tamil Nadu,600001,India,FJWNG0789H,Verified,2025-03-10 12:30:00,Active,Active
Noah Patla,7251179557,noah.patla872@gmail.com,1981-05-08,Male,HR Manager,819,Tara Street,Ville,Kolkata,West Bengal,700001,India,CVYZZ8605S,Verified,2022-12-16 10:36:53,Active,Active
George Kunda,7362081903,george.kunda873@gmail.com,1978-02-21,Male,Student,358,Srivastava Road,Ville,Hyderabad,Telangana,500001,India,IRWCJ8963I,Pending,2022-10-27 17:15:27,Active,Active
Bakhshi Ray,7727218721,bakhshi.ray874@gmail.com,1974-01-23,Male,Self Employed,621,Purohit Chowk,Ville,Sitapur,Uttar Pradesh,261001,India,JZXGA9473W,Verified,2025-06-21 21:33:41,Active,Active
Raksha Patel,8245498056,raksha.patel875@gmail.com,1992-08-16,Female,Marketing Manager,472,Gole Marg,Ville,Delhi,Delhi,110001,India,JAFEQ4374R,Verified,2024-05-02 13:58:07,Active,Active
Agastya Bal,6969964844,agastya.bal876@gmail.com,1979-10-15,Male,Lawyer,306,Sane Zila,Ville,Pune,Maharashtra,411001,India,AYATN8685U,Verified,2022-04-02 16:03:32,Active,Active
Wahab Tandon,9708425723,wahab.tandon877@gmail.com,1996-01-18,Male,Doctor,213,Raval Circle,Ville,Sitapur,Uttar Pradesh,261001,India,NUFAG3668N,Verified,2022-10-30 05:03:12,Inactive,Active
Farhan Dhingra,8354874736,farhan.dhingra878@gmail.com,1982-07-21,Male,Consultant,728,Viswanathan Marg,Ville,Chennai,Tamil Nadu,600001,India,GPNRS6295E,Pending,2025-12-11 14:55:13,Active,Active
Anita Halder,7472337305,anita.halder879@gmail.com,1970-04-19,Female,Government Employee,95,Sunder,Ville,Kolkata,West Bengal,700001,India,OBBSF9834H,Rejected,2022-10-23 00:37:29,Active,Active
Daksha Golla,8603235363,daksha.golla880@gmail.com,2005-12-09,Female,Bank Employee,119,Bhalla Marg,Ville,Mumbai,Maharashtra,400001,India,UEDOM4385G,Pending,2023-12-24 00:32:11,Active,Active
Warjas Sachar,8965483993,warjas.sachar881@gmail.com,1990-02-25,Male,Student,880,Minhas,Ville,Kolkata,West Bengal,700001,India,NMTGZ3819Q,Verified,2023-10-04 20:44:22,Active,Active
Manthan Deshmukh,7053010042,manthan.deshmukh882@gmail.com,1975-04-25,Male,Marketing Manager,571,Raja Nagar,Ville,Bengaluru,Karnataka,560001,India,UJVDQ5844B,Pending,2023-09-14 03:32:44,Active,Active
Abhiram Dyal,7495981281,abhiram.dyal883@gmail.com,1972-12-03,Male,Lawyer,140,Dhar,Ville,Bengaluru,Karnataka,560001,India,VWNGP7127Y,Rejected,2023-12-20 20:43:29,Active,Active
Fiyaz Magar,9814029753,fiyaz.magar884@gmail.com,1988-05-10,Male,HR Manager,97,Goswami Circle,Ville,Mumbai,Maharashtra,400001,India,ZIDSR1875C,Pending,2021-12-04 22:08:43,Active,Active
Andrew Morar,9285322505,andrew.morar885@gmail.com,2005-09-10,Other,HR Manager,503,Edwin Ganj,Ville,Bengaluru,Karnataka,560001,India,IMYIP7198M,Verified,2025-06-01 09:30:03,Active,Active
Aarav Kade,7277314590,aarav.kade886@gmail.com,1992-04-12,Male,Teacher,868,Pall Path,Ville,Kolkata,West Bengal,700001,India,ZZNKY1754C,Verified,2024-01-06 08:26:04,Active,Active
Daniel Bahl,7432132695,daniel.bahl887@gmail.com,1973-07-22,Male,Accountant,840,Mann Ganj,Ville,Pune,Maharashtra,411001,India,QOHZJ5055F,Verified,2022-09-16 14:53:32,Active,Active
Omisha Brahmbhatt,6848936874,omisha.brahmbhatt888@gmail.com,1996-08-05,Female,Student,58,Kala Street,Ville,Lucknow,Uttar Pradesh,226001,India,WNPBE4569A,Verified,2026-04-19 14:47:37,Inactive,Blocked
Xalak Dhillon,7513927434,xalak.dhillon889@gmail.com,1991-01-25,Female,Engineer,153,Babu Street,Ville,Pune,Maharashtra,411001,India,CMBML8179C,Verified,2025-05-13 03:09:34,Active,Active
Hemani Mand,7377182934,hemani.mand890@gmail.com,2000-11-08,Female,Sales Executive,217,Chandran Nagar,Ville,Sitapur,Uttar Pradesh,261001,India,DEKOP7638Q,Verified,2025-02-26 09:08:23,Active,Active
Matthew Zacharia,7685234371,matthew.zacharia891@gmail.com,1985-05-20,Male,Business Owner,571,Vasa Circle,Ville,Kolkata,West Bengal,700001,India,RDNKB1433Y,Verified,2023-10-16 17:20:23,Active,Active
Priya Sarma,9491792755,priya.sarma892@gmail.com,1974-09-15,Female,Government Employee,66,Sodhi Street,Ville,Mumbai,Maharashtra,400001,India,CSRMZ0987K,Verified,2024-03-10 15:49:02,Active,Active
Charita Seth,9097140573,charita.seth893@gmail.com,1995-04-16,Female,Software Engineer,741,Krish Street,Ville,Kota,Rajasthan,324001,India,PPGJZ3762T,Verified,2026-01-16 19:23:17,Active,Active
Veer Amble,6854367556,veer.amble894@gmail.com,1992-03-01,Male,Consultant,924,Ram Ganj,Ville,Pune,Maharashtra,411001,India,AJXMS6616R,Pending,2024-02-16 13:07:52,Active,Active
Niharika Oak,9232918300,niharika.oak895@gmail.com,1984-04-17,Female,HR Manager,955,Karpe Road,Ville,Patna,Bihar,800001,India,OGAVH5092S,Verified,2026-03-14 09:25:57,Inactive,Active
Yashica Roy,7637210268,yashica.roy896@gmail.com,2002-06-27,Female,Sales Executive,785,Modi Ganj,Ville,Bhopal,Madhya Pradesh,462001,India,ZGOSO1060A,Verified,2023-01-28 23:21:42,Active,Active
Balveer Balan,7706714050,balveer.balan897@gmail.com,1977-05-25,Male,Self Employed,564,Chandra Zila,Ville,Ahmedabad,Gujarat,380001,India,SVOTA7473M,Pending,2026-03-03 15:29:19,Active,Active
Vritti Misra,8673463154,vritti.misra898@gmail.com,1989-03-04,Female,Software Engineer,586,Garde Chowk,Ville,Sitapur,Uttar Pradesh,261001,India,FXKSC2295E,Verified,2024-11-09 04:55:51,Active,Active
Hemang Sarin,8962342149,hemang.sarin899@gmail.com,1996-08-24,Male,Teacher,494,Shetty Street,Ville,Patna,Bihar,800001,India,JFGVG1792D,Verified,2026-07-05 07:49:33,Inactive,Active
Janaki Raju,9092133210,janaki.raju900@gmail.com,1985-06-11,Female,Student,491,Kale Chowk,Ville,Sitapur,Uttar Pradesh,261001,India,FQUNL5072K,Verified,2025-12-02 04:19:39,Blocked,Blocked
Chameli Bail,9886138941,chameli.bail901@gmail.com,1997-01-16,Female,Sales Executive,643,Chacko Marg,Ville,Bhopal,Madhya Pradesh,462001,India,VIAYI1315H,Verified,2024-09-28 13:28:26,Active,Active
Om Kale,7612517986,om.kale902@gmail.com,1977-11-26,Male,Lawyer,34,Tailor Nagar,Ville,Jaipur,Rajasthan,302001,India,SYWPX3623G,Pending,2023-03-13 21:47:05,Active,Active
Rachit Nanda,6360933758,rachit.nanda903@gmail.com,2001-03-24,Male,Marketing Manager,537,Sanghvi Path,Ville,Hyderabad,Telangana,500001,India,MRBHW2818V,Rejected,2024-01-14 20:16:53,Active,Active
Abdul Bhardwaj,9037128469,abdul.bhardwaj904@gmail.com,1970-10-23,Male,Engineer,54,Ravi Zila,Ville,Ahmedabad,Gujarat,380001,India,TIFQW5860V,Pending,2024-01-31 14:20:17,Active,Active
Tara Lall,9357795974,tara.lall905@gmail.com,1980-01-29,Female,Self Employed,382,Devi Circle,Ville,Lucknow,Uttar Pradesh,226001,India,FJNBO9897P,Rejected,2024-09-04 02:47:24,Active,Active
Eiravati Patla,6093927303,eiravati.patla906@gmail.com,1995-10-12,Female,Sales Executive,523,Bava Path,Ville,Kanpur,Uttar Pradesh,208001,India,YLCJK5948O,Verified,2025-05-05 08:07:27,Active,Active
Omaja Buch,6183857476,omaja.buch907@gmail.com,1978-10-06,Female,Marketing Manager,657,Talwar Ganj,Ville,Delhi,Delhi,110001,India,MYAFM4979E,Verified,2025-12-31 13:54:20,Active,Active
Hardik Varkey,6244667863,hardik.varkey908@gmail.com,1990-02-24,Male,Lawyer,795,Saini Road,Ville,Kota,Rajasthan,324001,India,EWTPZ2552S,Verified,2024-06-09 16:39:12,Active,Active
Wriddhish Boase,7302155837,wriddhish.boase909@gmail.com,1981-12-26,Male,Government Employee,215,Mahajan Street,Ville,Delhi,Delhi,110001,India,MYMWN6716R,Verified,2021-11-16 13:22:08,Inactive,Active
Isha Manne,8730715588,isha.manne910@gmail.com,1971-07-06,Female,Self Employed,201,Chand Ganj,Ville,Mumbai,Maharashtra,400001,India,WVYAY0127M,Verified,2023-11-28 08:47:17,Active,Active
Arin Brahmbhatt,7181656357,arin.brahmbhatt911@gmail.com,1998-04-02,Male,Lawyer,827,Parekh Street,Ville,Lucknow,Uttar Pradesh,226001,India,NTIHI3308X,Verified,2022-12-17 14:10:59,Active,Active
Mahika Tak,6258480197,mahika.tak912@gmail.com,2002-04-26,Female,Accountant,98,Bal Ganj,Ville,Delhi,Delhi,110001,India,DZWYX9639T,Verified,2023-10-01 15:37:33,Inactive,Active
Champak Sur,6422412454,champak.sur913@gmail.com,1972-10-03,Male,Business Owner,714,Baria Nagar,Ville,Chennai,Tamil Nadu,600001,India,NPCWA8235V,Verified,2023-01-25 04:35:57,Inactive,Active
Jason Gala,9060211741,jason.gala914@gmail.com,1979-09-05,Male,Teacher,70,Dugal Chowk,Ville,Kanpur,Uttar Pradesh,208001,India,LPIJZ5524R,Verified,2023-08-04 23:57:07,Active,Active
Keya Dewan,8500972861,keya.dewan915@gmail.com,1981-03-17,Female,Accountant,916,Nath Circle,Ville,Delhi,Delhi,110001,India,QONBW1079F,Verified,2024-04-01 19:04:08,Active,Active
Gaurav Vyas,9512402200,gaurav.vyas916@gmail.com,1984-08-30,Male,Government Employee,270,Parmar Zila,Ville,Delhi,Delhi,110001,India,BHPFY3142Y,Verified,2024-12-09 04:42:15,Active,Active
Abhiram Viswanathan,8366104678,abhiram.viswanathan917@gmail.com,1993-12-19,Male,Marketing Manager,496,Raju Zila,Ville,Sitapur,Uttar Pradesh,261001,India,DWABB6582O,Verified,2023-11-25 04:16:48,Blocked,Blocked
Mitesh Grover,8197921517,mitesh.grover918@gmail.com,1984-06-22,Male,Accountant,410,Chandra Ganj,Ville,Jaipur,Rajasthan,302001,India,BINHQ2772J,Verified,2024-10-02 22:42:24,Active,Active
Aryan Toor,7913111950,aryan.toor919@gmail.com,1987-07-30,Male,Consultant,281,Padmanabhan,Ville,Kanpur,Uttar Pradesh,208001,India,HHQON3892S,Verified,2026-03-01 19:57:35,Active,Active
Daksh Ravi,6375269542,daksh.ravi920@gmail.com,1995-05-24,Male,Software Engineer,868,Mitter Nagar,Ville,Bengaluru,Karnataka,560001,India,VREIN3536Z,Verified,2026-08-09 01:14:27,Active,Active
Timothy Chadha,6535459575,timothy.chadha921@gmail.com,1985-06-24,Male,Bank Employee,478,Gupta Ganj,Ville,Lucknow,Uttar Pradesh,226001,India,EDNCE0268F,Verified,2023-11-01 12:31:59,Active,Active
Jairaj Raghavan,9886458143,jairaj.raghavan922@gmail.com,1970-11-24,Male,Student,966,Oza Chowk,Ville,Hyderabad,Telangana,500001,India,SHSVV3756M,Verified,2022-04-25 00:24:54,Active,Active
Viraj Gill,8295600736,viraj.gill923@gmail.com,1977-02-24,Male,Self Employed,561,Wadhwa Path,Ville,Delhi,Delhi,110001,India,LMLCY0205Y,Verified,2023-12-09 03:05:05,Active,Active
Liam Tailor,8445822126,liam.tailor924@gmail.com,1984-01-25,Male,Self Employed,629,Narayan Circle,Ville,Mumbai,Maharashtra,400001,India,CUMKZ2923U,Verified,2024-05-30 09:16:55,Inactive,Active
Jeet Pandey,6795636046,jeet.pandey925@gmail.com,1986-04-04,Male,Government Employee,165,Bansal Zila,Ville,Sitapur,Uttar Pradesh,261001,India,WNLML9839N,Verified,2022-06-05 09:32:23,Active,Active
Kalpit Purohit,7981451373,kalpit.purohit926@gmail.com,1998-08-07,Male,Lawyer,985,Savant Street,Ville,Patna,Bihar,800001,India,CNYLW6380L,Verified,2021-11-27 12:32:12,Active,Active
Lipika Batra,7237919213,lipika.batra927@gmail.com,1997-06-18,Female,Self Employed,189,Sarraf Zila,Ville,Kolkata,West Bengal,700001,India,DEYKP4427H,Verified,2023-12-13 02:04:24,Active,Active
Simon Mahajan,7216791912,simon.mahajan928@gmail.com,1985-05-21,Male,Accountant,375,Kapadia Ganj,Ville,Chennai,Tamil Nadu,600001,India,VHOLL3757T,Verified,2024-06-16 14:35:59,Active,Active
Krisha Sarkar,6795757849,krisha.sarkar929@gmail.com,1994-09-14,Female,Government Employee,507,Buch Ganj,Ville,Kanpur,Uttar Pradesh,208001,India,XAWVV0683K,Verified,2022-09-21 13:43:21,Active,Active
Bhavika Chaudhry,9377687746,bhavika.chaudhry930@gmail.com,1975-09-29,Female,Bank Employee,188,Choudhry Path,Ville,Kolkata,West Bengal,700001,India,KLFOI4062H,Pending,2021-08-25 10:01:27,Active,Active
Wishi Sandal,9600889355,wishi.sandal931@gmail.com,1971-08-20,Female,Student,56,Subramanian Path,Ville,Kota,Rajasthan,324001,India,RZRVH6904C,Verified,2023-03-27 23:05:10,Active,Active
Harsh Hegde,8558267983,harsh.hegde932@gmail.com,1973-10-24,Male,Self Employed,404,Tripathi Nagar,Ville,Chennai,Tamil Nadu,600001,India,FESQF3015Y,Rejected,2025-06-24 02:40:19,Active,Active
Onveer Pillay,6393936955,onveer.pillay933@gmail.com,1997-04-04,Male,Accountant,361,Srinivasan Path,Ville,Bhopal,Madhya Pradesh,462001,India,FBLOB3436G,Verified,2022-01-25 19:35:46,Active,Active
Kabir Bava,8728147145,kabir.bava934@gmail.com,1982-07-16,Male,Doctor,833,Dalal Chowk,Ville,Chennai,Tamil Nadu,600001,India,AMFNO9698T,Verified,2022-11-14 00:26:35,Active,Active
Arya Behl,7517335272,arya.behl935@gmail.com,1984-07-28,Female,Marketing Manager,813,Narayanan Ganj,Ville,Kota,Rajasthan,324001,India,LJLYB5180G,Rejected,2022-06-04 22:54:24,Active,Active
Wazir Badal,7352172393,wazir.badal936@gmail.com,1992-04-06,Male,Doctor,378,Tailor Chowk,Ville,Sitapur,Uttar Pradesh,261001,India,INHDO8519F,Verified,2023-11-12 22:12:01,Active,Active
Kevin Krishna,6311802970,kevin.krishna937@gmail.com,1980-03-21,Male,Self Employed,586,Sarna Marg,Ville,Patna,Bihar,800001,India,DQABW8378X,Verified,2026-05-31 08:05:38,Active,Active
Chaitanya Sankar,6456528567,chaitanya.sankar938@gmail.com,2004-12-08,Male,Accountant,654,Dass Marg,Ville,Bhopal,Madhya Pradesh,462001,India,FPKBO7227C,Pending,2021-12-12 01:47:38,Inactive,Active
Niharika Kibe,9392522040,niharika.kibe939@gmail.com,1996-08-27,Female,Government Employee,603,Kala Zila,Ville,Sitapur,Uttar Pradesh,261001,India,NMZCL3629W,Verified,2024-03-15 14:53:06,Active,Active
Mitesh Chaudhari,8308386070,mitesh.chaudhari940@gmail.com,1997-01-10,Male,Self Employed,297,Hari Road,Ville,Kanpur,Uttar Pradesh,208001,India,ASSUI4218S,Verified,2022-02-16 05:24:34,Active,Active
Ikshita Dara,6630558622,ikshita.dara941@gmail.com,1996-10-06,Female,Business Owner,530,Pandey Nagar,Ville,Hyderabad,Telangana,500001,India,TVUXQ8965C,Verified,2025-11-02 08:06:16,Active,Active
Manan Kaur,8116546987,manan.kaur942@gmail.com,1985-04-29,Male,Business Owner,254,Kanda Street,Ville,Delhi,Delhi,110001,India,YSDBI4551N,Pending,2021-10-27 05:02:05,Inactive,Active
Hemang Dutta,8080174612,hemang.dutta943@gmail.com,1989-04-13,Male,Bank Employee,589,Chaudhry Chowk,Ville,Lucknow,Uttar Pradesh,226001,India,QIUKK3177V,Verified,2025-03-29 07:45:08,Active,Active
Veda Sundaram,8705969655,veda.sundaram944@gmail.com,1985-12-07,Female,Lawyer,570,Patel Zila,Ville,Pune,Maharashtra,411001,India,WAEAR9367E,Verified,2022-03-04 02:49:09,Active,Active
Krishna Chokshi,8048998712,krishna.chokshi945@gmail.com,1989-11-22,Male,Teacher,941,Chandra Street,Ville,Bengaluru,Karnataka,560001,India,HMHJJ9787H,Verified,2024-02-02 09:17:17,Blocked,Blocked
Bhavika Varughese,8105654551,bhavika.varughese946@gmail.com,1986-07-22,Female,Student,282,Kumer,Ville,Ahmedabad,Gujarat,380001,India,TQQLF6594M,Verified,2023-12-10 06:32:29,Active,Active
Abha Parmer,8271672024,abha.parmer947@gmail.com,1988-07-21,Female,Government Employee,322,Bal Zila,Ville,Delhi,Delhi,110001,India,TWSCA3162Z,Verified,2023-03-12 00:54:59,Inactive,Active
Radha Raval,8872403707,radha.raval948@gmail.com,1987-05-31,Female,Government Employee,904,Ramakrishnan,Ville,Chennai,Tamil Nadu,600001,India,UAYCI4225K,Verified,2026-01-31 06:59:54,Active,Active
Chaaya Naidu,8186864483,chaaya.naidu949@gmail.com,1973-06-09,Female,Business Owner,825,Ram Marg,Ville,Sitapur,Uttar Pradesh,261001,India,UYFSW4228R,Verified,2024-08-22 23:52:54,Active,Active
Leena Morar,7398090367,leena.morar950@gmail.com,2002-07-19,Female,Bank Employee,548,Oommen Marg,Ville,Pune,Maharashtra,411001,India,IQPQO2964N,Verified,2025-09-09 20:07:08,Active,Active
Omya Kota,9478003919,omya.kota951@gmail.com,1987-04-25,Female,Student,855,Kara Nagar,Ville,Pune,Maharashtra,411001,India,UWPZX0400N,Verified,2022-08-23 09:20:56,Active,Active
Dominic Sangha,9056283427,dominic.sangha952@gmail.com,1992-05-17,Male,Engineer,883,Dhawan Road,Ville,Kanpur,Uttar Pradesh,208001,India,VRAHQ4483W,Verified,2025-12-30 13:59:07,Active,Active
Banjeet Mukherjee,9642284434,banjeet.mukherjee953@gmail.com,1997-01-08,Male,Lawyer,478,Roy Circle,Ville,Hyderabad,Telangana,500001,India,SMAVY5901T,Verified,2023-11-08 11:16:58,Active,Active
Darpan Biswas,7588163751,darpan.biswas954@gmail.com,2004-01-01,Male,HR Manager,161,Natt Nagar,Ville,Bengaluru,Karnataka,560001,India,TUYGN1591L,Pending,2025-05-19 19:39:30,Active,Active
Manbir Taneja,7720688966,manbir.taneja955@gmail.com,1981-11-13,Male,Engineer,957,Dayal Marg,Ville,Lucknow,Uttar Pradesh,226001,India,JUJMT5564J,Verified,2022-05-05 09:57:10,Active,Active
Ishita Chadha,8353208472,ishita.chadha956@gmail.com,1994-05-12,Female,Engineer,596,Nadkarni Road,Ville,Sitapur,Uttar Pradesh,261001,India,SCHRK8690N,Verified,2022-08-12 16:12:24,Active,Active
Rajata Modi,9791686808,rajata.modi957@gmail.com,2000-05-16,Female,Business Owner,720,Apte Circle,Ville,Chennai,Tamil Nadu,600001,India,GMOYP3814S,Pending,2025-12-21 12:39:59,Active,Active
Tristan Banik,7396083699,tristan.banik958@gmail.com,1999-09-29,Male,Sales Executive,132,Nagarajan Ganj,Ville,Mumbai,Maharashtra,400001,India,VWQTH5857L,Verified,2021-10-03 23:39:29,Active,Active
Ekantika Sama,8245455993,ekantika.sama959@gmail.com,2004-10-20,Female,Government Employee,496,Kale Circle,Ville,Mumbai,Maharashtra,400001,India,ASMDV9898G,Verified,2023-08-21 10:15:42,Active,Active
Aarush Nanda,6295239309,aarush.nanda960@gmail.com,2002-12-13,Male,Student,275,Kuruvilla Nagar,Ville,Jaipur,Rajasthan,302001,India,RLWJJ9558M,Verified,2023-01-22 23:37:50,Active,Active
Kevin Ganesan,9530171374,kevin.ganesan961@gmail.com,1990-12-22,Male,Government Employee,705,Nagarajan Circle,Ville,Pune,Maharashtra,411001,India,JPOYP1145U,Verified,2022-09-06 05:25:43,Active,Active
Lohit Gulati,6467820420,lohit.gulati962@gmail.com,1989-09-24,Male,Engineer,997,Sampath Street,Ville,Patna,Bihar,800001,India,MNVMB2552S,Verified,2022-03-12 10:09:00,Active,Active
Urvashi Saran,8182846545,urvashi.saran963@gmail.com,1972-03-12,Female,Self Employed,313,Dube Marg,Ville,Pune,Maharashtra,411001,India,IOTOF7278N,Verified,2025-02-04 06:20:33,Active,Active
Frederick Uppal,9790108050,frederick.uppal964@gmail.com,1995-11-21,Male,Sales Executive,884,Sarraf Path,Ville,Kolkata,West Bengal,700001,India,QVLFO6367G,Rejected,2024-05-28 08:35:27,Active,Active
Ira Mukherjee,9423623461,ira.mukherjee965@gmail.com,1976-05-18,Female,Marketing Manager,858,Ravi Nagar,Ville,Bengaluru,Karnataka,560001,India,IPNYC7904D,Verified,2024-08-18 16:32:18,Active,Active
Qarin Talwar,7960103344,qarin.talwar966@gmail.com,1986-07-31,Male,Business Owner,101,Sen Street,Ville,Jaipur,Rajasthan,302001,India,ZXEUU0050O,Verified,2022-09-16 12:00:49,Inactive,Active
Arya Dewan,9981077366,arya.dewan967@gmail.com,1974-02-14,Female,Government Employee,164,Vala Path,Ville,Delhi,Delhi,110001,India,EAUQW1780T,Verified,2026-07-17 08:07:20,Active,Active
Jeevika Pandya,6653679685,jeevika.pandya968@gmail.com,2001-03-25,Female,Lawyer,283,Bava Ganj,Ville,Kanpur,Uttar Pradesh,208001,India,XODIS6057N,Verified,2021-12-30 20:07:44,Active,Active
Manbir Vig,6742378752,manbir.vig969@gmail.com,1995-07-01,Male,Lawyer,512,Chada Chowk,Ville,Ahmedabad,Gujarat,380001,India,LCLRK0982P,Verified,2022-05-08 03:08:13,Active,Active
Omkaar Ram,7755812581,omkaar.ram970@gmail.com,1971-07-30,Male,Doctor,765,Balasubramanian Nagar,Ville,Bengaluru,Karnataka,560001,India,DIVQG8477F,Verified,2024-01-13 12:13:10,Active,Active
Xiti Gulati,8744707388,xiti.gulati971@gmail.com,1985-07-31,Female,Doctor,121,Garde Circle,Ville,Jaipur,Rajasthan,302001,India,UZTAS4797V,Verified,2021-09-19 09:05:15,Active,Active
Gaurav Oak,6283185254,gaurav.oak972@gmail.com,1995-09-28,Male,HR Manager,813,Gola Road,Ville,Mumbai,Maharashtra,400001,India,TSOPD1466U,Verified,2021-12-11 08:23:35,Active,Active
Yashawini Chandra,6218812366,yashawini.chandra973@gmail.com,1974-02-02,Female,Lawyer,634,Kumar Zila,Ville,Ahmedabad,Gujarat,380001,India,NTZPE1881I,Verified,2023-12-18 18:40:20,Active,Active
Lila Radhakrishnan,7171218679,lila.radhakrishnan974@gmail.com,2005-11-18,Female,Lawyer,35,Ray Marg,Ville,Bengaluru,Karnataka,560001,India,QYOBJ1660G,Rejected,2023-03-08 01:57:45,Inactive,Active
Veda Sampath,7872987217,veda.sampath975@gmail.com,2000-03-14,Female,Accountant,126,Bala Ganj,Ville,Kota,Rajasthan,324001,India,CMFME1269G,Verified,2023-01-06 01:32:12,Active,Active
Adya Seshadri,6087897016,adya.seshadri976@gmail.com,1992-06-28,Female,HR Manager,279,Menon Zila,Ville,Mumbai,Maharashtra,400001,India,KOYUE0636V,Verified,2024-03-06 04:39:16,Active,Active
Advay Garde,6863668596,advay.garde977@gmail.com,1981-07-09,Male,Software Engineer,761,Padmanabhan Ganj,Ville,Ahmedabad,Gujarat,380001,India,CLTWR9164N,Verified,2024-01-22 03:05:37,Active,Active
Nimrat Gulati,7094240074,nimrat.gulati978@gmail.com,1977-02-14,Female,Engineer,278,Sandal Ganj,Ville,Patna,Bihar,800001,India,CIBSR6677J,Verified,2022-05-05 05:34:12,Active,Active
Mason Kota,7001937415,mason.kota979@gmail.com,1970-03-24,Male,Doctor,839,Borde Marg,Ville,Pune,Maharashtra,411001,India,LNRZT7452I,Pending,2022-03-08 19:11:30,Active,Active
Vasudha Ramesh,9424588257,vasudha.ramesh980@gmail.com,1999-09-26,Female,Lawyer,432,Chokshi Ganj,Ville,Jaipur,Rajasthan,302001,India,EUGWF7754L,Verified,2023-03-05 23:28:27,Active,Active
Vritti Venkataraman,8639626432,vritti.venkataraman981@gmail.com,1973-03-09,Female,Engineer,878,Rai Road,Ville,Ahmedabad,Gujarat,380001,India,BEATL8409H,Pending,2021-09-13 16:42:42,Inactive,Active
Tara Verma,8910670511,tara.verma982@gmail.com,1994-04-11,Female,Marketing Manager,835,Deol Path,Ville,Hyderabad,Telangana,500001,India,QGCKU6356L,Verified,2022-01-16 18:29:44,Active,Active
Utkarsh Bhagat,7568506971,utkarsh.bhagat983@gmail.com,1986-06-11,Male,Software Engineer,99,Cheema Zila,Ville,Kolkata,West Bengal,700001,India,SWDWF8029A,Verified,2025-09-21 16:48:13,Active,Active
Girik Acharya,6961760201,girik.acharya984@gmail.com,1972-12-07,Male,Bank Employee,813,Joshi Zila,Ville,Patna,Bihar,800001,India,LEWVC1701S,Rejected,2023-06-14 15:26:06,Active,Active
Januja Kothari,8960889515,januja.kothari985@gmail.com,1998-06-25,Female,Self Employed,379,Shenoy Street,Ville,Sitapur,Uttar Pradesh,261001,India,CRIXU0339P,Rejected,2025-11-19 03:08:19,Active,Blocked
Chaman Shukla,6931238333,chaman.shukla986@gmail.com,1981-11-03,Female,Lawyer,254,Loyal Chowk,Ville,Delhi,Delhi,110001,India,LHMZV7344W,Verified,2022-05-21 18:07:39,Active,Active
Robert Seth,9907959262,robert.seth987@gmail.com,2002-11-21,Male,Business Owner,815,Suresh Chowk,Ville,Delhi,Delhi,110001,India,NCDKB4262S,Verified,2026-05-24 04:58:04,Active,Active
Udarsh Ganesh,6855516498,udarsh.ganesh988@gmail.com,1994-05-09,Male,Software Engineer,805,Oza,Ville,Patna,Bihar,800001,India,IQMYP0413D,Verified,2022-11-19 23:18:14,Active,Active
Forum Sibal,7923508071,forum.sibal989@gmail.com,1993-03-14,Female,Engineer,229,Nadig Road,Ville,Chennai,Tamil Nadu,600001,India,IPVBY2338S,Verified,2025-12-15 22:33:40,Active,Active
Harini Bhakta,9740915886,harini.bhakta990@gmail.com,1995-03-12,Female,Marketing Manager,419,Gill Road,Ville,Pune,Maharashtra,411001,India,EUBWI5202B,Verified,2023-09-06 12:36:44,Active,Active
Nilima D’Alia,8537810967,nilima.d’alia991@gmail.com,1971-06-20,Female,Accountant,476,Bhandari Zila,Ville,Lucknow,Uttar Pradesh,226001,India,WFYVP0485Z,Verified,2022-05-13 01:45:30,Active,Active
Akshay Lall,7387979075,akshay.lall992@gmail.com,2001-08-20,Male,Self Employed,176,Basu Zila,Ville,Lucknow,Uttar Pradesh,226001,India,VDQLX2912D,Rejected,2026-02-04 06:25:34,Blocked,Blocked
Oeshi Palan,7874823826,oeshi.palan993@gmail.com,1988-09-02,Female,Doctor,824,Iyengar Chowk,Ville,Patna,Bihar,800001,India,RFDMH0183R,Verified,2024-08-16 20:38:18,Active,Active
Balendra Talwar,8413827742,balendra.talwar994@gmail.com,1970-08-30,Male,Accountant,98,Bassi,Ville,Lucknow,Uttar Pradesh,226001,India,GFRZZ4708G,Verified,2024-07-31 22:48:24,Inactive,Active
Chatura Deshpande,8385651768,chatura.deshpande995@gmail.com,1989-11-04,Other,Self Employed,3,Mital Road,Ville,Kota,Rajasthan,324001,India,REVZK2122Q,Verified,2026-05-30 06:41:17,Active,Active
Abeer Ramakrishnan,8174222034,abeer.ramakrishnan996@gmail.com,1989-12-29,Male,Self Employed,609,Hora Nagar,Ville,Kanpur,Uttar Pradesh,208001,India,MRLWV4084S,Verified,2026-08-04 16:49:21,Active,Active
Anthony Deol,8845362567,anthony.deol997@gmail.com,1985-02-27,Other,Accountant,337,Pant Chowk,Ville,Lucknow,Uttar Pradesh,226001,India,HIWGU9289C,Verified,2023-09-18 17:30:03,Active,Active
Ayushman Ramachandran,8584161041,ayushman.ramachandran998@gmail.com,1982-01-19,Male,Lawyer,601,Chhabra Zila,Ville,Lucknow,Uttar Pradesh,226001,India,HJQWS9959N,Verified,2025-02-03 22:11:03,Active,Active
Dhruv Desai,8471470824,dhruv.desai999@gmail.com,1991-11-24,Male,Doctor,987,Golla,Ville,Patna,Bihar,800001,India,QSWIW2466X,Verified,2026-07-13 23:36:34,Inactive,Active
