customer_id,beneficiary_name,nickname,account_number,ifsc_code,bank_name,account_type,beneficiary_mobile_number,beneficiary_email,upi_id,beneficiary_status,is_verified,added_on,verified_at,added_via
998,Chavvi Dada,Business,1240247548798866,INDB0520619,IDFC First Bank,Savings,5061481749,,chavvidada3948@okaxis,Active,1,2026-07-11 22:23:22,2026-07-14 04:16:22,Internet Banking
84,Kashvi Pillay,Dad,3711838464235417,PUNB0361117,Union Bank of India,Savings,0532980295,kashvi.pillay581@example.com,kashvipillay9783@ybl,Active,1,2024-09-10 14:14:44,2024-09-13 16:23:44,Internet Banking
148,Xavier Sem,Brother,3763851999439629,ICIC0378164,Yes Bank,Current,7950012470,xavier.sem247@example.com,,Inactive,1,2026-02-26 13:38:41,2026-03-01 02:54:41,Mobile App
398,Aahana Mallick,,8146964229602349,YESB0067726,Bank of Baroda,Savings,2936042161,aahana.mallick737@example.com,,Active,1,2025-08-26 02:51:42,2025-08-29 21:39:42,Internet Banking
291,Qarin Shan,Office,4633240672740934,PUNB0039315,Axis Bank,Savings,5853421644,qarin.shan399@example.com,,Active,1,2026-06-28 03:33:58,2026-06-29 13:09:58,Mobile App
955,Jairaj Manda,Vendor,2241332895173519,ICIC0327499,ICICI Bank,Savings,2405340998,jairaj.manda575@example.com,jairajmanda5696@okicici,Active,1,2024-03-11 18:32:39,2024-03-13 22:42:39,Mobile App
938,Bina Dhaliwal,Mom,5544139984683607,BARB0188501,Bank of Baroda,Savings,3474436197,,binadhaliwal3140@okicici,Active,1,2025-09-17 18:30:03,2025-09-23 01:45:03,Mobile App
244,Yashawini Pandey,Vendor,3958686942116923,CNRB0010980,Canara Bank,Savings,,yashawini.pandey881@example.com,,Active,1,2025-06-27 03:04:58,2025-07-01 06:52:58,Mobile App
220,Pranit Handa,Sister,4724406516993416,SBIN0566078,IndusInd Bank,Savings,0492732483,pranit.handa825@example.com,pranithanda2062@okhdfcbank,Active,1,2024-12-03 13:05:17,2024-12-07 14:53:17,Internet Banking
102,Harinakshi Rana,Mom,6793805298095382,UTIB0599024,Canara Bank,Current,,harinakshi.rana643@example.com,harinakshirana6070@paytm,Active,1,2024-06-23 07:33:31,2024-06-28 23:55:31,Mobile App
607,Nitara Dani,,662075182817809,UTIB0253016,Union Bank of India,Savings,0547122122,nitara.dani53@example.com,nitaradani3063@okicici,Active,1,2025-08-24 23:29:59,2025-08-31 10:07:59,Mobile App
931,Kamya Bhasin,,642309565678872,KKBK0575344,Union Bank of India,Savings,9008245894,kamya.bhasin430@example.com,kamyabhasin1939@okicici,Active,1,2025-10-09 17:12:41,2025-10-10 07:15:41,Mobile App
631,Jairaj Jain,Home,3858235021469155,BARB0061647,HDFC Bank,Savings,1939868679,jairaj.jain755@example.com,jairajjain9690@ybl,Active,1,2025-10-04 09:35:18,2025-10-07 14:26:18,Mobile App
688,Owen Chakraborty,,2289159060098195,SBIN0933518,Canara Bank,Savings,9071334775,owen.chakraborty866@example.com,,Active,1,2025-11-06 16:04:14,2025-11-06 20:01:14,Internet Banking
416,Frado Ranganathan,Dad,8588592554815201,ICIC0834018,IDFC First Bank,Savings,9853767777,frado.ranganathan728@example.com,fradoranganathan4548@okicici,Active,1,2024-03-09 04:37:45,2024-03-12 20:55:45,Branch
433,Edhitha Hayre,,4841200202550797,INDB0364677,HDFC Bank,Savings,8490933762,edhitha.hayre286@example.com,edhithahayre2486@okicici,Active,1,2024-10-26 18:20:47,2024-10-31 04:11:47,Mobile App
446,Lajita Radhakrishnan,Dad,7275864868609953,YESB0126878,Bank of Baroda,Current,4414504835,lajita.radhakrishnan981@example.com,,Active,1,2024-08-09 18:37:51,2024-08-14 08:24:51,Internet Banking
769,Chameli Arora,Personal,2787959982457978,INDB0600773,Punjab National Bank,Savings,6366554541,chameli.arora616@example.com,chameliarora7666@okaxis,Active,1,2026-06-20 22:24:34,2026-06-26 13:38:34,Branch
382,Kashvi Anand,,4649742388484852,BARB0359639,IndusInd Bank,Savings,4290975934,kashvi.anand154@example.com,,Active,1,2024-11-29 13:01:47,2024-12-02 02:28:47,Internet Banking
712,Qabil Suresh,,2419212475443490,HDFC0085323,Kotak Mahindra Bank,Savings,2840384883,qabil.suresh832@example.com,qabilsuresh3470@ybl,Active,1,2025-03-26 06:03:45,2025-03-27 12:26:45,Mobile App
18,Jagat Mittal,Personal,1666089831580124,UBIN0502952,Yes Bank,Savings,2774295182,jagat.mittal579@example.com,jagatmittal5242@oksbi,Active,1,2025-02-18 07:32:05,2025-02-22 05:54:05,Internet Banking
845,Chakrika Mishra,Personal,1152646581506530,HDFC0137425,ICICI Bank,Savings,3809877875,chakrika.mishra851@example.com,,Active,1,2024-10-11 15:01:09,2024-10-13 05:54:09,Mobile App
178,Meghana Dar,Mom,9519142003651387,UTIB0950456,Union Bank of India,Savings,6879123693,meghana.dar994@example.com,,Active,1,2024-10-08 02:11:42,2024-10-08 14:03:42,Mobile App
299,Lavanya Gola,,9112743443047341,UTIB0848073,Punjab National Bank,Savings,5828169986,lavanya.gola898@example.com,lavanyagola652@okicici,Active,1,2024-08-19 15:41:37,2024-08-25 04:06:37,Mobile App
223,Aadi Minhas,Dad,3853242313798795,PUNB0025825,IDFC First Bank,Savings,9456829868,aadi.minhas999@example.com,,Active,1,2026-03-09 08:43:11,2026-03-14 03:28:11,Mobile App
817,Rehaan Sharma,Vendor,3301322099416701,BARB0937490,Kotak Mahindra Bank,Savings,,rehaan.sharma160@example.com,,Active,1,2025-06-17 08:48:55,2025-06-22 03:42:55,Mobile App
574,Raghav Ramakrishnan,Business,9363306352001349,HDFC0763110,Canara Bank,Current,2124388999,raghav.ramakrishnan23@example.com,raghavramakrishnan1478@oksbi,Active,1,2026-05-06 21:57:31,2026-05-08 04:06:31,Mobile App
159,Arya Ray,Vendor,7357701761557027,CNRB0604085,State Bank of India,Savings,6593260942,arya.ray341@example.com,,Inactive,0,2024-01-13 13:23:50,,Mobile App
509,Devansh Uppal,Friend,2623790604739353,UTIB0590950,Kotak Mahindra Bank,Savings,7284308883,devansh.uppal320@example.com,devanshuppal1731@okaxis,Active,1,2024-01-27 07:19:25,2024-01-28 17:23:25,Mobile App
400,Quincy Basak,Sister,3285178432545957,YESB0542765,Bank of Baroda,Savings,7571980476,quincy.basak407@example.com,,Inactive,1,2025-07-11 12:58:24,2025-07-15 00:59:24,Mobile App
396,Qabil Ray,Home,2207473925510639,ICIC0175952,State Bank of India,Savings,9665429759,qabil.ray567@example.com,,Active,1,2025-06-12 01:31:20,2025-06-15 23:33:20,Internet Banking
568,Hritik Bera,Business,6983894374731216,BARB0188341,State Bank of India,Current,2453659572,hritik.bera283@example.com,,Active,0,2026-01-07 06:01:20,,Internet Banking
317,Girindra Prakash,Vendor,2905421797606752,INDB0444679,Union Bank of India,Savings,9741474566,girindra.prakash464@example.com,,Active,1,2024-08-06 00:15:06,2024-08-11 09:18:06,Mobile App
763,Bhavna Sheth,Home,6822265187710386,UBIN0687526,Canara Bank,Savings,4919358779,bhavna.sheth859@example.com,bhavnasheth5737@oksbi,Active,1,2024-09-02 00:56:04,2024-09-05 04:51:04,Mobile App
173,Rohan Kala,Personal,9279795818709550,HDFC0270014,ICICI Bank,Current,4628932804,rohan.kala619@example.com,,Active,1,2025-01-16 17:25:00,2025-01-19 19:31:00,Internet Banking
341,Bishakha Shenoy,Business,191582480150027,HDFC0222381,Kotak Mahindra Bank,Savings,2347153430,,bishakhashenoy9342@oksbi,Active,1,2024-05-18 14:19:23,2024-05-23 19:22:23,Mobile App
493,Vasatika Ratti,,7656843452116958,IDFB0508820,Bank of Baroda,Current,6096538400,,,Active,1,2025-01-20 00:41:53,2025-01-20 08:34:53,Internet Banking
671,Leela Chakraborty,Friend,2528109997983917,UBIN0783842,IDFC First Bank,Savings,,,leelachakraborty7017@okicici,Active,1,2025-11-29 14:56:05,2025-12-01 01:42:05,Internet Banking
448,Zaid Atwal,,7546934294209238,INDB0024476,Union Bank of India,Savings,3824772890,zaid.atwal245@example.com,zaidatwal3047@okhdfcbank,Active,0,2025-10-11 11:49:41,,Mobile App
281,Hritik Sampath,Office,9506202127696105,YESB0127535,Union Bank of India,Savings,9166623844,hritik.sampath697@example.com,hritiksampath7038@paytm,Inactive,1,2025-10-20 14:33:39,2025-10-26 04:40:39,Internet Banking
17,Ucchal Sengupta,Personal,7507033343597583,CNRB0102621,Kotak Mahindra Bank,Savings,2426446882,ucchal.sengupta315@example.com,,Active,1,2026-03-31 21:56:48,2026-04-03 22:43:48,Mobile App
144,Janya Varughese,Brother,2964617079716431,KKBK0149663,State Bank of India,Savings,6606421364,,janyavarughese9238@ybl,Active,1,2024-03-11 14:31:36,2024-03-12 04:03:36,Mobile App
102,Ishita Nagi,Vendor,8722584140838803,KKBK0227570,Punjab National Bank,Savings,6555552873,,ishitanagi6852@paytm,Active,1,2025-01-06 05:12:14,2025-01-09 06:20:14,Branch
645,Devika Bhatnagar,Friend,1322756233318625,KKBK0411538,ICICI Bank,Current,3024532932,,,Inactive,1,2025-11-07 21:13:25,2025-11-10 06:58:25,Mobile App
549,Ishani Wadhwa,Personal,7562742960362615,IDFB0665814,Union Bank of India,Savings,3077694161,ishani.wadhwa428@example.com,ishaniwadhwa6605@okicici,Inactive,1,2024-09-28 11:30:31,2024-10-04 11:13:31,Mobile App
637,Pratyush Som,Personal,9374891348861409,HDFC0865581,Bank of Baroda,Savings,4587212726,,pratyushsom7976@paytm,Active,1,2024-11-01 21:43:30,2024-11-07 02:57:30,Mobile App
784,Chanakya Khare,Mom,1015912468624559,UBIN0853538,HDFC Bank,Savings,3076571775,chanakya.khare763@example.com,chanakyakhare8047@ybl,Active,1,2024-09-26 20:41:56,2024-09-28 17:38:56,Internet Banking
775,Siddharth Pandya,,5529406155288370,KKBK0868541,Union Bank of India,Savings,5919106288,siddharth.pandya482@example.com,,Active,1,2024-08-01 01:52:15,2024-08-03 05:01:15,Mobile App
738,Vaishnavi Kashyap,Office,7023906380471470,IDFB0653654,Punjab National Bank,Savings,2756335275,,vaishnavikashyap4173@okicici,Active,1,2026-08-17 10:40:53,2026-08-17 23:59:59,Internet Banking
174,Prisha Zacharia,Home,257169514905982,BARB0507753,State Bank of India,Savings,3546694624,prisha.zacharia253@example.com,,Active,0,2025-09-17 05:48:12,,Mobile App
427,Dalaja Mutti,,4013288353492246,INDB0028074,IDFC First Bank,Savings,8223300344,dalaja.mutti93@example.com,dalajamutti7672@okhdfcbank,Active,1,2026-08-13 01:11:17,2026-08-17 01:32:17,Mobile App
849,Oni Ramaswamy,,1779592197876228,KKBK0122222,Kotak Mahindra Bank,Current,,,oniramaswamy9183@okaxis,Active,0,2026-06-22 06:08:59,,Mobile App
296,Mugdha Karnik,Personal,6118216058822501,HDFC0016591,Punjab National Bank,Savings,3211390074,mugdha.karnik817@example.com,mugdhakarnik7570@paytm,Active,1,2024-04-25 03:00:32,2024-04-28 02:27:32,Mobile App
263,Bimala Nagi,Business,1072394903583274,HDFC0939959,Union Bank of India,Savings,,bimala.nagi339@example.com,,Active,0,2025-04-06 04:41:29,,Internet Banking
753,Zaitra Sekhon,,2298931020647144,SBIN0698702,HDFC Bank,Current,3641619309,zaitra.sekhon872@example.com,,Active,1,2024-04-08 12:47:57,2024-04-10 04:27:57,Mobile App
44,Frederick Edwin,Personal,7661069482618607,INDB0740348,ICICI Bank,Savings,9307070657,frederick.edwin423@example.com,frederickedwin9185@paytm,Active,1,2024-08-23 05:46:47,2024-08-26 23:00:47,Mobile App
875,Chanakya Sinha,Dad,2861451940770960,IDFB0279131,Canara Bank,Savings,8532732713,chanakya.sinha477@example.com,chanakyasinha4371@okaxis,Active,1,2024-07-07 06:12:06,2024-07-13 20:10:06,Mobile App
431,Aarav Lal,Dad,4966365635928492,PUNB0911446,State Bank of India,Savings,3097840617,,,Active,1,2025-10-23 17:29:31,2025-10-30 01:22:31,Mobile App
491,Yagnesh Walia,Vendor,3322634936747039,ICIC0125611,HDFC Bank,Savings,4195707191,yagnesh.walia83@example.com,,Active,1,2024-02-13 16:19:22,2024-02-16 19:15:22,Internet Banking
220,Gopal Krishnamurthy,Mom,1429225623557672,UBIN0044056,Axis Bank,Current,2243137693,,gopalkrishnamurthy117@okicici,Active,1,2026-04-07 12:35:52,2026-04-14 11:12:52,Internet Banking
874,Oscar Amble,Mom,2171737422617338,SBIN0745910,Axis Bank,Savings,2210710244,,oscaramble5295@okaxis,Active,1,2025-03-27 06:06:37,2025-03-29 16:49:37,Mobile App
274,Chandani Bobal,Brother,1924929500252222,CNRB0168042,Yes Bank,Savings,8614205257,chandani.bobal378@example.com,chandanibobal1254@oksbi,Inactive,0,2026-01-03 15:13:44,,Mobile App
124,Zilmil Sharaf,Home,2040226797803673,BARB0526850,Kotak Mahindra Bank,Savings,1564236845,zilmil.sharaf297@example.com,zilmilsharaf9362@okaxis,Active,1,2026-04-16 22:33:50,2026-04-22 05:27:50,Mobile App
236,Samar Suri,Dad,4680946074858778,PUNB0197710,IndusInd Bank,Savings,8886229614,samar.suri139@example.com,samarsuri6978@okhdfcbank,Active,1,2024-07-11 20:55:39,2024-07-16 09:56:39,Internet Banking
951,Ekalinga Mander,Business,7004663923047480,BARB0254388,Bank of Baroda,Savings,7536362365,ekalinga.mander224@example.com,,Active,1,2025-04-10 09:44:02,2025-04-17 03:45:02,Internet Banking
160,Nilima Doctor,Business,2636539641170501,CNRB0891351,Yes Bank,Savings,5047797899,,nilimadoctor598@okhdfcbank,Active,1,2026-06-16 00:10:37,2026-06-21 04:32:37,Mobile App
176,Bina Dutt,,4883777404446989,PUNB0417954,State Bank of India,Savings,7683462684,bina.dutt781@example.com,,Active,1,2024-12-26 20:39:15,2024-12-31 16:05:15,Internet Banking
272,Nihal Kurian,,3807053988927981,ICIC0504135,HDFC Bank,Savings,3306428461,nihal.kurian751@example.com,nihalkurian7707@oksbi,Inactive,0,2025-09-08 01:34:15,,Internet Banking
899,Bimala Kunda,Vendor,6029923421953570,IDFB0274988,Yes Bank,Savings,9673815631,bimala.kunda427@example.com,bimalakunda6317@okhdfcbank,Active,1,2024-11-28 13:50:02,2024-12-02 11:50:02,Mobile App
599,Raagini Ben,Dad,5766750285399147,UBIN0534858,Axis Bank,Savings,2857716853,raagini.ben861@example.com,raaginiben5735@paytm,Active,1,2025-12-06 10:19:57,2025-12-07 19:45:57,Mobile App
339,Lila Reddy,,6649659038699097,PUNB0790579,Yes Bank,Savings,9276725857,,,Active,1,2025-01-24 07:57:16,2025-01-26 19:09:16,Mobile App
317,Sanya Khosla,Sister,1395719501328724,YESB0151532,Canara Bank,Current,1608207486,sanya.khosla639@example.com,,Active,1,2026-05-23 05:10:01,2026-05-23 19:29:01,Branch
989,Kritika Parikh,Dad,1544393729649451,BARB0939859,Bank of Baroda,Savings,8960290549,kritika.parikh518@example.com,kritikaparikh4691@ybl,Active,1,2024-04-11 22:35:15,2024-04-18 19:23:15,Mobile App
332,Baljiwan Arya,,8597684684762322,CNRB0072320,IndusInd Bank,Savings,3094855572,,baljiwanarya4917@ybl,Blocked,1,2026-05-05 23:16:56,2026-05-09 00:04:56,Mobile App
524,Faqid Guha,Home,3220198901741615,IDFB0733031,Punjab National Bank,Savings,,faqid.guha581@example.com,faqidguha7959@ybl,Inactive,0,2024-03-16 01:06:57,,Internet Banking
14,Gautami Mohan,Friend,3618272363771691,SBIN0559504,IndusInd Bank,Savings,0349553498,,,Active,1,2024-04-28 13:07:42,2024-05-03 22:39:42,Internet Banking
943,Upma Dhingra,Dad,6749319831022623,UTIB0628727,HDFC Bank,Savings,8687058818,upma.dhingra319@example.com,upmadhingra581@oksbi,Active,1,2026-04-13 11:42:27,2026-04-19 05:52:27,Internet Banking
43,Upkaar Joshi,Business,7623778798987393,UTIB0772062,Bank of Baroda,Current,8760178278,upkaar.joshi610@example.com,,Active,1,2024-11-16 07:28:28,2024-11-17 17:12:28,Mobile App
402,Ikbal Pandit,,7829343212353075,BARB0629697,Union Bank of India,Current,5268360121,ikbal.pandit861@example.com,,Active,0,2025-10-26 10:39:58,,Mobile App
770,Liam Sabharwal,,5726426165138552,UTIB0990425,Union Bank of India,Savings,7818130669,liam.sabharwal490@example.com,liamsabharwal3039@ybl,Active,1,2026-07-01 09:17:50,2026-07-04 10:37:50,Mobile App
712,Sanya Nanda,Dad,4535943067799818,YESB0212467,Kotak Mahindra Bank,Savings,9501018404,sanya.nanda467@example.com,sanyananda9637@okhdfcbank,Active,1,2024-12-24 14:54:01,2024-12-29 13:46:01,Mobile App
934,Om Narula,,1642107051263210,CNRB0201720,Axis Bank,Savings,1902333587,om.narula229@example.com,omnarula7375@paytm,Inactive,1,2024-08-03 21:50:25,2024-08-06 06:31:25,Internet Banking
786,Gabriel Chahal,Personal,6880278434527868,IDFB0530187,State Bank of India,Savings,7956710440,gabriel.chahal575@example.com,,Inactive,0,2026-02-25 11:37:38,,Internet Banking
257,Ekbal Gulati,,4618512081328803,KKBK0315404,Bank of Baroda,Savings,6494962118,ekbal.gulati502@example.com,,Active,1,2025-02-02 23:52:42,2025-02-09 13:28:42,Mobile App
527,Unnati Parikh,Personal,2492972802546424,CNRB0603880,Canara Bank,Current,2864680378,unnati.parikh226@example.com,unnatiparikh4659@oksbi,Active,1,2024-07-17 03:44:54,2024-07-22 19:39:54,Mobile App
608,Chandresh Gour,Vendor,6796651381005103,UTIB0104359,Axis Bank,Savings,5267961310,chandresh.gour160@example.com,chandreshgour9267@oksbi,Active,1,2025-05-20 22:34:31,2025-05-24 14:01:31,Mobile App
48,Dayita Barad,,4969626421713646,UTIB0074031,IndusInd Bank,Savings,8704190408,dayita.barad31@example.com,,Active,1,2025-09-14 07:52:53,2025-09-16 08:32:53,Internet Banking
108,Shivansh Contractor,Vendor,1830791454864864,INDB0232031,IndusInd Bank,Savings,9675578627,shivansh.contractor100@example.com,shivanshcontractor1900@okicici,Active,0,2026-04-07 10:24:05,,Mobile App
588,Oni Bail,Personal,4772933477063580,BARB0004682,IDFC First Bank,Savings,7025477051,,,Active,1,2024-07-23 23:06:33,2024-07-26 15:05:33,Mobile App
457,Ekanta Sinha,Office,8179277972580229,YESB0645874,Bank of Baroda,Savings,,,ekantasinha4941@ybl,Blocked,1,2024-07-13 08:24:34,2024-07-17 07:40:34,Mobile App
636,Wahab Buch,Office,7329178825959013,UBIN0796326,Punjab National Bank,Savings,,wahab.buch363@example.com,,Inactive,0,2025-01-29 18:06:30,,Internet Banking
423,Chandresh Dar,Office,2954725579749004,CNRB0267528,Yes Bank,Savings,2587155207,,chandreshdar1334@ybl,Active,0,2024-02-11 19:04:53,,Mobile App
752,Kritika Dugal,Business,8330598921281879,INDB0345385,Canara Bank,Savings,7130272261,,kritikadugal9751@okicici,Active,1,2025-09-13 03:38:18,2025-09-13 18:43:18,Mobile App
966,Yauvani Minhas,,814599256447647,INDB0066974,HDFC Bank,Savings,6982220858,,,Active,1,2025-08-13 05:16:20,2025-08-17 00:57:20,Mobile App
679,Sara Dey,,9677615731464486,SBIN0210336,Kotak Mahindra Bank,Current,4260760470,sara.dey518@example.com,,Active,1,2026-01-14 10:23:01,2026-01-20 19:15:01,Internet Banking
652,Meghana Desai,,2110526461842693,HDFC0480217,Axis Bank,Savings,,meghana.desai906@example.com,meghanadesai5114@okhdfcbank,Active,1,2025-08-27 20:22:43,2025-08-28 19:42:43,Mobile App
171,Rishi Parsa,Brother,4391698130131725,BARB0767204,Yes Bank,Savings,4864326726,,,Active,1,2026-05-29 12:16:21,2026-06-04 15:25:21,Internet Banking
640,Netra Bobal,Friend,4287346147233769,IDFB0674513,ICICI Bank,Savings,3612471880,netra.bobal321@example.com,,Active,1,2025-08-09 06:57:58,2025-08-15 09:42:58,Internet Banking
789,Xalak Sastry,,325500575869507,ICIC0617962,IDFC First Bank,Savings,1917634356,xalak.sastry597@example.com,xalaksastry7259@okaxis,Active,1,2024-10-29 15:53:50,2024-11-02 14:17:50,Branch
741,Aadi Sidhu,Friend,7448139284352962,SBIN0091631,Kotak Mahindra Bank,Current,0904596697,,aadisidhu3401@okhdfcbank,Active,0,2024-02-07 22:59:46,,Internet Banking
169,Ansh More,,7193645019516657,UBIN0521433,Bank of Baroda,Savings,8855232697,ansh.more472@example.com,anshmore3815@okaxis,Active,1,2024-12-10 05:15:45,2024-12-13 05:27:45,Mobile App
118,Chasmum Dave,,7726829333342976,HDFC0679086,Axis Bank,Savings,0032808329,chasmum.dave690@example.com,chasmumdave2271@okhdfcbank,Inactive,0,2026-02-23 14:00:40,,Internet Banking
739,Ranveer Guha,Sister,2240901312533099,IDFB0728226,Kotak Mahindra Bank,Current,6526720204,ranveer.guha377@example.com,,Active,1,2025-02-05 07:51:14,2025-02-12 07:42:14,Branch
808,Vanya Rama,Office,4311654690347291,IDFB0735736,Union Bank of India,Savings,0671561390,vanya.rama693@example.com,vanyarama6211@oksbi,Active,1,2025-01-29 03:18:02,2025-01-30 20:30:02,Branch
384,Robert Mitter,Vendor,9384127712319351,BARB0053691,Punjab National Bank,Savings,,robert.mitter494@example.com,,Active,1,2024-01-10 20:02:24,2024-01-16 11:31:24,Mobile App
439,Jalsa Chander,Vendor,2946563484908861,IDFB0293955,IndusInd Bank,Savings,7266031561,jalsa.chander63@example.com,,Inactive,0,2025-09-30 17:35:48,,Mobile App
851,Nathan Varughese,Home,5522031930825624,SBIN0988701,Yes Bank,Current,4204047364,nathan.varughese900@example.com,,Active,1,2026-06-15 16:47:53,2026-06-22 11:45:53,Mobile App
123,Urmi Tak,,7342831210077487,BARB0404049,Bank of Baroda,Savings,1680882272,urmi.tak304@example.com,urmitak32@ybl,Active,1,2026-08-06 17:51:20,2026-08-09 09:38:20,Mobile App
914,Kabir Toor,Business,5626824787963846,IDFB0717111,Axis Bank,Savings,1165303995,kabir.toor933@example.com,kabirtoor4838@okaxis,Active,1,2024-04-04 12:52:25,2024-04-10 05:32:25,Branch
979,Balhaar Patil,Mom,3232807997078260,INDB0484370,Kotak Mahindra Bank,Savings,2598891300,balhaar.patil363@example.com,,Blocked,1,2025-06-21 11:49:05,2025-06-28 03:43:05,Internet Banking
842,Yashasvi Khatri,Brother,7801701157018166,KKBK0496135,ICICI Bank,Savings,2899309337,yashasvi.khatri726@example.com,yashasvikhatri6388@paytm,Active,1,2024-08-24 02:35:10,2024-08-26 05:40:10,Mobile App
580,Qasim Narula,Friend,8219389253287885,KKBK0866663,Kotak Mahindra Bank,Savings,7452131916,qasim.narula573@example.com,,Active,1,2025-05-18 21:57:55,2025-05-18 22:29:55,Mobile App
147,Hamsini Bhakta,Dad,9906857565723546,UBIN0551618,Axis Bank,Savings,4165026608,,hamsinibhakta6149@oksbi,Active,1,2024-10-15 16:43:24,2024-10-16 23:06:24,Internet Banking
613,Yug Choudhury,Sister,5327460118149341,IDFB0911609,Union Bank of India,Savings,2204270135,yug.choudhury792@example.com,yugchoudhury6402@oksbi,Active,1,2026-07-06 11:46:04,2026-07-13 00:00:04,Mobile App
347,Vasatika Arora,Home,7450955162238414,YESB0798027,Bank of Baroda,Savings,4989952670,vasatika.arora271@example.com,vasatikaarora6888@oksbi,Active,1,2026-02-11 19:19:04,2026-02-17 23:21:04,Internet Banking
437,Jagat Sarma,Vendor,7233581338217795,YESB0770892,IndusInd Bank,Savings,3376707549,jagat.sarma545@example.com,,Active,1,2024-05-01 10:11:53,2024-05-02 08:59:53,Mobile App
178,Idika Sanghvi,Business,7460733593914407,BARB0496329,IndusInd Bank,Savings,,idika.sanghvi346@example.com,,Active,1,2024-02-29 19:19:59,2024-03-06 17:28:59,Mobile App
63,Neha Sengupta,Office,6592818512649369,ICIC0846189,Punjab National Bank,Savings,,neha.sengupta472@example.com,nehasengupta4749@ybl,Active,1,2026-02-26 05:57:15,2026-02-28 09:21:15,Branch
192,Joshua Dube,Personal,4244290879273819,SBIN0239022,State Bank of India,Savings,6471791487,,joshuadube4662@okhdfcbank,Active,1,2025-06-26 13:42:52,2025-06-26 14:14:52,Mobile App
710,Saanvi Dada,Brother,7274875009923102,KKBK0495781,Kotak Mahindra Bank,Savings,,saanvi.dada229@example.com,saanvidada8230@paytm,Active,0,2026-06-28 03:16:18,,Mobile App
606,Lucky Palan,,6318646947260145,UBIN0699144,IndusInd Bank,Savings,,lucky.palan305@example.com,luckypalan5467@ybl,Active,1,2026-04-09 17:00:48,2026-04-13 20:55:48,Mobile App
3,Chandran Majumdar,,2073936591841508,IDFB0865014,Canara Bank,Savings,4006043836,chandran.majumdar347@example.com,chandranmajumdar4559@okaxis,Active,1,2024-04-29 19:58:04,2024-05-04 00:18:04,Internet Banking
450,Elijah Kurian,,8206406879782810,INDB0946258,Yes Bank,Current,9733002873,elijah.kurian993@example.com,elijahkurian5961@oksbi,Active,0,2024-04-09 08:01:36,,Mobile App
9,Chatresh Issac,Sister,6226511227739923,BARB0570658,Axis Bank,Savings,0326210954,chatresh.issac585@example.com,,Blocked,1,2026-04-24 07:42:24,2026-04-26 18:06:24,Mobile App
493,Hiral Mann,,8300698023209772,INDB0957012,IndusInd Bank,Savings,3872219605,hiral.mann245@example.com,hiralmann683@okicici,Active,1,2024-01-04 05:10:39,2024-01-09 18:31:39,Mobile App
244,Andrew Agate,,3420870041575587,BARB0722468,Punjab National Bank,Savings,9252163195,,andrewagate4955@paytm,Active,1,2024-09-16 06:38:12,2024-09-23 03:18:12,Mobile App
965,Bina Bansal,Dad,7654171176798609,IDFB0237945,IndusInd Bank,Savings,,bina.bansal696@example.com,binabansal4273@ybl,Active,1,2026-02-21 20:40:33,2026-02-25 23:13:33,Internet Banking
401,Eshana Srinivas,Friend,6525698091944646,HDFC0595409,Kotak Mahindra Bank,Savings,6941947282,eshana.srinivas683@example.com,eshanasrinivas975@ybl,Inactive,0,2025-05-04 22:29:06,,Mobile App
299,Girindra Din,Personal,3747196699267302,IDFB0367725,Axis Bank,Savings,6625745934,girindra.din65@example.com,girindradin585@okicici,Active,0,2024-02-11 17:41:43,,Internet Banking
392,Champak Dey,,5779889292859537,CNRB0286193,IDFC First Bank,Savings,1178276697,champak.dey191@example.com,,Active,1,2025-12-02 06:22:28,2025-12-04 21:23:28,Internet Banking
431,Ekaja Devi,Office,5161882434045462,IDFB0605718,ICICI Bank,Savings,0657518146,ekaja.devi303@example.com,ekajadevi1282@oksbi,Active,1,2024-12-08 23:40:44,2024-12-11 06:54:44,Branch
332,Upma Sachar,Dad,511413156170117,HDFC0910880,State Bank of India,Current,8175731901,upma.sachar161@example.com,,Active,1,2024-04-21 07:05:56,2024-04-26 02:47:56,Branch
174,Aarush Purohit,,3333531735063655,BARB0274149,Canara Bank,Current,0486803102,aarush.purohit773@example.com,,Active,1,2024-10-07 12:36:24,2024-10-10 22:54:24,Internet Banking
511,Ira Prashad,Business,4516819559638822,YESB0630303,ICICI Bank,Savings,7867578883,ira.prashad313@example.com,iraprashad3113@okaxis,Active,1,2024-05-31 13:26:03,2024-06-06 17:41:03,Internet Banking
981,Watika Joshi,,281273141815468,UBIN0186131,IndusInd Bank,Savings,3324982267,watika.joshi805@example.com,,Active,1,2024-11-14 14:55:05,2024-11-18 20:37:05,Internet Banking
47,Ladli Khatri,Business,2263339850191987,UBIN0156268,IDFC First Bank,Savings,9258713810,ladli.khatri472@example.com,,Inactive,0,2026-07-07 07:57:56,,Mobile App
312,Jack Chauhan,,5771334867669906,UTIB0053227,HDFC Bank,Savings,1786499642,jack.chauhan990@example.com,,Active,1,2026-05-12 13:33:57,2026-05-13 05:07:57,Mobile App
184,Mahika Zachariah,,3795378736456242,YESB0136379,Axis Bank,Savings,4973593767,,mahikazachariah9782@ybl,Active,1,2026-03-22 14:44:03,2026-03-23 05:14:03,Internet Banking
169,Rehaan Sami,,2581165479967948,INDB0831208,HDFC Bank,Current,9312546542,rehaan.sami902@example.com,,Active,1,2024-04-06 05:36:00,2024-04-11 22:37:00,Mobile App
280,Ekta Chaudry,Friend,1647634594374816,UTIB0219588,Axis Bank,Savings,3058699952,ekta.chaudry662@example.com,,Active,1,2026-03-17 14:50:47,2026-03-19 23:48:47,Internet Banking
120,Amara Kanda,Brother,526784480955165,BARB0887363,State Bank of India,Savings,0843155276,amara.kanda127@example.com,amarakanda388@okicici,Inactive,1,2025-09-05 03:01:11,2025-09-09 17:17:11,Branch
733,Advik Deshmukh,,2526599797606090,ICIC0217041,Union Bank of India,Savings,2106172192,advik.deshmukh327@example.com,advikdeshmukh3163@okaxis,Inactive,0,2024-07-16 14:30:51,,Internet Banking
198,Veda Din,,2169772965975088,ICIC0171375,Canara Bank,Savings,8068889316,veda.din640@example.com,,Active,1,2024-09-03 19:12:33,2024-09-08 01:37:33,Mobile App
455,Bahadurjit Cheema,Vendor,2918813678346814,YESB0164710,State Bank of India,Savings,4161486941,bahadurjit.cheema49@example.com,bahadurjitcheema6670@ybl,Active,0,2024-06-24 12:09:29,,Internet Banking
567,Radhika Ranganathan,Brother,4816629318187162,SBIN0619164,Canara Bank,Current,,,,Inactive,1,2026-08-07 02:51:28,2026-08-11 11:38:28,Mobile App
378,Oliver Choudhary,,4682807183808623,YESB0028421,Canara Bank,Savings,3900013481,,oliverchoudhary6107@paytm,Blocked,1,2024-07-29 00:28:54,2024-07-31 13:26:54,Internet Banking
882,Girik Mannan,,3376847760572755,SBIN0325110,ICICI Bank,Current,5501857067,girik.mannan656@example.com,girikmannan1422@okhdfcbank,Active,1,2026-04-19 16:46:34,2026-04-21 08:57:34,Internet Banking
938,Michael Mangal,Home,87426741652355,BARB0800681,Axis Bank,Savings,,michael.mangal531@example.com,michaelmangal1770@oksbi,Active,1,2024-02-08 21:22:31,2024-02-13 04:19:31,Mobile App
350,Aarnav Prabhakar,,3983185612562850,SBIN0872019,Axis Bank,Savings,2486237400,aarnav.prabhakar708@example.com,aarnavprabhakar4983@okaxis,Active,1,2024-04-16 02:54:04,2024-04-20 10:32:04,Branch
242,Zehaan Jha,Business,9876090275242724,BARB0746644,Union Bank of India,Savings,4762312703,zehaan.jha812@example.com,,Active,1,2025-10-05 12:17:19,2025-10-08 17:07:19,Mobile App
914,Karan Luthra,Home,921208652271269,ICIC0315155,ICICI Bank,Savings,5163345258,karan.luthra693@example.com,karanluthra8346@okhdfcbank,Active,1,2025-05-14 18:17:53,2025-05-17 01:09:53,Mobile App
412,Falan Ray,,4645884751464321,CNRB0995627,Kotak Mahindra Bank,Current,8190927969,falan.ray62@example.com,,Active,0,2025-05-15 13:32:00,,Branch
663,Kritika Patla,Business,7120076024130920,CNRB0007157,Union Bank of India,Current,9739724792,kritika.patla434@example.com,kritikapatla1651@okhdfcbank,Active,1,2025-10-04 15:30:09,2025-10-11 01:41:09,Mobile App
538,Libni Gole,Office,1196777406705805,CNRB0272545,IndusInd Bank,Savings,7984758939,libni.gole959@example.com,,Inactive,0,2024-02-07 12:57:53,,Mobile App
31,Keya Sengupta,Friend,9361497368562413,YESB0405103,Kotak Mahindra Bank,Savings,,keya.sengupta719@example.com,keyasengupta1811@okhdfcbank,Active,1,2025-04-28 02:02:28,2025-04-29 10:40:28,Mobile App
385,Krishna Sarna,Personal,80511307607438,PUNB0093993,ICICI Bank,Savings,8307426587,krishna.sarna477@example.com,,Active,1,2025-04-30 23:47:20,2025-05-01 01:53:20,Mobile App
519,Lakshit Borde,,3465976052012014,KKBK0334244,Kotak Mahindra Bank,Savings,7493016400,lakshit.borde331@example.com,lakshitborde3118@okhdfcbank,Active,1,2024-06-02 08:20:24,2024-06-02 14:03:24,Internet Banking
418,Ishaan Desai,Brother,3536122994394139,IDFB0416036,Yes Bank,Savings,7765600296,ishaan.desai241@example.com,ishaandesai2000@oksbi,Active,1,2024-04-10 04:36:11,2024-04-13 13:08:11,Internet Banking
881,Brijesh Devan,,4911187505941871,BARB0935321,Punjab National Bank,Current,,brijesh.devan563@example.com,,Inactive,1,2024-08-19 17:37:34,2024-08-24 20:29:34,Branch
101,Jackson Bail,,8244159711643338,YESB0917195,Canara Bank,Savings,6583086354,,,Active,1,2024-09-23 11:58:16,2024-09-25 00:56:16,Mobile App
242,Yug Patel,,4679715639952353,CNRB0263727,HDFC Bank,Savings,6245873972,yug.patel871@example.com,yugpatel5039@okicici,Active,0,2024-05-14 07:29:41,,Internet Banking
421,Yahvi Banerjee,Vendor,8841915814854245,YESB0807046,State Bank of India,Savings,7793258759,yahvi.banerjee734@example.com,,Inactive,0,2024-09-02 20:10:41,,Mobile App
586,Osha Lata,Dad,4450828070381704,KKBK0042519,Canara Bank,Savings,7935105957,osha.lata457@example.com,,Inactive,1,2026-07-16 08:23:24,2026-07-18 08:21:24,Mobile App
818,Benjamin Magar,Personal,637918227065681,BARB0926150,IndusInd Bank,Savings,0436794179,,benjaminmagar8088@okhdfcbank,Active,1,2026-04-27 08:59:35,2026-04-29 06:46:35,Mobile App
42,Nidra Khurana,Home,2865119873246818,BARB0228666,Canara Bank,Savings,6695281164,nidra.khurana254@example.com,nidrakhurana7571@okhdfcbank,Active,1,2025-02-24 00:37:18,2025-03-01 09:48:18,Branch
597,Nirja Chakrabarti,Sister,195527861224881,HDFC0935820,HDFC Bank,Savings,4549704426,nirja.chakrabarti755@example.com,,Active,1,2025-03-13 00:04:07,2025-03-18 17:33:07,Branch
57,Manya Sha,,5462937747697567,UBIN0107574,ICICI Bank,Savings,3068773330,,,Active,1,2024-01-13 08:29:55,2024-01-18 11:18:55,Internet Banking
822,Kavya Kota,,4291941555853377,BARB0449954,Bank of Baroda,Savings,8275033109,kavya.kota648@example.com,,Active,1,2026-07-13 22:34:19,2026-07-14 10:04:19,Mobile App
21,Daksha Kalita,Mom,3814924885709520,UTIB0486563,Kotak Mahindra Bank,Savings,6921099088,daksha.kalita360@example.com,dakshakalita8634@okaxis,Active,1,2024-08-30 06:57:11,2024-08-30 08:24:11,Mobile App
716,Jeet Guha,Home,7202072180796093,UBIN0454617,IndusInd Bank,Savings,7233575164,jeet.guha157@example.com,jeetguha883@paytm,Active,1,2024-04-02 16:59:51,2024-04-08 19:07:51,Mobile App
906,Dominic Vala,Home,5310207605503863,IDFB0096172,Punjab National Bank,Current,6095975799,,dominicvala9631@okicici,Active,1,2025-09-15 19:10:45,2025-09-15 21:04:45,Mobile App
874,Ekapad Das,Personal,930123138253597,IDFB0098066,Axis Bank,Savings,9753183060,ekapad.das38@example.com,,Active,1,2024-04-20 00:42:34,2024-04-26 06:15:34,Internet Banking
681,Azaan Madan,Business,786969022651333,UBIN0480862,IndusInd Bank,Savings,3862182081,azaan.madan862@example.com,azaanmadan4075@okaxis,Inactive,0,2025-08-09 09:38:48,,Internet Banking
518,Vedant Narain,Brother,2311218069203837,UBIN0144995,Kotak Mahindra Bank,Savings,7360107102,vedant.narain827@example.com,,Active,1,2026-06-01 08:40:19,2026-06-05 18:47:19,Mobile App
485,Vyanjana Dixit,Friend,2616689401948624,PUNB0422163,State Bank of India,Savings,0983539758,vyanjana.dixit511@example.com,vyanjanadixit62@ybl,Blocked,1,2025-11-19 03:22:38,2025-11-20 16:37:38,Mobile App
714,Kritika Master,Office,2253396925562588,CNRB0359818,Canara Bank,Current,4776675215,kritika.master504@example.com,kritikamaster9132@paytm,Active,1,2024-09-07 17:21:49,2024-09-11 04:30:49,Mobile App
444,Krish Edwin,,8113022133902098,UBIN0849007,HDFC Bank,Savings,,krish.edwin149@example.com,krishedwin2929@oksbi,Active,1,2026-05-25 13:52:35,2026-05-29 10:31:35,Internet Banking
724,Pranav Walia,,5570831381394305,SBIN0086558,Punjab National Bank,Savings,6458318996,,pranavwalia8081@okicici,Active,1,2026-03-30 07:40:54,2026-04-05 15:04:54,Mobile App
473,Elijah Ganguly,Business,9985699719781187,UBIN0611053,Bank of Baroda,Current,,elijah.ganguly351@example.com,elijahganguly2807@ybl,Inactive,1,2024-06-07 20:37:10,2024-06-14 18:57:10,Mobile App
554,Ishita Wadhwa,Sister,4533717612579387,ICIC0840177,Canara Bank,Current,2593901062,ishita.wadhwa84@example.com,,Active,1,2026-01-28 11:09:40,2026-02-03 04:33:40,Mobile App
861,Ucchal Mitra,,5763943574667367,UBIN0080124,IndusInd Bank,Current,4412265952,,ucchalmitra7950@okicici,Active,0,2026-05-01 20:34:16,,Mobile App
889,Vivaan Som,Sister,7880181351514676,SBIN0016197,Kotak Mahindra Bank,Current,,vivaan.som203@example.com,vivaansom7296@okaxis,Active,0,2024-03-24 10:11:09,,Internet Banking
375,Veda Aggarwal,Business,9685181788090591,UBIN0419541,Punjab National Bank,Savings,8684872542,,vedaaggarwal3833@oksbi,Active,1,2025-02-16 21:16:18,2025-02-23 03:39:18,Mobile App
659,Anya Natt,Business,4969174784187844,BARB0777915,Union Bank of India,Current,8023893124,anya.natt670@example.com,anyanatt8371@okicici,Inactive,1,2024-01-17 02:09:01,2024-01-21 16:14:01,Internet Banking
351,Rohan Chhabra,,7693487730762044,ICIC0297555,Yes Bank,Savings,7892403789,,rohanchhabra6326@okaxis,Blocked,1,2024-02-10 13:19:22,2024-02-12 15:11:22,Mobile App
24,Ethan Yohannan,Vendor,2192828776266472,ICIC0402436,Canara Bank,Savings,5058485935,ethan.yohannan520@example.com,,Active,1,2026-05-21 04:30:02,2026-05-26 02:30:02,Internet Banking
385,Baghyawati Luthra,Sister,4578957952834819,IDFB0638595,Union Bank of India,Current,6144878243,baghyawati.luthra126@example.com,baghyawatiluthra4395@okhdfcbank,Active,1,2024-06-01 18:46:21,2024-06-03 14:12:21,Mobile App
465,Indrajit Bhat,Business,6236082352081207,INDB0675537,Kotak Mahindra Bank,Savings,5756207767,indrajit.bhat143@example.com,,Active,1,2025-05-01 12:26:01,2025-05-07 22:31:01,Branch
865,Thomas Chaudhry,Personal,6183954346614506,IDFB0927218,Yes Bank,Savings,5375528533,thomas.chaudhry256@example.com,thomaschaudhry6534@oksbi,Inactive,0,2025-04-28 17:51:01,,Mobile App
576,Omaja Kala,Mom,2816725452137024,CNRB0751735,Punjab National Bank,Savings,0255113841,omaja.kala822@example.com,omajakala9382@okhdfcbank,Active,1,2026-03-15 20:17:40,2026-03-18 16:32:40,Branch
423,Anita Kala,,6527689464184007,UTIB0973657,Punjab National Bank,Savings,7005805784,anita.kala435@example.com,,Blocked,1,2025-07-05 05:37:06,2025-07-12 01:32:06,Internet Banking
757,Aadhya Sehgal,,2398075473292378,SBIN0342851,HDFC Bank,Savings,5849450460,aadhya.sehgal957@example.com,aadhyasehgal5285@ybl,Inactive,1,2025-07-19 20:06:24,2025-07-26 19:42:24,Mobile App
412,Panini Keer,,7810259857394527,BARB0595125,Bank of Baroda,Savings,5996824300,,,Active,1,2024-06-12 14:59:12,2024-06-19 11:00:12,Mobile App
781,Bina Ganesan,,8923927941061972,BARB0138878,Axis Bank,Savings,4369074317,bina.ganesan579@example.com,binaganesan1230@okicici,Active,0,2024-04-03 12:28:38,,Branch
251,Ranveer Deshmukh,Dad,9354230118710017,INDB0245702,State Bank of India,Savings,8545268056,ranveer.deshmukh93@example.com,,Inactive,1,2026-07-26 17:39:49,2026-07-28 06:05:49,Internet Banking
125,Chaaya Bhatia,Dad,564387838147625,KKBK0840002,Canara Bank,Savings,2292387076,chaaya.bhatia108@example.com,chaayabhatia3880@paytm,Active,1,2025-03-25 12:49:44,2025-03-26 10:05:44,Internet Banking
979,Tara Jayaraman,Personal,5842741306498194,YESB0405950,HDFC Bank,Savings,6823133609,,tarajayaraman4553@okicici,Active,1,2024-12-19 20:30:32,2024-12-26 02:54:32,Branch
584,Agastya Tiwari,Vendor,2744809631076923,BARB0273016,IndusInd Bank,Savings,6370605552,agastya.tiwari682@example.com,agastyatiwari6188@okicici,Inactive,0,2026-06-28 16:45:59,,Mobile App
307,Anthony Dhaliwal,Business,2884402217517482,UBIN0527496,Axis Bank,Savings,5892081232,anthony.dhaliwal39@example.com,anthonydhaliwal2392@okaxis,Active,1,2024-01-12 07:33:37,2024-01-16 15:32:37,Mobile App
682,Anay Arora,Friend,644207148484707,ICIC0637430,IDFC First Bank,Savings,0050915082,anay.arora686@example.com,anayarora4581@ybl,Active,1,2025-07-29 19:42:15,2025-08-02 23:08:15,Mobile App
947,Nidra Biswas,,8136630982060611,SBIN0525182,ICICI Bank,Current,0917627254,nidra.biswas791@example.com,nidrabiswas4420@okicici,Active,1,2026-06-06 03:25:14,2026-06-09 01:47:14,Internet Banking
958,Qarin Dua,Home,3064927588318825,YESB0836761,State Bank of India,Savings,5227080622,qarin.dua859@example.com,qarindua1802@okhdfcbank,Active,1,2025-07-09 23:33:22,2025-07-13 14:36:22,Mobile App
564,Ucchal Kannan,,7920991127539398,BARB0510162,IndusInd Bank,Savings,6349990899,ucchal.kannan555@example.com,ucchalkannan3824@ybl,Inactive,1,2024-04-23 20:11:56,2024-04-27 20:25:56,Internet Banking
331,Gautami Raman,Mom,1210177133391577,CNRB0077063,HDFC Bank,Savings,,gautami.raman315@example.com,,Active,1,2026-03-18 01:46:48,2026-03-24 02:25:48,Mobile App
708,Liam Rai,Brother,917652494653318,PUNB0146212,HDFC Bank,Current,6524461319,,,Active,1,2024-02-23 02:16:14,2024-02-24 02:45:14,Mobile App
619,Sarthak Bir,Office,7517181803645509,INDB0722277,Bank of Baroda,Savings,6880101835,sarthak.bir896@example.com,sarthakbir704@okhdfcbank,Active,1,2025-02-25 08:53:31,2025-03-01 18:37:31,Internet Banking
49,Alexander Datta,,4626507335561256,INDB0350344,Axis Bank,Current,8784431662,alexander.datta980@example.com,,Inactive,0,2024-04-26 17:33:56,,Internet Banking
706,Chandresh Chatterjee,Mom,4712922970079895,YESB0080861,Axis Bank,Savings,1667872449,chandresh.chatterjee883@example.com,chandreshchatterjee9538@oksbi,Active,0,2024-05-27 10:41:07,,Internet Banking
426,Raghav Srivastava,,5655714860922519,PUNB0198787,IDFC First Bank,Savings,5227093756,raghav.srivastava407@example.com,raghavsrivastava6634@okhdfcbank,Active,1,2025-10-09 22:44:13,2025-10-12 07:42:13,Mobile App
335,Dalbir Choudhury,Office,2193583049910762,CNRB0478036,Punjab National Bank,Current,7735783907,dalbir.choudhury547@example.com,,Active,0,2025-04-18 03:45:48,,Internet Banking
84,Jai Deshmukh,Business,8308274302567953,INDB0181944,IndusInd Bank,Savings,8072687057,jai.deshmukh589@example.com,,Active,1,2025-11-08 17:59:10,2025-11-09 16:05:10,Mobile App
41,Yashvi Bhatti,,6968935662148833,KKBK0616164,Canara Bank,Current,7158823354,yashvi.bhatti989@example.com,yashvibhatti8784@oksbi,Active,1,2024-04-20 01:25:16,2024-04-22 23:23:16,Internet Banking
808,Zarna Mody,,4258116537676034,BARB0867197,Bank of Baroda,Savings,0411464425,zarna.mody400@example.com,,Active,1,2025-03-30 09:33:31,2025-03-31 09:34:31,Mobile App
544,Omisha Brahmbhatt,Dad,4926788917411047,CNRB0051450,Canara Bank,Savings,9572112513,omisha.brahmbhatt725@example.com,,Active,1,2024-03-23 14:15:54,2024-03-29 17:04:54,Mobile App
746,Varenya Sethi,Home,7509590807207106,UBIN0997660,Punjab National Bank,Savings,,varenya.sethi243@example.com,varenyasethi299@okicici,Active,1,2024-06-30 05:44:08,2024-07-02 16:42:08,Mobile App
624,Vasatika Pillai,,3551049766556005,SBIN0237032,Axis Bank,Current,,vasatika.pillai453@example.com,,Active,1,2024-06-23 11:44:42,2024-06-25 06:40:42,Branch
69,Om Borah,Office,7371631111831715,KKBK0594907,IndusInd Bank,Current,6485112088,om.borah845@example.com,omborah496@paytm,Active,1,2026-04-29 19:24:05,2026-05-06 17:33:05,Mobile App
717,Chandran Bajaj,Home,7944618482493479,ICIC0219037,Yes Bank,Savings,2731218512,chandran.bajaj175@example.com,,Active,1,2024-09-12 23:50:22,2024-09-13 02:32:22,Internet Banking
681,Tanmayi Prabhakar,Sister,2256477442700824,HDFC0825638,IDFC First Bank,Savings,1153340914,,tanmayiprabhakar1278@paytm,Active,1,2024-11-12 04:29:40,2024-11-15 15:18:40,Internet Banking
97,Dakshesh Narang,Mom,3675605352094555,IDFB0633277,IndusInd Bank,Savings,4848207304,dakshesh.narang28@example.com,daksheshnarang8574@paytm,Active,1,2024-04-28 23:22:32,2024-04-29 18:58:32,Branch
180,Jack Sur,,7008059909585003,SBIN0677178,Bank of Baroda,Savings,3235497951,jack.sur824@example.com,jacksur6496@paytm,Active,0,2024-10-08 07:23:37,,Mobile App
124,Damini Reddy,,5208386305193132,HDFC0161164,State Bank of India,Savings,,damini.reddy545@example.com,daminireddy5400@paytm,Active,1,2025-01-03 01:51:48,2025-01-06 01:19:48,Mobile App
280,Ojasvi Sodhi,Brother,8938956035979017,UBIN0808681,Bank of Baroda,Savings,9177159085,ojasvi.sodhi234@example.com,ojasvisodhi7888@ybl,Active,1,2026-06-03 18:29:25,2026-06-08 07:56:25,Internet Banking
272,Yagnesh Jayaraman,Dad,3901319482832919,ICIC0385077,Yes Bank,Current,0071357848,yagnesh.jayaraman109@example.com,yagneshjayaraman5638@okhdfcbank,Inactive,1,2026-05-25 19:33:30,2026-06-01 05:24:30,Internet Banking
193,Vedika Chawla,,2726952893211317,ICIC0095171,IDFC First Bank,Savings,5303072622,vedika.chawla129@example.com,,Active,1,2025-11-10 07:47:49,2025-11-10 19:16:49,Internet Banking
927,Madhavi Dasgupta,,1724942475993151,HDFC0749718,IDFC First Bank,Savings,,madhavi.dasgupta289@example.com,madhavidasgupta1641@okicici,Active,1,2024-04-28 10:29:32,2024-05-05 04:34:32,Internet Banking
116,Darsh Sarma,Dad,728385233808016,INDB0810634,Punjab National Bank,Savings,0997101195,darsh.sarma92@example.com,darshsarma9109@ybl,Active,1,2026-02-24 05:52:12,2026-02-26 17:00:12,Internet Banking
555,Alexander Kapur,,2536446819988818,ICIC0509010,State Bank of India,Savings,3525207697,alexander.kapur887@example.com,alexanderkapur7851@oksbi,Active,1,2026-08-13 03:20:52,2026-08-17 02:54:52,Internet Banking
658,Charles Dayal,Dad,6170212799457578,UBIN0567730,IndusInd Bank,Savings,1775924151,charles.dayal438@example.com,charlesdayal4500@ybl,Active,1,2026-06-21 02:25:45,2026-06-21 16:19:45,Internet Banking
663,Veda Date,,9968758796876589,HDFC0898483,ICICI Bank,Savings,9488408960,veda.date461@example.com,vedadate828@okaxis,Active,1,2025-06-18 09:45:58,2025-06-20 15:54:58,Mobile App
40,Rushil Palan,,1857426262822994,PUNB0383417,Punjab National Bank,Savings,7392441454,,rushilpalan6371@okicici,Active,1,2026-03-20 11:58:25,2026-03-24 15:27:25,Branch
483,Vaishnavi Kohli,,530501710253686,SBIN0768406,ICICI Bank,Current,2730727245,vaishnavi.kohli336@example.com,,Active,1,2024-06-15 17:28:54,2024-06-18 12:06:54,Mobile App
507,Daksha Bedi,Business,7535295577996257,PUNB0509859,Kotak Mahindra Bank,Savings,6569277699,daksha.bedi205@example.com,dakshabedi6710@oksbi,Active,1,2025-01-16 04:36:54,2025-01-16 23:24:54,Mobile App
403,Pratyush Rajagopal,,678084277908617,IDFB0270785,Union Bank of India,Savings,,,pratyushrajagopal2343@okhdfcbank,Active,1,2024-06-26 12:06:29,2024-07-02 00:11:29,Internet Banking
610,Oni Muni,Friend,6533419773425789,ICIC0650562,Punjab National Bank,Current,0474758226,oni.muni844@example.com,onimuni8111@okhdfcbank,Active,1,2026-08-04 13:42:33,2026-08-08 19:09:33,Internet Banking
227,Dalaja Lall,Home,3607830228298119,IDFB0632660,Punjab National Bank,Savings,0432737616,,dalajalall9831@okicici,Active,1,2025-01-03 06:52:41,2025-01-05 02:18:41,Internet Banking
280,Saksham Khare,Sister,7591800603507887,UTIB0654142,ICICI Bank,Current,5870960270,saksham.khare20@example.com,sakshamkhare2192@okicici,Active,1,2025-11-01 21:54:56,2025-11-02 22:02:56,Internet Banking
392,Mason Shenoy,,686160111729865,KKBK0993597,Bank of Baroda,Savings,5259643854,mason.shenoy225@example.com,,Blocked,1,2024-10-27 07:38:37,2024-10-29 01:39:37,Internet Banking
657,Anvi Halder,Dad,5576214047310338,ICIC0313823,Kotak Mahindra Bank,Savings,9627702732,anvi.halder82@example.com,anvihalder6628@okaxis,Active,1,2025-11-06 19:36:12,2025-11-09 02:18:12,Mobile App
743,Irya Agarwal,Home,5656849126012572,ICIC0862426,Axis Bank,Savings,3120934275,irya.agarwal30@example.com,iryaagarwal1107@ybl,Active,1,2024-08-30 03:38:54,2024-09-02 04:49:54,Branch
576,Anirudh Banik,,4672230958014862,IDFB0840679,ICICI Bank,Savings,7561657822,,,Active,0,2024-07-21 21:48:12,,Mobile App
108,Bhavna Sathe,Friend,5526864819436175,UBIN0122357,Punjab National Bank,Savings,0888676976,,bhavnasathe4123@oksbi,Active,1,2024-11-19 22:18:29,2024-11-21 01:28:29,Internet Banking
342,Ranveer Muni,Personal,6628388103676128,ICIC0983760,Punjab National Bank,Savings,9173233174,ranveer.muni607@example.com,ranveermuni7276@okhdfcbank,Active,0,2024-04-13 04:22:47,,Mobile App
299,Aarnav Kara,,5477819033452357,IDFB0526949,Yes Bank,Savings,3171043777,aarnav.kara958@example.com,aarnavkara3289@oksbi,Active,1,2025-04-06 22:04:26,2025-04-08 02:56:26,Mobile App
291,Xalak Golla,Personal,1321893854081468,HDFC0956744,Axis Bank,Savings,7237160202,xalak.golla736@example.com,,Blocked,1,2026-05-27 00:23:26,2026-05-28 14:52:26,Mobile App
286,Sara Rajagopal,,9689684943244866,SBIN0513406,HDFC Bank,Savings,9669098255,sara.rajagopal784@example.com,,Inactive,0,2024-12-26 00:43:05,,Branch
203,Parth Dugal,Vendor,7833061795404015,BARB0040413,Punjab National Bank,Savings,5178299180,parth.dugal128@example.com,,Active,1,2024-11-25 07:57:10,2024-12-01 11:51:10,Mobile App
48,Chandani Nagar,,6148385480014916,KKBK0025097,Bank of Baroda,Current,6847807058,chandani.nagar677@example.com,chandaninagar355@paytm,Blocked,1,2025-09-17 09:39:04,2025-09-22 18:58:04,Mobile App
353,Isaac Choudhary,Personal,8738464902396347,ICIC0665008,HDFC Bank,Savings,,isaac.choudhary775@example.com,,Active,0,2024-05-09 02:13:35,,Internet Banking
637,Vaishnavi Patil,,676557055285501,IDFB0335085,Yes Bank,Savings,4213783648,vaishnavi.patil505@example.com,vaishnavipatil4172@ybl,Active,1,2024-02-03 11:40:33,2024-02-07 17:18:33,Mobile App
397,Gabriel Dara,Friend,4772712122182160,UBIN0526363,Punjab National Bank,Savings,6691854118,,gabrieldara5124@paytm,Active,1,2025-08-11 06:23:10,2025-08-13 18:11:10,Mobile App
944,Quincy Cheema,Vendor,966433449643979,UBIN0877902,Yes Bank,Savings,1719283258,quincy.cheema213@example.com,quincycheema1221@paytm,Active,1,2025-09-21 21:53:58,2025-09-23 04:04:58,Mobile App
422,Dayamai Chacko,Personal,2614747963411090,YESB0962692,Yes Bank,Savings,3267483548,dayamai.chacko379@example.com,dayamaichacko6679@okicici,Active,1,2025-10-12 13:35:48,2025-10-13 05:54:48,Internet Banking
194,Ishita Shah,Vendor,5615430135545364,CNRB0583723,ICICI Bank,Savings,8911570634,ishita.shah46@example.com,ishitashah5197@okhdfcbank,Active,1,2026-03-18 06:20:19,2026-03-20 00:10:19,Mobile App
58,Yashoda Karnik,Business,2007816026153114,PUNB0792588,Axis Bank,Savings,6696861481,yashoda.karnik548@example.com,,Inactive,1,2024-06-11 14:23:05,2024-06-17 12:42:05,Mobile App
28,Xavier Kalita,Mom,837536746481353,UTIB0146695,Bank of Baroda,Savings,4756470486,xavier.kalita834@example.com,,Active,1,2024-07-20 01:38:02,2024-07-25 03:05:02,Internet Banking
309,Veer Dhawan,,8600368499816978,UTIB0894270,Axis Bank,Savings,3818282557,veer.dhawan471@example.com,,Active,1,2026-03-10 16:35:17,2026-03-12 06:38:17,Internet Banking
205,Vinaya Dewan,,3247620785080689,BARB0639626,Yes Bank,Current,3437830304,vinaya.dewan647@example.com,,Active,1,2025-02-20 13:55:42,2025-02-20 17:37:42,Internet Banking
538,Amara Lalla,Office,5162841942966797,HDFC0820906,Punjab National Bank,Savings,,amara.lalla455@example.com,,Active,1,2025-04-17 22:26:22,2025-04-24 01:37:22,Mobile App
959,Dakshesh Karnik,Vendor,6172178220912223,BARB0616423,State Bank of India,Current,3121827930,dakshesh.karnik283@example.com,daksheshkarnik4704@okicici,Inactive,1,2024-11-12 14:26:42,2024-11-13 10:21:42,Branch
413,Tristan Chawla,,563635266771677,HDFC0552800,State Bank of India,Savings,6682269397,tristan.chawla957@example.com,tristanchawla5143@okhdfcbank,Active,1,2024-01-06 07:05:01,2024-01-09 07:19:01,Branch
903,Xiti Garde,,8566550597850980,YESB0190759,IDFC First Bank,Savings,8135157871,xiti.garde596@example.com,xitigarde6786@oksbi,Active,0,2025-06-25 05:12:58,,Internet Banking
875,Ekaja Wason,Mom,349097540841375,IDFB0658877,Bank of Baroda,Savings,3980637551,ekaja.wason203@example.com,ekajawason5777@oksbi,Active,1,2026-07-04 01:29:06,2026-07-06 12:01:06,Internet Banking
943,Zehaan Rana,,9460370444550989,ICIC0286299,State Bank of India,Savings,,zehaan.rana232@example.com,zehaanrana9316@ybl,Active,1,2025-02-18 16:41:47,2025-02-21 02:44:47,Internet Banking
957,Aachal Raghavan,,3483154358140344,UTIB0002318,ICICI Bank,Savings,5665706073,aachal.raghavan160@example.com,aachalraghavan727@ybl,Active,1,2025-05-21 19:50:11,2025-05-28 10:18:11,Mobile App
192,Ishwar Bajaj,Friend,646093950161017,UTIB0469353,Punjab National Bank,Current,,ishwar.bajaj41@example.com,ishwarbajaj3758@okhdfcbank,Active,0,2025-12-18 07:39:45,,Internet Banking
562,Ekiya Chaudhuri,,7967066896053354,BARB0062635,HDFC Bank,Savings,8458171228,ekiya.chaudhuri360@example.com,ekiyachaudhuri381@okicici,Inactive,0,2024-07-29 08:01:59,,Mobile App
525,Dev Amble,Home,5036962924936652,ICIC0776675,Axis Bank,Savings,6064687309,dev.amble306@example.com,devamble2566@okicici,Active,1,2025-08-22 06:10:38,2025-08-24 19:28:38,Internet Banking
429,Omya Peri,,3716292799469092,BARB0760842,Canara Bank,Savings,3867729311,omya.peri417@example.com,omyaperi109@paytm,Inactive,1,2025-04-12 05:00:17,2025-04-14 09:47:17,Mobile App
546,Girindra Prabhu,Personal,3117794061070031,PUNB0044825,Bank of Baroda,Savings,0180203891,girindra.prabhu738@example.com,girindraprabhu4926@oksbi,Active,1,2025-12-25 13:05:07,2025-12-27 13:36:07,Mobile App
217,Niharika Dugar,Dad,6177119878253697,CNRB0147317,Axis Bank,Savings,5565288282,,niharikadugar6443@oksbi,Inactive,1,2024-09-01 13:34:09,2024-09-03 16:44:09,Mobile App
369,Oliver Dey,,3666709767917503,IDFB0068285,State Bank of India,Savings,9572616794,oliver.dey945@example.com,oliverdey833@okhdfcbank,Active,1,2024-04-01 12:17:32,2024-04-02 15:39:32,Branch
300,Gopal Kanda,Home,6935829152376311,INDB0236221,HDFC Bank,Savings,2125679452,gopal.kanda795@example.com,,Active,1,2026-05-29 12:16:02,2026-06-02 00:10:02,Mobile App
90,Lakshit Chaudhuri,Personal,7782831627707205,BARB0424863,Yes Bank,Savings,,lakshit.chaudhuri383@example.com,,Inactive,0,2025-06-05 19:33:55,,Mobile App
409,Ekaja Batta,Business,3174823458161522,PUNB0226296,Axis Bank,Savings,5643688294,ekaja.batta412@example.com,,Active,1,2024-04-22 03:55:54,2024-04-22 07:27:54,Internet Banking
647,Unnati Vohra,,4965949204955849,UBIN0740039,Axis Bank,Current,6428672276,unnati.vohra634@example.com,,Inactive,0,2025-12-17 17:20:12,,Internet Banking
477,Vivaan Andra,Sister,5142142760869446,UBIN0577357,ICICI Bank,Savings,,vivaan.andra812@example.com,,Inactive,1,2025-01-19 02:54:44,2025-01-22 08:47:44,Internet Banking
625,Yachana Bakshi,Home,5126564294777082,IDFB0053604,Union Bank of India,Savings,6578004473,yachana.bakshi691@example.com,yachanabakshi7625@okaxis,Active,1,2024-03-06 08:09:07,2024-03-10 02:51:07,Internet Banking
833,Omaja Bhagat,,7182202672628389,CNRB0675617,IndusInd Bank,Savings,7389304815,omaja.bhagat358@example.com,omajabhagat5397@okicici,Active,1,2025-06-16 20:13:39,2025-06-19 17:56:39,Mobile App
160,Amol Chokshi,Office,6325968828722450,SBIN0530684,IndusInd Bank,Savings,4783898535,,amolchokshi8085@oksbi,Active,1,2024-09-23 15:02:16,2024-09-28 03:27:16,Internet Banking
865,Rachana Ravel,Home,1539911158487853,SBIN0787293,HDFC Bank,Savings,9546122232,rachana.ravel43@example.com,,Active,0,2026-03-31 15:26:30,,Mobile App
770,Chanchal Edwin,Personal,2273806417928969,IDFB0992978,Union Bank of India,Savings,5559484502,,chanchaledwin9086@oksbi,Active,0,2025-12-16 05:04:16,,Branch
845,Qushi Padmanabhan,Dad,5823063258770248,PUNB0748016,Union Bank of India,Savings,6648824315,qushi.padmanabhan342@example.com,qushipadmanabhan802@oksbi,Active,1,2025-03-01 17:04:49,2025-03-08 03:15:49,Mobile App
172,Chatresh Sampath,Mom,6468581247915350,INDB0585064,Yes Bank,Savings,9935341929,chatresh.sampath920@example.com,chatreshsampath2073@okicici,Active,1,2024-03-26 02:39:00,2024-03-26 12:25:00,Mobile App
893,Oni Devan,,5179287389897642,PUNB0749183,IndusInd Bank,Savings,9152004538,oni.devan10@example.com,,Active,1,2024-01-15 21:42:05,2024-01-16 20:03:05,Internet Banking
127,Anay Verma,,3669581647109020,BARB0715175,Bank of Baroda,Current,8004073537,,anayverma5363@okhdfcbank,Active,1,2024-04-17 08:34:20,2024-04-20 21:29:20,Internet Banking
671,Vritti Bhargava,Sister,6524162228308757,YESB0336393,IDFC First Bank,Savings,4678517731,vritti.bhargava824@example.com,,Active,0,2025-12-07 19:55:20,,Mobile App
792,Harish Deo,Mom,3379769908045284,HDFC0492727,Union Bank of India,Savings,4810666450,,harishdeo5823@okicici,Active,1,2025-01-24 18:14:17,2025-01-27 16:38:17,Mobile App
127,Jacob Wali,,7147359083654438,CNRB0185461,ICICI Bank,Savings,4737899085,,,Active,1,2024-12-11 23:34:05,2024-12-15 23:05:05,Mobile App
156,Upasna Mane,,4298979741448519,HDFC0989859,Kotak Mahindra Bank,Savings,0226578637,upasna.mane820@example.com,upasnamane7437@oksbi,Active,1,2025-07-28 00:04:04,2025-07-29 11:54:04,Mobile App
971,Wyatt Khosla,Office,6792467708701929,CNRB0207005,ICICI Bank,Savings,2949238303,wyatt.khosla23@example.com,,Active,1,2025-10-15 18:31:36,2025-10-19 02:21:36,Mobile App
328,Falguni Yohannan,,1648762278307649,YESB0245382,Canara Bank,Savings,4473175255,falguni.yohannan110@example.com,falguniyohannan8594@okhdfcbank,Active,1,2026-07-21 09:28:00,2026-07-22 08:45:00,Internet Banking
91,Aarav Sant,Business,8810629916778577,IDFB0133990,ICICI Bank,Savings,6201431796,aarav.sant287@example.com,aaravsant6590@okhdfcbank,Active,1,2025-05-13 10:11:45,2025-05-14 16:49:45,Branch
843,Noah Mangat,Mom,4018997617992851,IDFB0039746,Yes Bank,Current,0380141115,noah.mangat320@example.com,noahmangat2324@paytm,Active,1,2025-07-17 19:48:51,2025-07-20 00:47:51,Mobile App
31,Keya Gera,,7187955975116534,PUNB0095208,ICICI Bank,Savings,6290301567,,keyagera1514@ybl,Active,1,2024-11-12 19:11:13,2024-11-15 08:10:13,Internet Banking
906,Rayaan Khosla,Home,6648710982726107,HDFC0999375,Union Bank of India,Savings,9410533258,rayaan.khosla178@example.com,,Active,1,2025-01-15 22:15:03,2025-01-19 18:02:03,Mobile App
610,Bina Hari,,3977739820855070,IDFB0433489,IDFC First Bank,Savings,9038555580,bina.hari630@example.com,,Active,0,2024-04-10 15:11:01,,Mobile App
384,Udarsh Som,Mom,3761986178645605,CNRB0831376,HDFC Bank,Savings,8750896894,udarsh.som428@example.com,,Inactive,1,2025-08-09 07:27:32,2025-08-15 15:00:32,Internet Banking
782,Jacob Shankar,Mom,764791907428041,KKBK0394568,HDFC Bank,Savings,3957515443,jacob.shankar868@example.com,jacobshankar2576@okicici,Active,1,2025-09-15 07:54:39,2025-09-16 07:07:39,Mobile App
352,Janaki Dubey,Vendor,3866746672128399,CNRB0835464,Bank of Baroda,Savings,5647142919,janaki.dubey345@example.com,,Active,1,2024-11-10 20:21:43,2024-11-11 07:49:43,Internet Banking
52,Jack Datta,Business,2689571784099291,HDFC0690897,Bank of Baroda,Savings,9377217359,jack.datta238@example.com,,Inactive,1,2025-12-06 17:46:31,2025-12-12 06:10:31,Internet Banking
924,Kiaan Zachariah,Office,5104752208408082,PUNB0491810,State Bank of India,Current,8388357052,,kiaanzachariah5425@okhdfcbank,Active,1,2025-03-15 19:41:11,2025-03-18 20:31:11,Mobile App
914,Krish Om,Sister,114752067462326,KKBK0724483,IndusInd Bank,Current,3249577051,krish.om540@example.com,krishom9306@paytm,Active,1,2024-03-16 05:08:35,2024-03-21 01:33:35,Internet Banking
292,Hritik Ahuja,Dad,95834027780023,PUNB0371888,Kotak Mahindra Bank,Savings,1344901563,hritik.ahuja566@example.com,hritikahuja1569@okhdfcbank,Active,1,2025-11-12 19:27:00,2025-11-17 05:58:00,Internet Banking
885,Yagnesh Tella,Mom,3361649213816411,CNRB0917155,ICICI Bank,Current,1551631584,yagnesh.tella430@example.com,yagneshtella9461@okicici,Active,1,2024-01-03 15:11:42,2024-01-10 10:12:42,Internet Banking
705,Yashoda Bhandari,Personal,8017669784007822,ICIC0947792,Yes Bank,Savings,4493134341,yashoda.bhandari632@example.com,,Blocked,1,2024-09-10 04:59:41,2024-09-16 10:20:41,Internet Banking
11,Forum Bala,Dad,5076546751362379,PUNB0884091,ICICI Bank,Savings,9913102809,,forumbala2264@okicici,Active,1,2024-09-14 08:14:16,2024-09-21 05:53:16,Internet Banking
655,Jalsa Tara,Sister,1178309354287869,INDB0954125,Union Bank of India,Savings,4769440505,,jalsatara8872@ybl,Active,1,2024-07-02 11:28:38,2024-07-09 08:32:38,Internet Banking
652,Kala Narain,Friend,6579321235805311,SBIN0347044,HDFC Bank,Savings,6107787387,,kalanarain7581@oksbi,Active,1,2025-02-12 04:43:16,2025-02-13 07:35:16,Internet Banking
37,Ati Sarin,,1714464274633999,CNRB0065590,HDFC Bank,Savings,1128181232,ati.sarin569@example.com,atisarin8899@okicici,Blocked,1,2024-03-27 02:01:45,2024-03-28 14:45:45,Mobile App
249,Balhaar Bahl,Sister,3174015088388412,KKBK0379645,Union Bank of India,Savings,2876788390,balhaar.bahl586@example.com,balhaarbahl4864@okaxis,Active,1,2025-06-10 16:44:30,2025-06-12 14:06:30,Branch
133,Raagini Purohit,Business,5934336639784264,INDB0543030,ICICI Bank,Savings,8371373119,raagini.purohit866@example.com,raaginipurohit9360@paytm,Active,1,2025-11-16 08:04:20,2025-11-20 08:44:20,Internet Banking
467,Oliver Lad,Sister,8538235689849406,PUNB0739273,IDFC First Bank,Savings,3211361659,oliver.lad697@example.com,,Active,1,2025-02-26 12:18:24,2025-02-27 15:28:24,Mobile App
724,Qarin Rajagopal,,641544272579184,BARB0143224,IDFC First Bank,Savings,4970956957,,qarinrajagopal4017@paytm,Active,1,2025-03-31 00:37:00,2025-04-03 23:21:00,Mobile App
849,Samarth Chakraborty,Home,4055990975799296,YESB0691139,Union Bank of India,Savings,3951613174,samarth.chakraborty272@example.com,samarthchakraborty737@okaxis,Active,0,2025-11-12 03:24:39,,Mobile App
294,Kevin Vaidya,Personal,8893688327046375,KKBK0659132,ICICI Bank,Savings,0748331046,kevin.vaidya741@example.com,kevinvaidya8410@paytm,Active,0,2025-08-05 05:26:01,,Mobile App
120,Upma Chand,,4868284640862290,IDFB0572881,Punjab National Bank,Savings,5527193939,upma.chand633@example.com,upmachand9251@okicici,Active,1,2026-05-11 17:23:20,2026-05-17 10:59:20,Mobile App
405,Darpan Chaudhuri,,7147858681624265,PUNB0482895,ICICI Bank,Savings,,,darpanchaudhuri8279@okhdfcbank,Active,1,2024-08-25 12:25:54,2024-08-27 15:06:54,Mobile App
294,Chandresh Khare,Brother,3201679821476999,YESB0104984,State Bank of India,Savings,4513903898,chandresh.khare588@example.com,chandreshkhare5922@oksbi,Active,1,2025-08-19 19:13:27,2025-08-21 03:54:27,Internet Banking
404,Udyati Bawa,Office,1114995711915587,CNRB0394457,IDFC First Bank,Savings,0845895755,udyati.bawa421@example.com,udyatibawa7569@okhdfcbank,Inactive,0,2026-01-21 04:15:24,,Mobile App
651,Chaman Mukherjee,Office,4485137116427005,IDFB0587659,Bank of Baroda,Savings,,chaman.mukherjee962@example.com,chamanmukherjee572@okhdfcbank,Active,1,2024-12-13 10:15:17,2024-12-13 18:12:17,Mobile App
191,Rajata Jayaraman,,871039898252202,IDFB0980984,Kotak Mahindra Bank,Savings,2238442623,,rajatajayaraman6843@okicici,Active,1,2025-08-27 05:33:51,2025-08-29 16:08:51,Mobile App
275,Yatin De,Mom,5826080107638218,BARB0561337,ICICI Bank,Savings,4423422023,yatin.de519@example.com,yatinde5466@okicici,Active,1,2025-03-24 05:50:10,2025-03-24 18:00:10,Mobile App
713,Liam Dugar,Office,1356182078549980,UBIN0257380,Canara Bank,Savings,,,liamdugar8454@okhdfcbank,Active,1,2025-07-11 12:52:36,2025-07-12 21:13:36,Mobile App
174,Elijah Bhatnagar,Home,9405672752921839,UTIB0083031,Union Bank of India,Current,5915813801,elijah.bhatnagar602@example.com,elijahbhatnagar930@okhdfcbank,Active,1,2025-09-24 21:45:39,2025-09-26 00:48:39,Mobile App
261,Noah Date,Home,7253894267684706,CNRB0310508,HDFC Bank,Savings,1786132272,noah.date254@example.com,,Inactive,1,2025-04-08 08:43:36,2025-04-10 16:02:36,Mobile App
45,Kai Nagar,Dad,3626689955210231,CNRB0505916,Union Bank of India,Savings,7111502503,kai.nagar770@example.com,kainagar5331@okhdfcbank,Active,1,2026-02-18 00:12:12,2026-02-23 15:52:12,Branch
450,Girik Lalla,Dad,6176664818372731,IDFB0109921,Canara Bank,Savings,5367543169,girik.lalla371@example.com,giriklalla3861@okhdfcbank,Inactive,1,2024-01-27 12:04:15,2024-01-28 23:06:15,Mobile App
114,Amaira Hegde,,482991773372669,INDB0375686,Bank of Baroda,Current,1250777291,,,Active,1,2026-08-01 00:18:06,2026-08-03 16:46:06,Internet Banking
923,Brijesh Sahota,,7745433450299557,UTIB0523912,Kotak Mahindra Bank,Savings,0877126218,brijesh.sahota346@example.com,brijeshsahota8090@oksbi,Active,1,2026-07-28 19:43:27,2026-07-29 03:46:27,Internet Banking
960,Ishanvi Sama,Vendor,6500243677111348,BARB0748113,Kotak Mahindra Bank,Savings,5059354636,,ishanvisama338@okhdfcbank,Active,1,2024-04-08 00:13:42,2024-04-08 13:57:42,Mobile App
43,Charan Kata,Friend,3909680840333278,KKBK0492531,Kotak Mahindra Bank,Savings,7506736159,charan.kata756@example.com,,Active,0,2025-09-28 19:14:23,,Branch
706,Qarin Khosla,Friend,5711128112549300,INDB0171481,Yes Bank,Savings,6789988981,qarin.khosla76@example.com,,Inactive,0,2024-11-17 10:07:59,,Mobile App
366,Ekta Doctor,Sister,190962608747788,KKBK0114101,Kotak Mahindra Bank,Savings,7101509472,ekta.doctor63@example.com,ektadoctor7148@okhdfcbank,Active,1,2026-05-17 22:34:27,2026-05-19 21:15:27,Branch
342,Pallavi Chaudhary,Sister,2438475438473039,PUNB0864607,HDFC Bank,Current,8733991226,pallavi.chaudhary859@example.com,pallavichaudhary1226@okaxis,Active,1,2025-09-30 02:26:21,2025-10-05 23:04:21,Mobile App
412,Jacob Gara,Home,9918878644771203,CNRB0160036,ICICI Bank,Savings,7969931776,jacob.gara98@example.com,,Active,1,2025-01-03 22:45:27,2025-01-05 19:40:27,Branch
854,Varsha Saxena,Friend,3294977818471281,YESB0181620,IndusInd Bank,Savings,4264742933,varsha.saxena425@example.com,varshasaxena1559@ybl,Active,1,2026-03-11 04:16:12,2026-03-15 04:36:12,Mobile App
580,Lopa Chowdhury,Personal,3707732086957447,HDFC0623871,ICICI Bank,Savings,5845434005,,lopachowdhury2486@okicici,Active,0,2025-03-06 07:41:56,,Branch
842,Sneha Seshadri,Office,6538722836133445,INDB0092579,ICICI Bank,Current,8254184387,sneha.seshadri211@example.com,snehaseshadri8882@oksbi,Active,1,2026-04-02 13:54:14,2026-04-07 17:44:14,Internet Banking
49,Ishita Agate,Brother,8962748411568917,CNRB0075957,HDFC Bank,Savings,6980064493,ishita.agate547@example.com,,Active,0,2024-12-06 11:46:48,,Mobile App
361,Meera Dhar,Business,105731840679127,ICIC0106411,IndusInd Bank,Savings,,,meeradhar6342@oksbi,Active,1,2026-04-12 08:05:14,2026-04-17 11:45:14,Mobile App
615,Vasana Bhagat,Vendor,2794886029300822,UTIB0327372,Bank of Baroda,Savings,8065313813,vasana.bhagat694@example.com,vasanabhagat2599@oksbi,Active,1,2024-09-04 05:06:59,2024-09-10 03:03:59,Internet Banking
636,Mason Tripathi,Home,3095748850968549,SBIN0354663,State Bank of India,Current,3536180582,mason.tripathi573@example.com,masontripathi4505@okhdfcbank,Active,1,2025-10-22 04:02:43,2025-10-22 10:50:43,Internet Banking
846,Yuvraj More,Brother,3561509957757885,BARB0611728,Union Bank of India,Savings,7846414038,,yuvrajmore5278@oksbi,Active,0,2025-09-15 08:49:09,,Branch
759,Zarna Ravel,,7700507883651021,HDFC0653197,Canara Bank,Current,2159330029,zarna.ravel893@example.com,zarnaravel9941@okhdfcbank,Active,1,2025-01-27 12:24:50,2025-01-28 01:57:50,Mobile App
803,Udant Ahuja,,9294614876293051,ICIC0345790,Canara Bank,Savings,7796188821,,udantahuja6104@okhdfcbank,Active,1,2025-04-21 15:48:12,2025-04-26 21:51:12,Mobile App
50,Udant Sangha,Personal,9137356593292427,ICIC0847064,Axis Bank,Savings,6197676667,,,Active,1,2025-12-08 20:52:58,2025-12-09 02:59:58,Mobile App
703,Liam Agate,Friend,3876502725907914,UTIB0792426,Canara Bank,Savings,6003068034,liam.agate170@example.com,,Active,1,2025-11-17 22:01:44,2025-11-19 18:45:44,Mobile App
761,Faras Mann,Personal,9442737851131033,YESB0367302,Kotak Mahindra Bank,Savings,0754293545,,farasmann1142@paytm,Active,0,2025-06-02 17:08:38,,Mobile App
384,Chaitanya Bail,,51983376294099,CNRB0556387,Bank of Baroda,Savings,2829987871,,chaitanyabail1106@okhdfcbank,Active,1,2026-01-30 07:19:01,2026-02-02 16:38:01,Mobile App
170,Qushi Mammen,Sister,316195494027310,UTIB0317338,IndusInd Bank,Current,2103994253,qushi.mammen824@example.com,,Active,1,2024-11-01 10:34:36,2024-11-06 09:22:36,Internet Banking
284,Bimala Manne,Friend,1281532156400123,HDFC0289622,IDFC First Bank,Savings,2068449998,bimala.manne873@example.com,bimalamanne5591@oksbi,Active,1,2024-02-06 13:15:53,2024-02-09 10:05:53,Internet Banking
947,Agastya Wadhwa,Office,3307220442446038,CNRB0365350,HDFC Bank,Savings,2168467370,agastya.wadhwa817@example.com,agastyawadhwa4379@oksbi,Active,1,2025-05-07 07:23:01,2025-05-12 09:03:01,Mobile App
327,Gaurangi Ghose,,2318295024445514,PUNB0224699,Yes Bank,Savings,9246406708,,gaurangighose7132@oksbi,Active,1,2024-05-03 18:57:07,2024-05-07 16:15:07,Internet Banking
73,Lajita Nanda,Vendor,4210973488507066,UTIB0637713,Bank of Baroda,Savings,4778438294,lajita.nanda327@example.com,lajitananda27@okaxis,Blocked,1,2024-12-18 17:59:14,2024-12-24 13:11:14,Mobile App
482,Fitan Ranganathan,,9827977043471271,YESB0954249,Bank of Baroda,Savings,2672833040,fitan.ranganathan427@example.com,,Active,1,2026-01-05 02:54:05,2026-01-08 10:27:05,Mobile App
496,Vivaan Chokshi,Office,5342765837133707,YESB0204240,Kotak Mahindra Bank,Savings,6937231388,vivaan.chokshi393@example.com,vivaanchokshi9404@oksbi,Inactive,1,2024-12-22 22:18:34,2024-12-27 18:51:34,Internet Banking
611,Kai Suri,,5016409502620042,BARB0199498,State Bank of India,Current,1056151729,kai.suri536@example.com,,Active,1,2024-03-03 21:29:29,2024-03-09 02:15:29,Mobile App
927,Ojas Tata,,3399126618091836,BARB0171363,Bank of Baroda,Savings,8621393207,ojas.tata936@example.com,ojastata4027@okaxis,Active,1,2026-02-18 08:24:48,2026-02-18 17:51:48,Mobile App
311,Shivansh Parmar,Personal,1104207292240379,HDFC0527154,Axis Bank,Savings,8117516240,shivansh.parmar216@example.com,shivanshparmar9917@ybl,Active,1,2025-04-18 20:29:32,2025-04-22 21:44:32,Mobile App
625,Geetika Devi,Sister,2190100530304935,CNRB0628242,HDFC Bank,Savings,3309425072,,geetikadevi5655@paytm,Active,1,2025-07-23 17:06:12,2025-07-24 04:45:12,Internet Banking
147,Vasudha Verma,Mom,6436714280809520,HDFC0070914,IndusInd Bank,Savings,3921691778,vasudha.verma306@example.com,vasudhaverma9873@paytm,Inactive,1,2024-06-03 22:55:17,2024-06-09 02:27:17,Mobile App
424,Urmi Bhatia,,1210359765778553,IDFB0704941,Punjab National Bank,Savings,5639902464,urmi.bhatia183@example.com,urmibhatia5336@okhdfcbank,Active,1,2024-07-22 19:55:31,2024-07-23 18:19:31,Internet Banking
781,Luke Sundaram,,9154924212341063,CNRB0710256,IDFC First Bank,Current,,,lukesundaram7004@oksbi,Active,1,2024-03-23 03:01:58,2024-03-23 09:55:58,Internet Banking
480,Daniel Luthra,,6234788114581008,UTIB0558513,State Bank of India,Savings,3170126716,daniel.luthra418@example.com,danielluthra3460@okhdfcbank,Active,1,2024-09-30 21:18:24,2024-10-05 03:37:24,Branch
464,Zarna Chowdhury,,7896480197463427,SBIN0318050,Yes Bank,Savings,8021605415,zarna.chowdhury141@example.com,zarnachowdhury8714@oksbi,Active,1,2024-05-30 10:00:23,2024-06-04 15:59:23,Internet Banking
736,Krish Doshi,Business,1518914558659196,YESB0692972,State Bank of India,Savings,3613324549,krish.doshi258@example.com,,Active,1,2024-12-25 05:31:02,2024-12-30 18:05:02,Internet Banking
140,Rayaan Lalla,,5220337040498174,KKBK0434953,Yes Bank,Savings,4468644171,rayaan.lalla529@example.com,,Active,1,2026-04-22 20:11:53,2026-04-24 23:22:53,Mobile App
142,Zehaan Batta,Mom,35473385661734,UTIB0447182,Punjab National Bank,Savings,8994460403,zehaan.batta897@example.com,,Active,1,2025-08-10 23:45:17,2025-08-15 03:50:17,Internet Banking
555,Varsha Atwal,,3913541517254841,YESB0660398,ICICI Bank,Savings,3404343392,varsha.atwal674@example.com,varshaatwal440@ybl,Active,1,2025-01-06 22:57:25,2025-01-07 20:53:25,Mobile App
285,Damyanti Devi,Home,9811197732176741,INDB0414274,ICICI Bank,Savings,,damyanti.devi479@example.com,,Active,1,2025-03-25 22:27:40,2025-03-29 02:27:40,Branch
750,Atharv Bhatti,Brother,7683068272182673,BARB0505308,Axis Bank,Savings,5129386996,atharv.bhatti79@example.com,atharvbhatti9378@okicici,Active,1,2024-02-04 02:23:51,2024-02-07 09:00:51,Mobile App
31,Fiyaz Aggarwal,Home,7962484861377102,PUNB0026169,Punjab National Bank,Savings,7038840762,fiyaz.aggarwal368@example.com,,Active,0,2024-01-27 20:04:35,,Internet Banking
721,Maya Choudhury,,6760770480554842,ICIC0991431,IndusInd Bank,Savings,8190179912,,mayachoudhury829@oksbi,Active,1,2025-03-27 08:17:25,2025-03-31 12:20:25,Internet Banking
926,Aahana Ram,,1919297304563849,INDB0398067,IDFC First Bank,Savings,1111781951,aahana.ram895@example.com,aahanaram7848@paytm,Active,0,2025-03-21 23:32:06,,Internet Banking
424,Pratyush Bedi,Dad,5270904639460300,ICIC0940105,Kotak Mahindra Bank,Current,1675161509,pratyush.bedi727@example.com,pratyushbedi3874@oksbi,Active,1,2025-05-25 08:42:27,2025-05-30 03:54:27,Internet Banking
257,Jason Tara,Vendor,4986901262326921,INDB0597011,State Bank of India,Savings,,,jasontara5913@okhdfcbank,Inactive,1,2025-10-26 01:26:09,2025-10-31 00:18:09,Internet Banking
858,Madhavi Radhakrishnan,,1063646334596686,UBIN0903179,Punjab National Bank,Savings,6028426400,madhavi.radhakrishnan646@example.com,madhaviradhakrishnan7550@oksbi,Active,1,2025-12-11 06:51:15,2025-12-18 00:48:15,Internet Banking
928,Sanya Karan,Mom,3402530551168265,BARB0892771,ICICI Bank,Savings,4036580515,sanya.karan70@example.com,,Active,1,2024-12-21 08:13:25,2024-12-22 22:45:25,Mobile App
186,Gauri Raval,Brother,2900759855855197,ICIC0949540,Canara Bank,Savings,6827536712,,gauriraval2666@oksbi,Inactive,0,2025-05-01 15:32:18,,Mobile App
318,Gaurangi Dubey,Brother,3264594798167063,PUNB0719834,IDFC First Bank,Savings,4045202209,,gaurangidubey3688@ybl,Active,1,2024-07-30 20:07:28,2024-07-31 23:54:28,Internet Banking
752,Yahvi Menon,Dad,7569324433253045,YESB0798102,HDFC Bank,Savings,9393555199,yahvi.menon929@example.com,,Active,1,2025-02-15 15:24:36,2025-02-18 01:02:36,Branch
26,Vasudha Bala,Personal,5120590642354096,IDFB0129908,State Bank of India,Current,9516132594,,vasudhabala8381@ybl,Active,1,2024-12-02 12:34:35,2024-12-03 16:52:35,Mobile App
822,Hemani Soman,,4106361123066229,UTIB0324311,Union Bank of India,Savings,9494816579,hemani.soman682@example.com,hemanisoman3379@okhdfcbank,Active,1,2026-03-26 01:16:41,2026-03-31 17:27:41,Internet Banking
856,Barkha Char,Office,1049692528073889,SBIN0242640,IDFC First Bank,Savings,9190696963,barkha.char331@example.com,,Active,1,2026-04-11 10:49:25,2026-04-12 17:54:25,Mobile App
481,Nitara Sridhar,,1792968010443832,IDFB0406233,Union Bank of India,Savings,4146519714,,nitarasridhar2414@ybl,Active,1,2026-04-12 22:59:01,2026-04-16 04:25:01,Internet Banking
522,Atharv Shanker,Mom,5720468309676810,CNRB0440770,Axis Bank,Savings,2793618466,atharv.shanker924@example.com,,Inactive,0,2025-07-30 05:50:44,,Internet Banking
705,Laban Sama,,7585093367645879,IDFB0885652,IndusInd Bank,Savings,4246775896,laban.sama537@example.com,,Active,1,2024-08-20 01:39:19,2024-08-24 03:29:19,Internet Banking
326,Amruta Kala,Mom,9871512592663607,HDFC0680929,Kotak Mahindra Bank,Savings,1019313187,,amrutakala5239@okaxis,Active,1,2025-02-10 10:13:32,2025-02-13 09:37:32,Internet Banking
152,Parth Amble,Mom,7850078943928745,ICIC0399131,Kotak Mahindra Bank,Savings,7809207950,parth.amble224@example.com,parthamble9116@okicici,Inactive,0,2025-05-29 15:53:40,,Mobile App
483,Kritika Khurana,,2450468132556051,ICIC0614802,Bank of Baroda,Savings,,kritika.khurana29@example.com,,Active,1,2026-07-13 12:49:27,2026-07-14 05:31:27,Branch
976,Jasmit Banerjee,Dad,4004065948412456,UBIN0667286,Axis Bank,Savings,1932835536,,jasmitbanerjee5232@okaxis,Active,1,2024-12-11 21:43:49,2024-12-14 11:49:49,Internet Banking
728,Jason Deol,Brother,3642007336723074,ICIC0089230,Union Bank of India,Current,8094893814,jason.deol81@example.com,jasondeol1931@okaxis,Blocked,1,2024-11-18 04:41:50,2024-11-24 05:12:50,Mobile App
17,Mekhala Nagy,Office,6650240647152816,BARB0433815,Canara Bank,Savings,9334424379,mekhala.nagy712@example.com,,Active,1,2024-11-29 10:25:05,2024-12-05 23:43:05,Mobile App
44,Ubika Acharya,Dad,7452079056729975,UBIN0593980,Punjab National Bank,Current,0897805313,ubika.acharya837@example.com,ubikaacharya6515@oksbi,Active,1,2026-06-05 06:57:15,2026-06-11 14:21:15,Internet Banking
535,Wriddhish Prakash,,3918403006632457,HDFC0502145,IDFC First Bank,Savings,2639279020,wriddhish.prakash611@example.com,,Active,1,2025-05-25 04:06:21,2025-05-27 19:35:21,Mobile App
199,Devika Shukla,Sister,2981859601865793,UTIB0614350,IDFC First Bank,Savings,3902795492,,devikashukla7003@oksbi,Active,1,2024-05-06 20:19:31,2024-05-12 07:45:31,Internet Banking
334,Eshana Patla,Dad,1843276983261931,YESB0330679,Axis Bank,Current,9913777785,eshana.patla181@example.com,,Active,1,2024-07-26 11:12:29,2024-07-31 08:49:29,Internet Banking
52,Onveer Bedi,Office,8957513416680637,UBIN0198805,Bank of Baroda,Current,5178444104,onveer.bedi502@example.com,,Active,1,2024-01-24 00:57:59,2024-01-25 23:24:59,Mobile App
691,Edhitha Nayak,,4493073215819404,IDFB0822932,IndusInd Bank,Current,2310880793,edhitha.nayak939@example.com,edhithanayak5077@oksbi,Active,1,2024-07-10 08:39:48,2024-07-13 22:45:48,Mobile App
773,Chatura Chokshi,,171741886024487,KKBK0809485,State Bank of India,Savings,4222533960,chatura.chokshi844@example.com,,Active,1,2025-03-03 03:40:36,2025-03-03 16:08:36,Mobile App
397,Reva Kala,Brother,4178913630131468,UBIN0216204,Union Bank of India,Current,5433374194,reva.kala974@example.com,revakala1758@oksbi,Active,1,2024-07-13 12:49:50,2024-07-19 23:42:50,Mobile App
29,Jatin Sarma,Sister,2832411320050754,INDB0885982,Yes Bank,Savings,,jatin.sarma547@example.com,jatinsarma6893@okicici,Active,1,2026-03-05 08:29:52,2026-03-09 01:12:52,Internet Banking
67,Yadavi Gera,Brother,7547576867383753,HDFC0613950,ICICI Bank,Savings,1966691456,,yadavigera8391@okhdfcbank,Active,1,2025-02-11 01:33:38,2025-02-14 20:48:38,Internet Banking
911,Ladli Sama,,8625972399047374,YESB0217622,ICICI Bank,Current,9248142371,ladli.sama348@example.com,ladlisama1971@ybl,Active,1,2024-12-05 02:50:59,2024-12-11 19:17:59,Mobile App
214,Bahadurjit Manne,,8481698425762121,ICIC0979904,IndusInd Bank,Savings,6926380632,bahadurjit.manne376@example.com,bahadurjitmanne1515@paytm,Active,1,2024-09-19 00:59:48,2024-09-21 19:35:48,Internet Banking
897,Qarin Subramanian,Friend,7262063096501690,IDFB0320893,HDFC Bank,Savings,3251164894,qarin.subramanian199@example.com,qarinsubramanian2953@okaxis,Active,1,2024-06-11 22:41:12,2024-06-18 07:51:12,Internet Banking
942,Ati Natt,,4795061408766589,ICIC0881836,IDFC First Bank,Savings,,,,Inactive,1,2025-09-05 02:09:48,2025-09-11 09:55:48,Mobile App
617,Neel Soni,,7791213830603689,KKBK0086870,HDFC Bank,Savings,7431338000,neel.soni694@example.com,,Active,0,2024-09-04 10:48:37,,Internet Banking
249,Gayathri Karan,Friend,2231914764172846,SBIN0099686,Axis Bank,Current,6821277570,gayathri.karan449@example.com,gayathrikaran47@ybl,Active,1,2024-09-30 06:30:29,2024-10-04 14:57:29,Internet Banking
290,Urmi Rajan,Dad,6449748050218631,INDB0370418,ICICI Bank,Current,,urmi.rajan460@example.com,urmirajan1524@oksbi,Active,1,2025-08-05 06:24:04,2025-08-12 04:23:04,Internet Banking
223,Teerth Bala,,116421831902786,BARB0003568,State Bank of India,Savings,5710342279,teerth.bala72@example.com,teerthbala5729@ybl,Active,1,2025-11-01 10:28:31,2025-11-03 07:45:31,Internet Banking
951,Pranav Swamy,Friend,1835079311943367,YESB0168576,Canara Bank,Savings,8193483889,pranav.swamy456@example.com,pranavswamy2752@oksbi,Active,1,2025-11-11 03:27:47,2025-11-11 18:29:47,Internet Banking
458,Isaiah Desai,Home,894269429556828,ICIC0942045,State Bank of India,Current,6324871864,,,Inactive,0,2024-10-12 23:24:45,,Mobile App
914,Wriddhish Agrawal,Friend,8332407401664486,ICIC0500533,State Bank of India,Savings,0098886937,wriddhish.agrawal340@example.com,wriddhishagrawal4965@paytm,Active,1,2024-10-15 00:27:06,2024-10-21 07:32:06,Mobile App
216,Upadhriti Suri,,2975826527586106,PUNB0835576,Axis Bank,Savings,0832325740,,,Active,1,2024-04-20 19:04:48,2024-04-22 10:59:48,Internet Banking
756,Nidra Walla,,4196863456173592,INDB0644121,Punjab National Bank,Current,8743304522,nidra.walla847@example.com,,Inactive,0,2025-10-11 20:28:47,,Mobile App
59,Shaurya Kapadia,,9292618981215388,INDB0197422,Canara Bank,Savings,8180188908,,shauryakapadia9424@okicici,Active,1,2025-07-31 22:26:36,2025-08-01 06:44:36,Internet Banking
96,Umang Sangha,Brother,4242318845041407,INDB0185018,Axis Bank,Savings,3803112905,umang.sangha715@example.com,umangsangha6294@paytm,Active,1,2026-04-16 23:31:17,2026-04-19 08:03:17,Internet Banking
933,Kamya Deo,,5788783595104594,HDFC0660307,HDFC Bank,Savings,2058235378,kamya.deo746@example.com,kamyadeo3806@okaxis,Inactive,1,2025-02-13 03:35:28,2025-02-15 17:33:28,Internet Banking
66,Indrajit Mohanty,Friend,8834011578804828,CNRB0157936,ICICI Bank,Savings,4873010524,,,Active,1,2025-07-17 23:27:31,2025-07-21 21:24:31,Mobile App
505,Upkaar Gupta,,2673790398658891,IDFB0680590,IndusInd Bank,Savings,1967627729,,upkaargupta8921@okicici,Active,1,2024-05-17 18:51:32,2024-05-18 14:32:32,Internet Banking
21,Yoshita Murty,,6133593660868128,HDFC0945650,Bank of Baroda,Savings,5997682000,yoshita.murty832@example.com,,Inactive,1,2026-01-31 03:17:55,2026-02-06 03:23:55,Mobile App
42,Victor Sinha,,1641115543554369,YESB0390334,Union Bank of India,Savings,9874891774,,victorsinha6185@oksbi,Active,0,2026-05-20 22:38:01,,Mobile App
898,Udant Ray,Vendor,8529967876760607,UBIN0550801,ICICI Bank,Savings,7040213004,udant.ray219@example.com,,Active,1,2024-03-05 13:56:43,2024-03-10 23:58:43,Mobile App
879,Krishna Sur,Friend,3454790834884200,SBIN0860929,Kotak Mahindra Bank,Savings,9943597310,krishna.sur907@example.com,,Blocked,1,2025-02-27 03:29:12,2025-03-01 05:11:12,Mobile App
92,Harinakshi Pandey,Office,8827486683717786,SBIN0591383,Axis Bank,Savings,4921985972,harinakshi.pandey432@example.com,harinakshipandey7662@oksbi,Active,1,2025-06-25 11:37:33,2025-06-30 12:54:33,Mobile App
66,Jeet Nigam,Personal,3777758340358893,KKBK0783704,Union Bank of India,Current,2706011580,jeet.nigam909@example.com,jeetnigam5342@oksbi,Inactive,0,2026-02-13 23:05:41,,Internet Banking
436,Ridhi Vora,Office,4322604576464539,IDFB0146644,Axis Bank,Savings,1315645472,ridhi.vora879@example.com,,Active,1,2026-08-16 05:41:32,2026-08-17 23:59:59,Internet Banking
364,Chandran Varma,,6184609571741998,BARB0041778,Union Bank of India,Savings,1372964458,chandran.varma51@example.com,chandranvarma5657@oksbi,Active,1,2025-08-01 06:07:04,2025-08-03 08:59:04,Internet Banking
531,Indali Barad,Friend,4349275599644850,PUNB0236456,Bank of Baroda,Savings,8670798115,indali.barad987@example.com,,Active,1,2025-08-20 17:39:21,2025-08-27 01:13:21,Mobile App
767,Anamika Chacko,,2363083033997748,YESB0622805,Bank of Baroda,Current,1869180435,,anamikachacko17@oksbi,Active,0,2025-08-13 01:30:07,,Mobile App
642,Ekapad Mane,Mom,6591416890669047,IDFB0829972,Axis Bank,Savings,,ekapad.mane645@example.com,ekapadmane1147@okicici,Active,1,2025-03-07 08:27:33,2025-03-09 21:42:33,Mobile App
558,Shravya Sandal,,9857026308729256,PUNB0968198,IDFC First Bank,Savings,0908355081,shravya.sandal703@example.com,,Active,1,2026-01-27 09:06:46,2026-01-29 22:07:46,Internet Banking
844,Krishna Choudhry,Mom,7072757795553620,HDFC0565385,State Bank of India,Savings,8742353867,krishna.choudhry392@example.com,,Active,1,2024-08-14 07:03:46,2024-08-16 00:13:46,Internet Banking
996,Rachana Lad,Sister,6535978355649355,CNRB0568680,IDFC First Bank,Savings,6046524667,rachana.lad408@example.com,rachanalad1476@okicici,Inactive,0,2026-04-20 03:06:02,,Internet Banking
612,Kiaan Kalla,,6867923208365124,YESB0444156,Axis Bank,Savings,7723353355,kiaan.kalla945@example.com,kiaankalla2829@ybl,Active,1,2024-05-26 05:00:50,2024-05-26 13:58:50,Internet Banking
528,Vasatika Mukherjee,,1147831605994691,ICIC0071081,Canara Bank,Savings,2775848221,vasatika.mukherjee720@example.com,vasatikamukherjee135@okicici,Active,1,2024-12-17 18:28:40,2024-12-21 04:30:40,Branch
283,Avi Raval,,1398787916769129,UBIN0219844,State Bank of India,Current,,avi.raval318@example.com,aviraval6147@oksbi,Active,0,2026-01-15 13:10:10,,Mobile App
835,Qadim Devi,,1404015928522842,ICIC0192282,Union Bank of India,Savings,1352307994,qadim.devi896@example.com,,Active,1,2026-05-29 06:08:05,2026-05-29 06:38:05,Internet Banking
597,Kashish Raju,Dad,1055191541492327,INDB0219032,IndusInd Bank,Savings,4812851069,kashish.raju964@example.com,kashishraju8514@ybl,Active,0,2024-05-07 03:21:22,,Mobile App
655,Maya Taneja,Sister,3357620672276885,UTIB0686618,ICICI Bank,Savings,4224851857,maya.taneja741@example.com,mayataneja7112@okhdfcbank,Active,0,2025-04-17 09:26:55,,Mobile App
708,Champak Garg,Vendor,8836557518136807,UTIB0911078,IDFC First Bank,Savings,7665760649,champak.garg527@example.com,champakgarg1053@oksbi,Active,1,2026-03-06 13:28:47,2026-03-07 08:02:47,Internet Banking
493,Upma Aurora,Business,7630571919600619,BARB0634382,HDFC Bank,Savings,7553689076,upma.aurora29@example.com,upmaaurora3131@paytm,Blocked,1,2025-04-10 09:01:13,2025-04-13 21:01:13,Mobile App
142,Bahadurjit Kamdar,Personal,4688862438603695,PUNB0462975,Bank of Baroda,Savings,,bahadurjit.kamdar328@example.com,bahadurjitkamdar3843@oksbi,Active,1,2026-04-11 06:15:15,2026-04-17 12:58:15,Mobile App
858,Vansha Sangha,,3328927182240794,IDFB0560954,ICICI Bank,Savings,0905828929,,vanshasangha6760@paytm,Active,1,2024-06-16 22:20:53,2024-06-19 12:18:53,Branch
237,Akshay Patel,Home,2290803114138086,PUNB0514948,ICICI Bank,Savings,9537831371,akshay.patel712@example.com,,Active,0,2026-08-07 05:55:35,,Mobile App
344,Rehaan Lad,,299238692660181,ICIC0536679,IDFC First Bank,Savings,5847773499,rehaan.lad482@example.com,rehaanlad5595@okhdfcbank,Active,1,2025-11-23 20:02:58,2025-11-29 10:39:58,Internet Banking
712,Ekta Kannan,,7431197831145185,HDFC0871983,IndusInd Bank,Savings,7630558557,ekta.kannan807@example.com,,Active,1,2025-02-03 14:17:31,2025-02-04 06:18:31,Internet Banking
247,Kalpit Murty,,1553843108012270,SBIN0477369,HDFC Bank,Savings,2013639493,,kalpitmurty9746@okaxis,Active,1,2025-01-02 08:18:25,2025-01-05 15:49:25,Internet Banking
363,Pallavi Subramanian,Personal,1967975660567188,UTIB0859867,IDFC First Bank,Savings,7588928726,pallavi.subramanian98@example.com,pallavisubramanian7109@okhdfcbank,Active,1,2024-04-07 18:32:16,2024-04-12 02:53:16,Internet Banking
210,Ikbal Chander,Office,1945006557416676,YESB0743274,State Bank of India,Savings,9995787897,ikbal.chander925@example.com,,Inactive,1,2025-03-06 21:08:36,2025-03-08 17:53:36,Mobile App
473,Yatan Krishnamurthy,Friend,4642428359944154,INDB0902995,Canara Bank,Savings,,yatan.krishnamurthy872@example.com,,Active,1,2024-11-18 08:43:15,2024-11-20 10:20:15,Internet Banking
763,Abdul Behl,Business,5177261675958515,HDFC0515941,Bank of Baroda,Savings,,abdul.behl77@example.com,,Active,1,2025-08-26 20:03:32,2025-08-31 14:00:32,Mobile App
498,Suhani Koshy,Personal,1476520722914232,YESB0450287,Bank of Baroda,Savings,9110707050,suhani.koshy585@example.com,suhanikoshy4796@okhdfcbank,Active,1,2025-10-13 07:22:37,2025-10-15 02:18:37,Mobile App
276,Jairaj Johal,Brother,3103811187447831,BARB0739833,Bank of Baroda,Savings,2297093653,jairaj.johal920@example.com,jairajjohal3461@okhdfcbank,Active,1,2024-11-09 00:49:09,2024-11-14 02:19:09,Internet Banking
120,Vedhika Soman,,3437551064004107,CNRB0905583,IDFC First Bank,Savings,0440766663,vedhika.soman700@example.com,vedhikasoman973@okhdfcbank,Inactive,0,2026-07-17 14:57:54,,Internet Banking
496,Sathvik Luthra,Mom,7566209981723105,CNRB0970332,Union Bank of India,Savings,9931931237,sathvik.luthra521@example.com,sathvikluthra7642@ybl,Inactive,0,2026-01-31 01:57:37,,Internet Banking
715,Chandani Doctor,Vendor,6625068885877134,PUNB0285682,ICICI Bank,Current,2262286980,chandani.doctor693@example.com,chandanidoctor5623@ybl,Active,0,2024-03-22 09:59:27,,Mobile App
854,Indali Nori,Home,7962247822799301,BARB0996272,Union Bank of India,Current,,indali.nori625@example.com,,Active,1,2024-09-16 20:41:04,2024-09-16 21:06:04,Internet Banking
622,Warjas Bala,Personal,8621307071153577,ICIC0081750,Kotak Mahindra Bank,Savings,7428147280,,warjasbala100@okhdfcbank,Active,1,2025-03-10 02:30:29,2025-03-16 04:00:29,Mobile App
948,Omya Parmar,Office,8613136337673650,IDFB0324803,IDFC First Bank,Savings,3490304000,omya.parmar411@example.com,omyaparmar226@oksbi,Active,0,2025-06-14 07:14:50,,Mobile App
457,Oscar Lala,Sister,4909887194943862,UBIN0854232,Union Bank of India,Savings,1213075941,oscar.lala694@example.com,oscarlala6729@paytm,Active,0,2024-02-01 21:24:52,,Mobile App
162,Varenya Srinivas,Vendor,1587041913454770,UBIN0117585,HDFC Bank,Current,8223250093,varenya.srinivas888@example.com,,Active,1,2024-05-29 06:39:53,2024-06-04 06:21:53,Mobile App
560,Faqid Bhalla,Friend,3968949368950918,INDB0265235,Punjab National Bank,Savings,0527103614,faqid.bhalla905@example.com,faqidbhalla8636@paytm,Active,1,2024-08-17 07:53:12,2024-08-17 21:08:12,Branch
875,Yoshita Saran,,494059672372578,SBIN0095419,IndusInd Bank,Savings,9736711054,yoshita.saran170@example.com,,Active,1,2025-09-13 15:56:27,2025-09-14 15:09:27,Mobile App
446,Chaaya Chopra,Home,5800979301679824,KKBK0189639,HDFC Bank,Savings,1412039254,,,Active,1,2024-07-12 18:41:46,2024-07-13 08:41:46,Mobile App
713,Raghav Anand,Friend,546790156892912,UBIN0863600,Bank of Baroda,Savings,,raghav.anand777@example.com,,Active,1,2026-06-26 04:57:15,2026-06-27 05:31:15,Internet Banking
45,Yadavi Parmer,Vendor,6309481107280624,CNRB0855064,Canara Bank,Savings,4200272922,yadavi.parmer143@example.com,,Active,1,2025-09-26 10:06:11,2025-10-01 17:28:11,Mobile App
985,Neelima Raju,Vendor,2302188216024964,SBIN0249106,Punjab National Bank,Current,7922626876,neelima.raju338@example.com,,Active,1,2024-10-06 00:39:55,2024-10-11 00:17:55,Branch
265,Yatan Jain,Personal,2413768807920950,ICIC0984745,Punjab National Bank,Savings,8056078345,,,Active,1,2025-04-29 07:16:05,2025-05-04 19:02:05,Internet Banking
353,Saksham Agarwal,Friend,793519387579960,UBIN0222900,Bank of Baroda,Savings,5066259540,saksham.agarwal129@example.com,sakshamagarwal8926@okaxis,Active,1,2025-06-23 20:52:08,2025-06-30 03:38:08,Internet Banking
988,Jalsa Sidhu,Personal,9784624981117446,IDFB0190912,Kotak Mahindra Bank,Savings,3473276376,jalsa.sidhu345@example.com,,Active,1,2024-05-31 04:53:11,2024-06-02 18:02:11,Mobile App
789,Quincy Varty,,6217169272299441,SBIN0987785,Union Bank of India,Current,1382979602,quincy.varty37@example.com,,Active,1,2024-11-23 19:33:28,2024-11-30 03:46:28,Internet Banking
217,Gauri Buch,Dad,4077993031988065,IDFB0714708,IndusInd Bank,Current,,gauri.buch980@example.com,gauribuch5563@okhdfcbank,Active,1,2025-06-06 08:12:10,2025-06-11 21:36:10,Internet Banking
113,Aarna Swamy,Home,7698391913589919,ICIC0836004,Yes Bank,Savings,4403521752,aarna.swamy714@example.com,,Active,1,2026-03-19 19:13:32,2026-03-24 14:32:32,Internet Banking
858,Ishwar Ramakrishnan,Friend,6265423375658146,YESB0824356,IDFC First Bank,Savings,7355139401,,,Active,1,2024-07-29 20:41:36,2024-08-05 18:35:36,Branch
962,Lekha Agarwal,Home,3684629527055391,ICIC0370079,IndusInd Bank,Current,3405429399,lekha.agarwal225@example.com,,Active,0,2024-03-01 21:26:31,,Internet Banking
789,Prisha Wali,Dad,4222616862507453,PUNB0880634,Bank of Baroda,Savings,4771393478,prisha.wali929@example.com,prishawali5063@okaxis,Active,1,2025-08-13 17:42:23,2025-08-14 10:07:23,Branch
42,Aarav Radhakrishnan,Home,6206694438122446,UBIN0678478,HDFC Bank,Savings,9885550438,,aaravradhakrishnan4989@paytm,Active,1,2025-12-30 14:35:44,2026-01-03 20:51:44,Internet Banking
8,William Narasimhan,Business,4490110856875203,UBIN0850255,Canara Bank,Savings,2591454543,william.narasimhan854@example.com,williamnarasimhan8433@ybl,Active,1,2026-01-19 10:01:28,2026-01-21 14:19:28,Internet Banking
594,Atharv Sheth,Business,3750929592122042,INDB0529537,Bank of Baroda,Savings,8039458125,atharv.sheth987@example.com,,Active,1,2024-01-28 12:55:02,2024-01-28 13:24:02,Mobile App
130,Lila Dyal,Brother,657953899981555,ICIC0813386,Bank of Baroda,Current,1242807584,lila.dyal579@example.com,liladyal3347@okaxis,Active,1,2024-07-05 10:13:17,2024-07-10 23:42:17,Mobile App
129,Jackson Jha,Business,2105100958230508,SBIN0909215,IDFC First Bank,Savings,4343702943,jackson.jha119@example.com,jacksonjha8206@oksbi,Inactive,1,2026-08-07 16:46:06,2026-08-08 01:13:06,Mobile App
361,Maanas Chacko,,2525397031676726,PUNB0472215,HDFC Bank,Savings,4950720606,maanas.chacko662@example.com,maanaschacko3881@okicici,Active,1,2025-07-21 02:10:43,2025-07-27 18:33:43,Internet Banking
246,Hemang Varghese,,9750365818549810,PUNB0987944,State Bank of India,Savings,,hemang.varghese603@example.com,,Blocked,1,2024-03-23 13:26:34,2024-03-28 20:15:34,Mobile App
149,Chaaya Dixit,Personal,4425760683416083,HDFC0304111,Canara Bank,Savings,8231447565,chaaya.dixit233@example.com,,Blocked,1,2025-12-18 12:55:09,2025-12-24 10:40:09,Mobile App
641,Charvi Pandit,Home,2168153662021158,SBIN0136147,Punjab National Bank,Savings,1395490660,charvi.pandit390@example.com,,Active,1,2026-07-12 02:19:26,2026-07-15 08:53:26,Mobile App
716,Advaith Sidhu,Vendor,1200754426360644,KKBK0654854,IndusInd Bank,Current,,advaith.sidhu303@example.com,,Active,1,2024-07-13 02:11:58,2024-07-15 19:43:58,Mobile App
183,Eiravati Balay,Vendor,48326684218373,YESB0924014,Punjab National Bank,Savings,0533909268,,,Active,1,2025-02-09 03:36:11,2025-02-12 05:05:11,Mobile App
483,Bishakha Rai,Home,7162797295540757,SBIN0131220,Kotak Mahindra Bank,Savings,0495393223,,bishakharai4142@okhdfcbank,Active,1,2025-10-21 12:58:35,2025-10-28 05:50:35,Internet Banking
237,Ekta Bhandari,Mom,4419268150132803,UBIN0765154,ICICI Bank,Savings,4830336067,,ektabhandari3945@okicici,Active,1,2026-08-01 07:07:51,2026-08-05 02:58:51,Internet Banking
744,Vasudha Bahri,Friend,9063419774161585,INDB0564994,IndusInd Bank,Savings,9974580368,,vasudhabahri8708@okhdfcbank,Active,1,2024-12-14 22:19:09,2024-12-21 11:04:09,Mobile App
712,Janaki Sura,Business,2645267846445444,KKBK0047119,Bank of Baroda,Savings,4081090670,janaki.sura406@example.com,,Active,1,2025-03-18 23:59:02,2025-03-25 20:49:02,Internet Banking
851,Lila Khalsa,Vendor,9728465706067935,INDB0635189,Axis Bank,Current,6760645960,,,Active,1,2025-04-26 00:45:04,2025-04-28 17:09:04,Mobile App
394,Laban Sengupta,Brother,4219888054438710,CNRB0136191,Bank of Baroda,Savings,0329657942,,labansengupta3517@okaxis,Active,1,2025-07-11 04:04:54,2025-07-18 03:40:54,Mobile App
401,Avi Chhabra,,7250467174605773,HDFC0227543,ICICI Bank,Savings,8409937074,avi.chhabra262@example.com,,Blocked,1,2026-03-31 02:04:56,2026-03-31 20:58:56,Mobile App
375,Xavier Goyal,Vendor,4395754402855922,KKBK0987448,Punjab National Bank,Savings,6522175159,xavier.goyal99@example.com,xaviergoyal5335@paytm,Active,1,2026-03-03 01:41:58,2026-03-09 11:23:58,Internet Banking
298,Aayush Nazareth,Friend,6742241657217792,IDFB0999432,Axis Bank,Savings,4322571283,aayush.nazareth455@example.com,,Active,1,2026-04-12 13:43:56,2026-04-17 17:02:56,Internet Banking
205,Lopa Prakash,Personal,9300333772752675,BARB0905045,IDFC First Bank,Current,,lopa.prakash629@example.com,lopaprakash1851@paytm,Active,1,2024-01-15 06:12:26,2024-01-19 14:59:26,Internet Banking
137,Leena Bhatti,Vendor,5762021285945241,HDFC0927501,Axis Bank,Savings,6528346383,leena.bhatti969@example.com,,Inactive,1,2024-11-06 01:22:27,2024-11-10 21:00:27,Internet Banking
967,Hemang Hari,,4195162113006072,PUNB0329930,IDFC First Bank,Savings,8538614101,hemang.hari136@example.com,,Inactive,0,2025-04-27 23:40:19,,Internet Banking
737,Ekaraj Magar,Personal,9880263738187548,PUNB0323788,Union Bank of India,Savings,1243768813,,ekarajmagar4260@okicici,Active,1,2025-07-22 19:13:29,2025-07-23 16:11:29,Mobile App
869,Tarak Mitter,Office,760626215547133,PUNB0179726,Axis Bank,Savings,2122551902,tarak.mitter142@example.com,,Active,1,2025-03-09 21:20:23,2025-03-11 21:54:23,Branch
629,Indali Karnik,Dad,4656542675501964,ICIC0999409,HDFC Bank,Savings,4072847764,indali.karnik261@example.com,indalikarnik9236@paytm,Active,1,2024-05-26 02:24:15,2024-05-28 03:23:15,Internet Banking
941,Yuvraj Dutta,Office,6133306449150171,ICIC0117814,HDFC Bank,Current,0256406678,,,Blocked,1,2024-10-10 01:47:14,2024-10-11 21:22:14,Mobile App
255,Devika Bose,Personal,5424957403003167,SBIN0092819,Axis Bank,Current,3281934622,devika.bose793@example.com,devikabose3512@paytm,Active,1,2024-11-30 20:14:39,2024-12-06 02:55:39,Mobile App
504,Ranbir Ghosh,Mom,6522122817083557,ICIC0594914,Yes Bank,Savings,8737050343,,ranbirghosh7235@oksbi,Active,1,2025-02-05 13:18:39,2025-02-06 04:54:39,Mobile App
814,Yashodhara Mallick,,3571276060097995,HDFC0951826,State Bank of India,Savings,6714308659,,yashodharamallick3702@okhdfcbank,Active,1,2025-07-29 18:04:39,2025-07-31 11:07:39,Internet Banking
130,Ganga Behl,Friend,9899303997746698,SBIN0489194,Yes Bank,Savings,7158404693,,gangabehl9359@ybl,Active,1,2026-04-27 10:38:38,2026-04-28 18:37:38,Internet Banking
443,Mugdha Aggarwal,Brother,653060032256227,PUNB0756416,Kotak Mahindra Bank,Current,3416482450,mugdha.aggarwal114@example.com,mugdhaaggarwal5080@okhdfcbank,Blocked,1,2026-03-15 16:11:45,2026-03-15 20:01:45,Mobile App
899,Yashasvi Sood,Personal,8404523104112845,UBIN0957939,IDFC First Bank,Savings,8953445119,yashasvi.sood620@example.com,yashasvisood9997@paytm,Active,1,2025-08-19 15:28:09,2025-08-23 11:59:09,Mobile App
202,Yashoda Bhatnagar,Friend,5064139353530372,PUNB0444980,Canara Bank,Savings,0445976687,,,Inactive,1,2026-02-24 01:17:04,2026-03-02 03:09:04,Internet Banking
731,Ekaraj Walia,Vendor,5793009068295765,IDFB0059481,Axis Bank,Savings,0604678101,ekaraj.walia89@example.com,ekarajwalia8279@oksbi,Active,1,2025-06-29 17:21:39,2025-07-04 08:37:39,Mobile App
525,Leena Dasgupta,,5270790915249059,ICIC0225528,Canara Bank,Savings,7340730560,leena.dasgupta181@example.com,,Active,1,2024-05-22 14:16:35,2024-05-29 06:25:35,Mobile App
524,Dev Krishna,,6624021651880502,UTIB0672019,Yes Bank,Savings,9852025639,dev.krishna275@example.com,,Active,1,2024-10-10 04:32:48,2024-10-13 08:00:48,Internet Banking
14,Daksh Sahni,Personal,4358245981514329,KKBK0265976,HDFC Bank,Savings,6232447922,daksh.sahni308@example.com,dakshsahni8005@okhdfcbank,Active,1,2025-02-02 06:43:45,2025-02-05 06:28:45,Mobile App
680,Ayush Sankaran,Sister,4550954770730372,ICIC0554827,Union Bank of India,Savings,9015481692,ayush.sankaran145@example.com,ayushsankaran3148@okicici,Active,1,2024-06-18 07:52:44,2024-06-23 08:41:44,Mobile App
53,Falak Behl,Personal,5244144159844698,HDFC0851392,Yes Bank,Savings,0125219169,falak.behl125@example.com,falakbehl4409@okicici,Active,1,2024-06-30 20:49:12,2024-07-02 13:38:12,Internet Banking
900,Ekansh Sahota,Vendor,7459269061107801,YESB0268624,IndusInd Bank,Current,2743261034,ekansh.sahota593@example.com,,Active,1,2026-06-24 09:01:22,2026-06-25 14:49:22,Mobile App
835,Madhavi Krish,,5940658313458913,INDB0184649,IndusInd Bank,Savings,6827680184,madhavi.krish973@example.com,madhavikrish2412@okicici,Active,0,2026-06-13 23:59:39,,Branch
528,Azad Bail,Brother,4989511710422465,PUNB0237505,Axis Bank,Savings,8540580359,,,Active,0,2026-05-28 21:41:01,,Mobile App
886,Ryan Tata,,9657956085634908,INDB0197233,Kotak Mahindra Bank,Savings,5808487919,ryan.tata172@example.com,ryantata9021@okaxis,Active,1,2024-01-19 03:15:53,2024-01-24 12:02:53,Branch
662,Riya Varghese,Brother,6213761734724669,INDB0387410,IndusInd Bank,Savings,1638145084,riya.varghese364@example.com,,Active,1,2024-06-23 17:36:59,2024-06-27 06:09:59,Mobile App
355,Banjeet Ramakrishnan,Mom,8795224688807515,INDB0071805,Yes Bank,Savings,7906772836,banjeet.ramakrishnan678@example.com,banjeetramakrishnan4615@okicici,Inactive,0,2025-08-27 11:16:13,,Internet Banking
28,Ishaan Malhotra,Home,6709512683400016,HDFC0860769,State Bank of India,Savings,2931186986,ishaan.malhotra172@example.com,ishaanmalhotra8214@okaxis,Active,1,2025-01-11 22:41:52,2025-01-15 15:40:52,Mobile App
916,Mason Dani,,2887592144258821,IDFB0295644,ICICI Bank,Current,6651292577,mason.dani364@example.com,masondani8802@okaxis,Active,1,2026-05-21 01:17:37,2026-05-22 21:05:37,Branch
625,Falak Nayak,Business,1112561560417485,PUNB0066701,Bank of Baroda,Savings,8377245093,falak.nayak857@example.com,,Active,1,2025-01-29 23:43:28,2025-02-01 10:51:28,Branch
123,Udant Cherian,Sister,6126662074645758,HDFC0288065,Canara Bank,Savings,5609862240,udant.cherian126@example.com,udantcherian75@oksbi,Active,1,2025-11-29 09:49:19,2025-12-03 19:50:19,Internet Banking
772,Leena Narula,Business,5003822487505597,INDB0593626,Canara Bank,Savings,3877702815,leena.narula776@example.com,leenanarula9922@okhdfcbank,Active,1,2025-01-02 00:01:33,2025-01-06 11:47:33,Internet Banking
962,Rayaan Saxena,Personal,1186793492027763,CNRB0852720,Bank of Baroda,Savings,6987506103,rayaan.saxena714@example.com,,Active,1,2025-07-01 08:24:07,2025-07-04 08:44:07,Internet Banking
704,Benjamin Mital,Sister,965167731297006,HDFC0348679,State Bank of India,Savings,1176547094,benjamin.mital497@example.com,benjaminmital5439@paytm,Active,0,2024-02-03 23:15:54,,Mobile App
357,Aahana Thakur,Home,6691513636826291,ICIC0196750,IndusInd Bank,Savings,0293456617,aahana.thakur199@example.com,aahanathakur5834@oksbi,Active,1,2025-12-30 08:47:05,2025-12-31 05:32:05,Mobile App
835,Kashish Jain,Personal,2250103384998188,INDB0703417,Canara Bank,Savings,4414302458,kashish.jain893@example.com,,Active,1,2025-10-10 10:14:38,2025-10-13 11:41:38,Mobile App
598,Advaith Banerjee,,1820447244549723,HDFC0979960,Union Bank of India,Savings,0106460897,advaith.banerjee404@example.com,,Inactive,0,2024-03-02 15:33:54,,Mobile App
72,Ranveer Ramaswamy,Friend,358306604073790,YESB0159672,Punjab National Bank,Savings,4606023863,ranveer.ramaswamy990@example.com,,Active,0,2025-01-27 07:24:25,,Mobile App
309,Ishaan Bhandari,Mom,9597296694953309,CNRB0461881,Kotak Mahindra Bank,Savings,1888105528,ishaan.bhandari944@example.com,ishaanbhandari1323@paytm,Active,1,2025-03-19 11:24:46,2025-03-22 09:26:46,Branch
69,Rushil Virk,,4301728045636934,SBIN0062794,Axis Bank,Savings,5095199104,rushil.virk861@example.com,rushilvirk2147@ybl,Inactive,1,2025-02-24 07:56:28,2025-02-24 12:41:28,Mobile App
765,Thomas Modi,Friend,6450013933805392,SBIN0263272,Kotak Mahindra Bank,Savings,,thomas.modi48@example.com,thomasmodi3302@okaxis,Inactive,0,2026-01-08 14:04:32,,Internet Banking
762,Meghana Dube,Dad,6820341789954048,YESB0873233,Canara Bank,Current,,,meghanadube9794@ybl,Active,1,2026-06-25 14:53:28,2026-06-29 00:39:28,Mobile App
341,Bimala Wali,Sister,127831506938852,IDFB0310005,Canara Bank,Savings,3317732066,,,Active,1,2025-12-14 03:10:07,2025-12-19 02:50:07,Branch
3,Balveer Rajagopalan,Sister,3142776910300507,CNRB0468563,Punjab National Bank,Savings,5679190184,,balveerrajagopalan3489@okhdfcbank,Active,1,2024-02-06 03:06:01,2024-02-07 19:56:01,Mobile App
339,Brijesh Bhat,Sister,5437933056137563,UBIN0398624,Union Bank of India,Savings,4661833799,brijesh.bhat247@example.com,,Active,1,2025-08-16 11:22:39,2025-08-21 16:48:39,Mobile App
636,Omisha Sawhney,Business,7484968530036901,UTIB0140003,HDFC Bank,Savings,,omisha.sawhney11@example.com,omishasawhney3703@paytm,Active,1,2026-07-03 11:26:51,2026-07-07 09:48:51,Mobile App
575,Aarnav Saran,Mom,6313944595231238,UBIN0070318,Union Bank of India,Savings,,aarnav.saran818@example.com,aarnavsaran6937@okicici,Active,1,2025-05-26 14:03:41,2025-05-31 14:03:41,Internet Banking
710,Oeshi Malhotra,Office,8189932898965838,UTIB0639679,Bank of Baroda,Savings,7463183444,oeshi.malhotra161@example.com,,Active,1,2026-05-26 00:15:10,2026-05-30 12:16:10,Branch
290,Januja Sharma,Brother,2585801214672055,ICIC0058083,HDFC Bank,Current,9176000581,januja.sharma329@example.com,janujasharma5207@okaxis,Inactive,1,2024-11-01 02:23:56,2024-11-03 15:47:56,Internet Banking
182,Joshua Bumb,,3113998623508120,UBIN0262020,State Bank of India,Savings,0213976305,,joshuabumb9454@okaxis,Active,0,2025-08-26 17:57:48,,Branch
902,Ayushman Acharya,,5964018445551599,UBIN0007553,IDFC First Bank,Savings,1189904578,ayushman.acharya213@example.com,,Active,1,2025-01-09 03:01:44,2025-01-12 03:10:44,Branch
224,Sarthak Sha,Brother,5764701600433370,CNRB0229207,Punjab National Bank,Current,9317360674,sarthak.sha427@example.com,sarthaksha7160@paytm,Active,1,2026-01-26 05:51:21,2026-01-28 13:03:21,Internet Banking
756,Nathaniel Kale,Brother,5197961635593514,INDB0886941,ICICI Bank,Savings,8381600835,,,Active,1,2025-11-11 10:54:33,2025-11-17 06:25:33,Mobile App
313,Karan Krishnamurthy,,89572930598508,ICIC0630777,IDFC First Bank,Savings,8462105355,karan.krishnamurthy170@example.com,karankrishnamurthy9074@oksbi,Active,1,2025-03-15 13:58:22,2025-03-18 15:06:22,Internet Banking
489,Christopher Sachdeva,Home,1190328806498242,IDFB0200115,IDFC First Bank,Savings,,christopher.sachdeva384@example.com,christophersachdeva4742@oksbi,Active,1,2024-06-27 17:24:22,2024-07-01 14:49:22,Internet Banking
737,Unnati Shanker,Business,7957822494061615,HDFC0272404,Kotak Mahindra Bank,Savings,1364023910,,unnatishanker2151@okhdfcbank,Inactive,1,2024-06-01 18:24:54,2024-06-03 18:20:54,Internet Banking
459,Kamya Sundaram,Vendor,2631030212190945,PUNB0509195,Axis Bank,Current,5327254271,,kamyasundaram6837@ybl,Active,1,2024-01-29 20:34:58,2024-02-04 13:32:58,Mobile App
142,Divya Choudhury,Brother,496939322445457,IDFB0787749,HDFC Bank,Current,,divya.choudhury938@example.com,,Active,1,2024-10-20 23:25:25,2024-10-23 01:05:25,Mobile App
1,Ojas Jain,Business,3263285624569103,UBIN0769129,State Bank of India,Savings,7835702054,ojas.jain580@example.com,ojasjain5049@ybl,Active,1,2025-08-18 17:48:24,2025-08-19 21:03:24,Internet Banking
909,Pavani Halder,Dad,525618480404080,IDFB0971184,ICICI Bank,Savings,6663496679,pavani.halder458@example.com,,Inactive,0,2024-06-25 18:18:03,,Mobile App
673,Viraj Kashyap,,756918261551558,IDFB0069533,Canara Bank,Savings,2271636243,viraj.kashyap332@example.com,,Active,0,2025-08-04 04:20:48,,Internet Banking
911,Yatin Sama,,4425841377806964,CNRB0702834,IndusInd Bank,Savings,0105668677,yatin.sama493@example.com,,Active,1,2024-03-25 14:49:03,2024-03-30 01:07:03,Mobile App
771,Ikbal Mitter,Friend,7563781965584848,BARB0412561,Kotak Mahindra Bank,Current,8337444546,,,Active,1,2025-07-01 17:46:00,2025-07-07 11:38:00,Internet Banking
113,Madhavi Mallick,Business,5323967319037857,ICIC0829842,HDFC Bank,Savings,9460183814,madhavi.mallick731@example.com,madhavimallick4300@okaxis,Active,1,2025-06-05 19:58:48,2025-06-06 01:32:48,Mobile App
410,Gayathri Johal,,2210660969716155,ICIC0500304,HDFC Bank,Savings,2702147121,gayathri.johal752@example.com,gayathrijohal9503@oksbi,Active,1,2026-05-10 15:50:41,2026-05-17 13:55:41,Mobile App
866,Edhitha Sani,Sister,3453407235537158,IDFB0394712,Canara Bank,Savings,5497174151,edhitha.sani788@example.com,edhithasani4265@ybl,Active,1,2025-07-10 21:37:30,2025-07-11 19:17:30,Mobile App
426,Leela Subramanian,Mom,7045724469585352,PUNB0217724,Bank of Baroda,Savings,1251261981,leela.subramanian28@example.com,leelasubramanian5711@paytm,Inactive,1,2024-09-19 20:10:07,2024-09-22 13:24:07,Internet Banking
557,Harini Nagy,Office,3483629087799377,YESB0347740,Union Bank of India,Savings,0449075136,harini.nagy47@example.com,harininagy3989@okaxis,Inactive,0,2025-09-27 04:24:43,,Internet Banking
189,Yashica Sheth,Friend,2370411740043568,YESB0390603,IDFC First Bank,Savings,5885991298,yashica.sheth548@example.com,yashicasheth4287@okhdfcbank,Active,1,2024-08-20 08:48:20,2024-08-26 04:34:20,Mobile App
622,Gabriel Amble,Mom,4140641112984863,CNRB0522013,Axis Bank,Current,6935795418,gabriel.amble855@example.com,,Active,1,2026-05-20 05:24:25,2026-05-20 17:30:25,Internet Banking
100,Hardik Dhaliwal,Mom,1756011863764598,YESB0018488,Axis Bank,Savings,3132319694,hardik.dhaliwal759@example.com,hardikdhaliwal2958@paytm,Active,1,2024-07-31 03:09:14,2024-07-31 07:46:14,Internet Banking
711,Jonathan Nagarajan,,5426233894306632,PUNB0463165,Union Bank of India,Savings,0968024693,jonathan.nagarajan846@example.com,jonathannagarajan4018@okicici,Active,1,2025-03-27 20:09:20,2025-04-01 16:20:20,Internet Banking
908,Niharika Prakash,,4084643663110976,SBIN0248452,Kotak Mahindra Bank,Savings,1746116601,,,Active,1,2024-02-21 23:53:49,2024-02-25 19:52:49,Mobile App
691,Pranit Tiwari,,7367865752208627,CNRB0567149,Union Bank of India,Savings,2963659972,pranit.tiwari262@example.com,pranittiwari9506@oksbi,Active,0,2024-11-04 21:23:26,,Mobile App
167,Praneel Nadig,,3264020695461577,BARB0670919,State Bank of India,Savings,6212608540,praneel.nadig592@example.com,,Active,1,2025-01-07 20:08:58,2025-01-10 05:04:58,Mobile App
37,Hemal Naidu,Vendor,8910807764381617,BARB0405601,Axis Bank,Savings,7894785269,hemal.naidu376@example.com,hemalnaidu2581@okhdfcbank,Active,1,2024-05-17 05:39:07,2024-05-17 21:38:07,Internet Banking
902,Jeet Nazareth,,37690604224211,BARB0505273,Punjab National Bank,Current,4462059034,jeet.nazareth423@example.com,jeetnazareth1671@okhdfcbank,Active,1,2025-07-28 00:51:09,2025-08-03 23:30:09,Internet Banking
131,Xiti Sandal,Office,167056733820076,YESB0108447,Yes Bank,Savings,7823608980,,,Active,1,2024-08-22 14:33:41,2024-08-24 23:23:41,Branch
576,Hemani Srivastava,Personal,7879565240230352,YESB0836531,Canara Bank,Savings,3114566535,hemani.srivastava423@example.com,,Blocked,1,2024-06-26 17:18:12,2024-06-29 09:48:12,Internet Banking
827,Gaurangi Choudhury,Brother,1843947437303143,CNRB0449996,Axis Bank,Savings,2202994632,gaurangi.choudhury252@example.com,gaurangichoudhury286@ybl,Active,1,2024-07-14 18:49:46,2024-07-20 15:09:46,Mobile App
725,Gaurav Venkatesh,Office,5637228628670836,SBIN0142373,HDFC Bank,Savings,5918744741,gaurav.venkatesh49@example.com,gauravvenkatesh835@oksbi,Blocked,1,2024-01-13 18:42:29,2024-01-17 11:31:29,Internet Banking
241,Warda Pandey,Office,6274719309274392,CNRB0985830,ICICI Bank,Savings,8258936901,warda.pandey917@example.com,wardapandey1472@okicici,Active,1,2026-04-17 15:15:18,2026-04-22 00:16:18,Mobile App
748,Omaja Munshi,,9498290804512346,PUNB0906502,ICICI Bank,Current,6027543294,,omajamunshi5169@ybl,Active,1,2024-03-12 05:56:15,2024-03-18 16:56:15,Mobile App
131,Saanvi Buch,Home,898254513907997,SBIN0470471,Kotak Mahindra Bank,Savings,8711370188,saanvi.buch480@example.com,saanvibuch6795@okaxis,Active,1,2025-05-30 17:30:11,2025-06-06 09:14:11,Mobile App
17,Ethan Hayre,Sister,1804276637281093,HDFC0311856,Axis Bank,Savings,4046089502,ethan.hayre319@example.com,ethanhayre2242@paytm,Inactive,0,2026-07-13 05:44:45,,Internet Banking
239,Daksh Raman,,5566725804976389,KKBK0247397,IndusInd Bank,Savings,3885185939,daksh.raman156@example.com,dakshraman308@ybl,Active,1,2026-02-08 04:21:22,2026-02-14 19:21:22,Internet Banking
873,Pahal Tandon,Dad,9603947248300730,ICIC0847428,Yes Bank,Savings,8861034829,,pahaltandon9659@okaxis,Active,1,2025-04-12 06:30:28,2025-04-13 19:07:28,Branch
308,Azad Ramakrishnan,Brother,8204796844858796,UTIB0777628,Kotak Mahindra Bank,Savings,0428276419,,azadramakrishnan8879@okicici,Active,1,2026-02-15 13:36:36,2026-02-19 03:55:36,Mobile App
24,Edhitha Misra,,9303307226944446,INDB0698506,Kotak Mahindra Bank,Savings,7911673160,edhitha.misra789@example.com,,Active,1,2024-08-10 07:26:54,2024-08-13 14:29:54,Mobile App
622,Onveer Aggarwal,Friend,1777939445976948,YESB0784405,Canara Bank,Savings,,onveer.aggarwal234@example.com,onveeraggarwal8313@ybl,Active,1,2026-04-05 10:49:08,2026-04-06 07:48:08,Mobile App
896,Kashish Patla,Friend,5327876962334967,UTIB0486441,Axis Bank,Savings,9125584747,kashish.patla429@example.com,,Active,1,2024-05-21 23:22:03,2024-05-27 12:57:03,Mobile App
110,Udyati Uppal,Brother,3698094339991253,INDB0001064,Punjab National Bank,Savings,9833998456,udyati.uppal827@example.com,,Active,1,2025-05-13 16:15:47,2025-05-17 23:54:47,Mobile App
376,Suhani Butala,Mom,4856169671291390,PUNB0605910,Punjab National Bank,Savings,,suhani.butala572@example.com,suhanibutala3261@okhdfcbank,Active,1,2026-06-05 13:00:27,2026-06-06 10:58:27,Branch
373,Shravya Mohanty,Personal,9479092847788741,UTIB0378549,Yes Bank,Savings,1054024630,shravya.mohanty45@example.com,shravyamohanty1702@okhdfcbank,Active,1,2025-07-31 20:26:49,2025-08-04 22:41:49,Mobile App
898,Warinder Sura,,3547983957295566,YESB0685437,Axis Bank,Current,,warinder.sura48@example.com,warindersura7396@okhdfcbank,Active,0,2026-06-17 23:11:21,,Mobile App
391,Madhav Kothari,Home,5374589024331535,CNRB0727948,Bank of Baroda,Savings,4395997439,madhav.kothari118@example.com,,Blocked,1,2024-03-22 09:04:23,2024-03-24 02:43:23,Mobile App
23,Darsh Korpal,Home,294146601304026,YESB0355390,Union Bank of India,Savings,6723614733,darsh.korpal510@example.com,,Active,1,2025-02-03 22:42:48,2025-02-06 15:39:48,Internet Banking
487,Upma Lad,Mom,5516664029268693,SBIN0543511,Bank of Baroda,Savings,9347175020,upma.lad219@example.com,,Active,1,2025-08-30 10:15:26,2025-09-06 05:53:26,Mobile App
470,Jatin Kari,Sister,679457299443942,KKBK0293831,HDFC Bank,Savings,,jatin.kari231@example.com,,Active,1,2025-04-04 06:37:50,2025-04-07 01:47:50,Mobile App
56,Chaaya Gulati,Business,27063745616710,KKBK0566602,State Bank of India,Savings,2825341739,chaaya.gulati192@example.com,chaayagulati6774@ybl,Active,1,2026-07-12 00:14:29,2026-07-18 02:01:29,Mobile App
711,Nachiket Radhakrishnan,,6976107221250295,UTIB0574571,Bank of Baroda,Savings,8417326483,nachiket.radhakrishnan119@example.com,,Active,1,2025-08-09 09:46:42,2025-08-15 22:34:42,Mobile App
785,Prisha Bali,Office,262465304097689,UBIN0592779,State Bank of India,Savings,,,prishabali6303@okhdfcbank,Active,0,2025-06-10 11:52:06,,Mobile App
252,Darika Bora,Vendor,4308749081101945,INDB0448959,Union Bank of India,Savings,4949907375,darika.bora115@example.com,,Active,1,2025-10-19 07:31:17,2025-10-19 16:21:17,Mobile App
362,Nisha Anne,Business,6004936505678257,INDB0562596,IDFC First Bank,Savings,3965744379,nisha.anne50@example.com,,Active,1,2024-07-03 07:40:49,2024-07-04 15:01:49,Mobile App
699,Hemangini Keer,,6327069201988145,IDFB0947610,Axis Bank,Savings,1119044644,hemangini.keer752@example.com,,Active,0,2026-08-01 08:24:15,,Branch
263,Samesh Sethi,,8449466870519646,SBIN0931302,Punjab National Bank,Savings,2190195049,samesh.sethi367@example.com,sameshsethi7403@okaxis,Active,1,2025-10-30 07:01:47,2025-11-04 05:05:47,Internet Banking
772,Damyanti Iyer,Sister,8390152078822719,BARB0099373,HDFC Bank,Savings,,damyanti.iyer311@example.com,damyantiiyer5955@paytm,Active,1,2025-11-29 13:12:17,2025-12-06 02:50:17,Mobile App
208,Pallavi Madan,Business,1374009539551146,HDFC0725513,HDFC Bank,Savings,4333737876,pallavi.madan469@example.com,,Active,1,2024-03-28 01:29:54,2024-04-02 12:09:54,Internet Banking
400,Chaaya Luthra,Office,3369168606486824,IDFB0074217,Kotak Mahindra Bank,Savings,7998211796,chaaya.luthra253@example.com,,Active,1,2024-10-16 08:03:13,2024-10-19 07:30:13,Mobile App
405,Eiravati Yohannan,Office,5332519512973279,SBIN0164453,ICICI Bank,Savings,6916913491,eiravati.yohannan968@example.com,eiravatiyohannan5748@oksbi,Active,1,2026-03-18 06:42:21,2026-03-23 17:01:21,Internet Banking
308,Advay Balay,Brother,7503923299633102,KKBK0033458,Union Bank of India,Savings,,,advaybalay9445@ybl,Active,1,2025-03-10 02:18:02,2025-03-10 03:40:02,Internet Banking
602,Lekha Ghosh,,790476466024838,CNRB0329745,Canara Bank,Savings,,lekha.ghosh858@example.com,lekhaghosh4287@paytm,Active,1,2025-05-31 22:48:53,2025-06-02 20:59:53,Mobile App
574,Neel Ray,Home,6528077339355178,UTIB0883405,Canara Bank,Savings,0340893856,neel.ray117@example.com,neelray4831@ybl,Active,1,2024-11-29 23:24:52,2024-12-06 01:50:52,Internet Banking
542,Ekiya Modi,Vendor,4457601063216585,HDFC0117458,Canara Bank,Savings,3368001926,ekiya.modi180@example.com,,Active,0,2024-08-13 23:09:06,,Internet Banking
28,Tanveer Chokshi,Mom,3569763921847941,BARB0241108,Bank of Baroda,Savings,3886602803,tanveer.chokshi261@example.com,,Active,1,2024-03-22 04:36:49,2024-03-22 20:10:49,Mobile App
612,Logan Vora,,5543435715168098,HDFC0495095,State Bank of India,Savings,3514878304,logan.vora223@example.com,loganvora6338@oksbi,Active,1,2026-01-27 20:16:21,2026-01-30 07:42:21,Mobile App
280,Wazir Sen,Mom,4062948453774322,PUNB0843346,IndusInd Bank,Savings,4993349337,wazir.sen914@example.com,,Inactive,0,2026-06-09 07:06:27,,Internet Banking
52,Omisha Narayan,,5974553480531693,HDFC0113760,State Bank of India,Savings,0262525412,,omishanarayan6106@ybl,Active,1,2026-04-23 17:38:41,2026-04-25 23:40:41,Branch
685,Tristan Shankar,Home,101244144518384,YESB0685915,IDFC First Bank,Savings,1906287220,,tristanshankar4165@oksbi,Active,1,2024-04-08 19:58:37,2024-04-15 04:09:37,Branch
386,Hritik Lal,Business,6879128820545234,IDFB0813951,Union Bank of India,Savings,4210204085,,hritiklal6073@okaxis,Active,1,2024-01-31 04:36:54,2024-02-03 23:27:54,Mobile App
984,Kabir Barad,Dad,9323092672569540,HDFC0981149,Kotak Mahindra Bank,Current,4651420271,,kabirbarad6996@paytm,Blocked,1,2026-05-25 06:58:26,2026-05-29 02:59:26,Mobile App
565,Diya Arora,,506475004623775,HDFC0309372,Canara Bank,Savings,2585361865,diya.arora29@example.com,diyaarora5416@oksbi,Active,1,2024-12-30 08:04:29,2025-01-03 14:14:29,Internet Banking
581,Chaitaly Grewal,Brother,2546051614161018,SBIN0002859,Punjab National Bank,Savings,,chaitaly.grewal578@example.com,,Inactive,0,2024-04-04 18:29:19,,Internet Banking
195,Theodore Tank,Friend,9387054672964042,YESB0711437,Bank of Baroda,Savings,4419666511,theodore.tank461@example.com,,Active,1,2024-11-29 13:05:16,2024-11-30 04:40:16,Internet Banking
122,Brinda Bumb,Business,3676260992247794,CNRB0287050,State Bank of India,Savings,5965116750,brinda.bumb832@example.com,brindabumb4234@okaxis,Active,1,2026-01-23 00:01:06,2026-01-28 11:44:06,Branch
789,Jeremiah Mishra,,4204806249355271,HDFC0137368,Kotak Mahindra Bank,Savings,8096778714,jeremiah.mishra930@example.com,,Active,1,2026-06-01 12:26:09,2026-06-02 03:23:09,Mobile App
66,Gaurangi Tiwari,Vendor,8268756259604299,BARB0695368,Kotak Mahindra Bank,Savings,9773769243,gaurangi.tiwari482@example.com,gaurangitiwari7320@ybl,Active,1,2026-08-07 03:01:06,2026-08-10 06:30:06,Branch
669,Madhav Bhat,,4849614208464338,UTIB0195138,Punjab National Bank,Savings,7569479200,madhav.bhat168@example.com,,Active,1,2025-03-08 13:35:44,2025-03-11 20:26:44,Mobile App
548,Qushi Chaudhuri,,5750733057090071,UBIN0755530,State Bank of India,Savings,6360963642,,qushichaudhuri7558@paytm,Active,0,2024-09-04 19:57:05,,Mobile App
902,Sachi Hegde,Personal,4797656526705940,KKBK0851236,IDFC First Bank,Savings,,sachi.hegde67@example.com,,Active,1,2024-12-30 10:12:44,2024-12-30 15:18:44,Mobile App
35,Upkaar Salvi,Dad,4754474101239846,HDFC0675293,Bank of Baroda,Savings,,upkaar.salvi596@example.com,,Active,1,2025-06-26 10:25:14,2025-06-30 20:02:14,Mobile App
108,Saanvi Sahota,Business,6483107115502287,SBIN0630383,IDFC First Bank,Savings,7725590372,,saanvisahota2292@ybl,Active,1,2026-01-06 03:20:53,2026-01-12 13:42:53,Internet Banking
925,Rachit Padmanabhan,Business,7729188617286062,BARB0489693,ICICI Bank,Current,9770412527,,,Active,1,2024-01-07 10:59:34,2024-01-13 03:06:34,Internet Banking
422,Ekta Devi,,8057520474195816,BARB0467813,HDFC Bank,Savings,9171449716,,ektadevi2081@okicici,Active,0,2025-12-30 08:11:44,,Mobile App
45,Pranav Balay,Sister,545147444593583,HDFC0630545,HDFC Bank,Savings,4715872040,pranav.balay604@example.com,pranavbalay7404@okicici,Inactive,1,2024-12-14 05:13:57,2024-12-15 00:30:57,Mobile App
186,Amaira Sengupta,,8788976503432040,KKBK0641527,Axis Bank,Savings,7789387039,amaira.sengupta697@example.com,amairasengupta9995@okicici,Active,1,2025-02-28 03:29:54,2025-03-02 11:21:54,Mobile App
411,Mitesh Bhasin,Friend,7471982608915076,YESB0120116,State Bank of India,Savings,3642117697,mitesh.bhasin776@example.com,miteshbhasin2211@oksbi,Active,0,2025-09-15 13:33:21,,Mobile App
824,Azaan Choudhary,,4709063442131028,UBIN0524272,IndusInd Bank,Savings,8421427918,azaan.choudhary438@example.com,,Active,1,2024-09-28 13:22:52,2024-09-30 02:37:52,Mobile App
431,Pavani Prashad,,3763071355213224,KKBK0872268,Punjab National Bank,Savings,2422623927,,pavaniprashad6110@ybl,Active,0,2024-12-03 04:18:18,,Mobile App
476,Krishna Savant,Office,1790982205384422,UTIB0142890,Punjab National Bank,Savings,6260568481,krishna.savant820@example.com,krishnasavant2779@paytm,Active,1,2026-01-07 10:46:19,2026-01-08 03:01:19,Internet Banking
868,Yutika Bal,Dad,2011486295598320,HDFC0888747,IDFC First Bank,Savings,5617109341,yutika.bal103@example.com,yutikabal1902@oksbi,Active,1,2024-05-21 08:59:33,2024-05-25 19:46:33,Mobile App
787,Manthan Pau,Home,8488944367904271,ICIC0125337,State Bank of India,Savings,8059499081,manthan.pau221@example.com,manthanpau8549@okhdfcbank,Active,0,2024-02-06 04:14:55,,Mobile App
340,Nitara Narayanan,Dad,1812592365400353,YESB0502595,IDFC First Bank,Current,0102637581,nitara.narayanan519@example.com,nitaranarayanan589@okicici,Active,1,2025-04-16 13:38:02,2025-04-21 12:43:02,Mobile App
301,Wakeeta Sanghvi,Dad,12445808131208,CNRB0810133,HDFC Bank,Savings,2437623033,wakeeta.sanghvi271@example.com,,Active,1,2026-04-21 22:55:20,2026-04-26 19:36:20,Internet Banking
517,Teerth Bhavsar,,1420288847094464,KKBK0037968,Axis Bank,Savings,,teerth.bhavsar866@example.com,teerthbhavsar113@ybl,Active,1,2025-09-25 14:10:11,2025-09-27 03:13:11,Internet Banking
283,Krishna Sahota,Mom,7501963490197512,ICIC0597589,Union Bank of India,Savings,,krishna.sahota591@example.com,,Active,1,2024-05-15 15:32:27,2024-05-18 20:47:27,Mobile App
185,Arjun Raju,Sister,5121202226221894,YESB0745458,Punjab National Bank,Savings,7071954200,arjun.raju368@example.com,arjunraju5223@paytm,Active,1,2025-07-29 22:04:31,2025-08-01 10:41:31,Mobile App
47,Zilmil Din,,5069563572495488,CNRB0442579,ICICI Bank,Savings,3175919752,zilmil.din328@example.com,zilmildin9061@paytm,Inactive,0,2024-11-30 05:28:52,,Internet Banking
936,Pahal Bali,,2781235743542497,KKBK0211873,IDFC First Bank,Current,7943291066,pahal.bali450@example.com,pahalbali8854@okicici,Active,1,2024-05-14 18:24:46,2024-05-18 08:45:46,Mobile App
331,Nitara Mittal,,4687414088909834,INDB0882160,Canara Bank,Savings,5504627576,nitara.mittal653@example.com,nitaramittal1611@oksbi,Active,1,2026-07-05 14:58:09,2026-07-10 14:12:09,Mobile App
227,Daksha Shroff,Vendor,1685799954084016,CNRB0642348,Yes Bank,Savings,8802716126,,,Active,0,2024-06-06 07:07:03,,Internet Banking
354,Benjamin Edwin,Mom,1080329845450644,KKBK0905161,Punjab National Bank,Current,6243522606,,,Active,1,2024-07-12 21:10:25,2024-07-17 10:02:25,Branch
262,Turvi Bala,Mom,2116321378072735,KKBK0178988,Axis Bank,Savings,5791264181,turvi.bala603@example.com,,Inactive,0,2024-10-20 03:49:00,,Mobile App
655,Darpan Ganesh,Home,7165380400614195,HDFC0878507,Yes Bank,Current,0749205691,,darpanganesh2813@okhdfcbank,Active,1,2025-11-16 21:13:04,2025-11-22 22:21:04,Mobile App
809,Robert Joshi,Sister,6670941818181142,INDB0250262,Union Bank of India,Current,6186199779,robert.joshi547@example.com,,Inactive,0,2025-12-03 17:02:54,,Internet Banking
817,Rudra Bora,Vendor,7312841987587420,ICIC0244203,Kotak Mahindra Bank,Current,8439322564,rudra.bora999@example.com,,Active,1,2025-04-02 19:04:35,2025-04-03 01:31:35,Mobile App
488,Hemani Toor,Dad,289072579512599,CNRB0483215,ICICI Bank,Savings,1307835406,,,Active,1,2024-02-01 18:28:00,2024-02-08 04:11:00,Mobile App
465,Yashoda Choudhry,Home,9491100798943816,BARB0953943,State Bank of India,Savings,8318105150,yashoda.choudhry16@example.com,,Inactive,0,2026-03-16 09:23:52,,Mobile App
436,Balvan Saini,,2993149123014467,PUNB0245844,Union Bank of India,Current,1910069943,,,Active,1,2024-07-11 19:05:51,2024-07-14 04:38:51,Internet Banking
992,Amruta Seshadri,,6656663684746649,IDFB0832855,Union Bank of India,Savings,4892541516,amruta.seshadri459@example.com,amrutaseshadri9787@okicici,Inactive,0,2024-06-02 18:30:24,,Mobile App
220,Azad Bumb,,3045488870138359,BARB0430040,IDFC First Bank,Savings,1592800816,azad.bumb322@example.com,azadbumb2824@okaxis,Active,1,2024-04-05 10:41:27,2024-04-09 07:38:27,Mobile App
525,Harshil Rau,Brother,8086643765766883,SBIN0512706,IDFC First Bank,Savings,0805197052,harshil.rau679@example.com,,Active,1,2026-04-29 04:09:24,2026-05-01 14:29:24,Mobile App
751,Charles Barad,Home,9994063756735716,HDFC0711788,Punjab National Bank,Savings,2600207844,charles.barad597@example.com,,Active,1,2024-02-18 10:00:22,2024-02-25 01:44:22,Branch
936,Vihaan Raju,Mom,5836002570750247,YESB0813900,Axis Bank,Savings,1933986836,vihaan.raju720@example.com,,Active,1,2024-07-31 04:08:28,2024-08-05 09:10:28,Internet Banking
570,Vritti Chawla,,2304731471382192,PUNB0315558,Punjab National Bank,Savings,4653940709,vritti.chawla914@example.com,,Active,1,2024-01-26 01:09:34,2024-01-27 11:57:34,Mobile App
281,Gauri Sood,Dad,7779706484712285,ICIC0380861,Union Bank of India,Savings,,gauri.sood944@example.com,gaurisood816@okhdfcbank,Active,0,2025-10-28 09:37:16,,Internet Banking
817,Ranveer Rastogi,,3777090409189811,PUNB0544747,Bank of Baroda,Savings,0023181099,ranveer.rastogi129@example.com,,Active,1,2026-04-01 14:45:31,2026-04-07 01:18:31,Internet Banking
354,Bina Baral,Office,5577511811219976,IDFB0381282,IDFC First Bank,Savings,7797684455,,binabaral7764@okicici,Active,1,2026-04-11 12:50:52,2026-04-13 13:56:52,Branch
824,Aarnav Amble,Vendor,678776359077921,ICIC0623889,Bank of Baroda,Savings,5872748791,aarnav.amble499@example.com,aarnavamble6167@ybl,Active,1,2024-06-26 12:58:34,2024-06-29 08:51:34,Internet Banking
273,Rajata Bal,Brother,1153829196016208,BARB0234346,Canara Bank,Current,4203648078,rajata.bal286@example.com,rajatabal123@paytm,Active,1,2025-04-21 23:07:08,2025-04-27 12:03:08,Mobile App
65,Nicholas Mutti,Dad,4956236795143269,PUNB0989545,HDFC Bank,Savings,6074950128,nicholas.mutti87@example.com,nicholasmutti2921@okhdfcbank,Active,1,2026-05-11 21:19:45,2026-05-17 12:55:45,Mobile App
764,Ayaan Patla,Personal,5642592762540877,SBIN0780667,Canara Bank,Savings,6372992904,,ayaanpatla2005@okicici,Active,1,2024-11-01 05:09:46,2024-11-04 19:12:46,Branch
700,Bahadurjit Tak,Dad,6224762442648895,BARB0762211,IDFC First Bank,Savings,,bahadurjit.tak807@example.com,,Active,0,2025-06-14 14:17:12,,Internet Banking
306,Baghyawati Borah,,9163842024075533,HDFC0371305,Kotak Mahindra Bank,Savings,0531008192,baghyawati.borah861@example.com,baghyawatiborah8061@oksbi,Active,1,2024-03-13 12:33:10,2024-03-13 22:25:10,Mobile App
800,Qadim Sehgal,,9519748378639629,ICIC0846068,HDFC Bank,Savings,9922147334,qadim.sehgal949@example.com,qadimsehgal1835@paytm,Active,1,2026-08-16 11:56:50,2026-08-17 23:59:59,Internet Banking
297,Harshil Jani,Dad,152371569899250,ICIC0883107,State Bank of India,Savings,5477619466,harshil.jani860@example.com,harshiljani4365@oksbi,Active,1,2025-12-30 06:05:36,2025-12-31 22:59:36,Mobile App
541,Balendra Kara,Friend,3200758487379026,KKBK0791932,State Bank of India,Current,3638796701,balendra.kara534@example.com,balendrakara5332@oksbi,Active,0,2025-02-18 01:59:16,,Mobile App
186,Yachana Butala,Brother,4547846477859505,YESB0044618,Yes Bank,Savings,6645911382,yachana.butala312@example.com,yachanabutala7233@okicici,Active,1,2025-05-25 04:58:03,2025-05-25 16:00:03,Mobile App
16,Gunbir Kothari,,2759925231372815,INDB0128169,State Bank of India,Savings,4961226709,gunbir.kothari233@example.com,gunbirkothari1449@ybl,Active,0,2025-06-20 02:30:49,,Mobile App
456,Ishita Palan,Vendor,8702177307332759,SBIN0162760,Kotak Mahindra Bank,Savings,1050036297,ishita.palan849@example.com,,Active,0,2025-06-12 02:32:52,,Mobile App
869,Atharv Mani,,3201682128732699,CNRB0562115,IndusInd Bank,Current,8356771240,atharv.mani680@example.com,atharvmani8916@paytm,Active,0,2024-08-16 18:30:30,,Internet Banking
598,Aditya Saha,,1376692349299631,CNRB0927903,State Bank of India,Savings,1617688020,aditya.saha333@example.com,adityasaha4460@oksbi,Active,1,2024-02-06 18:40:26,2024-02-07 20:55:26,Branch
938,Gabriel Bir,Office,9054586212850713,UBIN0778946,State Bank of India,Current,2967127321,gabriel.bir512@example.com,,Active,1,2025-01-15 19:38:32,2025-01-18 02:21:32,Internet Banking
296,Libni Joshi,,2795067443931838,KKBK0296058,Yes Bank,Savings,7139423491,libni.joshi64@example.com,libnijoshi6694@oksbi,Active,1,2024-03-06 13:04:23,2024-03-08 09:54:23,Internet Banking
976,Aarush Narasimhan,Office,3393661016753289,PUNB0908298,Canara Bank,Savings,6525144629,,,Active,1,2024-04-14 13:23:29,2024-04-20 16:25:29,Mobile App
824,Ayaan Maharaj,Friend,6493618119450213,UTIB0397591,IDFC First Bank,Savings,,ayaan.maharaj255@example.com,,Active,1,2026-06-16 17:14:04,2026-06-17 11:36:04,Mobile App
693,Xavier Pathak,Friend,6203170893401586,ICIC0890415,Axis Bank,Current,,,xavierpathak118@oksbi,Active,1,2026-07-19 22:07:59,2026-07-26 08:50:59,Mobile App
133,Jeevika Korpal,Dad,6336746658604139,IDFB0300401,IndusInd Bank,Savings,3705976173,jeevika.korpal779@example.com,jeevikakorpal9491@okaxis,Active,1,2025-11-08 15:46:53,2025-11-09 16:33:53,Internet Banking
815,Ekavir Balakrishnan,,6595232846041,YESB0131890,Union Bank of India,Savings,9095001812,ekavir.balakrishnan710@example.com,ekavirbalakrishnan1960@ybl,Active,1,2025-08-16 02:15:27,2025-08-17 11:48:27,Internet Banking
733,Chakradhar Rajagopalan,Mom,3552981858120284,YESB0731153,Yes Bank,Savings,0794717469,,,Active,0,2024-02-13 10:34:20,,Mobile App
396,Veer Suresh,,7958780101584061,PUNB0510075,Kotak Mahindra Bank,Savings,2299823945,veer.suresh417@example.com,veersuresh3372@okaxis,Inactive,1,2026-07-25 12:35:40,2026-07-25 19:34:40,Internet Banking
440,Devika Salvi,,9598701717369367,ICIC0028323,Bank of Baroda,Current,1718061683,,,Active,1,2024-01-27 16:04:37,2024-01-27 19:40:37,Branch
892,Urvi Rout,,335051810281593,BARB0963935,Yes Bank,Savings,8424377146,urvi.rout234@example.com,,Inactive,0,2024-06-13 21:13:23,,Mobile App
117,Mohammed Kibe,Office,8568817173669711,PUNB0369148,ICICI Bank,Savings,5347461113,mohammed.kibe149@example.com,mohammedkibe8553@oksbi,Active,1,2025-03-05 03:58:16,2025-03-08 12:47:16,Internet Banking
774,Isha Gera,Personal,2609600258991748,INDB0822484,Kotak Mahindra Bank,Savings,1244981711,isha.gera371@example.com,,Active,1,2024-10-11 15:30:06,2024-10-14 15:36:06,Mobile App
213,Frederick Sekhon,Vendor,9067991005594178,HDFC0776935,IDFC First Bank,Savings,0379208559,frederick.sekhon581@example.com,fredericksekhon4594@ybl,Active,1,2025-07-23 00:23:50,2025-07-27 20:04:50,Internet Banking
862,Lucky Lanka,Home,2799479590144331,IDFB0642607,Bank of Baroda,Current,8164898875,lucky.lanka639@example.com,luckylanka7075@okicici,Active,1,2026-06-11 11:39:22,2026-06-13 00:36:22,Internet Banking
720,Gautami Dube,Mom,2548244557674517,BARB0608643,HDFC Bank,Savings,1963270203,gautami.dube440@example.com,gautamidube1705@paytm,Active,0,2025-08-27 21:19:08,,Mobile App
670,Vivaan Krishnan,Home,438445061195154,KKBK0424538,Union Bank of India,Savings,5192319057,vivaan.krishnan180@example.com,vivaankrishnan1363@oksbi,Inactive,0,2025-01-15 14:36:08,,Branch
276,Amrita Saraf,Friend,9859840162549211,HDFC0525723,Union Bank of India,Savings,2923599037,amrita.saraf938@example.com,amritasaraf6445@paytm,Active,1,2026-03-07 05:30:05,2026-03-07 19:18:05,Internet Banking
860,Brijesh Chandran,Sister,368633395756473,IDFB0346255,IndusInd Bank,Savings,8343186933,,brijeshchandran7976@okicici,Active,1,2026-03-03 10:25:46,2026-03-05 11:21:46,Internet Banking
881,Sachi Wali,,1890744104323346,BARB0907143,State Bank of India,Savings,2622790216,sachi.wali358@example.com,sachiwali9351@oksbi,Active,1,2026-07-14 05:17:27,2026-07-21 01:00:27,Mobile App
83,Saksham Mitter,Office,6599162377913007,CNRB0353181,IndusInd Bank,Savings,7222079076,saksham.mitter718@example.com,,Active,1,2024-10-28 17:04:11,2024-11-01 20:28:11,Mobile App
892,Garima Chakrabarti,Friend,2280897180858976,CNRB0234238,HDFC Bank,Savings,,garima.chakrabarti515@example.com,garimachakrabarti1697@okhdfcbank,Inactive,0,2025-07-29 13:42:29,,Mobile App
547,Yoshita Sahni,Sister,8144573183890217,BARB0763707,Axis Bank,Savings,,yoshita.sahni847@example.com,,Active,1,2026-01-20 06:15:43,2026-01-26 01:22:43,Mobile App
36,Oscar Sanghvi,,7594167975787700,CNRB0963351,Union Bank of India,Current,8739725953,oscar.sanghvi400@example.com,oscarsanghvi965@okicici,Active,1,2024-11-20 11:31:42,2024-11-23 15:10:42,Mobile App
164,Champak Dora,,4819203364040655,UTIB0478511,Yes Bank,Savings,6267330729,champak.dora707@example.com,champakdora1534@paytm,Inactive,0,2024-09-09 12:09:18,,Mobile App
68,Harrison Sachar,Friend,6352792239238956,UBIN0014648,Yes Bank,Savings,2784595781,harrison.sachar795@example.com,harrisonsachar738@oksbi,Inactive,1,2025-06-04 21:00:33,2025-06-05 08:57:33,Internet Banking
189,Rayaan Modi,,1326624098119470,YESB0254852,IDFC First Bank,Savings,,rayaan.modi403@example.com,rayaanmodi9991@okicici,Inactive,0,2026-05-23 03:49:05,,Mobile App
587,Jeremiah Sheth,,3854407665520579,BARB0366656,IndusInd Bank,Savings,9528994131,jeremiah.sheth724@example.com,,Inactive,1,2025-10-20 12:00:23,2025-10-27 00:08:23,Internet Banking
198,Yamini Ram,,5130857041222751,CNRB0457429,IDFC First Bank,Savings,8076466875,,yaminiram8264@okaxis,Active,1,2024-11-19 12:57:57,2024-11-20 09:42:57,Internet Banking
214,Akshay Mand,,195112688137257,INDB0386668,State Bank of India,Savings,5126456965,akshay.mand552@example.com,akshaymand1622@oksbi,Active,1,2026-03-31 19:49:06,2026-04-02 04:06:06,Mobile App
953,Naksh Bajaj,Sister,9736796893422833,BARB0460845,Bank of Baroda,Current,3571328013,naksh.bajaj546@example.com,,Active,1,2025-01-21 01:54:48,2025-01-25 17:03:48,Internet Banking
556,Aahana Narasimhan,Personal,6151238702500312,KKBK0790239,Canara Bank,Savings,3944193706,,,Active,0,2025-03-19 20:39:14,,Internet Banking
3,Fariq Gandhi,,8021591209777233,CNRB0167571,State Bank of India,Savings,5234060182,fariq.gandhi700@example.com,fariqgandhi1974@ybl,Active,1,2025-09-23 21:13:17,2025-09-29 20:37:17,Internet Banking
634,Ekta Misra,,1201498599675138,UTIB0804996,Bank of Baroda,Savings,4685171813,ekta.misra915@example.com,ektamisra2925@paytm,Active,1,2024-12-25 11:00:33,2024-12-25 17:29:33,Internet Banking
18,Anthony Bhakta,,3011318703089615,CNRB0277340,Bank of Baroda,Savings,9036989082,,anthonybhakta1836@paytm,Active,1,2025-04-28 18:10:44,2025-04-30 18:41:44,Mobile App
74,Faras Rastogi,,6891402350538829,PUNB0386420,IDFC First Bank,Savings,8826022575,faras.rastogi604@example.com,,Inactive,0,2025-09-26 11:40:04,,Mobile App
299,Yadavi Magar,,6165091324366107,CNRB0533968,HDFC Bank,Savings,0082346198,yadavi.magar287@example.com,yadavimagar6442@oksbi,Active,0,2026-03-10 21:28:39,,Branch
868,Odika Saran,Business,1365205455820251,UBIN0381255,IDFC First Bank,Current,,,odikasaran1159@okaxis,Active,0,2025-02-17 14:22:57,,Mobile App
414,Janani Kalla,Mom,7736979642467212,PUNB0967076,Bank of Baroda,Savings,0216385693,,jananikalla9905@okaxis,Active,1,2026-07-05 07:54:21,2026-07-08 11:26:21,Branch
737,Yutika Konda,Home,9134740465774580,BARB0834045,Yes Bank,Savings,8571886321,yutika.konda827@example.com,,Active,1,2025-10-13 05:27:15,2025-10-17 12:05:15,Mobile App
571,Kamya Sur,Dad,3831275005230055,UTIB0633262,IndusInd Bank,Savings,1943794418,kamya.sur306@example.com,kamyasur4944@okhdfcbank,Active,1,2025-01-24 10:58:25,2025-01-29 04:23:25,Mobile App
426,Bakhshi Basu,Home,9018326641799780,HDFC0012044,HDFC Bank,Savings,4833526014,bakhshi.basu103@example.com,bakhshibasu6613@okicici,Active,1,2024-06-01 02:36:46,2024-06-07 23:05:46,Mobile App
6,Robert D’Alia,Friend,7943287532800214,YESB0004975,Canara Bank,Current,9069410497,robert.d’alia359@example.com,robertd’alia2423@okaxis,Active,1,2026-05-22 15:34:08,2026-05-23 23:46:08,Internet Banking
934,Tanay Dora,,8763975559112415,ICIC0316909,Canara Bank,Savings,0435718525,tanay.dora621@example.com,tanaydora863@oksbi,Active,1,2026-02-10 22:37:21,2026-02-14 17:57:21,Internet Banking
581,Chakradev Kohli,Business,5805694796525570,UTIB0906166,Bank of Baroda,Savings,2066145160,chakradev.kohli459@example.com,,Active,1,2025-12-13 08:14:19,2025-12-16 17:35:19,Internet Banking
562,Unni Hayer,Dad,6164682207094250,KKBK0566139,HDFC Bank,Savings,8010351721,unni.hayer110@example.com,unnihayer9481@okicici,Active,1,2026-03-15 11:46:49,2026-03-21 01:06:49,Mobile App
325,Ansh Talwar,Brother,521157020353239,IDFB0838419,IndusInd Bank,Savings,,ansh.talwar336@example.com,anshtalwar8139@oksbi,Active,1,2026-04-19 10:22:12,2026-04-21 04:11:12,Mobile App
292,Nilima Devi,Business,6630956123986653,YESB0137455,Yes Bank,Savings,8952094735,nilima.devi334@example.com,,Active,1,2026-02-13 17:37:15,2026-02-15 17:40:15,Mobile App
95,Jacob Sarna,Dad,7674324693961212,IDFB0072192,IDFC First Bank,Savings,9346709891,jacob.sarna955@example.com,jacobsarna9339@okaxis,Active,1,2024-01-05 16:41:18,2024-01-09 11:47:18,Branch
552,Michael Munshi,Home,3655827827225492,UTIB0827549,State Bank of India,Savings,9064452805,,,Active,1,2026-07-02 22:16:35,2026-07-08 17:42:35,Internet Banking
363,Jeevika Talwar,Sister,9002909043882351,KKBK0233776,HDFC Bank,Savings,7886211300,jeevika.talwar843@example.com,jeevikatalwar5706@paytm,Active,1,2025-10-20 16:12:34,2025-10-22 14:12:34,Mobile App
909,Riya Yadav,,263788174479127,KKBK0910866,Punjab National Bank,Savings,3135614313,riya.yadav267@example.com,,Active,0,2024-10-02 02:36:24,,Mobile App
928,Bimala Bhatnagar,,4102690720086240,KKBK0673727,IDFC First Bank,Savings,0247827939,bimala.bhatnagar300@example.com,bimalabhatnagar6631@ybl,Active,1,2025-09-08 10:21:28,2025-09-12 13:20:28,Mobile App
30,Timothy Bhargava,,1801361645791426,UTIB0914058,State Bank of India,Savings,3345601749,timothy.bhargava933@example.com,,Active,0,2025-06-26 02:24:14,,Internet Banking
555,Devika Virk,Office,6215140719097589,KKBK0822247,Union Bank of India,Savings,0966558862,devika.virk477@example.com,devikavirk225@okaxis,Active,1,2025-05-21 14:23:42,2025-05-27 21:04:42,Mobile App
141,Bachittar Cherian,,2531912054788511,INDB0517629,Bank of Baroda,Current,5585838411,bachittar.cherian341@example.com,,Active,1,2025-09-08 22:04:45,2025-09-11 23:28:45,Mobile App
544,Pratyush Mohanty,,4620908995989898,BARB0959625,IndusInd Bank,Savings,6763905864,pratyush.mohanty874@example.com,,Active,1,2024-12-25 19:53:59,2024-12-28 11:37:59,Mobile App
365,Vansha Varkey,Vendor,5377137253674478,HDFC0614978,Bank of Baroda,Savings,5076500556,vansha.varkey449@example.com,,Active,1,2024-11-29 11:31:25,2024-11-29 12:34:25,Mobile App
483,Anay Mishra,Mom,5475046077543945,YESB0166295,HDFC Bank,Current,2466685630,anay.mishra860@example.com,anaymishra4533@paytm,Inactive,1,2025-06-10 07:54:53,2025-06-12 05:33:53,Internet Banking
549,Vrinda Kari,,8609156818912887,BARB0528936,Axis Bank,Savings,3586716365,vrinda.kari251@example.com,vrindakari1185@okhdfcbank,Active,1,2025-09-30 13:30:50,2025-10-07 12:53:50,Mobile App
558,Jason Swaminathan,,9462817160679430,HDFC0831282,Punjab National Bank,Savings,9433541410,jason.swaminathan324@example.com,jasonswaminathan7104@paytm,Active,1,2026-07-08 22:12:56,2026-07-11 14:36:56,Mobile App
602,Yashica Dhillon,,7764195308002492,SBIN0966360,HDFC Bank,Current,8056968212,yashica.dhillon200@example.com,,Active,1,2024-02-27 08:13:03,2024-03-03 16:30:03,Mobile App
781,Tripti Parsa,,9428989769438739,BARB0592306,IDFC First Bank,Savings,3206407326,,triptiparsa4514@ybl,Active,1,2026-06-03 14:43:22,2026-06-08 11:09:22,Mobile App
604,Zayan Saxena,Office,2249623120601708,UBIN0511434,Canara Bank,Savings,5745409284,zayan.saxena116@example.com,zayansaxena1688@ybl,Inactive,0,2024-12-19 09:29:48,,Branch
191,Ekantika Luthra,Sister,960984181623214,YESB0157517,IDFC First Bank,Savings,8923750757,ekantika.luthra57@example.com,,Active,1,2024-08-13 10:48:53,2024-08-20 01:25:53,Mobile App
446,Ikshita Oak,Dad,3843818482256741,BARB0506937,Bank of Baroda,Current,,ikshita.oak713@example.com,ikshitaoak8766@oksbi,Active,1,2024-05-03 21:45:44,2024-05-07 18:21:44,Internet Banking
885,Alka Karan,,6420151916329058,BARB0294051,Bank of Baroda,Savings,6227964017,,,Active,1,2026-01-27 00:35:21,2026-01-29 15:05:21,Mobile App
545,Dayamai Choudhry,Sister,5678507092689001,IDFB0031236,Canara Bank,Savings,1655478560,dayamai.choudhry912@example.com,dayamaichoudhry5950@okaxis,Active,1,2026-06-11 04:37:20,2026-06-18 02:18:20,Internet Banking
909,Vasudha Boase,Mom,2775852494000126,YESB0686902,Canara Bank,Savings,1515908806,,vasudhaboase6172@okaxis,Active,1,2024-12-10 07:46:31,2024-12-10 08:14:31,Mobile App
617,Mekhala Samra,,7250191851450799,KKBK0563264,Union Bank of India,Savings,,,mekhalasamra1268@paytm,Active,1,2024-04-29 08:08:25,2024-05-02 10:10:25,Internet Banking
611,Kritika Sankaran,Sister,9801934599335090,UBIN0350016,Axis Bank,Savings,,kritika.sankaran547@example.com,,Active,1,2026-03-22 21:26:22,2026-03-26 03:52:22,Internet Banking
268,Siddharth Handa,Home,9166460711822752,BARB0700116,State Bank of India,Savings,1571055930,,,Active,1,2026-05-19 08:43:26,2026-05-23 21:22:26,Mobile App
61,Sanya Basak,,953973741776363,UBIN0124761,Yes Bank,Savings,3344846569,sanya.basak928@example.com,sanyabasak7564@ybl,Blocked,1,2024-03-02 18:55:45,2024-03-06 19:03:45,Mobile App
202,Eesha Mander,Sister,3868271393462142,INDB0959612,HDFC Bank,Savings,5110291484,eesha.mander375@example.com,,Active,1,2024-10-27 03:07:23,2024-10-29 06:00:23,Internet Banking
549,Charita Mitra,Brother,3830642736198807,UBIN0040634,IndusInd Bank,Savings,1685973287,charita.mitra517@example.com,charitamitra8191@paytm,Active,1,2024-12-30 18:16:23,2025-01-01 13:15:23,Mobile App
547,Faqid Garg,,9207388476103926,BARB0860006,Punjab National Bank,Savings,8091773915,faqid.garg94@example.com,faqidgarg4654@ybl,Inactive,1,2024-10-28 17:36:11,2024-10-31 18:07:11,Mobile App
412,Chaaya Mallick,,8461424574761860,PUNB0240242,Kotak Mahindra Bank,Savings,0418740949,,,Active,1,2024-02-02 00:30:23,2024-02-03 21:16:23,Internet Banking
746,Bishakha Prabhakar,Sister,8415993815996528,ICIC0400896,ICICI Bank,Savings,9529549494,,bishakhaprabhakar936@paytm,Active,1,2024-02-15 02:53:04,2024-02-16 23:44:04,Internet Banking
193,Devika Varkey,Dad,5562622546052809,PUNB0989752,IDFC First Bank,Savings,3395483671,,devikavarkey903@okhdfcbank,Blocked,1,2025-08-25 23:43:21,2025-08-30 10:21:21,Mobile App
331,Janya Gokhale,Friend,5790504818876361,ICIC0680856,Bank of Baroda,Savings,1666936460,janya.gokhale168@example.com,janyagokhale4079@oksbi,Active,1,2025-06-19 00:38:33,2025-06-24 17:03:33,Mobile App
632,Vidhi Mishra,Dad,4452329487523195,BARB0725948,IndusInd Bank,Savings,2931121464,vidhi.mishra799@example.com,vidhimishra7132@ybl,Active,1,2024-04-08 10:55:55,2024-04-11 10:35:55,Mobile App
886,Upasna Maharaj,,2504539108780505,CNRB0461694,Yes Bank,Savings,7731972827,upasna.maharaj334@example.com,upasnamaharaj545@paytm,Active,1,2026-02-01 22:25:32,2026-02-06 13:38:32,Mobile App
765,Lavanya Pandey,,9026948706860966,HDFC0706100,Canara Bank,Current,7011860723,lavanya.pandey699@example.com,lavanyapandey4338@okaxis,Active,1,2024-06-20 03:38:51,2024-06-22 23:41:51,Mobile App
923,Darpan Nori,Dad,6636448035496819,ICIC0063020,State Bank of India,Savings,0034179731,darpan.nori185@example.com,darpannori2521@okicici,Active,0,2025-01-13 00:31:35,,Mobile App
856,Ojasvi Bahl,Mom,1798845204982928,HDFC0417624,Canara Bank,Savings,8189745624,ojasvi.bahl519@example.com,,Active,1,2024-12-25 02:49:32,2024-12-29 22:34:32,Mobile App
767,Pranit Grewal,Vendor,3372869468793127,ICIC0586542,Axis Bank,Savings,3470179457,pranit.grewal813@example.com,,Active,1,2024-11-06 23:53:26,2024-11-10 07:02:26,Mobile App
879,Hema Raghavan,Mom,9194590060877303,PUNB0319900,HDFC Bank,Savings,4032609306,hema.raghavan105@example.com,hemaraghavan355@okhdfcbank,Active,1,2024-02-20 19:04:15,2024-02-22 16:32:15,Mobile App
939,Ekta Palan,Sister,6715716494860768,YESB0065887,Kotak Mahindra Bank,Current,,ekta.palan681@example.com,,Active,1,2024-10-28 03:37:18,2024-11-02 08:50:18,Internet Banking
237,Noah Thakur,Personal,3837431389384822,UTIB0776725,IndusInd Bank,Current,2186260172,noah.thakur851@example.com,noahthakur6556@ybl,Active,1,2024-03-29 03:09:45,2024-03-30 07:24:45,Mobile App
152,Harish Rau,Dad,8981539714284248,HDFC0393310,Punjab National Bank,Savings,,harish.rau878@example.com,harishrau4943@paytm,Active,0,2026-07-03 13:24:21,,Branch
243,Adya Deol,Brother,7205653991254181,IDFB0767978,HDFC Bank,Current,6336249498,adya.deol653@example.com,adyadeol3502@okaxis,Active,1,2025-10-23 00:12:05,2025-10-29 00:40:05,Internet Banking
708,Krishna Ratta,Office,6507791261506184,SBIN0648242,Canara Bank,Savings,9516856986,krishna.ratta276@example.com,,Active,1,2025-03-25 01:49:35,2025-03-31 08:25:35,Mobile App
186,Hamsini Thaker,Business,7609080788816495,YESB0057826,IndusInd Bank,Savings,9921195034,hamsini.thaker559@example.com,hamsinithaker5913@ybl,Inactive,1,2024-01-15 08:57:24,2024-01-18 23:28:24,Mobile App
618,Nakul Parsa,Sister,2932897657738453,BARB0949006,Punjab National Bank,Savings,4976174636,nakul.parsa942@example.com,nakulparsa3469@okhdfcbank,Inactive,1,2026-03-09 12:59:56,2026-03-10 12:26:56,Internet Banking
294,Ekbal Johal,Brother,3536093995384110,INDB0544341,Axis Bank,Savings,4053576059,ekbal.johal815@example.com,ekbaljohal5912@ybl,Active,1,2025-01-19 09:12:34,2025-01-19 15:04:34,Mobile App
915,Aradhana Dasgupta,,2182926430106412,BARB0912098,Axis Bank,Savings,,,aradhanadasgupta3636@paytm,Active,1,2025-09-13 02:12:23,2025-09-15 13:21:23,Internet Banking
691,Darpan Srinivas,Office,3030197296806020,BARB0600420,Union Bank of India,Savings,8537900670,darpan.srinivas755@example.com,darpansrinivas6027@ybl,Active,0,2024-09-07 16:49:55,,Branch
218,Ekapad Ramanathan,Dad,5431007282502014,YESB0027178,IDFC First Bank,Savings,1693425416,ekapad.ramanathan371@example.com,ekapadramanathan4533@paytm,Inactive,1,2026-01-27 17:46:16,2026-01-31 05:51:16,Mobile App
727,Vanya Bobal,,8364846131984138,PUNB0493378,State Bank of India,Savings,3607992911,vanya.bobal922@example.com,vanyabobal432@okhdfcbank,Inactive,0,2024-10-17 11:36:10,,Mobile App
452,Dalaja Manne,Home,8569475870422452,PUNB0396832,IndusInd Bank,Savings,9412800567,dalaja.manne115@example.com,dalajamanne3993@okaxis,Active,1,2025-06-22 17:59:19,2025-06-26 21:57:19,Internet Banking
574,Bimala Chokshi,Business,5665205757139159,ICIC0634380,Union Bank of India,Savings,7442623306,,,Inactive,1,2025-01-31 05:23:56,2025-02-04 14:38:56,Internet Banking
954,Jagdish Vaidya,Dad,7102028162690110,YESB0330076,Canara Bank,Savings,9678643016,jagdish.vaidya782@example.com,,Active,1,2024-02-04 00:03:20,2024-02-09 05:06:20,Internet Banking
977,Chakrika Dara,Business,1153488570734454,PUNB0985004,IndusInd Bank,Savings,1074620511,chakrika.dara951@example.com,,Active,0,2026-03-29 23:18:58,,Internet Banking
22,Ridhi Bhalla,Business,5935087343237779,PUNB0767193,IndusInd Bank,Current,1214271434,,ridhibhalla6235@oksbi,Active,1,2025-04-08 01:08:33,2025-04-13 00:52:33,Internet Banking
878,Avi Goyal,Office,1220686069218561,PUNB0973898,HDFC Bank,Savings,,avi.goyal52@example.com,avigoyal1692@okaxis,Active,1,2025-01-14 22:59:01,2025-01-18 13:51:01,Internet Banking
147,Anusha Thaker,Sister,343455494977056,KKBK0758309,State Bank of India,Current,8164212103,anusha.thaker357@example.com,anushathaker6095@okaxis,Active,1,2024-01-14 19:39:20,2024-01-20 22:42:20,Internet Banking
164,Kai Raghavan,Personal,2092396365377849,BARB0460024,Yes Bank,Savings,8072285847,kai.raghavan479@example.com,kairaghavan5132@paytm,Active,1,2024-06-22 00:30:32,2024-06-23 10:09:32,Mobile App
75,Leela Ganguly,Brother,771253916609286,ICIC0772167,Bank of Baroda,Savings,,,leelaganguly5072@okhdfcbank,Active,1,2024-05-13 22:12:12,2024-05-19 21:25:12,Internet Banking
668,Siya Rattan,,4287487287721318,ICIC0691422,IndusInd Bank,Savings,4586416385,siya.rattan914@example.com,siyarattan3172@okhdfcbank,Active,1,2025-09-15 20:46:29,2025-09-17 18:40:29,Mobile App
483,Edhitha Kohli,,1202232733218619,ICIC0391338,Union Bank of India,Savings,7572706043,edhitha.kohli707@example.com,edhithakohli112@oksbi,Active,1,2025-03-01 15:10:03,2025-03-07 03:31:03,Mobile App
338,Nathaniel Sastry,Home,3473278137374881,BARB0815225,State Bank of India,Savings,,,nathanielsastry8131@okicici,Active,1,2025-02-15 20:34:52,2025-02-21 17:49:52,Mobile App
905,Pranav Lal,Business,4254481765579143,PUNB0055262,IDFC First Bank,Savings,5535771522,pranav.lal188@example.com,,Active,1,2024-02-08 03:56:05,2024-02-11 10:49:05,Internet Banking
89,Eshana Joshi,Sister,481216871472709,YESB0612386,ICICI Bank,Current,2154867352,,,Inactive,0,2025-10-12 21:12:48,,Internet Banking
31,Qadim Mann,,4698372449770321,IDFB0835923,Union Bank of India,Savings,9879572522,qadim.mann655@example.com,,Active,1,2024-09-01 16:00:32,2024-09-03 22:56:32,Branch
643,Ganga Bains,,1648082865029800,YESB0287611,Punjab National Bank,Savings,8461207404,ganga.bains677@example.com,gangabains3372@paytm,Active,1,2024-10-29 11:36:56,2024-11-03 08:26:56,Mobile App
404,Nandini Ghose,Business,9444576767568502,KKBK0161526,ICICI Bank,Savings,1388349594,,nandinighose8166@paytm,Active,1,2026-01-20 11:35:12,2026-01-26 09:08:12,Mobile App
445,Benjamin Goel,Friend,7315126323946461,SBIN0542359,Axis Bank,Savings,7839479656,benjamin.goel293@example.com,benjamingoel8058@okhdfcbank,Active,1,2024-05-15 05:15:21,2024-05-17 19:07:21,Internet Banking
559,Ladli Varma,Sister,524142549726169,BARB0836865,HDFC Bank,Savings,6690532344,ladli.varma176@example.com,ladlivarma1084@okhdfcbank,Active,1,2026-05-27 17:37:22,2026-05-29 18:08:22,Branch
349,Keya More,,9729076165402891,HDFC0064923,HDFC Bank,Savings,4123991298,keya.more110@example.com,keyamore71@okaxis,Active,1,2025-01-10 22:06:15,2025-01-11 13:07:15,Mobile App
202,Mohini Dhaliwal,,3190403933774725,BARB0297024,Union Bank of India,Savings,4541341189,,mohinidhaliwal7456@okaxis,Active,1,2026-02-14 04:47:14,2026-02-15 15:06:14,Internet Banking
376,Yashica Ramanathan,Sister,7752133064999228,UTIB0120621,ICICI Bank,Savings,7334413792,,,Active,1,2024-11-30 16:36:45,2024-12-06 09:21:45,Branch
343,Lakshmi Krish,Home,6870780332663124,UTIB0361729,HDFC Bank,Savings,3735428518,lakshmi.krish248@example.com,,Active,1,2025-06-30 14:06:26,2025-06-30 19:30:26,Mobile App
616,Varenya Aurora,,6335870329540715,KKBK0221369,IndusInd Bank,Savings,8933698342,varenya.aurora618@example.com,,Active,1,2024-03-01 05:28:28,2024-03-04 07:00:28,Internet Banking
156,Kala Nori,Office,4040696715880990,IDFB0033394,Punjab National Bank,Savings,5575464549,kala.nori72@example.com,,Active,1,2026-07-04 09:14:29,2026-07-08 18:49:29,Internet Banking
71,Krisha Setty,Dad,1628171328750425,CNRB0741797,Canara Bank,Current,9952503877,krisha.setty545@example.com,,Active,1,2024-08-09 07:59:11,2024-08-12 19:17:11,Mobile App
757,Ayush Gill,Brother,9220646908087583,PUNB0995373,Axis Bank,Savings,5655458933,,,Active,1,2025-05-14 16:50:15,2025-05-15 20:42:15,Branch
743,Chakradhar Bains,Office,8534301239573783,SBIN0779290,HDFC Bank,Current,7582066182,chakradhar.bains764@example.com,chakradharbains1996@ybl,Active,1,2025-09-29 20:58:16,2025-09-30 08:49:16,Internet Banking
92,Urishilla Bhasin,Personal,9453878066401382,UTIB0014199,HDFC Bank,Savings,9583277179,urishilla.bhasin358@example.com,,Active,0,2025-03-01 04:41:14,,Internet Banking
90,Yochana Menon,Friend,4268982277191833,UBIN0101034,Canara Bank,Savings,6313579734,yochana.menon580@example.com,yochanamenon866@okhdfcbank,Active,1,2026-01-09 07:04:39,2026-01-11 08:10:39,Mobile App
780,Gagan Hayre,Mom,1594022103715173,IDFB0762152,State Bank of India,Savings,6740980204,,,Active,1,2025-11-23 20:04:20,2025-11-30 05:44:20,Mobile App
361,Darsh Raman,Vendor,2261409877193883,SBIN0757168,ICICI Bank,Savings,7762060944,,darshraman8079@okicici,Active,1,2026-05-09 08:30:55,2026-05-12 02:14:55,Mobile App
217,Vidhi Wali,Office,7185612900032950,UBIN0300666,State Bank of India,Current,0694836972,vidhi.wali777@example.com,vidhiwali8939@okicici,Inactive,1,2026-07-22 02:53:17,2026-07-22 10:59:17,Mobile App
403,Janaki Munshi,,6411428637540842,UBIN0701669,Punjab National Bank,Savings,7799272066,janaki.munshi869@example.com,,Active,1,2024-02-16 04:31:35,2024-02-22 08:53:35,Mobile App
644,Umang Nath,Home,8554560256239178,IDFB0006462,IndusInd Bank,Savings,2657345090,,umangnath9462@okicici,Active,1,2025-03-22 04:03:04,2025-03-27 22:54:04,Mobile App
120,Samarth Modi,,3740343176334326,UBIN0224609,IDFC First Bank,Savings,9597453810,,,Active,0,2024-11-26 04:08:25,,Mobile App
581,Watika Dubey,Office,3085406974760633,YESB0055340,Union Bank of India,Savings,1145377810,watika.dubey251@example.com,watikadubey4560@okicici,Active,1,2024-02-02 19:01:59,2024-02-08 12:20:59,Internet Banking
259,Shravya Kannan,Sister,6004012480415764,UTIB0737964,Canara Bank,Savings,8369787233,shravya.kannan602@example.com,shravyakannan7298@ybl,Inactive,1,2025-06-03 17:02:23,2025-06-03 21:10:23,Internet Banking
39,Hiral Chhabra,Vendor,451744037788846,UTIB0016179,Bank of Baroda,Current,7166926464,hiral.chhabra134@example.com,hiralchhabra2578@okaxis,Active,1,2024-08-25 02:13:54,2024-08-30 23:07:54,Mobile App
383,Lajita Atwal,Sister,3902019494201215,UTIB0423381,Union Bank of India,Savings,1720393648,lajita.atwal709@example.com,lajitaatwal570@okicici,Active,1,2024-09-25 15:50:18,2024-09-26 03:55:18,Mobile App
186,Eta Sheth,Business,5929168142475551,UBIN0788413,Yes Bank,Current,8329387901,eta.sheth703@example.com,etasheth1050@oksbi,Active,1,2025-09-29 20:23:35,2025-10-06 18:05:35,Branch
797,Abeer Doctor,Brother,6068389199825828,YESB0548063,ICICI Bank,Savings,3267384325,abeer.doctor637@example.com,abeerdoctor4042@ybl,Active,1,2024-03-31 21:36:49,2024-04-01 11:06:49,Internet Banking
826,Maanav Koshy,Friend,5839624735037359,ICIC0139364,State Bank of India,Savings,4129474128,maanav.koshy210@example.com,maanavkoshy9937@paytm,Active,1,2025-06-05 07:17:03,2025-06-11 18:07:03,Branch
670,Ayush Menon,,8285280274648825,YESB0798924,Punjab National Bank,Savings,8235523602,ayush.menon856@example.com,ayushmenon3035@oksbi,Active,1,2024-09-30 11:35:12,2024-10-01 23:21:12,Mobile App
922,Lakshmi Shenoy,,8117155966011464,KKBK0254107,Kotak Mahindra Bank,Savings,8353468697,lakshmi.shenoy684@example.com,lakshmishenoy6863@okaxis,Active,1,2026-08-12 05:19:35,2026-08-13 15:46:35,Mobile App
240,Mekhala Dhaliwal,,2092252489439082,CNRB0932936,ICICI Bank,Savings,8852202326,mekhala.dhaliwal88@example.com,mekhaladhaliwal9555@oksbi,Active,1,2026-06-26 18:30:22,2026-07-03 02:40:22,Mobile App
261,Mohammed Narang,Friend,491240433283667,HDFC0072143,Kotak Mahindra Bank,Savings,5028803501,mohammed.narang215@example.com,mohammednarang1726@okaxis,Active,1,2025-09-26 14:56:39,2025-10-03 12:31:39,Mobile App
755,Hemal Kalita,Friend,9510146909640017,KKBK0786416,IndusInd Bank,Current,,hemal.kalita719@example.com,hemalkalita8159@oksbi,Active,1,2025-04-06 00:20:57,2025-04-07 22:50:57,Mobile App
361,Dhriti Jayaraman,Mom,1240391308388430,ICIC0897312,Bank of Baroda,Current,9861688028,dhriti.jayaraman937@example.com,,Active,0,2024-02-25 12:09:58,,Internet Banking
177,Faraj Dutt,Office,6964680399010669,ICIC0260387,Axis Bank,Savings,,,farajdutt3529@ybl,Inactive,1,2026-08-15 12:47:05,2026-08-17 23:59:59,Internet Banking
953,Xiti Sibal,,8146945060887176,UBIN0902362,Yes Bank,Current,6192524259,xiti.sibal572@example.com,,Blocked,1,2024-10-29 18:59:12,2024-11-03 12:51:12,Branch
597,Ryan Kohli,Business,4080467136161851,PUNB0574734,State Bank of India,Savings,0955511783,ryan.kohli872@example.com,ryankohli7392@paytm,Active,1,2024-04-30 19:46:40,2024-05-04 04:00:40,Mobile App
1,Zaid Narang,Office,3901393185347885,IDFB0670387,State Bank of India,Savings,6304264018,zaid.narang354@example.com,zaidnarang6372@oksbi,Active,1,2025-12-22 16:46:56,2025-12-28 18:01:56,Mobile App
633,Chaaya Andra,Office,5763719867830256,SBIN0203645,Union Bank of India,Savings,8069388195,chaaya.andra388@example.com,,Active,1,2026-07-18 22:32:57,2026-07-25 06:31:57,Mobile App
146,Jeet Mand,Sister,9855387099988957,CNRB0813021,IndusInd Bank,Savings,5587413558,jeet.mand199@example.com,,Active,1,2024-02-29 14:15:47,2024-03-06 13:26:47,Internet Banking
156,Naveen Mannan,Mom,3999991541364342,KKBK0916379,Punjab National Bank,Savings,3169838981,naveen.mannan579@example.com,,Active,0,2025-03-24 20:36:12,,Mobile App
634,Nathan Tara,Friend,6248818064727415,IDFB0539345,IDFC First Bank,Savings,,,nathantara5115@okhdfcbank,Active,1,2025-05-16 22:21:34,2025-05-18 20:29:34,Internet Banking
224,Yoshita Char,Personal,798187802259974,CNRB0676057,IDFC First Bank,Savings,3903878197,yoshita.char414@example.com,yoshitachar6682@okhdfcbank,Active,1,2025-04-01 16:10:10,2025-04-02 20:15:10,Mobile App
786,Naksh Bhatnagar,Office,3826110931213913,IDFB0496481,Yes Bank,Savings,4918770815,,nakshbhatnagar1321@oksbi,Active,1,2024-09-21 21:34:09,2024-09-27 07:03:09,Mobile App
126,Frederick Comar,,3896466755721481,CNRB0746648,Bank of Baroda,Savings,1737534236,frederick.comar765@example.com,frederickcomar8985@okicici,Active,1,2025-07-06 18:16:43,2025-07-10 01:39:43,Branch
280,Imaran Narayanan,,8046888043074612,ICIC0554575,Kotak Mahindra Bank,Current,6012255165,imaran.narayanan958@example.com,imarannarayanan9148@ybl,Active,1,2026-03-21 05:40:09,2026-03-25 21:21:09,Internet Banking
393,Yagnesh Kunda,Home,5126405498931158,SBIN0676375,Bank of Baroda,Savings,7678753537,yagnesh.kunda745@example.com,,Active,0,2025-12-06 16:16:27,,Internet Banking
250,Mitali Behl,Office,6789108756699533,INDB0464407,Bank of Baroda,Savings,6965209420,mitali.behl324@example.com,,Active,1,2024-08-17 16:50:53,2024-08-20 15:05:53,Mobile App
142,Vivaan Raja,Sister,560544068639900,KKBK0185090,Yes Bank,Savings,3193903015,vivaan.raja813@example.com,,Active,0,2025-12-12 20:38:32,,Internet Banking
562,Abdul Vyas,,23480774781274,UTIB0346983,Kotak Mahindra Bank,Savings,4751975803,abdul.vyas855@example.com,abdulvyas788@ybl,Active,1,2026-07-04 14:22:32,2026-07-06 00:14:32,Internet Banking
14,Chandani Palla,Sister,8529693526134784,UTIB0356788,Kotak Mahindra Bank,Savings,2130001889,chandani.palla812@example.com,,Active,1,2026-03-03 00:14:42,2026-03-03 06:17:42,Internet Banking
828,Bhavini Prashad,,8316738724764492,UTIB0255114,Bank of Baroda,Current,5245069965,bhavini.prashad827@example.com,,Active,1,2025-04-28 10:24:22,2025-05-01 12:48:22,Mobile App
338,Kashish Trivedi,Brother,4344981140746831,PUNB0737898,Bank of Baroda,Current,4803318176,kashish.trivedi35@example.com,,Active,1,2026-04-19 22:08:01,2026-04-20 02:45:01,Mobile App
67,Ikshita Shah,Mom,4040482890870438,HDFC0015287,HDFC Bank,Savings,5696984705,ikshita.shah750@example.com,,Active,1,2024-07-23 02:24:33,2024-07-24 06:10:33,Mobile App
989,Wridesh Gola,,1490666083059261,PUNB0761301,IndusInd Bank,Savings,,wridesh.gola791@example.com,wrideshgola4221@okhdfcbank,Active,1,2024-08-25 22:00:08,2024-08-29 19:27:08,Mobile App
718,Fitan Bansal,Dad,2981560439333729,UBIN0628377,Canara Bank,Current,5800307637,fitan.bansal160@example.com,fitanbansal9457@oksbi,Active,1,2025-02-16 21:31:38,2025-02-23 05:41:38,Internet Banking
851,Yauvani Khalsa,,2911915570258436,ICIC0323636,Canara Bank,Current,9015737534,yauvani.khalsa607@example.com,yauvanikhalsa1908@okicici,Active,1,2026-04-11 19:03:24,2026-04-13 09:04:24,Mobile App
356,Varsha Bose,,8517970035786696,IDFB0548494,ICICI Bank,Savings,9399682101,varsha.bose454@example.com,varshabose6793@ybl,Active,1,2026-04-23 22:47:40,2026-04-27 22:21:40,Internet Banking
737,Widisha Menon,Home,4711419166254375,KKBK0215892,Kotak Mahindra Bank,Current,4217649616,,widishamenon2941@okicici,Active,1,2024-09-15 06:49:57,2024-09-17 22:44:57,Mobile App
634,Barkha Banik,,391777887449556,CNRB0393067,HDFC Bank,Savings,2531916035,barkha.banik289@example.com,barkhabanik768@ybl,Active,0,2026-04-18 07:12:45,,Internet Banking
46,Kai Sharaf,Business,3612059294688320,KKBK0526899,Punjab National Bank,Savings,1418815660,kai.sharaf278@example.com,kaisharaf8398@paytm,Active,1,2025-01-25 10:26:57,2025-01-30 08:14:57,Internet Banking
315,Ojas Pathak,Dad,8968753522716802,CNRB0544890,Kotak Mahindra Bank,Current,8146350336,,,Active,1,2026-05-18 02:46:28,2026-05-21 13:21:28,Internet Banking
785,Hemani Manne,Office,1968727824458465,UBIN0057891,Canara Bank,Savings,4348797496,hemani.manne140@example.com,hemanimanne359@okhdfcbank,Active,1,2025-08-01 18:40:37,2025-08-08 18:29:37,Internet Banking
530,Hiral Doshi,,8284391486726786,KKBK0422002,ICICI Bank,Savings,8709583541,hiral.doshi225@example.com,,Active,1,2024-07-28 02:47:42,2024-07-31 02:14:42,Branch
393,Udarsh Patla,,3799342712610803,INDB0353818,Bank of Baroda,Savings,8579410198,,udarshpatla2601@okhdfcbank,Active,1,2026-05-10 12:49:22,2026-05-17 10:38:22,Mobile App
640,Lucky Varghese,Dad,8399440182739775,YESB0741130,Canara Bank,Savings,9593982927,lucky.varghese953@example.com,luckyvarghese1933@okhdfcbank,Active,1,2024-08-12 06:45:32,2024-08-13 20:26:32,Mobile App
472,Ojas Ramachandran,,4326039407615868,PUNB0670861,State Bank of India,Savings,2305949193,ojas.ramachandran747@example.com,ojasramachandran9666@paytm,Active,1,2025-07-22 08:59:22,2025-07-28 04:14:22,Mobile App
648,Eesha Arya,Vendor,5725895694270470,SBIN0528113,ICICI Bank,Savings,4045155014,,eeshaarya7428@oksbi,Active,0,2026-06-09 14:54:31,,Mobile App
8,Qushi Loke,,8468552180113772,SBIN0931698,Punjab National Bank,Savings,4074078681,qushi.loke553@example.com,qushiloke5970@oksbi,Active,1,2025-07-31 11:39:04,2025-07-31 15:36:04,Mobile App
268,Bachittar Sur,,5488513825735054,IDFB0688413,ICICI Bank,Savings,1548067207,bachittar.sur606@example.com,,Active,1,2024-03-19 11:51:53,2024-03-19 15:24:53,Mobile App
992,Warinder Rajagopalan,Friend,1218240873540702,UTIB0843457,IndusInd Bank,Savings,7897797707,warinder.rajagopalan505@example.com,warinderrajagopalan3140@oksbi,Active,1,2024-10-06 09:42:10,2024-10-12 09:12:10,Internet Banking
391,Ethan Pathak,Sister,6116378435713078,ICIC0243308,IDFC First Bank,Savings,2302881757,ethan.pathak273@example.com,,Active,1,2024-11-05 23:41:21,2024-11-08 20:44:21,Branch
325,Alka Bhatia,Sister,3431115784826162,INDB0427156,Punjab National Bank,Savings,8139105347,alka.bhatia35@example.com,alkabhatia4068@paytm,Active,1,2026-01-14 15:46:29,2026-01-18 13:41:29,Mobile App
831,Manya Lad,Brother,9386920610222746,SBIN0536428,Yes Bank,Current,5803536460,,manyalad1562@oksbi,Active,1,2025-07-24 11:57:01,2025-07-28 10:29:01,Internet Banking
473,Guneet Vohra,,8294126721522446,INDB0624572,IndusInd Bank,Savings,4943514223,guneet.vohra318@example.com,guneetvohra7362@okhdfcbank,Active,1,2025-09-08 04:23:32,2025-09-14 21:57:32,Internet Banking
635,Anya Hans,Friend,4496120534828087,KKBK0427182,Yes Bank,Savings,1419085356,anya.hans861@example.com,anyahans6382@okicici,Active,1,2024-07-30 11:23:31,2024-08-05 11:05:31,Mobile App
553,Devika Chacko,Sister,3106005408477721,INDB0022787,IndusInd Bank,Savings,2663098708,devika.chacko427@example.com,devikachacko4419@okicici,Active,1,2026-07-09 10:24:31,2026-07-11 02:50:31,Mobile App
527,Harish Memon,Dad,8975910241387472,CNRB0815296,Kotak Mahindra Bank,Savings,5673616011,harish.memon423@example.com,harishmemon7955@okhdfcbank,Active,1,2024-04-03 17:41:56,2024-04-08 22:55:56,Mobile App
332,Urvi Kunda,,775634137076726,PUNB0006755,IndusInd Bank,Savings,8830664932,urvi.kunda931@example.com,,Active,0,2024-03-11 06:50:13,,Mobile App
779,Imaran Mander,Dad,8602237548219094,HDFC0486312,Bank of Baroda,Savings,8086816871,imaran.mander537@example.com,,Active,1,2025-04-04 04:30:37,2025-04-06 12:15:37,Mobile App
611,Omkaar Soman,Mom,2925213353409686,IDFB0343310,HDFC Bank,Savings,,omkaar.soman156@example.com,omkaarsoman7369@paytm,Active,1,2026-03-15 17:18:20,2026-03-16 01:14:20,Mobile App
652,Peter Mody,Sister,7670946714041348,IDFB0260741,Kotak Mahindra Bank,Current,6418297395,,petermody9240@okicici,Active,1,2024-09-28 00:30:21,2024-10-01 08:26:21,Mobile App
716,Yochana Wadhwa,Office,141016611926118,UTIB0972430,Yes Bank,Current,8562187734,yochana.wadhwa477@example.com,yochanawadhwa8232@okicici,Active,1,2025-01-12 02:03:01,2025-01-14 06:54:01,Mobile App
164,Shivansh Char,Vendor,1167104687433654,HDFC0087970,Canara Bank,Savings,2525190063,shivansh.char665@example.com,shivanshchar1344@ybl,Active,1,2024-05-08 00:23:47,2024-05-08 17:09:47,Internet Banking
242,Frederick Prabhakar,,2167006253701172,CNRB0327169,ICICI Bank,Savings,4419218911,frederick.prabhakar328@example.com,,Active,1,2025-03-31 14:10:08,2025-03-31 20:04:08,Mobile App
680,Vaishnavi Seth,Dad,6458281370210731,CNRB0740009,IDFC First Bank,Savings,2393273706,,vaishnaviseth2837@okhdfcbank,Active,0,2025-04-08 00:42:09,,Internet Banking
969,Anita Thaker,,5548320347951592,HDFC0651266,Bank of Baroda,Savings,5545640271,anita.thaker921@example.com,anitathaker8537@okicici,Active,1,2025-12-31 01:00:26,2026-01-01 09:32:26,Internet Banking
34,Urvashi Das,Vendor,2605537314640471,KKBK0156132,Axis Bank,Savings,5283865677,urvashi.das245@example.com,urvashidas7857@paytm,Active,1,2025-01-28 09:08:42,2025-02-01 23:42:42,Mobile App
154,Fitan Kaur,Sister,4590367643093604,KKBK0591812,Union Bank of India,Savings,,,fitankaur3141@okicici,Active,1,2024-09-26 13:05:42,2024-09-30 19:47:42,Internet Banking
995,Nathaniel Savant,Vendor,2179041068615897,UBIN0568515,Bank of Baroda,Savings,6040428786,nathaniel.savant190@example.com,,Active,1,2025-03-11 11:36:33,2025-03-16 06:22:33,Internet Banking
244,Azad Hora,Sister,3627911153309201,PUNB0610657,Punjab National Bank,Savings,3935809458,azad.hora72@example.com,azadhora8366@okhdfcbank,Active,1,2025-09-23 09:39:50,2025-09-24 04:54:50,Mobile App
206,Harshil Kurian,Friend,2245349595171893,IDFB0874158,Kotak Mahindra Bank,Savings,8582477591,harshil.kurian308@example.com,,Blocked,1,2024-07-20 11:54:33,2024-07-23 18:36:33,Branch
459,Shravya Yohannan,,8562508098193264,PUNB0659766,Bank of Baroda,Savings,8376930195,shravya.yohannan552@example.com,shravyayohannan6361@okhdfcbank,Active,1,2026-07-02 17:06:41,2026-07-06 13:11:41,Mobile App
272,Siddharth Walla,Office,822375538725764,UTIB0717370,IDFC First Bank,Savings,9114947974,siddharth.walla330@example.com,,Inactive,1,2024-04-18 01:01:12,2024-04-18 10:39:12,Mobile App
659,Shivani Sarkar,Sister,7753311066756883,KKBK0724974,State Bank of India,Savings,9225103954,shivani.sarkar329@example.com,shivanisarkar1535@okicici,Active,1,2025-11-29 19:38:05,2025-12-05 14:02:05,Mobile App
176,Frado Hora,Business,2053239320694843,YESB0574088,ICICI Bank,Savings,0608847589,frado.hora249@example.com,fradohora7766@oksbi,Active,1,2024-04-20 21:48:59,2024-04-21 17:22:59,Mobile App
37,Owen Singh,Friend,8661932224733651,KKBK0681998,Canara Bank,Savings,7879550139,owen.singh998@example.com,,Active,1,2024-08-26 02:28:59,2024-08-29 23:59:59,Mobile App
852,Ikshita Seth,Office,4984361756857971,BARB0010683,Union Bank of India,Savings,5354595215,,ikshitaseth8269@okhdfcbank,Active,1,2024-10-11 22:29:58,2024-10-14 16:58:58,Internet Banking
372,Tara Sarkar,Home,6854591147988736,CNRB0704527,IDFC First Bank,Savings,7421659166,tara.sarkar648@example.com,tarasarkar6066@ybl,Active,1,2024-10-24 13:14:32,2024-10-27 22:24:32,Internet Banking
714,Fitan Garde,Friend,5467548024289526,ICIC0231591,Axis Bank,Savings,4527208780,fitan.garde36@example.com,fitangarde3147@paytm,Active,1,2026-01-27 09:02:44,2026-01-28 21:09:44,Internet Banking
811,Faras Sheth,Personal,7530519576060443,UTIB0647182,Canara Bank,Savings,3884946793,faras.sheth630@example.com,,Active,1,2026-06-26 00:42:00,2026-06-30 00:15:00,Internet Banking
738,Sanaya Balay,Office,309484742817835,SBIN0725837,Bank of Baroda,Savings,1392226071,sanaya.balay563@example.com,sanayabalay2530@okaxis,Active,1,2025-11-13 01:10:53,2025-11-17 18:06:53,Branch
159,Yadavi Bassi,,293514719803653,HDFC0650946,IDFC First Bank,Savings,8510130536,yadavi.bassi992@example.com,,Active,1,2026-06-23 10:46:52,2026-06-27 04:41:52,Mobile App
147,Vidhi Din,,615982168029634,YESB0286352,State Bank of India,Savings,9346438376,vidhi.din51@example.com,vidhidin2576@ybl,Active,0,2025-11-26 12:28:33,,Internet Banking
932,Ekiya Sura,Vendor,3062012067682902,PUNB0742416,Yes Bank,Savings,,ekiya.sura335@example.com,,Active,1,2024-08-23 23:00:20,2024-08-27 23:59:20,Mobile App
794,Lopa Bajaj,Vendor,5052687016096811,UBIN0969897,IndusInd Bank,Savings,6179181326,,,Inactive,1,2024-01-22 01:32:17,2024-01-22 10:56:17,Mobile App
956,Sai Pai,Sister,7814638689013338,HDFC0147929,Canara Bank,Savings,9216209283,,saipai2330@paytm,Active,1,2025-11-24 07:51:30,2025-11-28 17:49:30,Internet Banking
221,Shivansh Gandhi,,8133407222958295,SBIN0656866,State Bank of India,Savings,5121292296,shivansh.gandhi857@example.com,,Blocked,1,2025-02-05 22:01:36,2025-02-09 19:29:36,Branch
439,Isaac Shankar,Friend,31750692586861,SBIN0785923,ICICI Bank,Savings,0395446039,,isaacshankar6364@okhdfcbank,Inactive,0,2024-05-29 05:48:39,,Mobile App
152,Chandran Korpal,,9846864982364634,IDFB0068760,Axis Bank,Savings,4091108747,chandran.korpal697@example.com,,Active,1,2025-07-20 23:26:01,2025-07-27 21:36:01,Mobile App
446,Devika Bora,Brother,8032374954393791,INDB0235744,Yes Bank,Savings,3321434534,devika.bora529@example.com,devikabora5407@ybl,Active,1,2025-06-16 09:07:44,2025-06-22 17:09:44,Mobile App
857,Thomas Bail,Mom,4151050819330300,SBIN0191736,Union Bank of India,Savings,7638857007,thomas.bail855@example.com,thomasbail7390@okicici,Active,1,2026-03-09 18:18:06,2026-03-10 12:40:06,Mobile App
668,Aarini Rattan,Brother,346675511976713,YESB0577190,ICICI Bank,Savings,8688446987,aarini.rattan249@example.com,aarinirattan5994@paytm,Active,0,2024-05-24 16:00:32,,Mobile App
787,Qabil Badal,Brother,6067231385146098,BARB0972495,HDFC Bank,Current,0474002999,,qabilbadal9332@ybl,Active,1,2024-02-21 06:13:55,2024-02-22 23:37:55,Mobile App
269,Advika Mangat,,5640577572551948,PUNB0753993,HDFC Bank,Savings,0569394919,advika.mangat362@example.com,,Active,1,2026-04-04 12:23:19,2026-04-05 11:16:19,Branch
205,Owen Goda,Personal,4302366251683721,BARB0027772,IndusInd Bank,Current,,owen.goda55@example.com,,Active,1,2024-12-24 09:12:52,2024-12-25 04:45:52,Internet Banking
792,Panini Dora,,4741058684346734,KKBK0488860,State Bank of India,Savings,8100548352,panini.dora916@example.com,,Active,1,2024-09-15 09:47:25,2024-09-20 18:40:25,Mobile App
176,Amrita Korpal,,8271220879188314,BARB0597093,Bank of Baroda,Savings,5059980941,amrita.korpal538@example.com,,Active,1,2026-07-18 15:49:44,2026-07-24 16:34:44,Mobile App
499,Rudra Chander,Business,602275982362656,ICIC0003346,HDFC Bank,Current,1281951713,rudra.chander265@example.com,rudrachander7010@oksbi,Active,1,2024-04-16 13:05:34,2024-04-18 15:09:34,Mobile App
730,Balveer Randhawa,Sister,2848439626818932,BARB0890258,State Bank of India,Savings,5187327918,balveer.randhawa960@example.com,balveerrandhawa2968@oksbi,Active,0,2024-07-31 14:03:11,,Mobile App
965,Dayita Palla,Friend,6250479013914172,PUNB0034749,IndusInd Bank,Savings,0136035796,,dayitapalla7818@oksbi,Active,1,2024-11-03 06:21:10,2024-11-04 12:40:10,Mobile App
90,Kashvi Rout,Dad,5093646216841842,SBIN0276918,Canara Bank,Savings,5169395561,kashvi.rout585@example.com,kashvirout3522@oksbi,Active,1,2024-12-01 19:57:52,2024-12-05 01:46:52,Mobile App
259,Rayaan Rajagopal,Personal,7482696112411927,SBIN0888705,State Bank of India,Savings,4719213962,rayaan.rajagopal518@example.com,,Active,1,2024-07-08 07:25:47,2024-07-08 14:06:47,Mobile App
894,Jyoti Chaudry,,5311103327367907,YESB0347955,State Bank of India,Savings,0723618209,jyoti.chaudry447@example.com,jyotichaudry2056@okhdfcbank,Active,0,2024-05-03 03:13:24,,Mobile App
692,Nikita Muni,Brother,6359381362216991,INDB0464575,Punjab National Bank,Savings,1119581482,nikita.muni485@example.com,,Inactive,0,2024-12-03 20:21:22,,Mobile App
962,Ekbal Lall,Sister,8434913064720399,IDFB0878844,Axis Bank,Savings,1161457073,ekbal.lall31@example.com,,Active,1,2024-07-03 20:56:22,2024-07-06 01:32:22,Internet Banking
27,Tanmayi Dugal,,3080241417006575,IDFB0437977,IndusInd Bank,Savings,6115622013,tanmayi.dugal926@example.com,,Active,1,2024-05-18 20:06:21,2024-05-21 07:11:21,Internet Banking
490,Saksham Menon,Office,6615931812315123,UTIB0091837,Axis Bank,Current,9781877104,,,Active,1,2025-12-22 23:10:30,2025-12-25 02:48:30,Mobile App
205,Lohit Chatterjee,,9339274172995136,ICIC0044420,Union Bank of India,Savings,,,lohitchatterjee7826@paytm,Active,1,2024-11-13 06:23:16,2024-11-14 03:08:16,Internet Banking
449,Chandran Madan,Business,867762882605032,HDFC0882365,IndusInd Bank,Savings,,,,Active,0,2025-01-29 11:24:32,,Mobile App
199,Harshil Pathak,Sister,5327492270288613,CNRB0594872,Axis Bank,Savings,5144816283,,,Blocked,1,2024-12-19 22:35:53,2024-12-20 05:57:53,Mobile App
889,Ayush Sankar,Dad,7502903519554463,KKBK0761406,HDFC Bank,Savings,6031704475,ayush.sankar646@example.com,ayushsankar1145@okhdfcbank,Active,1,2025-10-14 18:00:30,2025-10-17 08:49:30,Internet Banking
538,Pushti Mammen,Personal,2483531185126804,HDFC0829113,Bank of Baroda,Savings,4078403785,,pushtimammen6004@paytm,Inactive,1,2024-11-24 12:23:23,2024-11-26 13:18:23,Branch
474,Abha Date,Brother,8909681500533411,ICIC0793580,Canara Bank,Savings,2669510741,abha.date689@example.com,abhadate2643@paytm,Active,1,2024-02-20 11:22:19,2024-02-21 15:19:19,Mobile App
638,Umang Soman,Business,890662712671729,KKBK0039915,Union Bank of India,Savings,2179051760,umang.soman899@example.com,,Active,1,2026-04-16 08:33:05,2026-04-21 23:51:05,Mobile App
292,Teerth Kumer,Office,8373504566025983,IDFB0282420,IndusInd Bank,Savings,8219680928,teerth.kumer309@example.com,teerthkumer8466@okicici,Active,1,2024-12-06 12:49:05,2024-12-08 09:11:05,Internet Banking
81,Yug Mannan,Office,8491149929236850,INDB0931556,Canara Bank,Savings,4548108505,yug.mannan727@example.com,yugmannan3965@okicici,Active,0,2026-04-27 05:04:03,,Internet Banking
973,Onveer Bir,,7023707739707922,INDB0427814,Axis Bank,Savings,2149231169,onveer.bir172@example.com,,Active,1,2024-01-24 01:47:10,2024-01-28 22:39:10,Internet Banking
792,Eiravati Nori,Office,1080236771169272,PUNB0229004,Yes Bank,Current,5686120637,eiravati.nori85@example.com,eiravatinori7206@okicici,Inactive,0,2026-02-25 04:06:52,,Mobile App
334,Gaurang Naik,,2490248522993510,CNRB0551603,Bank of Baroda,Savings,,,gaurangnaik7567@okicici,Active,1,2026-07-04 22:58:23,2026-07-08 08:54:23,Mobile App
552,Darpan Memon,Brother,6995296628152066,ICIC0597699,Bank of Baroda,Current,6565324011,darpan.memon943@example.com,,Active,1,2024-09-18 20:02:14,2024-09-23 19:11:14,Branch
901,Jagvi Madan,Sister,8603632300354141,KKBK0241399,HDFC Bank,Savings,8654158287,jagvi.madan711@example.com,jagvimadan1939@ybl,Active,1,2024-09-30 23:20:20,2024-10-02 20:21:20,Internet Banking
448,Forum Jha,Office,3588551805229652,INDB0242296,Bank of Baroda,Savings,0427693646,forum.jha357@example.com,forumjha1812@oksbi,Active,1,2026-07-27 21:46:12,2026-07-30 07:00:12,Mobile App
263,Anusha Din,,7887300142969538,HDFC0442771,State Bank of India,Savings,0624691459,anusha.din717@example.com,anushadin9689@ybl,Inactive,1,2024-01-29 06:18:22,2024-01-30 16:00:22,Mobile App
343,Zehaan Bains,,3686245773053988,IDFB0926548,IDFC First Bank,Savings,5035959037,zehaan.bains422@example.com,,Active,1,2024-06-24 02:44:16,2024-06-26 18:07:16,Mobile App
406,Pranav Manda,,593301240374890,UTIB0601440,ICICI Bank,Savings,1710602298,,,Active,1,2026-05-31 23:58:35,2026-06-04 16:07:35,Mobile App
232,Samarth Merchant,Mom,5085094598261702,CNRB0232617,State Bank of India,Savings,1902957702,samarth.merchant483@example.com,samarthmerchant2049@okicici,Active,1,2025-03-09 09:26:35,2025-03-13 09:38:35,Mobile App
101,Ojas Kara,Office,622089623368881,ICIC0375677,Punjab National Bank,Current,8779102172,ojas.kara711@example.com,ojaskara9229@oksbi,Active,1,2025-02-14 12:21:37,2025-02-19 02:53:37,Branch
671,Wahab Raman,,5411446244676744,INDB0160716,Axis Bank,Savings,9833745020,wahab.raman322@example.com,wahabraman3295@paytm,Active,1,2026-08-02 21:32:57,2026-08-03 05:44:57,Mobile App
578,Garima Kaul,Friend,6211341365512069,IDFB0785511,ICICI Bank,Savings,8829654305,garima.kaul863@example.com,garimakaul3780@oksbi,Active,1,2024-10-27 20:58:01,2024-11-01 20:34:01,Mobile App
966,Adya Nath,,1669004345202636,CNRB0666515,HDFC Bank,Savings,4183029863,adya.nath991@example.com,,Active,1,2025-10-04 20:21:45,2025-10-07 23:04:45,Internet Banking
56,Luke Venkataraman,Brother,1119873613239613,IDFB0651792,State Bank of India,Savings,5732579282,,lukevenkataraman5383@okhdfcbank,Active,1,2024-01-06 00:35:07,2024-01-10 03:47:07,Mobile App
887,Balhaar Madan,Office,781582924222353,PUNB0716463,Yes Bank,Savings,7129303904,,balhaarmadan7777@okicici,Active,0,2024-07-25 08:30:05,,Internet Banking
104,Isaiah Zachariah,Dad,5108659288026346,SBIN0165404,State Bank of India,Savings,0160109177,isaiah.zachariah250@example.com,,Inactive,1,2026-02-28 01:06:27,2026-03-02 14:44:27,Mobile App
215,Ishaan Pandit,Mom,4147575438294654,YESB0197120,State Bank of India,Savings,8058249041,ishaan.pandit675@example.com,ishaanpandit4715@okicici,Active,1,2026-08-14 05:55:13,2026-08-16 00:23:13,Mobile App
459,Alexander Som,Sister,1022086088735001,UBIN0092046,HDFC Bank,Current,8813002398,,alexandersom8921@okhdfcbank,Active,1,2025-12-30 18:50:36,2026-01-06 08:57:36,Mobile App
162,Vedant Tripathi,Home,9537920879527967,HDFC0866054,Bank of Baroda,Current,4425216830,vedant.tripathi856@example.com,,Active,1,2026-08-02 23:38:12,2026-08-07 04:06:12,Mobile App
25,Chatura Salvi,,5137181750180177,UBIN0740772,HDFC Bank,Current,1577686359,chatura.salvi154@example.com,,Active,1,2025-09-09 19:22:18,2025-09-14 18:40:18,Mobile App
311,Raksha Palla,,4521646170789920,UTIB0985392,IndusInd Bank,Savings,8989113076,raksha.palla509@example.com,rakshapalla6848@okaxis,Active,0,2024-02-03 21:22:07,,Mobile App
458,Jasmit Sagar,Vendor,3601763981527739,BARB0758281,Axis Bank,Savings,4662056366,jasmit.sagar76@example.com,,Active,1,2024-10-27 08:13:41,2024-10-30 23:33:41,Internet Banking
188,Chaaya Ramakrishnan,Sister,7892898060197398,IDFB0353252,Union Bank of India,Current,,chaaya.ramakrishnan300@example.com,,Active,1,2026-08-02 02:43:11,2026-08-02 09:32:11,Mobile App
411,Devika Char,Dad,1615974190454754,UTIB0115884,HDFC Bank,Savings,8974643328,devika.char519@example.com,,Inactive,0,2024-09-18 10:32:46,,Internet Banking
548,Bhavini Wali,Personal,6023948817514187,SBIN0032900,IDFC First Bank,Current,5621150493,bhavini.wali190@example.com,,Active,1,2026-06-13 07:41:59,2026-06-18 13:43:59,Mobile App
6,Naksh Choudhury,Friend,2190547613938934,YESB0969149,IDFC First Bank,Savings,,naksh.choudhury370@example.com,nakshchoudhury918@paytm,Active,1,2024-08-17 12:51:27,2024-08-19 18:46:27,Branch
881,Veda Dutta,Brother,15258131374068,BARB0041911,HDFC Bank,Savings,9228425824,veda.dutta116@example.com,vedadutta5145@paytm,Active,1,2024-06-25 22:44:31,2024-07-01 15:14:31,Internet Banking
438,Neha Badal,,813742155212666,INDB0291992,ICICI Bank,Savings,4197415384,neha.badal527@example.com,nehabadal2177@paytm,Active,0,2026-01-29 16:47:50,,Mobile App
884,Raghav Gour,Brother,7604176726245729,IDFB0616708,IDFC First Bank,Savings,6374921331,raghav.gour383@example.com,raghavgour7698@ybl,Active,0,2024-12-13 11:37:44,,Mobile App
660,Zaid Som,,4585719109527818,SBIN0111112,ICICI Bank,Savings,8119993518,zaid.som332@example.com,zaidsom9984@okicici,Inactive,1,2025-04-20 14:05:25,2025-04-21 14:19:25,Mobile App
410,Bhavna Barad,Business,1403443771948645,HDFC0832792,Union Bank of India,Savings,4456579344,bhavna.barad525@example.com,bhavnabarad1371@okicici,Active,1,2024-11-21 13:17:25,2024-11-24 18:38:25,Mobile App
869,Deepa Chanda,,1095532771361678,YESB0208844,IDFC First Bank,Savings,2992609197,deepa.chanda107@example.com,deepachanda5177@oksbi,Active,1,2025-05-06 21:51:25,2025-05-08 13:17:25,Branch
55,Indira Nayak,Dad,894884604739819,YESB0602979,IDFC First Bank,Savings,4367156625,indira.nayak133@example.com,,Active,1,2025-08-13 06:06:32,2025-08-18 06:43:32,Branch
92,Azaan Baral,Mom,7776163669387751,IDFB0793733,IndusInd Bank,Savings,8393092795,azaan.baral379@example.com,,Active,1,2025-01-02 03:57:20,2025-01-07 13:17:20,Internet Banking
480,Ikshita Dua,Office,2785763531310752,KKBK0949557,Kotak Mahindra Bank,Savings,0867906584,,,Active,1,2025-03-22 22:09:31,2025-03-26 01:57:31,Internet Banking
550,Pratyush Kothari,,536482845144256,HDFC0699037,Bank of Baroda,Savings,0464500641,pratyush.kothari909@example.com,pratyushkothari6830@okaxis,Active,1,2024-10-23 21:53:52,2024-10-27 15:37:52,Mobile App
964,Gabriel Goswami,,7460506956012713,HDFC0909324,HDFC Bank,Savings,,gabriel.goswami263@example.com,,Active,1,2024-12-31 12:19:16,2025-01-06 03:31:16,Mobile App
743,Kritika Pau,,3864635122440538,BARB0889032,Kotak Mahindra Bank,Savings,6644418916,,kritikapau3534@ybl,Active,1,2024-10-22 01:53:42,2024-10-26 06:52:42,Mobile App
123,Lekha Kumer,,1724979238279137,ICIC0474066,Axis Bank,Savings,7574805572,lekha.kumer505@example.com,,Active,1,2024-03-17 21:51:34,2024-03-18 17:11:34,Mobile App
14,Nisha Yogi,Mom,3508805284003098,PUNB0969126,Punjab National Bank,Savings,6491802238,nisha.yogi707@example.com,nishayogi2052@paytm,Active,1,2025-12-02 02:00:36,2025-12-04 03:01:36,Mobile App
58,Bina Bakshi,Mom,6964531582985711,ICIC0775262,Punjab National Bank,Current,0191367756,bina.bakshi11@example.com,,Blocked,1,2026-06-27 06:02:16,2026-06-27 07:29:16,Mobile App
291,Tristan Dugar,Personal,2479251710723315,IDFB0897649,Punjab National Bank,Savings,8302556333,tristan.dugar538@example.com,,Active,1,2024-03-01 12:46:30,2024-03-06 02:20:30,Internet Banking
393,Pahal Narayan,,6026492852660994,BARB0015913,Yes Bank,Savings,6674778784,pahal.narayan220@example.com,,Active,0,2026-06-24 22:54:39,,Mobile App
738,Ekapad Dora,,8529217482976992,SBIN0941530,HDFC Bank,Savings,7241429261,ekapad.dora160@example.com,,Active,1,2026-06-24 14:00:56,2026-06-29 15:44:56,Mobile App
771,Urmi Nagar,Office,7220265695875681,CNRB0820535,Bank of Baroda,Savings,4805867280,urmi.nagar567@example.com,urminagar7633@paytm,Active,1,2024-12-20 18:43:09,2024-12-22 11:21:09,Mobile App
981,Ansh Chaudhuri,Personal,8006419753622701,PUNB0112425,Canara Bank,Savings,1266350326,ansh.chaudhuri18@example.com,anshchaudhuri2049@okaxis,Active,1,2024-11-11 03:25:34,2024-11-15 15:11:34,Mobile App
63,Advika Chaudhary,Home,9467879412709423,HDFC0199205,Axis Bank,Current,8673717993,,advikachaudhary9610@okicici,Active,1,2026-08-01 21:41:11,2026-08-07 04:04:11,Internet Banking
114,Adya Sarraf,,419292759875583,BARB0170828,Kotak Mahindra Bank,Savings,2866944077,,,Active,1,2026-04-10 16:46:12,2026-04-11 22:34:12,Internet Banking
321,Arin Kaul,Vendor,4742898882542633,IDFB0600571,Union Bank of India,Savings,4286980042,arin.kaul887@example.com,arinkaul5139@okaxis,Active,1,2026-07-02 20:31:09,2026-07-05 14:30:09,Mobile App
153,Aishani Oza,,6495299627824450,PUNB0355402,HDFC Bank,Savings,2529056570,aishani.oza121@example.com,aishanioza4276@okaxis,Active,1,2026-01-02 07:18:40,2026-01-06 05:22:40,Mobile App
894,Ridhi Halder,,1649035695241840,KKBK0859678,Union Bank of India,Current,7811970235,ridhi.halder150@example.com,ridhihalder6683@okaxis,Active,0,2026-02-19 21:08:25,,Mobile App
786,Gautami Jain,Office,4120628583567331,SBIN0752744,IDFC First Bank,Savings,8406564138,,gautamijain7483@oksbi,Active,0,2026-01-14 00:36:18,,Internet Banking
750,Bhavika Dave,Dad,3884313710582442,UTIB0165183,Canara Bank,Savings,0547434978,,,Active,1,2025-03-06 20:42:02,2025-03-09 18:22:02,Mobile App
510,Sathvik Srinivasan,,2980359476111616,BARB0467545,State Bank of India,Savings,1874115604,sathvik.srinivasan861@example.com,,Active,1,2024-07-26 12:31:49,2024-07-30 12:46:49,Branch
299,Hema D’Alia,Office,6033718979952201,KKBK0105184,Bank of Baroda,Savings,2235646806,hema.d’alia489@example.com,hemad’alia5149@okicici,Active,1,2024-10-09 19:14:18,2024-10-15 15:26:18,Internet Banking
158,Jagrati Sagar,Mom,7006770280888464,BARB0198717,ICICI Bank,Savings,6597851454,jagrati.sagar695@example.com,jagratisagar167@ybl,Blocked,1,2024-06-30 00:19:13,2024-06-30 17:50:13,Mobile App
799,Oni Cheema,Business,2717508966000541,INDB0855758,Bank of Baroda,Current,6685914619,,onicheema2525@paytm,Blocked,1,2025-07-12 16:22:14,2025-07-18 14:54:14,Mobile App
570,Urmi Mannan,Vendor,9277817993206544,UTIB0438516,Bank of Baroda,Savings,2811113406,urmi.mannan650@example.com,,Active,1,2026-02-10 12:14:48,2026-02-17 07:57:48,Mobile App
898,Kritika Balan,Home,2437615247246228,YESB0319285,State Bank of India,Savings,1638058495,kritika.balan458@example.com,,Active,0,2025-07-23 00:23:50,,Branch
473,Riya Sampath,Vendor,6205099793354600,UTIB0604700,Bank of Baroda,Savings,,riya.sampath693@example.com,riyasampath3131@okhdfcbank,Active,1,2026-05-24 18:44:21,2026-05-26 03:27:21,Mobile App
408,Omaja Virk,,2744757811565194,UBIN0556662,Punjab National Bank,Savings,1718064326,omaja.virk185@example.com,omajavirk7236@ybl,Inactive,1,2026-03-22 01:26:34,2026-03-22 23:27:34,Mobile App
637,Zaid Ahluwalia,,4875042888962696,SBIN0857943,Punjab National Bank,Savings,0553853382,zaid.ahluwalia650@example.com,zaidahluwalia5890@paytm,Inactive,1,2024-04-06 05:00:45,2024-04-10 10:49:45,Mobile App
523,Michael Kale,Personal,9552206884881023,KKBK0467603,State Bank of India,Savings,5357017849,michael.kale420@example.com,michaelkale54@okhdfcbank,Active,1,2026-02-08 09:37:19,2026-02-11 03:31:19,Internet Banking
773,Karan Mitra,Sister,263393851514300,INDB0160831,IndusInd Bank,Savings,8804305621,karan.mitra455@example.com,karanmitra7444@oksbi,Active,1,2025-01-17 21:58:56,2025-01-18 14:34:56,Mobile App
81,Tanvi Gala,Business,4607081716175342,BARB0976755,Bank of Baroda,Savings,7460039775,tanvi.gala693@example.com,tanvigala9916@paytm,Active,0,2024-11-17 22:24:43,,Internet Banking
540,Nidra Sami,Business,7835824791676821,INDB0241092,Bank of Baroda,Savings,2012877738,nidra.sami623@example.com,nidrasami2517@ybl,Active,1,2026-07-15 18:54:42,2026-07-16 04:56:42,Mobile App
305,Kritika Tiwari,Mom,7077388091290856,INDB0815961,ICICI Bank,Savings,1286649201,kritika.tiwari88@example.com,kritikatiwari7150@ybl,Active,1,2024-02-17 00:20:24,2024-02-23 17:11:24,Mobile App
829,Ishwar Keer,Office,8814287954679090,BARB0244238,Yes Bank,Savings,7408322270,ishwar.keer16@example.com,ishwarkeer6968@ybl,Active,0,2024-04-16 09:03:16,,Internet Banking
583,Falguni Chowdhury,,6434905270748786,SBIN0159241,IndusInd Bank,Savings,4089385319,falguni.chowdhury62@example.com,falgunichowdhury1872@okaxis,Active,1,2024-08-03 17:47:24,2024-08-07 22:02:24,Mobile App
598,Hiral Mohan,Vendor,1767528446299156,UBIN0605647,IDFC First Bank,Savings,4052356963,,hiralmohan4946@oksbi,Active,1,2025-05-17 07:16:55,2025-05-18 21:38:55,Mobile App
844,Mohini Banik,,6421184801222831,INDB0759058,Axis Bank,Savings,7176209297,mohini.banik632@example.com,mohinibanik8150@paytm,Active,1,2025-06-09 03:59:18,2025-06-09 04:12:18,Internet Banking
408,Gavin Srinivasan,Brother,2815534633030806,BARB0367414,Bank of Baroda,Savings,8157366409,gavin.srinivasan598@example.com,,Active,1,2025-12-13 22:51:25,2025-12-15 23:58:25,Internet Banking
947,Amaira Raghavan,,1704043307987478,INDB0617150,IDFC First Bank,Savings,,amaira.raghavan892@example.com,,Active,0,2024-06-21 04:52:34,,Mobile App
486,Anita Tak,Home,4339580577699805,BARB0722910,Kotak Mahindra Bank,Savings,3101154924,,anitatak2790@ybl,Active,1,2024-04-29 09:09:09,2024-04-30 06:44:09,Internet Banking
533,Janani Hayre,Business,1275117205211563,UBIN0861639,Canara Bank,Savings,0722270569,janani.hayre795@example.com,,Active,1,2026-07-21 19:51:30,2026-07-28 07:02:30,Branch
167,Abhimanyu Magar,Brother,6365976467959452,UBIN0127489,Union Bank of India,Savings,1715598012,abhimanyu.magar767@example.com,,Active,1,2025-08-30 14:35:17,2025-09-04 20:01:17,Mobile App
938,Vidhi Shenoy,,5950106126061297,IDFB0753399,IndusInd Bank,Savings,2554613204,vidhi.shenoy686@example.com,,Active,1,2025-01-11 04:12:15,2025-01-13 16:41:15,Branch
78,Kavya Dass,Friend,8509563863192837,BARB0697505,Bank of Baroda,Current,7419369979,,kavyadass8210@paytm,Active,1,2024-08-29 08:26:04,2024-09-01 11:34:04,Branch
176,Oni Sangha,Brother,1279705949009301,IDFB0639480,Yes Bank,Savings,8479776782,oni.sangha924@example.com,onisangha7219@ybl,Inactive,1,2024-07-30 11:23:09,2024-08-03 02:14:09,Internet Banking
971,Logan Wable,Personal,5611283464400816,ICIC0981172,Punjab National Bank,Savings,3880021457,logan.wable493@example.com,loganwable9438@oksbi,Active,0,2025-04-26 14:41:00,,Mobile App
271,Dakshesh Batta,Personal,993805304861982,HDFC0130082,IndusInd Bank,Savings,8881110328,dakshesh.batta131@example.com,,Active,1,2025-10-08 19:50:23,2025-10-15 02:02:23,Mobile App
93,Urvi Deo,Mom,1569101376275117,PUNB0153944,IndusInd Bank,Savings,2020478624,urvi.deo188@example.com,,Active,0,2025-01-09 17:18:19,,Mobile App
548,Jagat Iyengar,Dad,4157954309872087,PUNB0078762,HDFC Bank,Savings,7953690651,,jagatiyengar6532@ybl,Active,1,2024-06-10 06:38:22,2024-06-13 02:45:22,Mobile App
63,Jatin Balan,Friend,6958840471541515,ICIC0799522,State Bank of India,Savings,,jatin.balan761@example.com,jatinbalan7647@okhdfcbank,Active,0,2024-11-23 15:47:37,,Internet Banking
127,Ayush Anand,,6127389402054921,HDFC0954410,ICICI Bank,Savings,4820900315,ayush.anand868@example.com,ayushanand7888@okhdfcbank,Active,1,2025-11-01 14:47:32,2025-11-06 18:26:32,Internet Banking
588,Joshua Sawhney,,5660236302134539,PUNB0699976,IndusInd Bank,Savings,2784060633,joshua.sawhney345@example.com,,Active,1,2024-03-27 05:36:32,2024-03-28 17:42:32,Mobile App
566,Balvan Gole,,3015200530186826,HDFC0082427,Kotak Mahindra Bank,Savings,3918459458,,balvangole7450@okhdfcbank,Active,1,2026-02-10 23:33:12,2026-02-13 14:54:12,Internet Banking
265,Aditya Mistry,Home,9772482709401774,UTIB0321566,Bank of Baroda,Savings,4273467780,aditya.mistry92@example.com,adityamistry8651@oksbi,Active,1,2025-10-04 21:56:53,2025-10-05 01:54:53,Mobile App
307,Yahvi Khanna,Dad,8901025643243001,KKBK0384606,Punjab National Bank,Current,1057508306,,yahvikhanna5894@okhdfcbank,Active,1,2024-01-25 16:29:18,2024-02-01 12:41:18,Internet Banking
810,Onveer Dey,Sister,3285657394239251,ICIC0301936,State Bank of India,Savings,9696724920,onveer.dey928@example.com,,Active,0,2026-01-18 12:12:13,,Mobile App
844,Simon Narasimhan,,1141348502228111,ICIC0276053,IDFC First Bank,Savings,2828134606,simon.narasimhan278@example.com,,Active,1,2025-11-13 05:06:12,2025-11-15 09:49:12,Branch
449,Indali Palla,Business,2176167674683797,PUNB0727572,ICICI Bank,Savings,8162406212,indali.palla720@example.com,indalipalla3964@okaxis,Inactive,0,2024-11-29 17:39:56,,Internet Banking
733,Bimala Raja,Personal,8415260679430049,YESB0267321,Axis Bank,Savings,7007013888,,bimalaraja1197@ybl,Active,1,2024-05-04 02:39:10,2024-05-10 17:14:10,Mobile App
243,Finn Goel,Dad,4224127836565018,UTIB0464234,IndusInd Bank,Savings,5080746156,,finngoel2546@okhdfcbank,Active,1,2025-03-07 02:45:55,2025-03-11 02:54:55,Internet Banking
193,Ekalinga Parsa,Dad,1647160585392775,BARB0643261,HDFC Bank,Savings,2319467092,ekalinga.parsa534@example.com,ekalingaparsa2383@okicici,Active,1,2024-03-26 21:56:36,2024-03-30 05:37:36,Internet Banking
365,Ryan Walla,Sister,6469299787082175,ICIC0971456,Kotak Mahindra Bank,Savings,4295774041,ryan.walla416@example.com,ryanwalla5638@okicici,Active,1,2025-10-24 04:13:22,2025-10-28 15:13:22,Mobile App
460,Gautam Dayal,Office,3914645406960025,SBIN0877143,Bank of Baroda,Current,3177953603,gautam.dayal952@example.com,gautamdayal3626@okhdfcbank,Active,1,2025-02-07 10:22:54,2025-02-13 01:29:54,Mobile App
264,Charvi Seth,Home,159576688457456,UTIB0459157,ICICI Bank,Savings,3989058028,,,Active,1,2024-05-07 16:50:29,2024-05-09 23:34:29,Internet Banking
289,George Bassi,Dad,2493499726737332,UBIN0860100,Yes Bank,Savings,,george.bassi959@example.com,,Active,1,2024-12-26 21:05:27,2024-12-29 00:28:27,Internet Banking
651,Gabriel Khare,,6199879336347895,KKBK0926587,ICICI Bank,Savings,9672888443,gabriel.khare974@example.com,gabrielkhare2651@okicici,Active,1,2025-12-09 01:21:45,2025-12-12 02:06:45,Branch
396,Warinder Agate,Business,296248321255165,ICIC0971598,Bank of Baroda,Savings,2391308779,warinder.agate632@example.com,warinderagate7224@okicici,Active,1,2024-07-18 03:33:59,2024-07-19 00:10:59,Internet Banking
221,Lopa Kapur,Vendor,8912268596859442,ICIC0617993,Bank of Baroda,Savings,1288547062,lopa.kapur220@example.com,lopakapur7786@ybl,Active,1,2026-08-07 01:44:12,2026-08-13 19:32:12,Internet Banking
804,Wridesh Divan,Home,841082670592143,CNRB0681060,IDFC First Bank,Savings,8188352218,wridesh.divan238@example.com,wrideshdivan8929@paytm,Inactive,1,2024-01-10 14:43:28,2024-01-15 19:43:28,Mobile App
301,Panini Ray,Personal,6526505178266043,UBIN0143125,Kotak Mahindra Bank,Savings,,panini.ray349@example.com,,Active,1,2025-10-06 09:52:08,2025-10-08 05:46:08,Mobile App
296,Mitesh Prabhakar,Mom,2586865229176698,KKBK0229467,IDFC First Bank,Savings,,,miteshprabhakar4245@okicici,Active,1,2025-08-20 18:11:02,2025-08-21 08:30:02,Internet Banking
827,Charles Palla,Office,6514417109598594,PUNB0532193,Yes Bank,Savings,6172212426,charles.palla14@example.com,,Active,1,2025-10-01 17:30:30,2025-10-06 16:58:30,Mobile App
314,Oscar Ghose,Dad,5817259854646636,CNRB0004451,Union Bank of India,Savings,5016008968,oscar.ghose238@example.com,oscarghose4687@okicici,Active,1,2026-06-18 21:22:57,2026-06-25 10:03:57,Mobile App
537,Azad Cheema,Home,7170769229029455,SBIN0813052,Union Bank of India,Savings,5388161586,azad.cheema965@example.com,,Active,1,2024-09-17 19:37:02,2024-09-24 17:12:02,Mobile App
765,Peter Behl,,1603087095275193,UTIB0221238,Punjab National Bank,Savings,2561114117,peter.behl442@example.com,,Active,1,2024-09-13 21:45:44,2024-09-20 13:16:44,Internet Banking
732,Dalbir Mohanty,,8921961879169978,KKBK0775690,Bank of Baroda,Savings,4373236869,dalbir.mohanty767@example.com,,Active,1,2025-11-22 19:02:57,2025-11-26 00:04:57,Branch
915,Tanmayi Srinivasan,Friend,2991046509622891,PUNB0830556,HDFC Bank,Savings,6065309836,tanmayi.srinivasan559@example.com,tanmayisrinivasan8541@ybl,Active,1,2025-12-29 05:29:20,2025-12-31 14:09:20,Internet Banking
198,William Kulkarni,Friend,1056554221436707,IDFB0805216,Bank of Baroda,Savings,6872891318,william.kulkarni197@example.com,,Active,1,2026-08-13 13:15:22,2026-08-16 03:22:22,Mobile App
282,Charita Kapoor,,9422689600014524,SBIN0647960,Punjab National Bank,Savings,2188362340,charita.kapoor450@example.com,charitakapoor3870@ybl,Active,1,2026-01-30 01:47:44,2026-02-02 17:22:44,Mobile App
996,Reyansh Bedi,Office,7340921470517382,HDFC0369443,State Bank of India,Savings,4497776382,reyansh.bedi71@example.com,reyanshbedi5411@oksbi,Active,1,2026-08-02 04:40:07,2026-08-06 18:11:07,Mobile App
676,Divya Kapadia,Office,1172398385485990,UTIB0417640,State Bank of India,Savings,2887447467,divya.kapadia62@example.com,,Active,1,2025-12-27 21:51:09,2025-12-28 17:37:09,Internet Banking
101,Dakshesh Kibe,,3363628544671911,INDB0214197,Union Bank of India,Savings,8936090130,dakshesh.kibe468@example.com,,Active,0,2024-08-29 09:18:11,,Internet Banking
789,Daniel Goyal,,6536633887100683,IDFB0627409,Canara Bank,Savings,3826985940,daniel.goyal122@example.com,danielgoyal7306@ybl,Active,1,2024-09-10 06:16:09,2024-09-10 10:23:09,Internet Banking
821,Wridesh Patla,,5787951314507480,SBIN0292913,Punjab National Bank,Current,7324725624,wridesh.patla396@example.com,wrideshpatla8714@oksbi,Active,1,2024-04-05 23:38:37,2024-04-12 06:43:37,Internet Banking
649,Dipta Bassi,,3229991164716890,UTIB0779234,Punjab National Bank,Savings,5711208609,dipta.bassi433@example.com,,Active,1,2025-02-24 16:49:13,2025-02-26 11:22:13,Internet Banking
852,Raagini Dora,Brother,3521467470150204,YESB0492399,State Bank of India,Savings,4537895206,raagini.dora21@example.com,,Active,1,2025-08-28 22:25:51,2025-09-03 17:47:51,Internet Banking
334,Mahika D’Alia,,5213740429715198,PUNB0879333,IDFC First Bank,Savings,2627058715,mahika.d’alia203@example.com,,Active,1,2025-02-23 13:40:28,2025-02-27 10:19:28,Mobile App
512,Faras Hegde,Dad,2385734146178026,SBIN0597809,Axis Bank,Savings,8294768865,faras.hegde771@example.com,farashegde711@oksbi,Active,1,2025-12-13 19:12:55,2025-12-18 07:30:55,Mobile App
253,Priya Kuruvilla,Vendor,1410256046822956,UBIN0129236,Canara Bank,Savings,8742459384,priya.kuruvilla176@example.com,priyakuruvilla4556@okhdfcbank,Active,1,2024-02-16 10:32:19,2024-02-17 04:23:19,Branch
957,Saksham Dua,Dad,4413055452636712,UBIN0789692,Union Bank of India,Current,8569943681,saksham.dua368@example.com,sakshamdua3968@okhdfcbank,Active,1,2024-09-12 17:05:32,2024-09-18 17:51:32,Mobile App
40,Bhavani Shenoy,Friend,2505869838510680,YESB0058151,Yes Bank,Savings,6865987160,bhavani.shenoy310@example.com,,Active,1,2024-09-11 22:10:10,2024-09-18 14:05:10,Internet Banking
931,Oliver Goswami,Dad,2965349122454748,SBIN0390430,Canara Bank,Savings,8199630341,oliver.goswami732@example.com,olivergoswami714@okhdfcbank,Active,1,2024-10-14 09:50:15,2024-10-18 23:17:15,Mobile App
474,Warda Sood,Office,8947967829936093,YESB0321933,State Bank of India,Savings,5466868916,,wardasood307@ybl,Active,0,2024-10-05 18:00:19,,Internet Banking
890,Oscar Nigam,Sister,438281528231479,KKBK0693364,ICICI Bank,Savings,,oscar.nigam418@example.com,oscarnigam823@oksbi,Active,1,2025-02-22 17:51:41,2025-02-26 16:48:41,Mobile App
181,Falak Om,Vendor,2545042039302544,KKBK0621376,Bank of Baroda,Savings,3664779033,falak.om847@example.com,,Active,1,2025-02-26 16:43:20,2025-02-28 07:47:20,Mobile App
156,Avni Dua,Dad,6908120082186778,HDFC0059141,IndusInd Bank,Current,6911605091,avni.dua555@example.com,avnidua1456@okicici,Active,1,2024-07-11 13:42:14,2024-07-15 02:18:14,Internet Banking
4,Sanaya Ganesh,Vendor,6556989644112359,ICIC0047130,Yes Bank,Savings,5834002096,sanaya.ganesh109@example.com,,Active,1,2025-01-29 09:43:04,2025-02-04 00:50:04,Mobile App
225,Ayaan Solanki,,9621580580474361,SBIN0762796,State Bank of India,Savings,6948125391,,,Active,1,2025-03-19 16:33:43,2025-03-21 13:37:43,Branch
241,Manthan Vaidya,Brother,1842762424153142,SBIN0552514,HDFC Bank,Savings,2407146273,manthan.vaidya875@example.com,manthanvaidya5035@okhdfcbank,Inactive,1,2025-02-17 23:40:33,2025-02-23 07:37:33,Internet Banking
447,Jai Deo,Home,3110051367242693,ICIC0259185,Canara Bank,Savings,,jai.deo788@example.com,jaideo2972@paytm,Inactive,1,2025-08-24 06:22:14,2025-08-30 08:54:14,Internet Banking
523,Tanvi Pai,,355659365167723,PUNB0537348,Bank of Baroda,Savings,8263846748,tanvi.pai673@example.com,tanvipai9796@okhdfcbank,Active,1,2024-10-10 08:00:46,2024-10-12 20:02:46,Mobile App
944,Akshay Thaker,Dad,6907326421176004,HDFC0654639,Union Bank of India,Savings,6415188834,akshay.thaker795@example.com,akshaythaker7549@ybl,Active,1,2024-07-10 22:06:14,2024-07-10 22:20:14,Mobile App
669,Vedhika More,,3647949145271832,PUNB0663229,Canara Bank,Savings,2416626796,vedhika.more626@example.com,vedhikamore2043@okaxis,Active,1,2024-12-16 03:59:56,2024-12-17 10:10:56,Mobile App
972,Saanvi Jayaraman,,8304494148888721,BARB0346167,IndusInd Bank,Savings,8657501483,,saanvijayaraman7031@okaxis,Active,1,2024-10-16 04:08:54,2024-10-20 09:30:54,Mobile App
717,Bhavani Uppal,Personal,9967461131987628,YESB0865737,Union Bank of India,Current,2792718318,bhavani.uppal533@example.com,bhavaniuppal6753@ybl,Active,1,2025-09-21 12:51:30,2025-09-27 16:52:30,Internet Banking
217,Diya Doshi,,7629714656405099,YESB0358089,Axis Bank,Savings,3963247208,,diyadoshi1074@ybl,Active,1,2024-05-05 15:32:14,2024-05-07 10:45:14,Mobile App
229,Bishakha Om,,6657146976343100,HDFC0204093,IndusInd Bank,Savings,1748956459,bishakha.om515@example.com,bishakhaom5374@ybl,Active,1,2025-08-01 04:15:19,2025-08-05 15:59:19,Mobile App
771,Maanas Rai,Personal,9292782189818969,INDB0855803,IDFC First Bank,Current,3463627011,maanas.rai659@example.com,maanasrai8522@okhdfcbank,Active,1,2026-04-20 18:21:25,2026-04-22 00:21:25,Internet Banking
238,Janani Subramaniam,Brother,627023036142653,BARB0974185,HDFC Bank,Savings,5254739091,janani.subramaniam50@example.com,jananisubramaniam7494@okhdfcbank,Active,1,2026-05-03 00:11:48,2026-05-09 23:51:48,Internet Banking
313,Laban Cheema,Business,7288314705569335,HDFC0143815,State Bank of India,Savings,1910063152,,labancheema7417@paytm,Active,1,2024-08-01 17:27:52,2024-08-02 08:15:52,Mobile App
599,Suhani Tandon,Personal,6638072948001713,YESB0891628,Kotak Mahindra Bank,Savings,1803136585,suhani.tandon857@example.com,suhanitandon4176@paytm,Active,1,2025-03-30 20:13:31,2025-04-03 07:56:31,Mobile App
494,Wridesh Badal,Dad,9313481901176027,HDFC0382960,ICICI Bank,Savings,3709690910,wridesh.badal63@example.com,wrideshbadal5169@ybl,Active,1,2026-04-30 01:03:55,2026-05-03 18:34:55,Mobile App
409,Kalpit Prakash,,2330667816496024,KKBK0633779,IndusInd Bank,Savings,2944761715,kalpit.prakash127@example.com,kalpitprakash3826@paytm,Active,1,2026-01-02 03:32:21,2026-01-03 18:55:21,Branch
799,Anusha Sarraf,Friend,2223116928776721,INDB0188494,ICICI Bank,Savings,3013216898,anusha.sarraf476@example.com,anushasarraf7237@okicici,Active,0,2024-11-26 05:47:27,,Internet Banking
901,Logan Deshmukh,Personal,1805163071356903,KKBK0422226,Canara Bank,Savings,0330458622,logan.deshmukh316@example.com,logandeshmukh1135@oksbi,Active,0,2025-12-06 03:21:20,,Mobile App
550,Zaitra Sundaram,Business,9319835677282508,SBIN0221779,Axis Bank,Savings,7837294374,zaitra.sundaram349@example.com,zaitrasundaram1911@okhdfcbank,Active,1,2024-08-26 04:53:44,2024-08-28 04:39:44,Branch
792,Ayaan Agate,Home,1913162609659908,HDFC0496006,Yes Bank,Savings,3598732986,ayaan.agate102@example.com,,Active,1,2026-01-02 18:38:31,2026-01-09 16:59:31,Mobile App
862,Vinaya Sabharwal,,5150192009709569,INDB0648937,IDFC First Bank,Savings,9963528082,vinaya.sabharwal939@example.com,vinayasabharwal1621@okhdfcbank,Active,1,2024-03-12 21:56:57,2024-03-15 12:56:57,Internet Banking
42,Omkaar Pillay,,7731024238454899,KKBK0829565,Punjab National Bank,Savings,,omkaar.pillay302@example.com,,Active,0,2026-05-20 19:54:29,,Internet Banking
706,Gautam Om,,4977657367055282,UBIN0616956,Canara Bank,Savings,0553273708,,gautamom8188@oksbi,Active,1,2025-01-23 01:42:50,2025-01-23 14:02:50,Mobile App
800,Caleb Parikh,,9624053766337096,UBIN0014926,Union Bank of India,Savings,,caleb.parikh28@example.com,calebparikh937@okicici,Active,1,2025-11-22 10:36:58,2025-11-24 05:38:58,Mobile App
474,Xavier Shankar,Sister,1890207536424150,UBIN0091510,Axis Bank,Savings,1246744132,,xaviershankar6822@paytm,Active,1,2024-06-08 15:04:23,2024-06-15 12:38:23,Mobile App
294,Ranbir Palla,Office,5950068586022134,UTIB0385818,Axis Bank,Savings,4091842436,ranbir.palla185@example.com,ranbirpalla5597@oksbi,Active,0,2024-08-06 10:59:47,,Mobile App
876,Garima Pal,,4334784506833587,IDFB0928220,IndusInd Bank,Savings,7186180941,garima.pal156@example.com,garimapal8202@okaxis,Active,0,2026-01-09 20:17:24,,Internet Banking
44,Falguni Kale,,4492413863199283,CNRB0074815,Bank of Baroda,Savings,9119346717,falguni.kale754@example.com,falgunikale1963@ybl,Active,1,2024-11-07 19:34:37,2024-11-14 02:22:37,Mobile App
831,Parth Patla,,7684308783805875,HDFC0189810,Axis Bank,Current,1142102541,parth.patla234@example.com,parthpatla8057@okicici,Active,0,2025-06-21 11:30:16,,Mobile App
817,Benjamin Dar,,7479619397166884,ICIC0159205,Axis Bank,Savings,0340243474,benjamin.dar500@example.com,benjamindar639@ybl,Active,1,2026-03-15 05:49:12,2026-03-19 11:43:12,Internet Banking
145,Vansha Handa,Friend,1711155770629602,ICIC0584286,Kotak Mahindra Bank,Savings,6805953408,vansha.handa556@example.com,vanshahanda749@okicici,Active,1,2024-09-15 08:48:58,2024-09-18 03:04:58,Mobile App
164,Lakshmi Nayar,,6554964233416481,HDFC0482704,Union Bank of India,Savings,5717738854,lakshmi.nayar881@example.com,,Active,1,2025-04-13 00:21:37,2025-04-17 20:28:37,Mobile App
770,Mugdha Chadha,Home,8406413935613988,HDFC0995027,Union Bank of India,Savings,4925083723,,mugdhachadha8538@okaxis,Active,1,2024-08-29 00:48:59,2024-08-30 06:58:59,Mobile App
866,Zansi Gola,,2477060988293059,IDFB0962915,IndusInd Bank,Savings,,zansi.gola640@example.com,zansigola8164@okaxis,Active,1,2025-04-03 11:00:11,2025-04-03 22:06:11,Mobile App
940,Shivani Sabharwal,Home,2704300141170176,BARB0463715,Kotak Mahindra Bank,Savings,6151660530,shivani.sabharwal679@example.com,,Active,1,2025-05-04 03:10:05,2025-05-08 15:33:05,Branch
75,Jeremiah Chandran,Mom,4502664152615032,ICIC0189864,Canara Bank,Savings,7979022820,jeremiah.chandran100@example.com,,Active,1,2024-11-07 15:31:11,2024-11-11 20:24:11,Mobile App
80,Gautam Bora,Business,4240270069349500,SBIN0565602,IDFC First Bank,Savings,7718798797,gautam.bora796@example.com,,Active,1,2025-03-17 16:32:35,2025-03-21 09:00:35,Internet Banking
645,Yatan Yadav,Dad,3891084896347225,UTIB0074188,ICICI Bank,Current,2611577879,yatan.yadav565@example.com,yatanyadav1900@oksbi,Active,1,2026-03-09 05:02:34,2026-03-10 04:16:34,Internet Banking
959,Ekapad Lad,Business,3136373319825287,KKBK0048728,Kotak Mahindra Bank,Savings,7151558539,ekapad.lad163@example.com,,Inactive,1,2024-03-29 16:18:41,2024-03-31 17:54:41,Internet Banking
582,Damyanti Ramaswamy,,5481873641770588,KKBK0188336,Canara Bank,Savings,2294630111,damyanti.ramaswamy15@example.com,,Active,1,2024-12-14 05:03:48,2024-12-15 20:46:48,Internet Banking
575,Yashodhara Hari,Vendor,1815024693531744,UTIB0337831,Canara Bank,Savings,4649254818,yashodhara.hari12@example.com,yashodharahari2138@okicici,Active,1,2024-01-28 17:55:41,2024-02-01 06:00:41,Mobile App
157,Yahvi Kumer,Mom,1677624482920877,CNRB0052587,Union Bank of India,Current,4024375299,yahvi.kumer853@example.com,yahvikumer9204@paytm,Active,1,2024-12-19 03:41:10,2024-12-19 11:23:10,Mobile App
117,Raksha Ratti,Brother,5881359695391856,BARB0271653,Yes Bank,Savings,5403177216,raksha.ratti440@example.com,raksharatti7715@ybl,Active,1,2024-11-29 00:51:25,2024-12-05 00:18:25,Mobile App
135,Lohit Devi,Personal,1842960909801060,UBIN0122499,IDFC First Bank,Savings,,lohit.devi858@example.com,lohitdevi5298@okicici,Active,1,2025-04-28 23:01:30,2025-05-05 07:19:30,Branch
719,Vrishti Saini,Office,6242939536340874,BARB0303060,Bank of Baroda,Savings,4212943389,vrishti.saini386@example.com,vrishtisaini7084@oksbi,Active,1,2025-08-28 00:16:49,2025-08-29 09:18:49,Internet Banking
858,George Shenoy,Dad,5574738885762738,CNRB0966031,Union Bank of India,Savings,9288532913,george.shenoy622@example.com,,Active,0,2024-05-17 12:00:12,,Mobile App
596,Vedika Murty,,4353762460383260,INDB0837438,State Bank of India,Savings,6473541081,vedika.murty206@example.com,,Active,1,2025-04-14 16:16:09,2025-04-19 07:58:09,Internet Banking
489,Radha Pall,Dad,4991444937718125,INDB0810250,Punjab National Bank,Savings,5660872512,radha.pall358@example.com,,Active,1,2024-05-16 18:12:40,2024-05-21 06:40:40,Mobile App
759,Arunima Hari,,6508501527381909,SBIN0553097,Canara Bank,Savings,1983694442,arunima.hari732@example.com,arunimahari5970@oksbi,Inactive,0,2026-04-05 07:45:16,,Branch
933,Yauvani Kumar,Home,3834384218741159,KKBK0380188,Kotak Mahindra Bank,Savings,2887396416,,,Active,1,2025-10-20 06:56:44,2025-10-22 17:27:44,Internet Banking
669,Jairaj Bhardwaj,Sister,5757813710103979,YESB0273546,HDFC Bank,Savings,8486678711,jairaj.bhardwaj170@example.com,,Active,1,2025-08-12 00:13:36,2025-08-12 13:22:36,Mobile App
863,Naveen Shere,,9984052547627317,ICIC0328704,Canara Bank,Savings,9102959710,naveen.shere949@example.com,,Active,1,2024-11-25 18:05:57,2024-11-26 17:11:57,Internet Banking
512,Rehaan Shanker,Sister,3481969252998906,UBIN0158044,Kotak Mahindra Bank,Savings,7067462531,,rehaanshanker8714@okaxis,Active,1,2025-05-11 22:48:54,2025-05-12 09:13:54,Internet Banking
954,Theodore Pau,,7180624391916157,CNRB0993898,Canara Bank,Savings,4325923938,theodore.pau20@example.com,theodorepau107@ybl,Active,0,2025-05-13 17:21:10,,Branch
508,Bakhshi Sundaram,Business,6127904536496199,PUNB0681569,Bank of Baroda,Savings,0457203397,bakhshi.sundaram551@example.com,bakhshisundaram3628@paytm,Blocked,1,2024-01-23 00:53:00,2024-01-27 07:06:00,Mobile App
623,Logan Pai,,905802591797988,HDFC0637092,IndusInd Bank,Savings,3377393245,logan.pai126@example.com,loganpai4202@okicici,Active,1,2025-03-11 02:49:35,2025-03-16 22:03:35,Mobile App
880,Manbir Murty,,4781205468570577,KKBK0047667,Yes Bank,Savings,4877150648,manbir.murty956@example.com,,Active,1,2025-07-25 22:51:22,2025-08-01 15:02:22,Internet Banking
69,Sara Lad,Mom,402083897103217,UTIB0217131,Yes Bank,Savings,2034669097,sara.lad661@example.com,saralad9352@okicici,Active,0,2025-07-28 03:42:38,,Branch
852,Kalpit Manda,,9612362141820429,UTIB0818615,Canara Bank,Current,1966980243,kalpit.manda264@example.com,,Active,1,2024-03-22 17:09:43,2024-03-23 15:04:43,Internet Banking
716,Watika Shah,Vendor,6636865110048597,HDFC0051982,Canara Bank,Savings,1669862753,watika.shah504@example.com,watikashah5139@okaxis,Active,1,2024-09-07 00:48:02,2024-09-12 00:08:02,Mobile App
822,Bhanumati Bhakta,,2980511084005533,CNRB0511820,Union Bank of India,Savings,1395040991,,bhanumatibhakta2082@paytm,Active,1,2024-10-21 00:32:04,2024-10-21 16:30:04,Mobile App
356,Lavanya Wali,Business,2343117944442804,INDB0648888,Yes Bank,Savings,9189052815,,,Inactive,0,2024-08-26 19:00:00,,Internet Banking
6,Hardik Mitra,Friend,4290133019262631,HDFC0957435,IndusInd Bank,Savings,,hardik.mitra843@example.com,hardikmitra6104@okaxis,Active,1,2024-07-07 23:44:21,2024-07-11 14:07:21,Mobile App
981,Gautam Handa,,9517422322910005,YESB0795747,Yes Bank,Savings,,gautam.handa363@example.com,gautamhanda6070@ybl,Active,1,2024-03-04 18:06:14,2024-03-05 19:44:14,Mobile App
919,Anika Date,Personal,6740379043724500,HDFC0233987,Axis Bank,Savings,4290986116,anika.date37@example.com,anikadate2450@ybl,Active,1,2026-04-01 15:47:09,2026-04-06 00:26:09,Mobile App
318,Abha Kohli,Dad,7315000686232016,YESB0915721,ICICI Bank,Savings,2945371583,,abhakohli6040@paytm,Active,1,2026-02-18 01:55:58,2026-02-18 04:09:58,Mobile App
363,Bakhshi Kapoor,Dad,9637335643924042,ICIC0412231,Canara Bank,Savings,4736451449,bakhshi.kapoor326@example.com,,Active,0,2025-02-15 21:40:44,,Mobile App
905,Manbir Saran,,6433314455218504,YESB0164868,Axis Bank,Savings,7621737175,,manbirsaran2153@okaxis,Active,1,2025-01-23 04:42:54,2025-01-25 11:58:54,Internet Banking
495,Umang Gill,Home,7119200757433122,SBIN0032660,Bank of Baroda,Savings,8713661223,umang.gill553@example.com,umanggill6772@okhdfcbank,Active,0,2025-01-15 22:54:35,,Mobile App
614,Falguni Raja,Sister,2158167410967985,YESB0419983,Canara Bank,Savings,3315524964,falguni.raja907@example.com,falguniraja8367@oksbi,Active,1,2025-01-11 07:42:38,2025-01-15 11:30:38,Internet Banking
949,Kevin Bhatti,Friend,4240064922085149,YESB0485664,HDFC Bank,Savings,7283645030,kevin.bhatti313@example.com,,Active,1,2026-04-03 02:49:48,2026-04-10 01:56:48,Branch
436,Aishani Gera,Office,9001522778832045,INDB0050207,IDFC First Bank,Current,,aishani.gera968@example.com,aishanigera6093@paytm,Active,1,2025-08-01 20:50:12,2025-08-04 15:01:12,Mobile App
833,Ekalinga Chhabra,Brother,7336699529859512,PUNB0380014,Yes Bank,Savings,,ekalinga.chhabra711@example.com,ekalingachhabra5938@okhdfcbank,Inactive,1,2026-03-07 20:54:53,2026-03-09 09:25:53,Branch
232,Xavier Lall,,1530951011491059,HDFC0586690,Canara Bank,Savings,9926225965,xavier.lall578@example.com,xavierlall2972@oksbi,Active,1,2024-12-09 08:52:30,2024-12-14 15:21:30,Internet Banking
699,Vidhi Khalsa,Vendor,3903012686459119,SBIN0693948,IDFC First Bank,Current,9660809949,vidhi.khalsa915@example.com,,Active,0,2026-07-07 02:01:35,,Mobile App
460,Daniel Talwar,Personal,8784184120227762,IDFB0878651,State Bank of India,Savings,2499416410,daniel.talwar563@example.com,danieltalwar9716@paytm,Inactive,1,2025-08-11 00:58:41,2025-08-12 16:32:41,Mobile App
534,Nidra Batta,,3616315913263151,UTIB0150395,Kotak Mahindra Bank,Savings,,nidra.batta845@example.com,,Active,1,2025-07-25 20:01:21,2025-08-01 07:41:21,Internet Banking
71,Faras Divan,Dad,6747049426034803,UTIB0050688,HDFC Bank,Savings,7529307391,faras.divan108@example.com,farasdivan870@okicici,Active,1,2026-02-02 14:14:58,2026-02-02 22:24:58,Branch
667,Siya Sule,Sister,1138780486120808,UBIN0442719,IndusInd Bank,Savings,6567531178,siya.sule720@example.com,,Active,1,2025-08-04 10:32:28,2025-08-06 01:29:28,Internet Banking
771,Libni Agrawal,Vendor,9422016469266987,UTIB0854864,IDFC First Bank,Savings,8955180884,libni.agrawal954@example.com,libniagrawal6649@okaxis,Active,1,2025-03-29 20:03:32,2025-04-04 12:04:32,Mobile App
362,Nikita Purohit,,7629879304427135,UBIN0102590,Axis Bank,Savings,6368460990,,nikitapurohit9438@paytm,Blocked,1,2025-09-30 08:40:13,2025-10-04 04:00:13,Internet Banking
533,Faraj Dhawan,Office,7503053964945748,SBIN0065955,Bank of Baroda,Savings,0905848491,,,Inactive,0,2024-10-03 22:04:32,,Internet Banking
652,Shaurya Kurian,Vendor,3765489279807911,PUNB0744902,State Bank of India,Current,,shaurya.kurian994@example.com,shauryakurian7642@oksbi,Inactive,0,2025-01-22 11:22:23,,Branch
893,Zehaan Palla,Vendor,9232131039345030,PUNB0742295,IDFC First Bank,Savings,3510822105,,,Active,0,2025-11-18 06:19:43,,Mobile App
321,Pranav Zachariah,Brother,1845699240019722,UTIB0868252,Punjab National Bank,Savings,6294015090,pranav.zachariah84@example.com,,Active,1,2024-03-10 10:40:09,2024-03-12 15:53:09,Mobile App
654,Maanav Prashad,Business,3365308398963792,SBIN0392314,HDFC Bank,Current,2174475428,maanav.prashad384@example.com,,Active,1,2026-05-04 00:40:16,2026-05-07 02:43:16,Mobile App
724,Reva Rai,Brother,1068731693169751,BARB0703695,Bank of Baroda,Savings,,reva.rai903@example.com,revarai8747@oksbi,Active,1,2024-01-02 18:05:07,2024-01-03 18:46:07,Branch
236,Eshana Menon,Personal,6132939345011318,UBIN0855943,Punjab National Bank,Savings,9068072393,eshana.menon892@example.com,eshanamenon1893@okaxis,Active,1,2026-05-11 15:35:58,2026-05-13 03:26:58,Mobile App
443,Rishi Mammen,Dad,3021853984890840,YESB0463660,Canara Bank,Savings,4508451967,rishi.mammen774@example.com,,Blocked,1,2024-09-25 01:00:29,2024-09-30 13:43:29,Mobile App
511,Devansh Doctor,,7659244243037088,UBIN0797186,Kotak Mahindra Bank,Savings,4837530335,,,Active,1,2024-04-09 18:07:35,2024-04-14 06:37:35,Internet Banking
905,Aadhya Tailor,,8818176548969521,IDFB0362671,IndusInd Bank,Savings,8208748622,aadhya.tailor147@example.com,,Active,1,2024-04-02 01:17:29,2024-04-06 00:50:29,Mobile App
254,Isaiah Ramachandran,Vendor,9635268689132210,UBIN0553876,Yes Bank,Savings,3987136847,isaiah.ramachandran671@example.com,isaiahramachandran5292@paytm,Active,0,2025-07-11 12:09:41,,Mobile App
706,Ishita Puri,Home,7266215354117213,ICIC0561079,Union Bank of India,Savings,8335520911,ishita.puri896@example.com,,Active,1,2026-04-05 19:55:23,2026-04-12 09:10:23,Mobile App
230,Naveen Kale,,4558203819156760,ICIC0265993,Axis Bank,Savings,4897270936,naveen.kale646@example.com,naveenkale5870@paytm,Active,1,2024-11-30 09:57:44,2024-12-02 14:22:44,Mobile App
92,Urvi Sidhu,,8749542408680526,UTIB0207590,Bank of Baroda,Savings,8322881214,urvi.sidhu771@example.com,urvisidhu2430@okhdfcbank,Inactive,1,2025-08-17 19:20:37,2025-08-23 00:32:37,Mobile App
227,Yatan Mannan,Brother,5065169467837300,HDFC0611557,Union Bank of India,Current,6755997541,yatan.mannan528@example.com,,Inactive,0,2026-03-01 01:16:20,,Branch
254,Vyanjana Krishnan,Vendor,7656237945591153,PUNB0572130,Bank of Baroda,Savings,6684290189,vyanjana.krishnan483@example.com,vyanjanakrishnan934@paytm,Active,1,2024-04-30 23:30:12,2024-05-01 17:09:12,Branch
351,Deepa Keer,Mom,1164011265612305,YESB0402814,IndusInd Bank,Savings,8167458082,deepa.keer904@example.com,deepakeer9833@okhdfcbank,Active,1,2025-12-04 02:08:27,2025-12-09 04:55:27,Internet Banking
856,Ubika Krishnan,Mom,515554596800863,INDB0916472,Yes Bank,Savings,4189195853,ubika.krishnan501@example.com,,Active,1,2025-02-22 22:51:42,2025-02-23 17:11:42,Mobile App
563,Aishani Rai,Office,761007013606373,UBIN0043551,IndusInd Bank,Savings,3828594822,aishani.rai851@example.com,aishanirai5512@okhdfcbank,Active,1,2026-04-15 05:49:30,2026-04-17 17:32:30,Internet Banking
152,Hemangini Raj,Dad,4400759048046531,ICIC0486858,Bank of Baroda,Savings,9724498647,hemangini.raj305@example.com,hemanginiraj8408@paytm,Inactive,1,2024-05-19 18:23:51,2024-05-25 01:43:51,Internet Banking
409,Varsha Sibal,Mom,1871053260659471,KKBK0663541,HDFC Bank,Savings,2675315694,,varshasibal8757@okhdfcbank,Active,1,2026-01-16 15:42:04,2026-01-18 07:20:04,Mobile App
91,Udant Buch,,1439117754174713,KKBK0868273,ICICI Bank,Savings,2834940779,udant.buch534@example.com,udantbuch5103@oksbi,Inactive,1,2025-09-30 15:41:23,2025-10-06 15:44:23,Branch
341,Warda Jaggi,Home,1225786057942927,IDFB0290054,Union Bank of India,Savings,2894882839,warda.jaggi551@example.com,wardajaggi360@ybl,Active,1,2024-07-05 22:38:13,2024-07-06 16:35:13,Internet Banking
795,Oni Panchal,Office,6464396108271841,INDB0681891,Bank of Baroda,Savings,6945279815,oni.panchal441@example.com,onipanchal553@okicici,Active,1,2024-05-09 22:49:47,2024-05-12 09:41:47,Branch
95,Ijaya Prashad,,2742056766432976,UBIN0753523,IDFC First Bank,Savings,9056411339,ijaya.prashad631@example.com,ijayaprashad6307@okaxis,Active,1,2025-02-02 08:38:08,2025-02-04 04:05:08,Mobile App
67,Harinakshi Boase,Business,7695795992189460,INDB0389668,State Bank of India,Savings,3994671326,,,Active,1,2024-05-16 12:59:32,2024-05-16 15:54:32,Branch
341,Balvan Chhabra,,1387486404122624,KKBK0460312,Union Bank of India,Current,7896048553,,,Active,1,2026-05-15 21:16:29,2026-05-19 10:46:29,Mobile App
574,Panini Tak,Mom,9460890861122370,KKBK0847942,Yes Bank,Savings,4230996483,,paninitak7352@paytm,Active,1,2024-03-06 05:49:31,2024-03-10 23:54:31,Mobile App
589,Gaurangi Yogi,Vendor,9530009605215870,HDFC0598057,ICICI Bank,Savings,7174594872,gaurangi.yogi980@example.com,,Active,1,2024-12-25 13:55:20,2024-12-31 04:50:20,Mobile App
37,Elijah Talwar,,3745978191386004,SBIN0520743,State Bank of India,Current,0023999279,elijah.talwar905@example.com,elijahtalwar1537@okicici,Active,1,2025-06-07 04:41:38,2025-06-10 18:07:38,Internet Banking
736,Kevin Dyal,Friend,2480763964939020,ICIC0706951,IDFC First Bank,Savings,0240900865,kevin.dyal346@example.com,kevindyal7147@paytm,Active,1,2026-01-29 21:59:52,2026-02-04 15:22:52,Internet Banking
864,Upasna Bhattacharyya,Sister,8340972359390749,UBIN0531919,Yes Bank,Savings,1198115760,,,Active,1,2025-03-18 19:21:56,2025-03-23 08:12:56,Mobile App
817,Yatan Suri,Mom,6436862775134699,ICIC0331218,Kotak Mahindra Bank,Savings,2158432967,yatan.suri697@example.com,yatansuri6064@okhdfcbank,Active,1,2026-01-14 22:00:18,2026-01-17 03:10:18,Mobile App
744,Zayan Raj,Brother,1859949942404295,ICIC0395416,State Bank of India,Savings,5248442989,zayan.raj62@example.com,zayanraj857@paytm,Active,1,2026-06-14 21:04:17,2026-06-18 02:44:17,Mobile App
337,Inaya Rajan,,6684474932338917,UTIB0666923,Bank of Baroda,Savings,3235587343,inaya.rajan468@example.com,,Active,1,2026-08-16 18:04:32,2026-08-17 23:59:59,Internet Banking
987,Robert Ray,Mom,3875246821119772,INDB0135603,State Bank of India,Savings,5375881371,robert.ray23@example.com,robertray7325@paytm,Active,1,2025-05-17 14:28:16,2025-05-18 19:13:16,Branch
456,Triveni Goel,Personal,5803993487577695,UTIB0195620,Punjab National Bank,Savings,1239627746,triveni.goel630@example.com,,Active,0,2024-05-09 01:37:03,,Internet Banking
80,Jagrati Krishnamurthy,,7047223069346487,IDFB0952838,Yes Bank,Savings,,jagrati.krishnamurthy519@example.com,,Active,1,2024-07-07 13:03:15,2024-07-08 20:51:15,Mobile App
995,Dev Rajagopalan,Sister,9651862880550414,CNRB0960009,Union Bank of India,Current,8505237201,,devrajagopalan3596@okhdfcbank,Active,1,2025-03-30 12:23:18,2025-04-02 19:03:18,Branch
662,Harinakshi Srivastava,,493335285770510,CNRB0415921,IDFC First Bank,Savings,9649561724,harinakshi.srivastava215@example.com,harinakshisrivastava5633@okhdfcbank,Active,1,2026-05-08 07:45:09,2026-05-13 06:42:09,Mobile App
390,Chatresh Bandi,,2170502690335198,SBIN0538373,IDFC First Bank,Savings,7315023903,chatresh.bandi295@example.com,chatreshbandi8819@okaxis,Active,1,2025-04-01 07:00:17,2025-04-03 07:04:17,Mobile App
765,Jai Rajan,,4483830701898813,SBIN0654503,IndusInd Bank,Savings,8540847916,jai.rajan786@example.com,,Active,1,2024-12-26 20:47:57,2024-12-31 17:56:57,Branch
238,Vinaya Mohanty,,1228039178025124,ICIC0479302,Punjab National Bank,Savings,1872920334,vinaya.mohanty780@example.com,vinayamohanty3094@paytm,Active,1,2026-02-12 12:43:15,2026-02-15 16:29:15,Mobile App
838,Alexander Bansal,,3424557098438556,PUNB0310524,State Bank of India,Current,,alexander.bansal975@example.com,alexanderbansal3562@okaxis,Active,1,2025-01-10 11:45:14,2025-01-11 03:36:14,Mobile App
789,Akshay Nagi,Personal,5534941419578603,HDFC0491672,State Bank of India,Savings,5691638925,akshay.nagi557@example.com,,Active,1,2024-12-30 10:49:25,2025-01-01 17:54:25,Internet Banking
637,Gautami Mani,,3649239638410947,PUNB0816636,IndusInd Bank,Savings,8525536975,gautami.mani791@example.com,gautamimani3941@oksbi,Active,1,2024-07-23 19:38:20,2024-07-24 20:17:20,Internet Banking
977,Ekaja Chopra,,7578346532748606,KKBK0996325,Bank of Baroda,Savings,6782734862,ekaja.chopra81@example.com,ekajachopra9144@ybl,Active,1,2025-02-23 03:11:45,2025-02-26 14:06:45,Mobile App
357,Upadhriti Lala,Business,5355317398477812,KKBK0240199,IDFC First Bank,Current,3384513342,,,Blocked,1,2026-07-31 19:59:15,2026-08-01 19:19:15,Mobile App
131,Urmi Munshi,Home,415943908338225,YESB0795263,Bank of Baroda,Savings,2471666658,urmi.munshi850@example.com,,Active,1,2025-12-26 09:26:21,2025-12-26 19:51:21,Mobile App
98,Ishaan Khosla,Home,9247237007088921,CNRB0327762,Yes Bank,Savings,,,ishaankhosla768@okicici,Active,0,2026-03-04 21:04:47,,Internet Banking
409,Amrita Seshadri,Brother,1400766196338851,INDB0980933,IndusInd Bank,Savings,2492799853,amrita.seshadri91@example.com,amritaseshadri1593@ybl,Active,1,2026-04-15 02:49:25,2026-04-20 20:28:25,Mobile App
220,Lakshmi Kuruvilla,,2651091537230360,PUNB0210269,State Bank of India,Savings,1226446758,,lakshmikuruvilla4622@paytm,Active,1,2026-03-25 17:18:52,2026-03-30 16:05:52,Mobile App
580,Osha Ratta,Home,2452948975234419,CNRB0700880,Kotak Mahindra Bank,Savings,3151996259,osha.ratta114@example.com,,Active,0,2025-03-15 16:25:26,,Mobile App
585,Gaurika Narula,Personal,2126233892642490,HDFC0238715,Kotak Mahindra Bank,Savings,8491277186,gaurika.narula419@example.com,,Active,1,2026-03-31 03:24:27,2026-04-04 08:07:27,Mobile App
8,Daksha Talwar,Brother,8383124889551077,SBIN0120888,IndusInd Bank,Savings,5378121772,daksha.talwar430@example.com,dakshatalwar8016@okhdfcbank,Active,1,2025-12-30 16:04:03,2026-01-05 00:57:03,Internet Banking
537,Ria Baria,Brother,4216725618054370,YESB0000188,ICICI Bank,Savings,8661626857,ria.baria821@example.com,riabaria1241@okaxis,Active,1,2026-07-22 21:52:47,2026-07-26 01:16:47,Internet Banking
421,Liam Bhardwaj,Home,9629387413386200,PUNB0482738,HDFC Bank,Savings,6997094705,,liambhardwaj4145@paytm,Active,1,2026-07-09 23:23:31,2026-07-16 17:42:31,Branch
718,Yatin Bala,,7961297984791343,BARB0852712,Kotak Mahindra Bank,Savings,0162961670,yatin.bala110@example.com,yatinbala192@okicici,Active,1,2026-03-25 10:18:16,2026-03-29 10:27:16,Branch
550,Naveen Kapur,Personal,643108120618244,BARB0220864,Canara Bank,Savings,,naveen.kapur224@example.com,naveenkapur7888@oksbi,Active,1,2025-05-12 07:07:20,2025-05-17 07:17:20,Mobile App
291,Bhavani Johal,Mom,8548598279248086,KKBK0250206,State Bank of India,Savings,4842308601,bhavani.johal23@example.com,,Active,0,2024-01-31 00:54:13,,Internet Banking
384,Abha Subramaniam,Home,2703834520734156,PUNB0095139,Punjab National Bank,Savings,5735004924,abha.subramaniam993@example.com,,Active,1,2024-04-17 17:48:37,2024-04-24 11:25:37,Mobile App
52,Urvi Modi,,2073875599482507,INDB0384680,Canara Bank,Savings,9227603499,urvi.modi537@example.com,urvimodi5951@okaxis,Active,0,2024-06-18 15:01:46,,Mobile App
981,Bhavna Nadkarni,Personal,8121384273182303,BARB0687782,Punjab National Bank,Savings,1514484645,bhavna.nadkarni589@example.com,,Active,1,2024-04-16 09:29:54,2024-04-17 08:19:54,Mobile App
582,Triya Pal,,6775194258547019,HDFC0207848,Punjab National Bank,Savings,2897055787,triya.pal987@example.com,triyapal6445@ybl,Active,1,2025-02-12 18:15:38,2025-02-18 14:44:38,Branch
554,Urvi Mangat,,8376506610988289,ICIC0096105,Union Bank of India,Savings,7883831161,urvi.mangat368@example.com,urvimangat8442@ybl,Active,1,2024-02-15 00:40:58,2024-02-16 10:17:58,Internet Banking
952,Anthony Nath,Brother,1251021200167346,ICIC0746516,Yes Bank,Savings,4239041056,anthony.nath754@example.com,anthonynath2048@okaxis,Active,1,2026-05-15 04:41:09,2026-05-21 16:37:09,Mobile App
155,Nilima Kakar,Home,8178648944044135,SBIN0136941,Punjab National Bank,Savings,1287724862,nilima.kakar119@example.com,nilimakakar8839@oksbi,Active,1,2025-02-10 21:13:37,2025-02-14 20:55:37,Mobile App
59,Jeevika Sha,,6781366027193066,UTIB0491710,Axis Bank,Savings,0407294180,jeevika.sha753@example.com,jeevikasha7255@okicici,Active,1,2026-01-30 11:18:17,2026-02-02 04:00:17,Internet Banking
520,Chandresh Sawhney,Vendor,4823194354149543,INDB0613151,Canara Bank,Savings,2129019604,chandresh.sawhney770@example.com,,Active,1,2024-02-06 02:47:05,2024-02-10 20:03:05,Mobile App
199,Vedant Ranganathan,,9277564178686547,PUNB0511139,State Bank of India,Savings,3238749928,vedant.ranganathan237@example.com,,Active,1,2025-07-05 02:16:04,2025-07-05 22:12:04,Branch
382,Turvi D’Alia,,9377372640131316,INDB0059297,IndusInd Bank,Savings,6790756341,turvi.d’alia606@example.com,turvid’alia2192@okaxis,Active,1,2025-09-22 13:01:50,2025-09-26 17:34:50,Mobile App
50,Ishanvi Dasgupta,,4929507397900319,YESB0348505,IDFC First Bank,Savings,0503837842,ishanvi.dasgupta719@example.com,,Active,1,2024-04-20 01:50:11,2024-04-25 01:36:11,Mobile App
429,Panini Salvi,Mom,2668686875454019,UTIB0456018,Axis Bank,Savings,1125776618,,,Active,1,2025-08-23 08:19:21,2025-08-23 12:33:21,Branch
173,Lakshit Shanker,,3450621403997754,KKBK0012201,Punjab National Bank,Current,3111743482,,,Inactive,1,2025-09-30 09:55:46,2025-10-04 11:19:46,Internet Banking
860,Amol Joshi,,441708559610997,PUNB0827998,State Bank of India,Savings,2348411312,amol.joshi60@example.com,,Active,1,2024-03-21 01:25:32,2024-03-25 17:13:32,Internet Banking
262,Jhalak Gola,,5718599530729487,HDFC0412044,Bank of Baroda,Savings,8652941598,,,Active,1,2025-05-19 18:50:30,2025-05-26 12:21:30,Branch
937,Wahab Gala,Personal,9707016577690444,CNRB0026766,Union Bank of India,Savings,,wahab.gala56@example.com,wahabgala1140@okhdfcbank,Active,1,2026-06-14 21:08:09,2026-06-17 05:45:09,Mobile App
138,Omisha Dass,Office,6411197125949464,UBIN0606227,HDFC Bank,Savings,7425605987,omisha.dass834@example.com,,Active,0,2024-12-07 03:16:19,,Internet Banking
65,Elijah Shroff,,3057704445048674,HDFC0866721,Axis Bank,Savings,4571787842,elijah.shroff695@example.com,elijahshroff5852@okaxis,Active,1,2026-08-14 06:28:34,2026-08-15 11:05:34,Mobile App
309,Ansh Mishra,,4395485129368372,IDFB0970006,Axis Bank,Current,3327926328,,anshmishra2588@oksbi,Active,1,2026-06-18 11:45:33,2026-06-19 02:47:33,Mobile App
221,Diya Lall,Vendor,2276503884822071,BARB0248993,State Bank of India,Savings,2240385239,diya.lall696@example.com,diyalall7187@oksbi,Active,1,2026-05-11 15:44:08,2026-05-12 05:24:08,Internet Banking
838,Charan Chaudhary,Vendor,3391650551468155,HDFC0695761,Canara Bank,Savings,9222829994,charan.chaudhary129@example.com,,Active,1,2026-06-28 22:44:32,2026-06-29 13:36:32,Internet Banking
744,Sudiksha Amble,Personal,3140226264708737,BARB0923326,Union Bank of India,Savings,4981983904,sudiksha.amble963@example.com,sudikshaamble2944@okhdfcbank,Active,1,2024-08-17 13:54:24,2024-08-19 01:50:24,Mobile App
40,Aryan Raghavan,Personal,5363365526969762,ICIC0422518,Punjab National Bank,Savings,1354455619,,,Active,1,2024-05-29 09:32:07,2024-06-01 09:20:07,Mobile App
275,Liam Prasad,Brother,143873821371168,UBIN0552182,State Bank of India,Savings,0162457005,liam.prasad227@example.com,liamprasad1427@okhdfcbank,Inactive,0,2024-10-03 08:05:52,,Internet Banking
730,Damini Tandon,Mom,31771213839164,IDFB0621117,Union Bank of India,Savings,4181286411,damini.tandon270@example.com,daminitandon4736@okhdfcbank,Active,1,2025-07-17 22:55:16,2025-07-24 08:08:16,Internet Banking
646,Alexander Trivedi,Office,678780352128455,BARB0377815,State Bank of India,Savings,9136736978,alexander.trivedi35@example.com,,Active,1,2024-10-20 02:09:24,2024-10-25 07:29:24,Internet Banking
156,Nachiket Kakar,Sister,3436916472425265,PUNB0449795,IDFC First Bank,Savings,9335201052,nachiket.kakar858@example.com,nachiketkakar9758@okhdfcbank,Active,1,2024-03-31 11:11:29,2024-04-03 19:51:29,Mobile App
47,Ekaja Sunder,,2521036551487376,SBIN0772557,State Bank of India,Savings,8663220134,,ekajasunder6548@okicici,Active,1,2024-05-13 06:48:21,2024-05-14 17:03:21,Branch
507,Vritti Gokhale,Home,3384483683544114,HDFC0327901,ICICI Bank,Savings,6462403262,,vrittigokhale1123@okhdfcbank,Active,0,2025-04-01 05:41:39,,Mobile App
977,Frederick Dugal,Home,3043245357013531,INDB0010763,Bank of Baroda,Savings,5714405997,,frederickdugal5615@okaxis,Active,1,2025-08-18 11:44:05,2025-08-20 00:42:05,Internet Banking
973,Abdul Patla,Business,8205041902880899,PUNB0497063,Kotak Mahindra Bank,Current,5165838626,abdul.patla97@example.com,abdulpatla2041@okhdfcbank,Active,1,2025-06-07 16:12:53,2025-06-14 10:32:53,Mobile App
474,William Ahuja,Home,2757028933340818,IDFB0565595,Union Bank of India,Savings,2659454125,william.ahuja214@example.com,williamahuja8900@paytm,Active,1,2024-01-24 22:16:35,2024-01-28 04:24:35,Branch
831,Advik Dash,Dad,8852753098758985,SBIN0449731,Punjab National Bank,Savings,3777915595,advik.dash721@example.com,,Active,1,2024-03-18 19:15:36,2024-03-20 17:49:36,Internet Banking
488,Bhavani Tiwari,Sister,1148835702193905,CNRB0750466,State Bank of India,Savings,6018713026,bhavani.tiwari238@example.com,bhavanitiwari2756@oksbi,Active,1,2026-01-04 06:30:02,2026-01-04 21:32:02,Internet Banking
407,Ikbal Gole,,8109736228601959,UTIB0357546,Yes Bank,Savings,1536593007,ikbal.gole603@example.com,ikbalgole335@ybl,Active,1,2024-06-18 00:27:49,2024-06-21 22:03:49,Internet Banking
94,Chatresh Gola,,5174660226492673,YESB0457549,Union Bank of India,Savings,3311031176,chatresh.gola986@example.com,,Inactive,1,2026-06-15 21:14:00,2026-06-18 09:39:00,Mobile App
61,Pranav Pandey,Vendor,8261757460301203,YESB0525448,Bank of Baroda,Savings,7747844893,,,Active,1,2025-05-09 04:21:07,2025-05-12 21:54:07,Internet Banking
337,Benjamin Bala,Home,8691289541035921,CNRB0330707,IDFC First Bank,Savings,1342671797,benjamin.bala425@example.com,,Active,1,2024-06-17 19:01:43,2024-06-19 09:46:43,Internet Banking
973,Netra Sur,,9975789690907814,SBIN0023848,Union Bank of India,Savings,5782636266,netra.sur424@example.com,netrasur6488@ybl,Active,1,2026-04-26 08:57:54,2026-05-01 00:08:54,Internet Banking
486,Harrison Menon,Vendor,2861789350576281,YESB0680867,ICICI Bank,Savings,6456935992,harrison.menon457@example.com,harrisonmenon6497@okicici,Active,1,2024-09-16 10:47:10,2024-09-20 02:27:10,Mobile App
135,Isha Mittal,Brother,7049337683615854,PUNB0614643,Canara Bank,Savings,7641418487,,,Active,1,2026-07-24 11:47:20,2026-07-29 13:54:20,Internet Banking
714,Teerth Bir,Friend,7483235337149147,UBIN0522109,Kotak Mahindra Bank,Savings,4863491526,teerth.bir74@example.com,teerthbir8447@okaxis,Active,1,2025-04-25 23:58:48,2025-04-26 14:46:48,Mobile App
168,Garima Halder,Brother,3791035466950573,PUNB0600794,Axis Bank,Savings,4984661903,garima.halder958@example.com,garimahalder3104@oksbi,Active,1,2025-03-21 01:01:10,2025-03-21 12:32:10,Internet Banking
497,Mahika Sastry,Brother,26979529175867,YESB0616973,IndusInd Bank,Savings,7998937531,mahika.sastry168@example.com,,Active,1,2026-01-16 02:47:27,2026-01-20 10:18:27,Internet Banking
184,Champak Chad,Sister,1931235419334327,SBIN0879274,Union Bank of India,Savings,5811131024,champak.chad913@example.com,champakchad6812@okhdfcbank,Active,1,2025-08-03 17:10:33,2025-08-10 06:28:33,Mobile App
229,Faraj Kota,Dad,1685966414177211,PUNB0877723,Axis Bank,Savings,2075873378,faraj.kota503@example.com,farajkota6485@okaxis,Active,1,2025-02-23 05:22:55,2025-02-28 01:02:55,Internet Banking
944,Tara Bassi,Personal,7494926759621306,UTIB0997567,Bank of Baroda,Savings,6411188400,tara.bassi517@example.com,,Blocked,1,2026-01-26 23:15:28,2026-02-01 02:28:28,Mobile App
343,Gavin Murthy,Business,2177892999185593,HDFC0467832,Bank of Baroda,Savings,2336656649,gavin.murthy978@example.com,gavinmurthy9929@okhdfcbank,Active,1,2025-07-13 13:38:33,2025-07-19 00:01:33,Mobile App
527,Avni Narasimhan,Business,8824695206900283,YESB0102935,Union Bank of India,Savings,7843523993,avni.narasimhan417@example.com,avninarasimhan1239@ybl,Active,1,2024-05-19 08:23:44,2024-05-25 07:37:44,Mobile App
691,Brijesh Murty,Mom,7101414699883066,SBIN0511608,HDFC Bank,Savings,0209007330,brijesh.murty305@example.com,brijeshmurty31@ybl,Active,1,2024-10-05 05:35:38,2024-10-05 09:04:38,Mobile App
727,Orinder Ganguly,Friend,1972059340348171,YESB0746299,IDFC First Bank,Current,2785942647,orinder.ganguly572@example.com,orinderganguly5454@okaxis,Active,1,2025-11-03 09:02:33,2025-11-07 21:31:33,Internet Banking
773,Hitesh Pandey,Mom,7954617470546447,PUNB0806965,ICICI Bank,Savings,8132261284,hitesh.pandey38@example.com,,Active,0,2024-11-12 06:30:28,,Internet Banking
504,Lavanya Bansal,,2926831507062269,HDFC0308705,Union Bank of India,Savings,4199944528,lavanya.bansal377@example.com,,Active,0,2024-02-20 10:13:05,,Mobile App
545,Suhani Rattan,Brother,6042024781805002,YESB0410657,Axis Bank,Savings,5878447322,suhani.rattan334@example.com,suhanirattan1380@paytm,Inactive,0,2025-12-11 10:50:28,,Internet Banking
651,Siddharth Deshpande,Home,3911354791182971,YESB0752466,HDFC Bank,Savings,5133135647,siddharth.deshpande454@example.com,siddharthdeshpande1434@okhdfcbank,Active,1,2025-07-11 05:19:31,2025-07-17 05:49:31,Mobile App
658,Hemang Soman,Home,2614955431329246,YESB0082479,Kotak Mahindra Bank,Savings,6884213396,hemang.soman455@example.com,hemangsoman3593@oksbi,Active,1,2026-07-23 20:29:14,2026-07-24 09:19:14,Mobile App
91,Harrison Khatri,,2555823891699645,UBIN0338350,Union Bank of India,Savings,6589684581,harrison.khatri767@example.com,harrisonkhatri4617@okaxis,Active,1,2026-05-16 22:56:09,2026-05-20 11:29:09,Mobile App
441,Chandani Ravel,,6070929611016962,SBIN0922339,IndusInd Bank,Current,7901667255,chandani.ravel881@example.com,chandaniravel4891@ybl,Active,1,2024-09-07 15:31:20,2024-09-10 21:40:20,Mobile App
495,Aishani Keer,Dad,7659026840097754,UBIN0002608,Canara Bank,Savings,3408048927,,aishanikeer6472@oksbi,Active,0,2026-02-24 23:53:29,,Internet Banking
483,Zilmil Kaur,,3717138801787604,IDFB0615936,Bank of Baroda,Savings,5757232526,zilmil.kaur360@example.com,zilmilkaur9786@okhdfcbank,Active,1,2024-05-14 12:58:12,2024-05-16 23:56:12,Internet Banking
206,Ekbal Biswas,Home,5117346653660650,UTIB0193438,State Bank of India,Savings,0255789351,,ekbalbiswas9820@paytm,Active,0,2024-08-20 23:28:25,,Mobile App
605,Ryan Ahluwalia,Home,8965733094252315,KKBK0292005,IDFC First Bank,Current,8958107839,ryan.ahluwalia264@example.com,,Active,1,2024-02-12 21:44:55,2024-02-18 06:56:55,Mobile App
148,Januja Luthra,Vendor,1633386120813013,SBIN0048384,State Bank of India,Savings,8257918499,,janujaluthra7737@oksbi,Active,1,2026-01-13 08:33:12,2026-01-14 08:19:12,Mobile App
98,Vrishti Walla,,3353141373286601,BARB0955617,IndusInd Bank,Current,8104984700,vrishti.walla346@example.com,vrishtiwalla660@okicici,Active,1,2025-01-29 04:55:16,2025-02-05 02:35:16,Mobile App
72,Yashica Mutti,,8262194074370994,CNRB0942171,Bank of Baroda,Savings,3909802751,yashica.mutti352@example.com,yashicamutti8056@oksbi,Blocked,1,2026-01-22 17:56:52,2026-01-23 07:33:52,Mobile App
758,William Chandran,Friend,1623545484385317,YESB0587423,IDFC First Bank,Savings,7904073350,william.chandran499@example.com,williamchandran7643@ybl,Active,1,2024-03-09 19:01:21,2024-03-09 22:22:21,Internet Banking
208,Radhika Menon,,989953891901618,YESB0771188,Yes Bank,Savings,5286397042,radhika.menon77@example.com,radhikamenon8651@okaxis,Active,1,2026-07-06 20:10:25,2026-07-10 17:22:25,Mobile App
745,Dominic Krishna,,1395725835159177,HDFC0764010,ICICI Bank,Savings,2556934963,dominic.krishna878@example.com,dominickrishna3537@oksbi,Active,1,2026-03-04 20:00:15,2026-03-06 14:38:15,Mobile App
71,Hemang Sibal,Vendor,6389824265064090,INDB0084704,Kotak Mahindra Bank,Current,2894165706,hemang.sibal761@example.com,hemangsibal3086@paytm,Active,1,2024-08-13 05:36:16,2024-08-19 14:26:16,Mobile App
384,Ekanta Malhotra,Dad,7182344654382104,PUNB0078518,Union Bank of India,Savings,1840652565,ekanta.malhotra196@example.com,,Active,1,2026-06-30 07:14:51,2026-07-05 15:01:51,Mobile App
398,Harshil Raj,Friend,1500991419914172,BARB0679801,Bank of Baroda,Savings,8731598124,harshil.raj403@example.com,harshilraj248@paytm,Active,1,2024-06-12 14:34:54,2024-06-14 11:05:54,Mobile App
6,Yashawini Kumer,Business,2431832653083697,YESB0403228,ICICI Bank,Savings,6580463744,yashawini.kumer868@example.com,,Inactive,0,2025-09-15 17:17:48,,Internet Banking
219,Girindra Sha,Brother,1536364073330917,INDB0086817,Punjab National Bank,Savings,1663565266,girindra.sha951@example.com,girindrasha5637@okhdfcbank,Blocked,1,2025-06-04 16:52:22,2025-06-08 05:18:22,Mobile App
439,Jai Halder,Vendor,3709422390133530,ICIC0391281,ICICI Bank,Savings,9853411313,,jaihalder3053@okhdfcbank,Active,1,2025-02-10 04:30:46,2025-02-15 15:08:46,Mobile App
706,Yashasvi Sahota,Vendor,6029184300859590,UTIB0283016,IDFC First Bank,Savings,8376672424,yashasvi.sahota472@example.com,yashasvisahota3394@ybl,Active,1,2025-12-25 16:17:37,2025-12-31 10:51:37,Internet Banking
216,Chaitaly Chaudhuri,Mom,7118306950554548,UTIB0510373,Yes Bank,Current,7610884700,,,Active,1,2025-01-15 03:51:50,2025-01-21 05:45:50,Branch
621,Anthony Rege,Home,2173362499311516,UBIN0643470,ICICI Bank,Savings,8911523414,anthony.rege582@example.com,anthonyrege3285@oksbi,Active,1,2024-07-18 07:32:46,2024-07-18 23:15:46,Mobile App
362,Vedant Saraf,Business,2991409216193361,HDFC0623356,Punjab National Bank,Savings,,vedant.saraf371@example.com,,Active,1,2026-01-08 04:14:28,2026-01-11 14:14:28,Mobile App
854,Ladli Arora,Office,5472532329903556,BARB0217650,Punjab National Bank,Savings,9634462287,ladli.arora923@example.com,ladliarora4759@oksbi,Active,1,2025-09-19 10:17:40,2025-09-21 18:51:40,Mobile App
241,Tara Mand,Sister,959649840388404,SBIN0966886,Punjab National Bank,Savings,4174883042,tara.mand867@example.com,,Active,1,2025-02-23 18:34:21,2025-02-27 20:26:21,Internet Banking
458,Indali Chahal,Office,3707957216820768,KKBK0214725,HDFC Bank,Savings,,indali.chahal239@example.com,,Active,1,2026-06-28 01:00:05,2026-07-04 02:04:05,Internet Banking
679,Sai Mangat,,1696129801168886,PUNB0894209,Axis Bank,Current,3200875922,,saimangat1302@okicici,Active,0,2024-07-20 01:27:54,,Internet Banking
351,Unnati Chander,,9542916889987576,KKBK0521887,Axis Bank,Savings,7092855055,unnati.chander923@example.com,unnatichander5893@okaxis,Active,0,2024-08-22 08:20:14,,Mobile App
515,Kamya Sha,Home,2399533163010213,BARB0586582,Punjab National Bank,Current,1273072042,kamya.sha322@example.com,kamyasha2797@okicici,Active,1,2026-02-11 20:59:56,2026-02-15 02:14:56,Mobile App
56,Mason Ram,Home,5724329868678871,BARB0607944,Axis Bank,Current,3191961257,mason.ram653@example.com,masonram9883@oksbi,Active,1,2024-11-01 11:30:54,2024-11-01 16:47:54,Mobile App
321,Arunima Varma,,7134859691304193,UTIB0945633,Axis Bank,Savings,8535713776,,,Active,1,2024-12-31 04:28:47,2025-01-03 16:01:47,Mobile App
406,Alka Bhargava,Mom,3536193618454256,UBIN0556247,State Bank of India,Savings,5648622361,alka.bhargava20@example.com,,Active,1,2024-11-12 03:14:15,2024-11-14 17:34:15,Internet Banking
941,Rachit Dutta,Vendor,5121853238780559,INDB0759896,IndusInd Bank,Savings,,rachit.dutta894@example.com,rachitdutta790@paytm,Active,1,2026-02-25 18:03:33,2026-03-03 02:09:33,Internet Banking
127,Kala Bhasin,Home,4258322206980515,CNRB0493421,State Bank of India,Savings,9090777962,kala.bhasin945@example.com,kalabhasin5960@okaxis,Active,0,2025-03-15 08:58:08,,Branch
708,Daksha Tailor,Mom,8611794595627751,PUNB0324784,Union Bank of India,Savings,8813466056,daksha.tailor898@example.com,dakshatailor8608@paytm,Inactive,0,2025-05-24 04:38:32,,Internet Banking
867,Guneet Prakash,,5637008605903864,HDFC0948216,Yes Bank,Current,0120259453,guneet.prakash505@example.com,guneetprakash4375@okaxis,Active,1,2024-01-03 09:23:36,2024-01-09 16:58:36,Branch
21,Bachittar Sama,Vendor,7478307027170574,ICIC0773843,ICICI Bank,Savings,9601082687,bachittar.sama199@example.com,,Active,1,2026-01-10 01:45:46,2026-01-17 00:56:46,Mobile App
778,Ekavir Doshi,Personal,7446633053126546,ICIC0726990,Axis Bank,Savings,0021941494,ekavir.doshi388@example.com,,Blocked,1,2024-08-05 23:43:27,2024-08-07 11:10:27,Internet Banking
310,Zilmil Rai,Personal,9020601589857028,PUNB0168975,HDFC Bank,Savings,4011620587,zilmil.rai565@example.com,zilmilrai1513@okicici,Inactive,1,2024-08-14 14:14:12,2024-08-21 07:19:12,Mobile App
595,Urishilla Saraf,Sister,9879574760298396,PUNB0531917,Axis Bank,Current,6181628980,urishilla.saraf800@example.com,,Active,1,2026-07-21 13:22:48,2026-07-28 05:16:48,Mobile App
578,Girindra Mani,Friend,9585810390606519,PUNB0785145,HDFC Bank,Savings,9711652665,girindra.mani24@example.com,girindramani5433@paytm,Inactive,0,2024-06-27 23:49:02,,Internet Banking
452,Pratyush Basu,,7407429851485270,KKBK0908385,Bank of Baroda,Savings,1499376513,pratyush.basu625@example.com,pratyushbasu4031@paytm,Active,1,2026-06-08 18:59:20,2026-06-12 08:17:20,Mobile App
271,Arya Gera,Home,8187241766476877,INDB0064566,ICICI Bank,Savings,1677260282,,aryagera9382@paytm,Active,1,2025-07-10 13:15:33,2025-07-12 21:14:33,Internet Banking
786,Hamsini Bains,,6690578535013365,PUNB0413212,IndusInd Bank,Current,7037859438,hamsini.bains167@example.com,,Active,1,2026-01-12 14:02:02,2026-01-12 19:52:02,Internet Banking
100,Lipika Ben,Brother,6279340420289484,KKBK0685713,ICICI Bank,Savings,4870484610,lipika.ben107@example.com,lipikaben7069@okaxis,Active,1,2024-02-29 21:56:01,2024-03-06 13:30:01,Internet Banking
613,Anita Mani,,1338602228355140,PUNB0909604,Punjab National Bank,Savings,6749316312,anita.mani224@example.com,,Active,0,2025-07-29 10:29:54,,Mobile App
589,Benjamin Dey,Personal,1065703799966263,YESB0060983,Union Bank of India,Current,9184091063,benjamin.dey343@example.com,benjamindey5716@paytm,Active,1,2024-01-16 21:31:16,2024-01-22 21:34:16,Mobile App
179,Leena Nagy,Vendor,2142538201240037,ICIC0146902,Yes Bank,Savings,2717007044,leena.nagy934@example.com,,Active,1,2025-03-29 16:32:18,2025-04-01 08:37:18,Mobile App
592,Eesha Batra,,9046631542125688,IDFB0771752,IndusInd Bank,Savings,1405565409,,,Active,0,2024-09-13 02:35:52,,Internet Banking
594,Prisha Ahluwalia,,5936727256689405,IDFB0738762,Axis Bank,Savings,1510126028,prisha.ahluwalia152@example.com,prishaahluwalia2300@okaxis,Active,1,2024-04-14 19:08:28,2024-04-16 13:51:28,Mobile App
941,Anvi Grewal,,1302979318106317,UTIB0906334,Kotak Mahindra Bank,Savings,3503741962,anvi.grewal505@example.com,anvigrewal8561@ybl,Active,1,2024-09-27 13:16:49,2024-09-29 07:18:49,Internet Banking
65,Sachi Koshy,Sister,9239142177659183,IDFB0977963,Axis Bank,Savings,9552106632,,sachikoshy6917@okhdfcbank,Active,1,2024-01-09 20:17:32,2024-01-13 10:01:32,Branch
321,Noah Keer,Vendor,2513762086030248,HDFC0888019,IndusInd Bank,Savings,6598593192,noah.keer45@example.com,noahkeer5653@paytm,Active,1,2024-04-11 06:51:42,2024-04-11 09:59:42,Mobile App
691,Chasmum Morar,,5537274779517513,UBIN0604294,ICICI Bank,Current,0916606909,,,Active,1,2024-03-26 12:31:42,2024-03-31 14:31:42,Mobile App
852,Brinda Dhawan,Brother,3776496760282472,BARB0716455,IndusInd Bank,Savings,5832151060,brinda.dhawan111@example.com,brindadhawan1457@oksbi,Inactive,1,2025-08-20 04:24:28,2025-08-27 03:42:28,Internet Banking
296,Quincy De,,3571255018744176,KKBK0087124,Punjab National Bank,Savings,,quincy.de669@example.com,,Active,0,2025-04-16 12:51:22,,Mobile App
867,Triya Sridhar,Home,8869483344499765,PUNB0839571,IDFC First Bank,Savings,0846459824,triya.sridhar398@example.com,triyasridhar6800@okaxis,Inactive,1,2025-11-05 11:29:49,2025-11-08 07:53:49,Internet Banking
614,Zilmil Parikh,Personal,3367944126596418,UTIB0180252,Yes Bank,Savings,5998271942,zilmil.parikh419@example.com,zilmilparikh763@okicici,Active,0,2026-05-18 23:16:28,,Mobile App
27,Kamala Bhakta,,9913743286919853,IDFB0252233,Yes Bank,Savings,9268031891,kamala.bhakta555@example.com,,Active,1,2025-10-07 01:24:42,2025-10-08 10:25:42,Internet Banking
299,Chasmum Shan,Friend,6812125026858647,SBIN0243978,Axis Bank,Savings,4266655559,chasmum.shan682@example.com,chasmumshan8736@okhdfcbank,Active,1,2026-04-04 05:01:18,2026-04-11 02:04:18,Internet Banking
863,Manbir Sengupta,Dad,6423529569161805,UBIN0037612,IDFC First Bank,Savings,7433661381,manbir.sengupta886@example.com,,Active,1,2024-01-29 21:52:22,2024-02-05 19:57:22,Mobile App
129,Arya Prashad,Sister,7684635111107962,CNRB0883902,Yes Bank,Current,7932618366,arya.prashad691@example.com,aryaprashad3527@paytm,Blocked,1,2025-08-01 15:25:43,2025-08-03 12:57:43,Mobile App
42,Anita Golla,Vendor,5238085213469840,SBIN0681853,ICICI Bank,Savings,3362475986,,,Active,1,2024-12-10 09:59:17,2024-12-10 12:48:17,Internet Banking
141,Lohit Majumdar,Home,7394551148472168,BARB0174385,IDFC First Bank,Current,8974975868,lohit.majumdar168@example.com,,Active,1,2026-07-18 20:05:40,2026-07-24 20:24:40,Mobile App
790,Lajita Dugar,Sister,6541413010614454,SBIN0796518,Bank of Baroda,Savings,5876286047,lajita.dugar445@example.com,lajitadugar9664@okicici,Active,1,2025-07-25 13:25:45,2025-07-30 01:35:45,Mobile App
75,Bhavika Bahl,Friend,8674812379009788,HDFC0525352,HDFC Bank,Savings,7051041384,bhavika.bahl662@example.com,,Active,1,2024-05-13 09:46:44,2024-05-17 01:21:44,Mobile App
430,Anthony Modi,Dad,2537518610995063,KKBK0479499,Kotak Mahindra Bank,Savings,,,,Active,1,2024-01-18 06:15:06,2024-01-23 20:37:06,Mobile App
775,Maanas Dayal,Vendor,5956842619064303,CNRB0073005,ICICI Bank,Savings,6262740324,,,Active,1,2026-08-06 18:34:32,2026-08-07 23:25:32,Internet Banking
388,Gaurangi Singhal,Sister,474704252226786,KKBK0618987,Canara Bank,Current,1207660991,gaurangi.singhal745@example.com,gaurangisinghal4507@oksbi,Active,0,2024-12-20 13:53:10,,Mobile App
147,Chaitanya Kar,,6715596464041618,CNRB0103179,State Bank of India,Savings,3294108859,chaitanya.kar997@example.com,chaitanyakar5044@oksbi,Active,1,2024-06-30 03:14:26,2024-07-02 21:29:26,Mobile App
156,Ekbal Viswanathan,,7614229918444118,UTIB0104514,HDFC Bank,Savings,1712100492,ekbal.viswanathan456@example.com,ekbalviswanathan2045@ybl,Active,0,2026-06-14 11:40:00,,Mobile App
835,Qabil Chauhan,Friend,3225181212212653,UBIN0474142,IndusInd Bank,Savings,0924661200,,qabilchauhan7681@paytm,Blocked,1,2024-10-09 09:43:28,2024-10-14 08:59:28,Mobile App
603,Qarin Saran,Personal,791388381762158,HDFC0775347,State Bank of India,Savings,1139886980,qarin.saran624@example.com,qarinsaran1809@oksbi,Active,1,2025-12-28 00:25:50,2025-12-28 19:12:50,Internet Banking
310,Mason Borra,Home,5128875232963425,IDFB0986776,HDFC Bank,Savings,6189025844,mason.borra148@example.com,,Active,0,2026-07-22 10:38:29,,Mobile App
677,Omaja Brahmbhatt,Friend,2562968291455175,YESB0490928,Punjab National Bank,Savings,8461458793,omaja.brahmbhatt976@example.com,omajabrahmbhatt1037@okaxis,Active,1,2025-09-14 14:22:44,2025-09-16 07:02:44,Internet Banking
916,Vasana Venkatesh,,4972999350276607,PUNB0293841,Axis Bank,Savings,,,,Active,1,2025-08-30 07:58:13,2025-09-05 14:57:13,Internet Banking
501,Raghav Jain,Office,4796093542309135,HDFC0186651,Union Bank of India,Savings,1110496238,raghav.jain831@example.com,raghavjain4330@oksbi,Inactive,1,2026-03-18 03:43:35,2026-03-22 09:49:35,Branch
995,Garima Soni,Sister,1275313638584057,ICIC0343093,Axis Bank,Savings,2614472025,garima.soni339@example.com,garimasoni9811@okicici,Active,1,2026-01-03 01:05:09,2026-01-08 23:25:09,Branch
393,Rohan Yogi,Brother,2931630081012716,CNRB0957982,IDFC First Bank,Savings,7972537832,rohan.yogi961@example.com,rohanyogi3143@okaxis,Active,1,2025-07-22 03:23:25,2025-07-26 01:38:25,Mobile App
104,Ria Batta,Friend,7885173618433447,PUNB0925426,Yes Bank,Savings,0422964072,ria.batta889@example.com,riabatta7647@okicici,Inactive,0,2025-10-08 08:48:23,,Mobile App
679,Ridhi Prakash,Home,176036602069340,YESB0695074,Punjab National Bank,Savings,5542221629,ridhi.prakash590@example.com,ridhiprakash26@ybl,Active,1,2025-12-31 08:45:47,2026-01-03 02:33:47,Internet Banking
158,Brijesh Deo,Mom,2857436751389100,YESB0443360,IndusInd Bank,Current,0820117163,brijesh.deo914@example.com,brijeshdeo5532@okicici,Active,1,2026-07-03 11:03:29,2026-07-06 20:33:29,Mobile App
377,Zayyan Deep,Home,4682177531733009,INDB0887890,IDFC First Bank,Savings,9636647569,zayyan.deep573@example.com,,Active,1,2026-04-23 05:04:57,2026-04-29 02:17:57,Internet Banking
442,Bishakha Mallick,Personal,7813162995838916,ICIC0963972,Kotak Mahindra Bank,Savings,4842228702,bishakha.mallick970@example.com,,Active,1,2024-06-19 08:33:06,2024-06-20 12:12:06,Mobile App
163,Patrick Upadhyay,Brother,8441242720393545,UBIN0214011,Punjab National Bank,Savings,,patrick.upadhyay285@example.com,,Active,1,2024-11-27 02:25:47,2024-11-29 13:02:47,Internet Banking
757,Kiaan Salvi,Sister,5388610289099913,KKBK0636281,Yes Bank,Savings,4185741980,kiaan.salvi182@example.com,kiaansalvi4789@okicici,Active,1,2024-07-05 01:28:16,2024-07-09 19:16:16,Mobile App
879,Balvan Sidhu,,1067520788809619,YESB0537372,Bank of Baroda,Savings,2306782262,balvan.sidhu255@example.com,balvansidhu7042@oksbi,Active,1,2025-03-15 15:33:11,2025-03-19 18:36:11,Mobile App
491,Ayushman Khurana,Sister,6694474741566519,UBIN0624499,ICICI Bank,Savings,0986780098,,,Active,0,2025-03-14 19:36:54,,Mobile App
40,Patrick Arora,Sister,2935318136495163,INDB0547178,Punjab National Bank,Savings,2487235439,patrick.arora183@example.com,patrickarora6097@okhdfcbank,Active,1,2025-02-12 15:47:06,2025-02-17 09:21:06,Mobile App
738,Caleb Iyengar,Vendor,2346149306968600,KKBK0361125,Kotak Mahindra Bank,Savings,2480327170,,calebiyengar4502@okicici,Active,1,2024-03-07 20:51:59,2024-03-13 10:11:59,Internet Banking
301,Kashish Borra,Sister,8592643476688170,UBIN0796560,ICICI Bank,Savings,2129081984,kashish.borra787@example.com,kashishborra8589@paytm,Active,1,2026-07-11 10:06:43,2026-07-13 00:33:43,Mobile App
170,Kiaan Sandal,,6782206154770448,PUNB0378345,HDFC Bank,Savings,,kiaan.sandal972@example.com,,Active,1,2025-09-01 23:42:27,2025-09-07 01:37:27,Mobile App
715,Nihal Kapur,Personal,1650048444251002,IDFB0398997,Yes Bank,Savings,4207011234,nihal.kapur333@example.com,nihalkapur3798@okhdfcbank,Active,1,2024-12-16 08:22:44,2024-12-22 00:47:44,Internet Banking
779,Vyanjana Khurana,Sister,8796470324268077,UTIB0277877,IDFC First Bank,Savings,7254092520,vyanjana.khurana801@example.com,vyanjanakhurana3386@ybl,Active,0,2026-02-26 02:54:27,,Internet Banking
600,Shivansh Patla,Brother,3560399144220595,BARB0698744,State Bank of India,Savings,5881254327,shivansh.patla612@example.com,shivanshpatla5248@ybl,Active,1,2026-06-16 17:16:42,2026-06-22 10:08:42,Branch
37,Urvi Bal,Brother,2767890887813280,INDB0104860,IDFC First Bank,Savings,5721619072,urvi.bal499@example.com,urvibal3332@ybl,Active,1,2026-02-02 23:07:29,2026-02-03 07:29:29,Internet Banking
138,Edhitha Vala,Brother,1602360721602630,ICIC0926147,Kotak Mahindra Bank,Savings,9215146488,edhitha.vala219@example.com,edhithavala3608@oksbi,Active,1,2024-11-18 04:23:31,2024-11-22 06:16:31,Mobile App
562,Tarak Khosla,,7125243253545057,BARB0278924,Canara Bank,Savings,7570329615,,tarakkhosla8898@okicici,Active,1,2025-04-19 18:11:36,2025-04-24 11:29:36,Mobile App
734,Hardik Warrior,Personal,3782639913064055,UTIB0238081,Union Bank of India,Savings,0742515995,hardik.warrior961@example.com,hardikwarrior5044@paytm,Active,1,2025-05-12 19:16:50,2025-05-16 00:33:50,Branch
34,Chaitaly Baral,Dad,3567599620706823,HDFC0529742,ICICI Bank,Current,9587434999,,chaitalybaral5355@oksbi,Active,1,2025-07-08 20:38:50,2025-07-12 23:15:50,Mobile App
586,Shivani Bhatt,Sister,3800909005906542,ICIC0001027,Kotak Mahindra Bank,Current,5455623161,shivani.bhatt987@example.com,shivanibhatt8857@ybl,Active,1,2024-05-26 06:01:56,2024-05-29 08:03:56,Mobile App
144,Barkha Nadig,Vendor,2428460974945918,IDFB0034960,Punjab National Bank,Savings,0827400037,barkha.nadig719@example.com,barkhanadig5895@okhdfcbank,Active,1,2024-11-10 21:59:51,2024-11-14 20:37:51,Internet Banking
514,Bhavika Arora,,4079026078551258,IDFB0871713,Canara Bank,Savings,,bhavika.arora878@example.com,bhavikaarora995@paytm,Active,1,2024-05-23 17:24:12,2024-05-29 16:09:12,Mobile App
183,Xalak Sarma,,2871745977087648,KKBK0453944,Punjab National Bank,Savings,6862361528,xalak.sarma740@example.com,xalaksarma4754@ybl,Active,1,2024-02-12 16:07:11,2024-02-14 02:31:11,Mobile App
698,Sathvik Shroff,,6933245161553066,HDFC0829174,IndusInd Bank,Savings,,sathvik.shroff653@example.com,sathvikshroff8331@okicici,Active,0,2026-01-13 06:59:09,,Mobile App
429,Ekaraj Dhar,,7485480750959623,HDFC0199729,Yes Bank,Savings,5423980412,ekaraj.dhar506@example.com,,Active,1,2024-08-15 19:18:24,2024-08-18 09:56:24,Mobile App
307,Chandresh Biswas,Vendor,3369534492782129,CNRB0733458,Kotak Mahindra Bank,Savings,7402476547,chandresh.biswas496@example.com,chandreshbiswas6980@ybl,Active,1,2024-01-22 02:52:04,2024-01-25 18:23:04,Mobile App
52,Hritik Brahmbhatt,Personal,1521578785004755,YESB0686371,ICICI Bank,Savings,,hritik.brahmbhatt720@example.com,hritikbrahmbhatt308@okhdfcbank,Active,0,2026-08-15 01:39:46,,Mobile App
786,Robert Konda,Dad,6307068109216866,CNRB0183917,IndusInd Bank,Savings,1613309325,robert.konda898@example.com,robertkonda3603@oksbi,Active,1,2024-06-28 10:55:08,2024-07-03 00:44:08,Internet Banking
125,Anirudh Tailor,,5346252839689673,KKBK0809268,IndusInd Bank,Savings,3660883651,anirudh.tailor801@example.com,,Active,1,2025-02-06 09:45:47,2025-02-06 15:36:47,Mobile App
620,Brinda Dora,Brother,9529234441730183,KKBK0725098,Bank of Baroda,Current,,brinda.dora737@example.com,,Active,1,2024-05-15 02:25:35,2024-05-15 04:08:35,Internet Banking
645,Thomas Kapoor,Personal,470855535528548,BARB0732633,IndusInd Bank,Savings,3592448415,,,Active,1,2025-06-10 17:37:45,2025-06-17 01:15:45,Internet Banking
822,Leena Badal,Vendor,4220476253097641,ICIC0830811,ICICI Bank,Savings,,leena.badal292@example.com,leenabadal6515@oksbi,Active,0,2024-01-27 08:11:34,,Mobile App
143,Arunima Palla,Dad,7380201256114524,YESB0571744,IDFC First Bank,Savings,2107603149,arunima.palla81@example.com,,Active,1,2025-04-03 23:09:01,2025-04-09 21:28:01,Mobile App
797,Qarin Chatterjee,Sister,6185466564830037,UTIB0629361,HDFC Bank,Current,1304072199,,qarinchatterjee843@okicici,Active,1,2026-04-10 10:45:43,2026-04-12 07:25:43,Mobile App
309,Chanchal Sura,Home,5535748691918004,KKBK0068927,Canara Bank,Savings,9539320749,chanchal.sura201@example.com,chanchalsura7045@okhdfcbank,Active,1,2024-07-23 03:49:45,2024-07-26 21:36:45,Mobile App
928,Kashish Samra,Sister,1000281853122833,HDFC0764710,Canara Bank,Savings,3271297534,kashish.samra575@example.com,,Active,1,2026-01-08 04:52:30,2026-01-08 05:05:30,Internet Banking
768,Rudra Sachar,Vendor,8495883289561534,YESB0477570,Punjab National Bank,Savings,6264110785,,rudrasachar2556@oksbi,Active,1,2025-01-20 17:12:26,2025-01-24 07:48:26,Mobile App
496,Tanveer Madan,Brother,3865949962258706,SBIN0401147,Bank of Baroda,Savings,5853167793,,tanveermadan6199@okhdfcbank,Active,1,2025-05-11 21:27:12,2025-05-15 11:06:12,Mobile App
57,Fariq Gala,,1450947789315040,KKBK0573574,State Bank of India,Savings,4501322816,fariq.gala441@example.com,fariqgala7603@okicici,Inactive,1,2026-04-11 10:43:14,2026-04-15 03:09:14,Internet Banking
319,Gaurangi Saini,Personal,1833346558582598,UTIB0299221,Punjab National Bank,Savings,6435172877,,gaurangisaini1499@okhdfcbank,Active,0,2025-12-18 02:09:10,,Internet Banking
622,Fitan Rajan,Vendor,6291484539062902,YESB0113576,Axis Bank,Savings,5211804805,fitan.rajan610@example.com,,Inactive,0,2024-01-28 04:35:11,,Internet Banking
29,Abhiram Thakur,Brother,8190895224694212,UBIN0106581,Union Bank of India,Savings,8556133062,abhiram.thakur792@example.com,abhiramthakur8165@okicici,Active,1,2026-06-20 07:50:52,2026-06-22 02:15:52,Mobile App
375,Vaishnavi Madan,Business,3288948502498329,PUNB0016067,ICICI Bank,Savings,7106290075,vaishnavi.madan282@example.com,vaishnavimadan3646@ybl,Active,0,2025-03-11 16:51:57,,Mobile App
793,Krishna Rajagopal,Home,18263497929052,PUNB0171938,Punjab National Bank,Savings,4154219409,,krishnarajagopal2951@paytm,Active,1,2025-03-11 23:42:43,2025-03-18 10:02:43,Internet Banking
492,Owen Randhawa,Office,9611019283738678,INDB0866663,Kotak Mahindra Bank,Savings,4847728105,,,Active,1,2024-12-24 21:35:32,2024-12-27 06:04:32,Internet Banking
703,Yauvani Mohan,Dad,1349040052459947,CNRB0847103,ICICI Bank,Savings,1607157776,,yauvanimohan9546@okhdfcbank,Active,0,2024-05-10 03:34:17,,Mobile App
947,Devansh Nagy,Office,7882593127356501,YESB0668689,ICICI Bank,Current,0575077934,devansh.nagy401@example.com,devanshnagy5419@paytm,Active,1,2026-05-17 13:57:55,2026-05-19 04:31:55,Mobile App
31,Robert Kannan,Personal,406036143648723,INDB0630389,Union Bank of India,Savings,8467979663,,robertkannan9665@okaxis,Active,1,2024-10-06 21:31:18,2024-10-12 09:24:18,Mobile App
191,Avni Vala,Sister,5529300810126346,CNRB0436313,Kotak Mahindra Bank,Savings,7984038097,avni.vala739@example.com,avnivala4223@okaxis,Active,0,2024-03-26 21:31:58,,Branch
777,Libni Dewan,Mom,3870323119695229,BARB0374709,IDFC First Bank,Savings,5834683640,,libnidewan6921@paytm,Inactive,0,2024-10-21 21:22:24,,Internet Banking
689,Harrison Walla,Vendor,2625639367111453,IDFB0207285,Kotak Mahindra Bank,Savings,6795732397,harrison.walla630@example.com,,Active,1,2025-08-29 03:15:55,2025-09-01 20:43:55,Internet Banking
273,Urmi Sule,Office,5782514316680873,UBIN0251680,ICICI Bank,Savings,4723214649,urmi.sule808@example.com,urmisule4389@ybl,Active,1,2024-05-06 06:52:41,2024-05-12 13:04:41,Mobile App
116,Manbir Krishna,Brother,6392835756831227,HDFC0444327,State Bank of India,Savings,0403662772,manbir.krishna582@example.com,manbirkrishna7833@okhdfcbank,Active,0,2025-08-12 23:29:20,,Mobile App
425,Champak Dugal,Office,2358259209903410,BARB0624447,Kotak Mahindra Bank,Savings,9385997725,champak.dugal867@example.com,champakdugal5858@okicici,Active,1,2025-10-16 23:02:13,2025-10-17 10:19:13,Internet Banking
908,Yashoda Shankar,,3410148747598832,HDFC0815592,Union Bank of India,Savings,0806635300,yashoda.shankar684@example.com,yashodashankar3552@oksbi,Active,1,2025-02-03 19:54:42,2025-02-07 16:37:42,Mobile App
517,Ijaya Atwal,,6736529106084429,INDB0765181,Union Bank of India,Savings,3946195677,ijaya.atwal265@example.com,ijayaatwal7669@okaxis,Active,1,2024-03-11 19:02:31,2024-03-13 21:30:31,Mobile App
213,Sai Walla,Vendor,3300604395008305,UBIN0529183,Canara Bank,Savings,2046952611,sai.walla845@example.com,saiwalla4626@okaxis,Active,1,2025-03-07 18:56:12,2025-03-09 06:52:12,Internet Banking
212,Siya Manda,Dad,5667302385829963,UBIN0357418,State Bank of India,Savings,5811059083,siya.manda177@example.com,siyamanda730@okhdfcbank,Active,1,2026-03-24 19:07:38,2026-03-25 04:01:38,Mobile App
531,Lajita Setty,Friend,228725186166338,PUNB0402273,HDFC Bank,Savings,8764283629,lajita.setty56@example.com,lajitasetty9268@oksbi,Active,1,2024-06-05 01:49:01,2024-06-10 20:03:01,Internet Banking
653,Eta Kapur,,2648931535519091,CNRB0555645,Union Bank of India,Current,9859147863,,,Inactive,1,2024-12-20 15:16:53,2024-12-21 08:14:53,Mobile App
192,Imaran Palan,Vendor,9073209198633644,UBIN0281217,Axis Bank,Savings,3244553608,,imaranpalan4316@okaxis,Blocked,1,2024-04-07 02:24:14,2024-04-12 11:52:14,Mobile App
541,Krisha Sarna,Business,1845376864198314,PUNB0795452,Axis Bank,Savings,5719302411,krisha.sarna818@example.com,krishasarna5929@okhdfcbank,Active,1,2024-02-11 11:31:29,2024-02-17 19:02:29,Mobile App
776,Ekbal Bumb,Personal,8531971222207961,KKBK0174779,Kotak Mahindra Bank,Savings,6422265276,ekbal.bumb394@example.com,ekbalbumb5862@ybl,Active,1,2025-11-17 08:36:48,2025-11-22 04:55:48,Internet Banking
990,Chavvi Loke,,7476194356409046,ICIC0945236,Punjab National Bank,Savings,3398960752,chavvi.loke590@example.com,chavviloke7512@paytm,Active,0,2026-01-02 17:45:23,,Mobile App
708,Sachi Gola,,2504376285275192,SBIN0203118,Kotak Mahindra Bank,Savings,6703176048,sachi.gola477@example.com,,Active,1,2025-12-05 20:45:30,2025-12-09 13:33:30,Branch
804,Siya Gupta,,1917613267654676,ICIC0044473,Bank of Baroda,Savings,9296360019,siya.gupta135@example.com,siyagupta9070@oksbi,Active,1,2024-11-16 17:19:53,2024-11-17 19:10:53,Mobile App
208,Onveer Dayal,Brother,8181092847825161,UBIN0651045,State Bank of India,Savings,8400997120,onveer.dayal207@example.com,onveerdayal800@oksbi,Active,1,2024-08-25 07:41:10,2024-08-27 22:55:10,Internet Banking
998,Adweta Raja,,8766518825432497,BARB0808665,IndusInd Bank,Savings,7058912388,,adwetaraja3862@okaxis,Active,1,2024-08-16 06:21:52,2024-08-19 12:18:52,Internet Banking
354,Jagdish Bhavsar,Business,7684970701169476,CNRB0976044,Axis Bank,Savings,9839547013,jagdish.bhavsar220@example.com,,Active,1,2025-04-01 11:14:11,2025-04-04 23:42:11,Mobile App
248,Elijah Sathe,Mom,5203551393485831,IDFB0184005,Yes Bank,Savings,2542994205,elijah.sathe131@example.com,,Active,1,2024-04-26 17:22:21,2024-04-28 21:56:21,Branch
831,Frederick Ganguly,Mom,5774847600417289,PUNB0666778,Axis Bank,Savings,7191609486,frederick.ganguly121@example.com,frederickganguly9018@oksbi,Active,1,2025-08-22 01:37:40,2025-08-24 18:25:40,Internet Banking
724,Ekiya Upadhyay,,9730026635803754,HDFC0658320,Union Bank of India,Savings,3495821997,,ekiyaupadhyay581@okhdfcbank,Active,1,2024-06-24 10:03:24,2024-06-25 16:29:24,Mobile App
460,Ekavir Pingle,Home,6539736294727785,YESB0935534,HDFC Bank,Savings,0798534206,ekavir.pingle94@example.com,ekavirpingle5251@oksbi,Active,1,2024-12-16 01:02:53,2024-12-18 23:29:53,Mobile App
320,Darika Anne,Business,1008765238282979,KKBK0442094,Axis Bank,Savings,1736225385,darika.anne421@example.com,darikaanne2947@oksbi,Blocked,1,2024-09-03 07:29:08,2024-09-05 15:30:08,Mobile App
556,Yachana Barad,Home,5390190845002026,KKBK0435813,ICICI Bank,Savings,6254322444,yachana.barad507@example.com,yachanabarad4660@okhdfcbank,Active,1,2026-04-13 01:42:00,2026-04-19 23:49:00,Mobile App
81,Panini Nadkarni,Sister,8708791614215274,UTIB0356164,Union Bank of India,Savings,0829056157,panini.nadkarni468@example.com,panininadkarni8886@okhdfcbank,Active,1,2024-07-27 15:09:26,2024-08-02 05:59:26,Internet Banking
399,Kala Soman,Friend,6819885494380783,HDFC0474348,Axis Bank,Savings,6685626490,kala.soman648@example.com,,Active,1,2026-05-23 09:37:18,2026-05-25 10:46:18,Internet Banking
11,Aahana Ramachandran,Mom,491919461233076,UTIB0315435,IndusInd Bank,Savings,8316179320,aahana.ramachandran137@example.com,aahanaramachandran8395@ybl,Active,1,2025-07-24 11:16:32,2025-07-31 09:25:32,Internet Banking
214,Advik Chad,Vendor,5884649062997799,BARB0887749,Punjab National Bank,Current,7880994973,advik.chad332@example.com,advikchad5747@okaxis,Active,1,2025-07-03 14:25:16,2025-07-08 15:38:16,Mobile App
554,Watika Wable,,7613750935665639,INDB0830122,State Bank of India,Savings,6617600346,watika.wable889@example.com,watikawable3141@okaxis,Active,1,2025-12-26 10:42:28,2025-12-31 08:45:28,Mobile App
285,Krishna Zacharia,,5255240801486902,HDFC0872855,ICICI Bank,Savings,0179794580,krishna.zacharia165@example.com,krishnazacharia5573@okicici,Active,0,2025-02-09 20:04:51,,Internet Banking
245,Suhani Hegde,Sister,9643226918406303,INDB0691523,ICICI Bank,Savings,2388894842,suhani.hegde569@example.com,suhanihegde959@ybl,Active,1,2024-09-14 17:22:11,2024-09-17 20:46:11,Mobile App
940,Rohan Kapadia,Vendor,3501144263807924,YESB0315090,Canara Bank,Savings,7871565084,rohan.kapadia629@example.com,,Active,1,2024-11-08 01:17:50,2024-11-09 05:13:50,Mobile App
244,Krish Cherian,Home,8519727831424065,HDFC0069260,Yes Bank,Savings,3338078602,,,Active,1,2026-07-07 18:23:34,2026-07-08 22:47:34,Mobile App
584,Rudra Padmanabhan,Brother,83088936653055,UBIN0673183,Axis Bank,Savings,1102428112,rudra.padmanabhan878@example.com,,Active,0,2026-02-18 04:09:46,,Internet Banking
815,Maya Bansal,,4649733366544523,HDFC0633308,Bank of Baroda,Savings,8737684187,maya.bansal204@example.com,,Active,1,2024-04-08 22:46:12,2024-04-12 16:22:12,Mobile App
494,Viraj Majumdar,Friend,8498290827429870,YESB0501513,Punjab National Bank,Savings,2827127780,viraj.majumdar530@example.com,virajmajumdar688@okhdfcbank,Active,1,2026-07-03 20:53:23,2026-07-06 17:09:23,Mobile App
988,Abha Bava,,4637936484389895,UTIB0975576,Punjab National Bank,Savings,0682923240,abha.bava660@example.com,,Inactive,0,2024-03-05 14:22:24,,Mobile App
725,Jacob Doctor,Vendor,3658372272603018,YESB0898091,State Bank of India,Savings,5285649308,,,Active,1,2025-10-09 01:34:50,2025-10-12 00:38:50,Internet Banking
93,Isha Dyal,Office,6366673941642682,UTIB0703922,State Bank of India,Savings,0976427223,isha.dyal592@example.com,,Active,1,2025-10-09 15:44:32,2025-10-09 19:48:32,Mobile App
755,Riya Krishnamurthy,Personal,3281589906330873,PUNB0315732,Bank of Baroda,Savings,6813435719,riya.krishnamurthy978@example.com,,Active,1,2025-06-21 19:18:44,2025-06-23 18:27:44,Mobile App
25,Libni Goswami,,5045370822635815,UBIN0586531,Punjab National Bank,Savings,4358159053,libni.goswami220@example.com,libnigoswami3244@okhdfcbank,Active,1,2025-03-01 15:07:36,2025-03-04 17:55:36,Mobile App
41,Gaurangi Dhar,,6993725759994986,KKBK0066007,IDFC First Bank,Savings,7397307994,gaurangi.dhar421@example.com,gaurangidhar444@oksbi,Inactive,1,2025-03-10 09:24:57,2025-03-16 11:38:57,Internet Banking
426,Neel Mani,,8463904851834670,UTIB0919125,Axis Bank,Savings,4495358569,neel.mani216@example.com,,Active,1,2025-02-25 09:20:56,2025-02-28 02:37:56,Mobile App
464,Saksham Pant,Mom,6883979579797670,YESB0771217,IDFC First Bank,Savings,6824919068,saksham.pant636@example.com,sakshampant6615@okhdfcbank,Active,1,2025-04-03 07:25:17,2025-04-05 21:28:17,Branch
684,Chavvi Agarwal,Office,2693082081409677,PUNB0557595,Union Bank of India,Savings,5635380342,chavvi.agarwal900@example.com,,Inactive,1,2025-06-28 10:00:49,2025-06-30 02:37:49,Internet Banking
307,Yamini Sanghvi,Vendor,436722014838244,UTIB0838977,ICICI Bank,Savings,6119205829,yamini.sanghvi694@example.com,yaminisanghvi6611@paytm,Active,1,2025-12-20 00:53:41,2025-12-22 07:52:41,Internet Banking
640,Kamala Gopal,Mom,9898986163520871,UBIN0938567,Union Bank of India,Savings,8849607164,kamala.gopal214@example.com,,Active,1,2025-12-05 07:44:48,2025-12-12 06:42:48,Internet Banking
490,Panini Sawhney,Dad,7977925496893633,YESB0672524,Bank of Baroda,Current,5694903292,panini.sawhney783@example.com,,Active,0,2026-05-05 12:05:25,,Mobile App
941,Dakshesh Keer,Friend,8124025730330746,ICIC0671082,State Bank of India,Savings,4258720493,dakshesh.keer691@example.com,,Blocked,1,2025-10-15 18:10:16,2025-10-22 06:23:16,Mobile App
48,Tanay Shan,,9992219202752699,IDFB0659329,Punjab National Bank,Savings,8296743136,tanay.shan745@example.com,,Active,1,2026-08-09 02:53:48,2026-08-10 22:15:48,Internet Banking
469,Gagan Bakshi,,4614363268481572,PUNB0664868,State Bank of India,Savings,0654954963,gagan.bakshi294@example.com,gaganbakshi2689@oksbi,Active,1,2025-10-18 07:33:09,2025-10-20 00:24:09,Mobile App
119,Kritika Narayan,Dad,2363771895445212,PUNB0593741,Yes Bank,Savings,5128692698,kritika.narayan298@example.com,kritikanarayan7188@okhdfcbank,Inactive,0,2025-08-22 13:14:12,,Mobile App
646,Neelima Jhaveri,Personal,527185904354183,IDFB0779542,Bank of Baroda,Savings,3880780506,neelima.jhaveri309@example.com,neelimajhaveri7098@ybl,Active,1,2026-04-24 23:01:44,2026-04-28 17:42:44,Mobile App
570,Chandresh Balakrishnan,Dad,7754984728039457,UBIN0731084,HDFC Bank,Current,0539098939,chandresh.balakrishnan476@example.com,,Active,0,2026-01-29 09:53:00,,Mobile App
426,Yuvraj Yogi,Brother,6798728210913229,IDFB0646753,Bank of Baroda,Current,4500996111,yuvraj.yogi848@example.com,yuvrajyogi5047@oksbi,Active,1,2026-04-03 19:43:18,2026-04-10 15:53:18,Mobile App
243,Eesha Kalita,Office,7338894243558255,CNRB0641096,Kotak Mahindra Bank,Savings,8241149196,eesha.kalita729@example.com,,Active,1,2025-08-07 05:47:19,2025-08-07 16:54:19,Mobile App
689,Saksham Pandey,,1114100995937642,SBIN0739273,Axis Bank,Savings,,saksham.pandey805@example.com,sakshampandey2313@okhdfcbank,Active,1,2024-10-11 13:43:31,2024-10-17 16:05:31,Mobile App
569,Orinder Shere,,9119247699624633,INDB0694817,Bank of Baroda,Current,3116185414,orinder.shere466@example.com,orindershere6652@oksbi,Active,1,2025-04-29 19:52:13,2025-05-01 09:56:13,Mobile App
871,Janani Kuruvilla,Business,9070550897389182,UBIN0412464,Canara Bank,Savings,3467910154,janani.kuruvilla206@example.com,jananikuruvilla263@paytm,Inactive,1,2025-04-12 21:48:29,2025-04-19 00:36:29,Mobile App
841,Jackson Suresh,,3420750237499121,BARB0941974,IndusInd Bank,Savings,5564315751,jackson.suresh273@example.com,jacksonsuresh9007@ybl,Inactive,1,2026-08-05 07:17:16,2026-08-07 05:01:16,Internet Banking
332,Caleb Kapoor,Office,2510891884953921,CNRB0359496,Yes Bank,Savings,,,,Active,1,2024-10-20 02:06:43,2024-10-24 14:32:43,Mobile App
518,Kiaan Banerjee,Sister,8008678212047284,KKBK0252974,Canara Bank,Savings,8176862348,,kiaanbanerjee4347@okicici,Active,1,2025-07-29 04:55:08,2025-07-30 08:48:08,Mobile App
122,Vaishnavi Seshadri,,1143255011567866,IDFB0606941,IndusInd Bank,Savings,1789352939,vaishnavi.seshadri219@example.com,vaishnaviseshadri3943@okaxis,Active,1,2026-06-17 18:02:21,2026-06-23 14:59:21,Mobile App
160,Saumya Shukla,Dad,6178166122167203,YESB0624145,Punjab National Bank,Current,1816857803,saumya.shukla299@example.com,saumyashukla6005@paytm,Inactive,0,2024-01-23 18:15:03,,Internet Banking
201,Brinda Dhillon,Business,1261464485912257,IDFB0532696,HDFC Bank,Current,,,,Active,1,2026-04-21 06:28:08,2026-04-23 15:10:08,Internet Banking
820,Christopher Chander,Mom,3968133796751552,KKBK0747539,IndusInd Bank,Savings,,christopher.chander605@example.com,christopherchander4934@okicici,Active,1,2025-09-28 23:37:48,2025-10-02 07:46:48,Internet Banking
788,Aarav Memon,Dad,971534623239127,YESB0416356,Yes Bank,Savings,6973692850,aarav.memon326@example.com,aaravmemon9942@ybl,Active,1,2024-05-11 20:01:46,2024-05-16 17:44:46,Mobile App
798,Anamika Brar,,5804001763270219,KKBK0787319,Axis Bank,Savings,4286976134,anamika.brar496@example.com,anamikabrar6555@okhdfcbank,Active,1,2025-12-05 08:41:22,2025-12-11 16:11:22,Internet Banking
930,Udant Boase,,9812111303363038,UBIN0170273,Bank of Baroda,Savings,,udant.boase616@example.com,udantboase2843@okaxis,Inactive,0,2026-08-05 20:58:18,,Branch
142,Aahana Sabharwal,Home,3304306986127964,INDB0776246,Union Bank of India,Savings,0903894806,aahana.sabharwal525@example.com,,Inactive,1,2024-07-23 23:52:58,2024-07-26 01:39:58,Internet Banking
344,Ishani Deshpande,Office,2833105575659638,IDFB0722541,ICICI Bank,Current,0506612522,ishani.deshpande935@example.com,ishanideshpande9728@oksbi,Active,1,2026-01-29 04:10:15,2026-01-31 08:27:15,Internet Banking
6,Raksha Mammen,Brother,3712674584373670,INDB0375038,State Bank of India,Savings,9866614395,raksha.mammen987@example.com,,Active,1,2024-11-14 05:47:31,2024-11-16 20:33:31,Internet Banking
354,Ansh Choudhry,Vendor,7867074424081710,UBIN0758976,ICICI Bank,Savings,5053999273,,anshchoudhry4641@okaxis,Active,1,2025-11-08 05:50:48,2025-11-14 06:36:48,Mobile App
119,Lucky Butala,Business,7257649380977933,SBIN0213669,Bank of Baroda,Savings,5762826812,lucky.butala93@example.com,luckybutala5263@paytm,Active,1,2025-04-23 19:21:34,2025-04-24 02:00:34,Internet Banking
269,Aryan Pillai,Business,5734496949817628,PUNB0210926,Kotak Mahindra Bank,Savings,4896535552,aryan.pillai56@example.com,aryanpillai8405@okicici,Active,1,2026-03-07 15:18:24,2026-03-08 00:15:24,Mobile App
589,Tarak Mander,Personal,5319810526766482,IDFB0264443,Axis Bank,Savings,0817208654,tarak.mander260@example.com,tarakmander8974@ybl,Inactive,1,2025-10-16 22:39:18,2025-10-17 20:54:18,Mobile App
830,Yutika Pillay,Sister,2123385874442993,INDB0645141,Axis Bank,Savings,4139247577,,yutikapillay1760@okhdfcbank,Active,1,2025-12-07 09:57:46,2025-12-08 08:59:46,Mobile App
946,Vasudha Biswas,Home,2910062729560220,UBIN0730289,Union Bank of India,Savings,4133433273,vasudha.biswas782@example.com,vasudhabiswas1442@ybl,Active,1,2024-06-10 04:53:54,2024-06-14 12:10:54,Mobile App
584,Xavier Narula,Vendor,4817190335274549,UBIN0381826,IndusInd Bank,Savings,0342268569,xavier.narula568@example.com,,Active,1,2026-06-04 18:13:21,2026-06-09 07:18:21,Mobile App
642,Chanakya Sur,Mom,3416010324254283,CNRB0934134,Canara Bank,Savings,7739729870,chanakya.sur54@example.com,chanakyasur5652@ybl,Inactive,1,2024-10-09 14:25:52,2024-10-14 05:33:52,Mobile App
1,Jai Dugar,,6084975914159214,HDFC0284915,ICICI Bank,Savings,6020304385,jai.dugar995@example.com,jaidugar103@paytm,Inactive,1,2024-12-01 18:01:37,2024-12-04 02:03:37,Internet Banking
569,Gaurangi Gola,Vendor,5616503572895763,HDFC0178704,Kotak Mahindra Bank,Savings,9538284253,gaurangi.gola888@example.com,,Active,1,2024-01-13 14:20:05,2024-01-17 22:26:05,Internet Banking
588,Chasmum Sathe,Vendor,7820581260868899,ICIC0387978,State Bank of India,Savings,9233827818,chasmum.sathe914@example.com,,Active,1,2024-02-04 03:49:40,2024-02-09 16:04:40,Mobile App
611,Jalsa Keer,Dad,5981929559044778,YESB0398880,Canara Bank,Savings,9501955123,jalsa.keer787@example.com,jalsakeer2062@okaxis,Active,0,2026-07-08 19:37:39,,Internet Banking
65,Shaurya Minhas,Brother,6758757505646055,HDFC0080501,Yes Bank,Savings,4965872314,,,Active,0,2026-01-30 21:40:44,,Internet Banking
306,Ayush Sridhar,,939446136268249,PUNB0788650,State Bank of India,Current,1471670676,ayush.sridhar358@example.com,ayushsridhar245@okhdfcbank,Active,1,2025-02-12 16:31:01,2025-02-13 02:55:01,Branch
740,Rachita Kar,Vendor,8638579751075965,SBIN0891285,Union Bank of India,Savings,4639048692,rachita.kar384@example.com,,Active,1,2024-05-08 03:37:36,2024-05-11 21:08:36,Branch
63,Kavya Sridhar,,7561230661584211,INDB0738005,Kotak Mahindra Bank,Savings,2128739436,kavya.sridhar478@example.com,kavyasridhar8222@okaxis,Active,1,2024-02-29 02:31:55,2024-03-06 18:19:55,Branch
76,Gaurika Pandit,Mom,7052539759579808,BARB0850022,State Bank of India,Savings,5782302434,gaurika.pandit212@example.com,,Active,1,2026-05-21 07:26:30,2026-05-22 01:38:30,Internet Banking
708,Janya Malhotra,Business,30416266129485,BARB0878099,Union Bank of India,Savings,,janya.malhotra813@example.com,,Active,1,2024-08-11 21:30:50,2024-08-14 11:42:50,Internet Banking
413,Siddharth Setty,Office,6752892866130988,HDFC0871082,State Bank of India,Current,8037492612,,siddharthsetty1927@oksbi,Active,1,2024-10-06 09:20:15,2024-10-09 17:41:15,Mobile App
586,Hardik Pall,,4276743570316165,HDFC0730055,Union Bank of India,Savings,4274170716,hardik.pall570@example.com,hardikpall6622@oksbi,Active,1,2025-12-05 00:18:02,2025-12-05 23:49:02,Mobile App
749,Kalpit Tailor,Vendor,1259292179330758,UBIN0454609,Bank of Baroda,Savings,4614477664,kalpit.tailor313@example.com,,Active,1,2024-10-13 06:44:39,2024-10-17 20:30:39,Mobile App
468,Jonathan Rattan,,6382478029540297,SBIN0809531,Union Bank of India,Savings,6336301230,jonathan.rattan159@example.com,jonathanrattan9085@okaxis,Active,1,2026-05-21 08:30:06,2026-05-28 07:05:06,Mobile App
760,Anvi Pau,,1395035156737946,CNRB0402874,Yes Bank,Savings,0574698151,anvi.pau873@example.com,anvipau252@okicici,Active,1,2024-07-05 05:02:59,2024-07-07 10:48:59,Mobile App
117,Joshua Murty,Friend,2335063098444783,UTIB0074210,HDFC Bank,Savings,6477198817,joshua.murty624@example.com,,Active,1,2025-01-07 05:00:55,2025-01-08 22:55:55,Internet Banking
341,Amaira Ravel,Vendor,8201862730515287,SBIN0126446,Union Bank of India,Savings,5795635702,amaira.ravel705@example.com,amairaravel9359@okicici,Active,1,2024-03-22 12:51:20,2024-03-28 12:07:20,Internet Banking
245,Ishaan Sachdeva,Personal,524590009158095,PUNB0468161,State Bank of India,Savings,8099033716,ishaan.sachdeva503@example.com,ishaansachdeva6118@okhdfcbank,Active,1,2024-07-23 04:29:59,2024-07-25 04:33:59,Internet Banking
119,Oscar Boase,,1655282293394463,CNRB0067564,Bank of Baroda,Savings,0872029029,oscar.boase55@example.com,,Active,1,2026-07-22 21:16:09,2026-07-25 10:00:09,Mobile App
205,Guneet Soni,Business,6820757100934465,ICIC0781634,HDFC Bank,Savings,2286392973,guneet.soni673@example.com,,Active,1,2025-02-07 02:42:53,2025-02-10 20:22:53,Internet Banking
356,Yochana Thakkar,,9388290799283032,UBIN0987440,Axis Bank,Savings,2932339990,yochana.thakkar366@example.com,,Active,1,2024-03-18 22:35:32,2024-03-24 11:00:32,Internet Banking
831,Rajeshri Dixit,Personal,3788927629063708,CNRB0980488,Bank of Baroda,Savings,2429829670,rajeshri.dixit71@example.com,rajeshridixit4713@okhdfcbank,Active,1,2025-03-26 16:09:07,2025-04-01 19:24:07,Mobile App
145,David Bhagat,Sister,4772292554698562,INDB0613364,Kotak Mahindra Bank,Savings,0221423323,,,Active,1,2026-03-16 21:54:16,2026-03-23 15:58:16,Internet Banking
852,Guneet De,Sister,6520364977612752,KKBK0106332,IDFC First Bank,Savings,5990464196,guneet.de732@example.com,,Active,0,2025-10-29 14:38:08,,Internet Banking
890,Banjeet Upadhyay,,1144522262565702,IDFB0251893,Canara Bank,Savings,7990480276,,banjeetupadhyay5164@okicici,Active,1,2026-01-15 05:07:58,2026-01-20 23:16:58,Mobile App
924,Falak Zacharia,Friend,7490831981269261,HDFC0939492,Union Bank of India,Savings,6193953289,falak.zacharia684@example.com,,Active,1,2026-01-14 20:09:19,2026-01-15 14:55:19,Internet Banking
731,Jagrati Parikh,,4072388377767282,UBIN0240505,Bank of Baroda,Savings,4032361140,jagrati.parikh58@example.com,jagratiparikh7027@ybl,Active,0,2025-05-25 21:06:20,,Branch
167,Qushi Sen,Personal,5862346114446609,YESB0925763,Punjab National Bank,Savings,3990608369,qushi.sen374@example.com,,Active,1,2025-09-26 16:29:18,2025-09-28 15:33:18,Mobile App
435,Adya Mistry,,7170496099343984,BARB0232749,IDFC First Bank,Savings,5466663037,adya.mistry389@example.com,adyamistry366@okaxis,Inactive,1,2026-06-25 23:22:38,2026-07-02 00:01:38,Internet Banking
913,Lohit Hari,Sister,5409802345292158,INDB0584131,Yes Bank,Savings,1453670457,lohit.hari731@example.com,lohithari5268@ybl,Active,1,2024-02-10 19:19:25,2024-02-16 01:59:25,Mobile App
88,Ishaan Goswami,Home,7675630253263278,PUNB0159050,HDFC Bank,Savings,,,,Active,1,2025-07-24 00:01:55,2025-07-25 13:40:55,Mobile App
412,Diya Merchant,Business,6858651156622144,KKBK0935309,ICICI Bank,Savings,,,diyamerchant2143@paytm,Active,1,2024-06-26 06:00:40,2024-06-26 21:34:40,Mobile App
411,Urvi Bobal,Brother,4926550447076016,PUNB0277343,Bank of Baroda,Savings,7677883399,urvi.bobal930@example.com,urvibobal4766@paytm,Inactive,0,2024-12-01 06:13:06,,Internet Banking
26,Jeet Ratta,Friend,6405531132623624,UBIN0886115,Bank of Baroda,Savings,4821961553,,jeetratta657@paytm,Active,0,2026-06-09 13:05:44,,Mobile App
865,Samaksh Chahal,,3515458028285897,YESB0380596,Axis Bank,Savings,8030906206,samaksh.chahal615@example.com,,Active,0,2024-12-11 14:15:31,,Mobile App
749,Kavya Raghavan,,3132375704552201,YESB0288050,Union Bank of India,Savings,0151806626,kavya.raghavan381@example.com,kavyaraghavan1241@paytm,Active,1,2024-02-01 17:32:38,2024-02-06 01:29:38,Mobile App
651,Pooja Sur,,7911721380876392,IDFB0785735,HDFC Bank,Current,0795361997,pooja.sur878@example.com,poojasur1444@oksbi,Active,0,2025-11-19 11:59:24,,Mobile App
471,Qushi Purohit,Vendor,8969133463480473,BARB0618937,IDFC First Bank,Savings,,,qushipurohit1360@okhdfcbank,Inactive,1,2024-04-30 00:07:22,2024-04-30 15:00:22,Internet Banking
30,Rajata Lala,Vendor,9967996628005094,YESB0166559,Yes Bank,Savings,1157418271,rajata.lala640@example.com,rajatalala5295@oksbi,Active,1,2026-07-24 22:12:52,2026-07-28 01:03:52,Mobile App
834,Watika Prabhakar,Sister,3941498239562319,HDFC0612579,Bank of Baroda,Savings,8907398980,,watikaprabhakar3368@okhdfcbank,Active,0,2024-08-17 18:21:45,,Mobile App
752,Shravya Din,Sister,720613710254549,SBIN0833950,Kotak Mahindra Bank,Savings,6088906117,shravya.din420@example.com,shravyadin406@oksbi,Active,1,2024-02-28 18:29:21,2024-03-01 22:04:21,Mobile App
469,Zayyan Mukherjee,Mom,7628135331071383,SBIN0605234,HDFC Bank,Savings,0689342896,zayyan.mukherjee832@example.com,,Active,1,2024-09-17 04:29:32,2024-09-17 18:56:32,Internet Banking
231,Benjamin Mann,Sister,3068032648225953,UBIN0330222,Kotak Mahindra Bank,Savings,5553397077,benjamin.mann161@example.com,benjaminmann3333@oksbi,Active,1,2024-04-22 22:46:20,2024-04-24 11:08:20,Mobile App
368,Tejas Chakraborty,Friend,5432020917048220,INDB0027855,Kotak Mahindra Bank,Savings,5423833331,tejas.chakraborty198@example.com,tejaschakraborty2890@paytm,Inactive,0,2024-05-14 20:12:01,,Internet Banking
218,Krish Nagarajan,Personal,6308281374706129,KKBK0826788,Yes Bank,Savings,,krish.nagarajan739@example.com,,Active,1,2026-05-21 16:45:38,2026-05-22 14:03:38,Mobile App
45,Vivaan Doctor,Mom,3215876264623297,KKBK0237120,HDFC Bank,Savings,3500919047,vivaan.doctor62@example.com,vivaandoctor1842@paytm,Active,0,2024-05-22 11:37:40,,Internet Banking
624,Shaurya Chana,Office,922399715741317,HDFC0313643,Axis Bank,Savings,4030902377,,shauryachana9321@okhdfcbank,Active,1,2024-12-16 07:14:51,2024-12-17 15:51:51,Mobile App
557,Sarthak Rege,Sister,4073634171376638,CNRB0460900,IndusInd Bank,Savings,4823218197,sarthak.rege824@example.com,,Active,1,2025-04-25 14:11:20,2025-04-28 19:14:20,Mobile App
259,Hemang Murty,Vendor,2240464067500849,CNRB0709615,Yes Bank,Savings,9617622297,hemang.murty921@example.com,hemangmurty6882@oksbi,Active,1,2025-08-14 17:43:20,2025-08-16 04:09:20,Internet Banking
724,Mohini Vaidya,Brother,7103741676410541,UBIN0159274,IndusInd Bank,Savings,1820423534,mohini.vaidya16@example.com,mohinivaidya531@paytm,Active,1,2025-07-19 19:03:42,2025-07-25 03:16:42,Mobile App
236,Avni Shroff,Mom,1917906261845165,INDB0248253,Bank of Baroda,Savings,1894880883,,avnishroff5912@ybl,Active,1,2025-08-01 21:40:44,2025-08-05 12:05:44,Internet Banking
565,Chavvi Nair,,44886175342212,KKBK0763638,ICICI Bank,Savings,,chavvi.nair964@example.com,chavvinair904@oksbi,Active,1,2024-10-20 01:55:33,2024-10-21 05:09:33,Branch
741,Ekta Mohan,Office,4876138059321742,ICIC0085687,Axis Bank,Savings,5182995358,ekta.mohan100@example.com,ektamohan4010@okaxis,Active,1,2025-02-03 21:54:40,2025-02-10 15:06:40,Mobile App
918,Udarsh Biswas,Sister,4073584650014465,CNRB0133105,Punjab National Bank,Savings,3233177917,udarsh.biswas340@example.com,udarshbiswas5793@paytm,Active,1,2024-12-13 08:45:10,2024-12-14 14:20:10,Mobile App
192,Ekani Ghosh,,9871959116898400,ICIC0087925,Axis Bank,Savings,5959039156,ekani.ghosh556@example.com,ekanighosh2238@okicici,Active,1,2025-06-08 18:55:54,2025-06-12 17:31:54,Mobile App
865,Rachita Buch,Sister,7518885326838674,ICIC0703667,Canara Bank,Savings,,rachita.buch221@example.com,rachitabuch3938@ybl,Active,1,2024-07-29 15:36:38,2024-08-02 16:41:38,Mobile App
525,Kiaan Kara,Home,839126442100352,KKBK0417119,IndusInd Bank,Savings,7916175899,kiaan.kara487@example.com,,Active,1,2025-01-20 13:21:26,2025-01-24 11:22:26,Internet Banking
889,Pooja Ahluwalia,,3831601309109547,SBIN0860946,Punjab National Bank,Savings,,pooja.ahluwalia598@example.com,poojaahluwalia6463@okhdfcbank,Inactive,1,2024-02-01 15:51:52,2024-02-01 17:58:52,Internet Banking
517,Bimala Subramanian,,7342903280465824,KKBK0265029,HDFC Bank,Savings,6551743261,bimala.subramanian443@example.com,bimalasubramanian9481@ybl,Active,1,2025-04-22 00:15:06,2025-04-24 12:31:06,Mobile App
673,Aarnav Soni,,8764738103043675,CNRB0587773,Punjab National Bank,Savings,2210744837,aarnav.soni31@example.com,aarnavsoni3125@okhdfcbank,Active,1,2025-02-09 08:00:13,2025-02-12 18:26:13,Mobile App
17,Luke Kala,,1525762837366827,KKBK0971374,Bank of Baroda,Savings,4720640038,luke.kala74@example.com,,Inactive,0,2026-06-08 01:31:58,,Internet Banking
198,Lila Lad,Personal,2753424443720838,YESB0801774,IDFC First Bank,Savings,9665724773,lila.lad718@example.com,lilalad4121@paytm,Active,1,2026-05-14 04:34:06,2026-05-19 15:15:06,Internet Banking
668,Jairaj Ghosh,,443676194316767,IDFB0744923,Yes Bank,Savings,5514052864,jairaj.ghosh715@example.com,,Active,1,2026-04-10 08:41:47,2026-04-15 15:28:47,Internet Banking
320,Faris Mohan,Mom,3780187639534263,YESB0579079,Canara Bank,Savings,,faris.mohan188@example.com,,Active,1,2025-10-03 03:37:39,2025-10-09 20:49:39,Mobile App
321,Lakshmi Dhaliwal,Mom,5426405777391961,CNRB0494625,Kotak Mahindra Bank,Savings,5966661606,lakshmi.dhaliwal657@example.com,lakshmidhaliwal1693@okicici,Active,1,2025-06-17 00:46:59,2025-06-18 11:53:59,Branch
390,Ekantika Brahmbhatt,Personal,8934205406887047,SBIN0193689,Union Bank of India,Savings,,ekantika.brahmbhatt915@example.com,,Active,1,2024-06-26 13:06:32,2024-06-28 22:40:32,Mobile App
700,Yashoda Bhattacharyya,Office,6179621413594943,UBIN0548124,IDFC First Bank,Savings,3116490808,yashoda.bhattacharyya526@example.com,yashodabhattacharyya6275@paytm,Active,1,2025-11-10 07:39:57,2025-11-14 04:54:57,Mobile App
544,Gauri Dash,Brother,1485413870640568,UTIB0462732,Punjab National Bank,Savings,5047282337,gauri.dash138@example.com,gauridash3194@okicici,Active,1,2025-12-26 13:26:53,2025-12-28 05:01:53,Internet Banking
109,Bhavya Chacko,,1492997932328000,YESB0941550,HDFC Bank,Current,1097750390,bhavya.chacko18@example.com,,Blocked,1,2025-10-12 10:41:40,2025-10-16 06:35:40,Mobile App
694,Jack Murty,Friend,7775358797220439,UTIB0467301,Punjab National Bank,Savings,2264485763,jack.murty151@example.com,,Active,1,2024-01-12 09:35:53,2024-01-13 00:11:53,Mobile App
693,Noah Viswanathan,,4776002872784417,INDB0318970,ICICI Bank,Savings,3111001687,,,Active,1,2024-07-17 05:11:37,2024-07-21 13:47:37,Internet Banking
973,Anjali Chaudhuri,,7607294764934150,ICIC0424544,Axis Bank,Current,6994880813,anjali.chaudhuri159@example.com,anjalichaudhuri2987@okaxis,Active,1,2024-06-20 20:15:57,2024-06-24 06:03:57,Mobile App
964,Aditya Jain,Business,5569320065535201,ICIC0487952,Yes Bank,Savings,5409321873,aditya.jain801@example.com,,Active,1,2024-02-11 21:54:14,2024-02-16 15:22:14,Internet Banking
994,Aarna Panchal,Dad,1782866648246074,ICIC0716687,Bank of Baroda,Savings,1741822883,aarna.panchal289@example.com,aarnapanchal9616@paytm,Active,1,2024-01-06 06:20:58,2024-01-09 07:00:58,Internet Banking
524,Zaitra Sarna,Office,782446979645271,ICIC0579646,Bank of Baroda,Savings,3562792033,zaitra.sarna966@example.com,zaitrasarna1803@okaxis,Active,1,2025-06-17 15:33:56,2025-06-22 10:20:56,Mobile App
523,Dipta Kapadia,Friend,2353734150273766,UBIN0922818,IDFC First Bank,Savings,9258212912,dipta.kapadia126@example.com,diptakapadia5625@okaxis,Active,1,2024-07-31 16:58:52,2024-08-06 09:31:52,Mobile App
830,Upasna Pal,Friend,8330461829648271,YESB0185226,HDFC Bank,Savings,4454385671,upasna.pal293@example.com,upasnapal6892@okicici,Active,1,2025-08-14 05:13:04,2025-08-21 00:51:04,Branch
790,Madhav Shan,Friend,5139701892313053,ICIC0099254,Union Bank of India,Savings,3971891140,madhav.shan898@example.com,madhavshan4999@okicici,Active,1,2025-02-15 05:44:26,2025-02-17 10:02:26,Mobile App
230,Aarini Yohannan,Dad,8333242896672912,INDB0060281,State Bank of India,Savings,5850988962,aarini.yohannan546@example.com,aariniyohannan8806@okhdfcbank,Active,0,2025-08-09 21:40:16,,Mobile App
900,Samarth Nadig,Business,1288901330628461,PUNB0140054,ICICI Bank,Savings,9053992490,samarth.nadig516@example.com,samarthnadig5538@okicici,Active,1,2024-07-04 13:57:31,2024-07-04 19:52:31,Mobile App
231,Rachita Aurora,Sister,6948699147284582,HDFC0066781,State Bank of India,Savings,5984775534,,rachitaaurora3996@okhdfcbank,Active,1,2024-01-07 01:15:34,2024-01-10 07:22:34,Internet Banking
629,Nakul Sem,Mom,492773357440304,HDFC0866531,ICICI Bank,Savings,6106347977,,nakulsem1594@okhdfcbank,Active,1,2025-02-01 10:01:51,2025-02-03 21:49:51,Internet Banking
607,Arya Bains,Mom,6437170454025015,UBIN0909469,Union Bank of India,Savings,5230254177,,aryabains3135@paytm,Active,1,2025-09-04 10:48:22,2025-09-05 14:01:22,Mobile App
553,Anamika Batra,Sister,8205262503068330,UBIN0416353,Axis Bank,Savings,6813300401,anamika.batra366@example.com,,Active,0,2026-03-06 05:33:28,,Internet Banking
102,Saumya Sarkar,Office,9317993006718057,UBIN0937351,IDFC First Bank,Savings,8476028189,,saumyasarkar5283@okaxis,Active,1,2024-01-09 13:48:28,2024-01-15 03:04:28,Mobile App
631,Yauvani Basu,Personal,2846686728092615,UTIB0430703,Axis Bank,Savings,4693449057,yauvani.basu600@example.com,,Active,0,2025-10-31 13:38:18,,Mobile App
242,Harita Sandal,Office,3850473109774604,KKBK0591237,Union Bank of India,Savings,2368142502,,,Active,1,2024-03-16 02:40:51,2024-03-16 19:06:51,Mobile App
598,Nakul Chandra,Brother,3931085138388214,YESB0093743,Punjab National Bank,Savings,3082757939,nakul.chandra735@example.com,nakulchandra274@okaxis,Active,1,2025-02-24 22:42:28,2025-02-26 21:16:28,Internet Banking
962,Amrita Mane,Home,4686230253365733,ICIC0671197,State Bank of India,Savings,6322449717,,,Active,1,2026-06-04 20:41:05,2026-06-06 01:16:05,Internet Banking
66,Ishanvi Shah,Brother,4315728259439484,UBIN0866383,Kotak Mahindra Bank,Savings,,ishanvi.shah281@example.com,ishanvishah3627@paytm,Active,1,2024-11-17 04:14:56,2024-11-19 06:09:56,Mobile App
960,Andrew Mann,Office,3127333412893791,UTIB0568395,HDFC Bank,Savings,2299936119,andrew.mann645@example.com,andrewmann9777@ybl,Active,1,2024-07-04 22:10:59,2024-07-10 19:58:59,Branch
461,Yagnesh Sachar,Sister,1377929342809776,HDFC0233518,Punjab National Bank,Savings,6117466724,yagnesh.sachar22@example.com,yagneshsachar5927@okicici,Inactive,1,2026-08-09 05:41:23,2026-08-09 09:45:23,Mobile App
890,Victor Chokshi,Vendor,4782300302857159,ICIC0732511,Axis Bank,Savings,2668187596,victor.chokshi752@example.com,victorchokshi6457@okicici,Active,1,2026-03-16 18:33:59,2026-03-20 10:14:59,Internet Banking
833,Aditya Khatri,,5193946252679422,SBIN0395055,ICICI Bank,Current,8220523464,aditya.khatri517@example.com,adityakhatri317@okaxis,Blocked,1,2025-07-12 00:59:42,2025-07-17 20:22:42,Mobile App
393,Reyansh Warrior,Business,8311725929447318,CNRB0508606,Punjab National Bank,Current,8360195544,reyansh.warrior290@example.com,reyanshwarrior5228@okaxis,Active,1,2025-06-01 23:23:21,2025-06-06 21:56:21,Mobile App
777,Ojasvi Pillay,Home,7615726410407582,PUNB0771554,Axis Bank,Savings,1154702537,ojasvi.pillay741@example.com,ojasvipillay453@okicici,Active,1,2025-12-21 07:55:26,2025-12-24 07:42:26,Branch
666,Vivaan Dugar,Friend,5169288535160508,HDFC0311196,HDFC Bank,Savings,5452862892,vivaan.dugar404@example.com,vivaandugar8465@okicici,Active,0,2025-03-20 01:15:37,,Mobile App
770,Pahal Char,,9498368298762159,UTIB0628795,ICICI Bank,Savings,1988902796,pahal.char765@example.com,pahalchar4840@paytm,Active,1,2024-09-13 03:59:45,2024-09-18 17:51:45,Mobile App
889,Odika Bansal,Dad,2228303967165889,PUNB0851590,Kotak Mahindra Bank,Savings,,odika.bansal677@example.com,odikabansal3101@okicici,Active,1,2025-06-06 04:18:17,2025-06-06 08:58:17,Internet Banking
664,Liam Bora,,7286218796329709,SBIN0356113,ICICI Bank,Savings,,liam.bora48@example.com,,Active,0,2025-04-13 13:20:41,,Internet Banking
406,Upadhriti Karan,Dad,7843601484841653,YESB0767820,IDFC First Bank,Current,,upadhriti.karan712@example.com,,Active,1,2026-06-25 04:28:36,2026-07-01 20:49:36,Internet Banking
894,Fitan Raja,Dad,7576054684824679,KKBK0358987,Yes Bank,Savings,3642137064,fitan.raja275@example.com,fitanraja6178@okaxis,Active,1,2025-07-21 09:15:04,2025-07-22 16:24:04,Branch
453,Jyoti Bobal,Sister,1656161174809297,YESB0289649,IndusInd Bank,Savings,6870990687,jyoti.bobal890@example.com,jyotibobal4491@oksbi,Inactive,1,2024-06-28 17:09:20,2024-07-04 01:25:20,Internet Banking
52,Gaurika Acharya,Home,5799113576150887,YESB0607856,State Bank of India,Savings,9462006188,gaurika.acharya415@example.com,gaurikaacharya8917@ybl,Active,1,2025-01-09 22:54:25,2025-01-12 08:16:25,Internet Banking
356,Zansi Sundaram,Sister,7236115006545057,INDB0376981,Axis Bank,Savings,7635299645,zansi.sundaram853@example.com,zansisundaram8295@paytm,Active,0,2026-05-22 00:02:32,,Internet Banking
678,Tanish Kuruvilla,Home,4802057625096425,HDFC0425767,ICICI Bank,Savings,8404095072,tanish.kuruvilla303@example.com,tanishkuruvilla8328@okhdfcbank,Active,1,2026-08-17 13:16:31,2026-08-17 23:59:59,Mobile App
504,Dev Shukla,Home,5381948356819677,KKBK0461026,Kotak Mahindra Bank,Current,,dev.shukla728@example.com,devshukla1460@paytm,Active,1,2024-10-19 03:31:26,2024-10-24 17:36:26,Mobile App
942,Teerth Sharma,Sister,9421760151987685,UTIB0833601,State Bank of India,Savings,7968540073,,teerthsharma7709@oksbi,Active,1,2026-05-22 08:57:50,2026-05-24 07:23:50,Mobile App
304,Ucchal Dewan,Sister,9643103631445431,YESB0906571,ICICI Bank,Savings,3513417638,ucchal.dewan963@example.com,ucchaldewan3260@ybl,Inactive,1,2026-03-06 05:36:03,2026-03-11 17:57:03,Branch
987,Chakradhar Bal,Office,1874248752294921,UTIB0629024,Bank of Baroda,Current,1607576149,chakradhar.bal891@example.com,chakradharbal4655@oksbi,Active,1,2025-09-14 06:41:02,2025-09-15 01:39:02,Internet Banking
817,Falak Behl,Business,8967094239452841,PUNB0058681,HDFC Bank,Savings,,falak.behl45@example.com,falakbehl8998@okicici,Inactive,1,2024-12-17 23:18:33,2024-12-23 11:33:33,Internet Banking
629,Watika Bali,Vendor,4584230797944496,KKBK0128476,Axis Bank,Savings,4122393803,watika.bali604@example.com,watikabali4463@paytm,Blocked,1,2025-05-13 21:42:08,2025-05-16 03:54:08,Internet Banking
931,Omkaar Prashad,Personal,1218242852524102,INDB0298964,Kotak Mahindra Bank,Savings,2165279878,,omkaarprashad1580@okaxis,Active,0,2024-09-16 17:15:27,,Branch
434,Falak Yadav,,4677350596578506,ICIC0338507,Punjab National Bank,Savings,5026508686,falak.yadav408@example.com,,Active,1,2025-06-15 07:57:32,2025-06-18 16:52:32,Branch
164,Kavya Apte,Dad,2961015065048558,SBIN0396363,Kotak Mahindra Bank,Savings,9172024181,kavya.apte375@example.com,kavyaapte4514@paytm,Active,1,2026-07-29 14:24:28,2026-08-04 10:08:28,Mobile App
956,Chandresh Deol,Personal,2748327802814954,KKBK0690263,Canara Bank,Savings,,chandresh.deol523@example.com,,Active,0,2024-08-17 18:19:25,,Branch
629,Qabil Dutta,Personal,7896276243502775,ICIC0610867,Canara Bank,Savings,4643270087,qabil.dutta815@example.com,qabildutta7806@okhdfcbank,Active,1,2024-05-19 22:32:30,2024-05-25 01:26:30,Mobile App
565,Wyatt Dada,Dad,4681292008673826,INDB0435453,IndusInd Bank,Savings,6464656872,wyatt.dada588@example.com,,Active,1,2024-08-04 08:11:05,2024-08-07 03:15:05,Mobile App
742,Idika Sachdev,Dad,1885803921253591,SBIN0912169,IndusInd Bank,Savings,2071718395,idika.sachdev256@example.com,idikasachdev8910@okhdfcbank,Active,1,2025-08-11 00:55:34,2025-08-14 01:05:34,Mobile App
508,Ekaraj Mahajan,Business,874224603311428,CNRB0706189,Axis Bank,Savings,0943501360,ekaraj.mahajan593@example.com,ekarajmahajan8699@ybl,Active,1,2025-02-28 22:16:25,2025-03-05 13:12:25,Branch
173,Abhimanyu Singhal,,8180525406053260,SBIN0395040,Axis Bank,Savings,5985775279,abhimanyu.singhal445@example.com,abhimanyusinghal2759@okaxis,Active,1,2024-11-26 00:08:23,2024-12-02 07:06:23,Internet Banking
948,Vihaan Varghese,Home,2053439471123152,KKBK0093015,Yes Bank,Savings,6602649044,,vihaanvarghese117@okaxis,Active,1,2024-08-09 01:27:33,2024-08-15 20:31:33,Internet Banking
534,Yatin Nadkarni,Business,4758723220401947,CNRB0967454,State Bank of India,Current,2303437765,yatin.nadkarni509@example.com,yatinnadkarni8535@paytm,Active,1,2025-10-18 18:14:49,2025-10-22 00:17:49,Internet Banking
795,Nitesh Vig,,5438824643431049,ICIC0497017,Punjab National Bank,Savings,1730070889,,,Inactive,0,2026-06-19 10:17:35,,Mobile App
313,Tejas Din,Home,961261973736477,SBIN0496018,IndusInd Bank,Savings,1984671153,tejas.din910@example.com,tejasdin5815@okicici,Active,1,2025-04-11 09:16:34,2025-04-17 09:43:34,Mobile App
455,Lucky Mangal,Brother,9118957436136342,KKBK0045487,Punjab National Bank,Savings,1966943281,lucky.mangal827@example.com,luckymangal9860@okhdfcbank,Active,1,2026-04-03 10:07:02,2026-04-10 09:40:02,Internet Banking
738,Aryan Sankaran,Home,7713053560909676,UBIN0578725,HDFC Bank,Savings,7894047523,aryan.sankaran919@example.com,,Active,1,2025-10-26 11:37:14,2025-11-01 19:50:14,Mobile App
402,Chatura Goda,Dad,9139537391993999,IDFB0207933,Union Bank of India,Savings,6706600709,chatura.goda74@example.com,chaturagoda594@ybl,Active,1,2024-10-31 18:56:01,2024-11-01 15:20:01,Mobile App
952,Fiyaz Kuruvilla,Office,8772443094663553,UTIB0208741,Axis Bank,Savings,,fiyaz.kuruvilla155@example.com,fiyazkuruvilla6390@paytm,Active,1,2025-04-11 04:27:20,2025-04-13 03:18:20,Internet Banking
468,Prisha Bala,Office,8119655278009120,UBIN0934334,IndusInd Bank,Current,9963839909,prisha.bala396@example.com,prishabala2711@okaxis,Inactive,1,2026-01-16 01:30:14,2026-01-19 02:10:14,Internet Banking
986,Tejas Iyer,,5137803755397378,ICIC0901306,Union Bank of India,Current,6098351773,,,Active,1,2025-08-17 18:58:48,2025-08-24 06:03:48,Mobile App
777,Harish More,,7800839921798429,UTIB0257545,State Bank of India,Savings,5735903563,harish.more624@example.com,harishmore5517@okaxis,Blocked,1,2026-01-25 06:23:13,2026-01-30 08:53:13,Mobile App
320,Yamini Reddy,,1805778700621823,YESB0304440,Axis Bank,Savings,6834499177,yamini.reddy695@example.com,yaminireddy2498@ybl,Inactive,0,2025-01-29 07:20:33,,Internet Banking
611,Lohit Panchal,Personal,9854488682738020,CNRB0877110,Bank of Baroda,Savings,,,,Active,1,2024-03-17 18:12:59,2024-03-23 15:39:59,Mobile App
196,Barkha Balan,,7632346450002049,YESB0402140,Bank of Baroda,Savings,0275104577,barkha.balan791@example.com,barkhabalan2396@oksbi,Active,1,2025-07-28 10:09:40,2025-08-01 18:16:40,Branch
102,Imaran Minhas,Personal,4572042763820781,HDFC0894636,Axis Bank,Savings,3889676602,imaran.minhas56@example.com,,Active,0,2026-01-22 15:17:19,,Mobile App
92,Mitesh Mand,Office,6070347076192748,UTIB0215530,IDFC First Bank,Savings,1449272877,mitesh.mand37@example.com,,Active,1,2025-12-02 18:05:30,2025-12-03 02:28:30,Mobile App
74,Yahvi Chand,Personal,1595764451021185,YESB0757911,State Bank of India,Savings,1674055144,yahvi.chand598@example.com,,Active,1,2025-11-30 18:10:47,2025-12-01 17:32:47,Mobile App
863,Dev Virk,,3217079095590673,ICIC0267213,Yes Bank,Savings,0837364311,,,Active,1,2024-09-30 16:15:17,2024-10-03 01:39:17,Internet Banking
687,Chakradev Chandra,,181055314008813,PUNB0570139,ICICI Bank,Savings,8899136504,chakradev.chandra227@example.com,chakradevchandra5727@okhdfcbank,Active,0,2024-05-24 05:43:32,,Internet Banking
264,Vedika Raj,Home,5247630532811233,HDFC0852934,ICICI Bank,Savings,8470273892,vedika.raj591@example.com,,Blocked,1,2025-05-02 01:32:41,2025-05-03 05:53:41,Mobile App
991,Ekanta Kata,Mom,3789896157428324,BARB0860042,Punjab National Bank,Savings,2082394537,ekanta.kata496@example.com,,Active,1,2026-01-07 10:22:06,2026-01-08 22:13:06,Mobile App
344,Vivaan Sahni,Friend,6143855807551393,ICIC0355376,Punjab National Bank,Current,1991912296,vivaan.sahni863@example.com,,Active,1,2025-05-19 13:02:08,2025-05-25 22:18:08,Mobile App
315,Chaaya Pathak,Business,3361555518215327,HDFC0285194,Bank of Baroda,Savings,4419536731,chaaya.pathak128@example.com,,Active,1,2025-11-21 19:09:23,2025-11-28 07:21:23,Mobile App
892,Sneha Keer,Personal,676460938633827,HDFC0017681,Kotak Mahindra Bank,Savings,,sneha.keer858@example.com,snehakeer8914@okhdfcbank,Inactive,1,2025-10-03 16:54:15,2025-10-05 11:20:15,Internet Banking
784,Peter Ramanathan,,3709769556925504,YESB0394564,State Bank of India,Savings,9359410377,peter.ramanathan338@example.com,peterramanathan3054@ybl,Active,1,2024-07-08 16:20:14,2024-07-09 00:39:14,Mobile App
159,Dalaja Agrawal,Personal,6081312896983287,KKBK0969622,State Bank of India,Current,4974900704,dalaja.agrawal210@example.com,,Inactive,1,2024-01-13 23:00:51,2024-01-20 10:28:51,Mobile App
158,Sanya Saxena,Personal,2207465787389843,HDFC0737078,HDFC Bank,Savings,4673607506,sanya.saxena664@example.com,sanyasaxena9119@ybl,Active,1,2024-08-09 03:22:20,2024-08-12 09:03:20,Mobile App
516,Osha Garg,Vendor,3887350753006311,ICIC0817910,HDFC Bank,Savings,3234044837,osha.garg490@example.com,oshagarg5991@ybl,Active,1,2025-02-17 07:33:00,2025-02-18 16:01:00,Mobile App
965,Gaurangi More,,2249008156353470,CNRB0086841,Yes Bank,Savings,,gaurangi.more31@example.com,gaurangimore4973@okhdfcbank,Active,1,2026-08-02 10:47:12,2026-08-06 02:09:12,Internet Banking
947,Dominic Karpe,Personal,6705880934620831,ICIC0516227,Yes Bank,Savings,4665479781,,dominickarpe9198@ybl,Inactive,0,2024-03-08 10:11:24,,Branch
340,Fitan Mohan,Friend,3495570616199274,UBIN0474236,Bank of Baroda,Savings,0742092267,fitan.mohan725@example.com,fitanmohan610@okicici,Inactive,0,2024-02-19 01:25:06,,Internet Banking
618,Hredhaan Din,Home,8590373377734621,UBIN0508714,Canara Bank,Savings,6214110380,hredhaan.din170@example.com,hredhaandin4713@paytm,Active,1,2025-12-05 06:27:30,2025-12-12 05:34:30,Branch
800,Viraj Dash,Dad,4179247108542091,UBIN0164410,Canara Bank,Current,8503301226,viraj.dash366@example.com,,Active,1,2025-12-31 09:36:51,2026-01-06 19:19:51,Internet Banking
709,Rajata Chand,Home,3098514103260333,YESB0625830,Axis Bank,Savings,4841895349,rajata.chand399@example.com,,Active,1,2025-08-08 18:59:06,2025-08-13 14:07:06,Internet Banking
648,Xiti Narayan,Vendor,185965206520920,UBIN0591676,IDFC First Bank,Savings,5210689530,xiti.narayan46@example.com,,Active,0,2024-10-19 05:41:26,,Internet Banking
6,Yuvraj Joshi,Office,4598729645649565,UBIN0834792,Canara Bank,Savings,0455076173,,yuvrajjoshi7507@okhdfcbank,Active,1,2026-03-16 01:53:07,2026-03-17 03:43:07,Branch
357,Aarnav Gara,,9157758900306969,IDFB0730278,Canara Bank,Savings,0273938631,,aarnavgara3647@paytm,Active,0,2025-12-24 02:51:31,,Branch
75,Dev Nayak,Sister,8938165123124992,KKBK0857602,Kotak Mahindra Bank,Savings,1920129266,dev.nayak147@example.com,devnayak8945@oksbi,Active,0,2026-04-07 01:11:48,,Mobile App
748,Abhiram Oak,Brother,8052566403669992,CNRB0267334,Bank of Baroda,Savings,8588324895,,abhiramoak5229@okhdfcbank,Active,1,2025-08-20 04:57:17,2025-08-20 07:55:17,Mobile App
351,Ansh Bains,,3996110735182887,KKBK0973183,HDFC Bank,Savings,6155029861,,,Active,1,2025-07-19 23:33:18,2025-07-20 08:43:18,Mobile App
7,Teerth Modi,Brother,3223398068277947,YESB0292087,Union Bank of India,Savings,,teerth.modi244@example.com,teerthmodi4551@okicici,Active,1,2024-07-11 08:50:29,2024-07-15 20:16:29,Mobile App
176,Bina Walla,Home,848095081290063,YESB0714162,Bank of Baroda,Savings,1375194138,,,Active,1,2024-05-08 16:07:57,2024-05-11 04:45:57,Mobile App
353,Bhavya Hayre,,9268922171009430,ICIC0579969,Axis Bank,Savings,6810775411,,bhavyahayre825@oksbi,Inactive,0,2025-02-11 15:03:04,,Internet Banking
734,Advik Bhatnagar,Brother,9598663958986303,ICIC0807769,Kotak Mahindra Bank,Savings,3181432836,advik.bhatnagar249@example.com,advikbhatnagar4572@paytm,Active,0,2024-01-17 15:41:32,,Mobile App
506,Keya Deshmukh,Mom,6601466643555169,IDFB0465121,Canara Bank,Savings,6850024167,keya.deshmukh106@example.com,keyadeshmukh2674@okicici,Active,1,2024-07-05 17:39:50,2024-07-09 06:44:50,Internet Banking
116,Anya Konda,Business,2603920676656586,SBIN0901175,Kotak Mahindra Bank,Savings,6973361155,anya.konda563@example.com,,Active,1,2025-02-12 07:35:04,2025-02-16 21:46:04,Mobile App
54,Rachita Chhabra,Mom,7367030964717955,BARB0105687,Kotak Mahindra Bank,Savings,1747790955,,,Active,1,2024-08-31 05:27:47,2024-09-02 22:27:47,Mobile App
227,Vedant Tak,,5903806534286760,SBIN0666254,Bank of Baroda,Savings,9898441683,vedant.tak687@example.com,vedanttak7555@paytm,Active,1,2024-02-23 17:12:49,2024-03-01 13:42:49,Mobile App
53,Forum Aggarwal,Personal,246269747382756,UTIB0373444,Punjab National Bank,Savings,9592923384,forum.aggarwal230@example.com,forumaggarwal9874@ybl,Active,1,2026-07-31 03:05:39,2026-08-06 02:13:39,Mobile App
850,George Tiwari,,4694474158494150,YESB0057290,ICICI Bank,Savings,8890390095,george.tiwari696@example.com,georgetiwari553@okaxis,Active,1,2024-08-01 02:22:30,2024-08-03 09:16:30,Internet Banking
786,Ronith Hayer,Friend,3362860444685853,CNRB0139993,Kotak Mahindra Bank,Savings,4186296798,ronith.hayer476@example.com,ronithhayer6979@ybl,Active,1,2024-03-30 10:10:08,2024-03-31 02:51:08,Mobile App
687,Yoshita Choudhury,,5575189704529455,BARB0883434,IDFC First Bank,Savings,1828930220,yoshita.choudhury383@example.com,yoshitachoudhury5412@ybl,Active,1,2024-02-09 19:15:40,2024-02-10 12:03:40,Mobile App
633,Aarav Madan,Office,5493104362733641,PUNB0434682,Kotak Mahindra Bank,Savings,,,,Active,1,2025-04-13 21:04:45,2025-04-15 18:48:45,Internet Banking
699,Yatin Ghose,Vendor,367991312846040,HDFC0841727,Punjab National Bank,Savings,1518649275,yatin.ghose376@example.com,yatinghose658@okhdfcbank,Active,1,2024-12-01 16:22:13,2024-12-08 12:17:13,Mobile App
731,Alka Ratta,Dad,4354729023907407,HDFC0556682,HDFC Bank,Savings,5497501234,alka.ratta241@example.com,alkaratta2931@oksbi,Active,1,2024-05-21 10:04:05,2024-05-27 21:35:05,Mobile App
552,Nirja Shanker,Sister,3695488954505095,ICIC0649116,IDFC First Bank,Current,,nirja.shanker201@example.com,nirjashanker8060@ybl,Active,1,2026-03-25 20:10:40,2026-03-31 18:31:40,Internet Banking
305,Vyanjana Verma,Brother,8917071993797210,SBIN0903811,Bank of Baroda,Savings,0162286370,,,Active,1,2024-06-29 04:12:07,2024-07-03 16:04:07,Internet Banking
377,Karan Vasa,Sister,8627889553433785,BARB0320446,ICICI Bank,Savings,0723031036,karan.vasa806@example.com,karanvasa3175@okhdfcbank,Active,1,2026-05-25 17:26:01,2026-06-01 09:23:01,Mobile App
354,Vamakshi Nagarajan,,1226185903537356,IDFB0418050,Yes Bank,Savings,3106366705,vamakshi.nagarajan243@example.com,vamakshinagarajan123@okhdfcbank,Active,1,2024-02-02 19:50:59,2024-02-07 19:42:59,Mobile App
665,Yochana Dubey,,4085113585669823,CNRB0100043,Bank of Baroda,Savings,7861137914,yochana.dubey318@example.com,,Active,1,2026-01-15 06:00:16,2026-01-19 20:18:16,Internet Banking
667,Neha Kannan,Personal,1186831732097426,CNRB0020927,Punjab National Bank,Savings,,neha.kannan833@example.com,,Active,1,2025-12-22 11:42:59,2025-12-23 02:02:59,Internet Banking
403,Jonathan Ranganathan,Vendor,6698984252310602,ICIC0203337,State Bank of India,Savings,5568210363,jonathan.ranganathan783@example.com,,Active,1,2024-07-13 05:43:56,2024-07-19 04:46:56,Internet Banking
73,Anirudh Oak,Friend,4733185379792987,PUNB0915005,Axis Bank,Savings,7439688481,anirudh.oak217@example.com,,Active,0,2026-01-08 04:30:46,,Mobile App
667,Nitesh Bala,Office,5767808772235517,UTIB0942790,State Bank of India,Savings,9005485297,nitesh.bala272@example.com,niteshbala9163@okaxis,Active,1,2026-01-25 10:02:26,2026-02-01 04:46:26,Mobile App
163,Chaitanya Mitra,,3813442441082161,UBIN0951552,ICICI Bank,Current,9540537796,chaitanya.mitra334@example.com,chaitanyamitra1087@ybl,Active,1,2026-06-23 16:38:49,2026-06-29 19:43:49,Internet Banking
649,Avi Mannan,Home,4501086584530042,CNRB0512740,ICICI Bank,Savings,8337080571,,avimannan3146@ybl,Active,1,2024-04-29 21:50:35,2024-05-01 20:39:35,Internet Banking
836,Mason Kashyap,Mom,4390699603081638,SBIN0246608,ICICI Bank,Savings,2683400549,,,Active,1,2025-07-21 06:17:47,2025-07-22 14:34:47,Mobile App
534,Sneha Mital,Mom,2112284631696257,SBIN0128287,Bank of Baroda,Current,,sneha.mital385@example.com,snehamital4785@paytm,Active,1,2025-01-13 17:37:28,2025-01-14 23:18:28,Mobile App
930,Lekha Gade,,469306973108698,SBIN0461432,Yes Bank,Savings,0288044275,lekha.gade31@example.com,lekhagade7506@okicici,Active,1,2024-03-30 12:14:19,2024-04-02 15:40:19,Mobile App
475,Oviya Oza,Personal,9309300916936551,YESB0823883,HDFC Bank,Savings,2093173317,oviya.oza276@example.com,oviyaoza3380@okicici,Active,1,2026-06-03 00:35:22,2026-06-04 12:54:22,Internet Banking
42,Pratyush Rout,,5714317902590362,SBIN0110892,IndusInd Bank,Current,5602094091,pratyush.rout265@example.com,pratyushrout8555@ybl,Active,1,2024-01-30 04:16:07,2024-02-04 21:15:07,Internet Banking
997,Jason Peri,Home,9686801762425589,IDFB0444264,HDFC Bank,Savings,9166722530,jason.peri727@example.com,jasonperi3790@oksbi,Active,1,2026-07-29 17:14:45,2026-08-01 18:10:45,Mobile App
346,Max Gaba,Office,7934284092942046,INDB0461663,ICICI Bank,Savings,1636328374,max.gaba914@example.com,maxgaba3306@okhdfcbank,Active,1,2024-03-27 16:02:32,2024-04-03 11:33:32,Internet Banking
499,Chanchal Rajan,Sister,8285212833382944,YESB0653564,Bank of Baroda,Current,1102451845,,chanchalrajan2466@ybl,Active,1,2025-02-27 21:52:24,2025-03-05 11:23:24,Internet Banking
222,Yoshita Suri,,5697380227373878,SBIN0936090,IndusInd Bank,Savings,,yoshita.suri897@example.com,yoshitasuri8968@okicici,Inactive,0,2026-01-16 15:06:58,,Internet Banking
299,Banjeet Bobal,Business,6050493076908166,YESB0692407,Canara Bank,Savings,1592479570,banjeet.bobal499@example.com,banjeetbobal5439@oksbi,Active,0,2025-03-18 03:43:27,,Mobile App
521,Dalbir Iyer,Office,547108418552797,CNRB0100098,IDFC First Bank,Savings,7528773340,dalbir.iyer739@example.com,,Active,0,2025-10-17 00:39:07,,Mobile App
255,Samesh Pradhan,Personal,9776842009788929,SBIN0067495,Kotak Mahindra Bank,Savings,5814169573,samesh.pradhan177@example.com,,Active,1,2024-02-24 12:57:41,2024-02-26 16:07:41,Mobile App
561,Nathaniel Bora,Mom,2925554047694931,KKBK0243457,IndusInd Bank,Savings,3678705257,,nathanielbora79@paytm,Active,1,2024-09-04 22:19:29,2024-09-08 22:19:29,Internet Banking
149,Janani Bhattacharyya,Friend,3877755509443384,CNRB0173195,ICICI Bank,Savings,7519415664,janani.bhattacharyya140@example.com,jananibhattacharyya1273@oksbi,Active,0,2024-02-26 01:17:05,,Mobile App
931,Timothy Joshi,,559734701709583,HDFC0538963,Yes Bank,Savings,5308076230,timothy.joshi27@example.com,,Active,1,2025-10-23 01:45:12,2025-10-23 16:46:12,Mobile App
405,Darpan Kaur,,6168642692235686,HDFC0184525,Yes Bank,Savings,9665817139,darpan.kaur939@example.com,darpankaur9747@okaxis,Active,1,2026-02-07 11:02:02,2026-02-08 21:34:02,Internet Banking
476,Adweta Borde,Sister,2721458873873466,YESB0888490,ICICI Bank,Current,6774591337,adweta.borde541@example.com,,Active,1,2025-03-17 06:51:34,2025-03-18 08:41:34,Branch
786,Victor Bala,,4421766667951036,IDFB0709784,Axis Bank,Savings,4487378377,victor.bala41@example.com,,Active,1,2026-08-16 17:18:36,2026-08-17 23:59:59,Branch
444,Dakshesh Garg,Vendor,5180552595638074,UTIB0968837,State Bank of India,Savings,1691478640,,daksheshgarg3905@ybl,Active,1,2025-07-01 05:13:09,2025-07-04 23:20:09,Branch
242,Aarush Badal,Brother,605053697550083,UTIB0275847,Union Bank of India,Savings,3400214426,aarush.badal435@example.com,,Active,0,2024-05-23 18:44:24,,Branch
252,Theodore Kalita,,8745161075723474,UBIN0356286,Canara Bank,Savings,1461432851,theodore.kalita282@example.com,,Active,1,2025-11-22 07:48:37,2025-11-25 19:23:37,Branch
952,Dominic Balakrishnan,,4273977926544405,KKBK0224153,Canara Bank,Savings,7728205752,dominic.balakrishnan798@example.com,dominicbalakrishnan6950@paytm,Active,1,2024-08-16 22:41:06,2024-08-22 06:10:06,Mobile App
487,Parth Dara,Vendor,8135778585884440,BARB0180324,HDFC Bank,Savings,4648223243,parth.dara466@example.com,,Active,1,2024-04-02 07:56:52,2024-04-03 04:38:52,Mobile App
500,Balvan Saha,,9104904930936170,UTIB0743073,Union Bank of India,Savings,7530167389,balvan.saha777@example.com,balvansaha9513@okicici,Active,1,2025-11-08 22:17:49,2025-11-14 09:57:49,Mobile App
865,Ikbal Edwin,Office,6490336069639973,INDB0111185,Union Bank of India,Savings,0417660249,ikbal.edwin396@example.com,,Active,0,2026-03-15 10:03:00,,Mobile App
967,Ethan Ghosh,Friend,8902672520809950,HDFC0669907,IndusInd Bank,Savings,7881072600,ethan.ghosh623@example.com,,Active,1,2025-07-08 11:01:33,2025-07-09 20:36:33,Mobile App
972,Nimrat Baria,Friend,5740566696137346,PUNB0133086,IDFC First Bank,Savings,,nimrat.baria969@example.com,nimratbaria7628@paytm,Active,0,2024-07-17 03:38:33,,Mobile App
194,Gayathri Singh,Sister,9188085747036224,UBIN0563078,IDFC First Bank,Savings,0924639307,gayathri.singh20@example.com,gayathrisingh4251@okicici,Active,1,2024-01-21 00:07:43,2024-01-22 07:36:43,Mobile App
444,Harish Barman,Vendor,8440093817287826,CNRB0746242,Punjab National Bank,Savings,1405660926,harish.barman579@example.com,,Active,1,2025-04-25 15:15:48,2025-05-01 16:01:48,Mobile App
339,Oscar Soni,Home,6023134875769262,HDFC0000743,Canara Bank,Savings,4224056331,,,Active,1,2024-05-13 10:55:22,2024-05-20 00:57:22,Mobile App
225,Zinal Raja,Home,3124213710103844,ICIC0213854,IDFC First Bank,Current,6153590109,zinal.raja225@example.com,zinalraja4185@paytm,Active,1,2024-11-17 08:14:29,2024-11-20 21:38:29,Mobile App
696,Bhavna Sen,Sister,2891137222528199,PUNB0165571,State Bank of India,Savings,,bhavna.sen438@example.com,bhavnasen7658@okicici,Inactive,1,2025-09-15 02:54:44,2025-09-18 11:02:44,Internet Banking
457,Adweta Mani,Vendor,5125197497707208,INDB0255894,HDFC Bank,Savings,9548799143,adweta.mani861@example.com,,Active,1,2026-04-09 16:48:57,2026-04-12 00:57:57,Internet Banking
432,Dominic Kala,Office,7006109899250860,INDB0559685,IndusInd Bank,Savings,7235484250,,,Active,1,2025-11-14 14:56:58,2025-11-20 18:02:58,Internet Banking
633,William Wagle,,980593015926277,PUNB0077186,IDFC First Bank,Savings,6361912395,william.wagle178@example.com,,Active,1,2026-04-19 09:00:59,2026-04-24 15:57:59,Branch
354,Aditya Jaggi,Vendor,9012593743738510,IDFB0739841,ICICI Bank,Savings,8821156901,,adityajaggi4079@okicici,Active,1,2026-03-09 18:02:59,2026-03-16 06:24:59,Mobile App
976,Advay Rout,Brother,7298104194745127,YESB0052616,Punjab National Bank,Savings,,advay.rout438@example.com,advayrout2399@okhdfcbank,Active,0,2024-06-06 09:39:46,,Branch
34,Ganga Sanghvi,,3275345069273167,ICIC0069261,Kotak Mahindra Bank,Current,,ganga.sanghvi284@example.com,gangasanghvi8940@ybl,Active,1,2025-07-23 09:49:20,2025-07-28 12:46:20,Internet Banking
172,Aditya Dutta,,7389727761738027,PUNB0914695,HDFC Bank,Savings,4999199076,,,Active,1,2024-06-22 16:06:23,2024-06-28 23:23:23,Mobile App
551,Udarsh Bala,Office,2832532055956054,SBIN0778742,IndusInd Bank,Savings,3211171047,udarsh.bala822@example.com,udarshbala5030@okicici,Active,1,2025-07-28 00:48:54,2025-08-02 02:50:54,Branch
377,Yochana Rastogi,Mom,3634966318580239,UBIN0082713,Union Bank of India,Savings,3674609591,,yochanarastogi8416@oksbi,Active,1,2025-12-17 20:10:04,2025-12-19 13:45:04,Mobile App
887,Umang Kohli,Business,2250012396391762,BARB0918398,Bank of Baroda,Current,1636503546,umang.kohli182@example.com,umangkohli7572@ybl,Active,1,2024-02-16 22:21:50,2024-02-20 07:16:50,Internet Banking
296,Yug Suresh,Sister,1262655703656121,INDB0089757,State Bank of India,Savings,5989830628,yug.suresh973@example.com,,Active,1,2026-07-28 03:35:25,2026-07-28 13:45:25,Internet Banking
875,Omaja Singh,Personal,4977258790891743,CNRB0692699,Union Bank of India,Savings,7135287021,omaja.singh533@example.com,,Inactive,1,2025-08-31 07:36:39,2025-09-02 22:21:39,Mobile App
491,Aahana Sinha,,8637526053354849,PUNB0941319,Union Bank of India,Savings,5729953375,,,Active,0,2024-10-30 19:59:49,,Mobile App
797,Adweta Sen,,9883520078793475,UBIN0705930,HDFC Bank,Savings,3027419089,adweta.sen743@example.com,,Active,0,2024-11-27 09:32:02,,Mobile App
912,Saanvi Bora,Vendor,9858400796617035,KKBK0258455,ICICI Bank,Current,0917015207,saanvi.bora318@example.com,saanvibora1864@paytm,Active,0,2024-12-01 20:52:31,,Mobile App
485,Nathaniel Sankar,Home,3009783181660705,HDFC0024645,Kotak Mahindra Bank,Current,3413341136,nathaniel.sankar972@example.com,,Active,1,2024-02-04 02:13:36,2024-02-07 21:42:36,Mobile App
792,Amara Tara,Dad,887246788535306,SBIN0317187,IndusInd Bank,Savings,6869790244,amara.tara636@example.com,,Active,1,2024-04-10 13:15:15,2024-04-14 07:22:15,Internet Banking
863,Chanakya Varghese,,9168317441105654,SBIN0996717,Kotak Mahindra Bank,Savings,7830082278,,,Active,1,2026-06-19 20:49:05,2026-06-25 15:15:05,Mobile App
585,Xalak Ghosh,,8480119235512931,YESB0239678,IndusInd Bank,Savings,,xalak.ghosh915@example.com,xalakghosh9606@okhdfcbank,Active,0,2025-05-31 17:10:53,,Internet Banking
254,Chaitaly Vyas,,5214607496575693,YESB0299334,State Bank of India,Savings,1725789057,,chaitalyvyas1729@oksbi,Active,1,2024-06-30 22:50:39,2024-07-04 21:59:39,Internet Banking
562,Zarna Ganesh,Dad,3119941533620471,CNRB0084705,Canara Bank,Savings,,zarna.ganesh238@example.com,zarnaganesh9415@okaxis,Active,1,2026-07-23 23:26:44,2026-07-24 14:19:44,Branch
431,Inaya Pradhan,Mom,8305429916512280,UTIB0367172,IndusInd Bank,Current,4957013408,inaya.pradhan653@example.com,inayapradhan2606@okicici,Active,1,2024-03-03 07:47:43,2024-03-09 16:42:43,Mobile App
780,Chatura Bhakta,Office,896037246952269,SBIN0629098,Canara Bank,Savings,2667311876,chatura.bhakta897@example.com,,Active,1,2024-06-04 10:47:57,2024-06-10 02:36:57,Internet Banking
583,Unni Kant,Home,6813437369046896,UTIB0603863,Bank of Baroda,Savings,5106981202,unni.kant379@example.com,unnikant3070@okaxis,Active,1,2025-04-11 12:08:52,2025-04-17 23:59:52,Internet Banking
14,Rohan Suri,,9760956454746303,YESB0661873,Kotak Mahindra Bank,Savings,7378825541,rohan.suri610@example.com,rohansuri9956@okhdfcbank,Active,1,2024-01-07 19:38:22,2024-01-09 09:07:22,Branch
148,Ucchal Balay,,7916637277002124,YESB0489385,Bank of Baroda,Savings,8413814477,ucchal.balay693@example.com,ucchalbalay8684@okaxis,Active,1,2024-09-08 00:30:53,2024-09-12 03:09:53,Mobile App
386,Gaurangi Loke,Sister,2133043298513066,HDFC0629203,IDFC First Bank,Savings,8609623165,,gaurangiloke6254@ybl,Inactive,1,2026-02-07 13:11:35,2026-02-08 00:40:35,Internet Banking
89,Thomas Chakraborty,,2140069875296353,HDFC0175071,ICICI Bank,Savings,3178645418,thomas.chakraborty754@example.com,,Active,0,2024-01-27 10:10:32,,Mobile App
933,Ikshita Bhardwaj,Mom,8089104208919741,UBIN0040597,State Bank of India,Savings,1583189052,ikshita.bhardwaj306@example.com,,Active,1,2024-07-27 12:39:28,2024-08-01 09:07:28,Internet Banking
729,Manya Narayan,Office,4435053530222538,UTIB0477813,Yes Bank,Savings,2739965814,manya.narayan654@example.com,manyanarayan4859@oksbi,Active,0,2025-12-16 21:04:32,,Internet Banking
547,Hema Sandhu,Office,4919513864672447,CNRB0789524,Canara Bank,Savings,3846139218,hema.sandhu874@example.com,hemasandhu3134@okicici,Active,1,2025-06-10 12:15:18,2025-06-13 14:32:18,Internet Banking
370,Oviya Kalita,Dad,2145330301543558,UBIN0004676,HDFC Bank,Current,3584502481,oviya.kalita700@example.com,oviyakalita4187@oksbi,Active,1,2024-03-07 22:51:48,2024-03-14 02:55:48,Mobile App
274,Ekiya Ganesan,Dad,2363232977310376,BARB0722869,Bank of Baroda,Savings,6249019022,,ekiyaganesan6707@okhdfcbank,Blocked,1,2024-05-08 00:58:22,2024-05-09 21:39:22,Internet Banking
568,Diya Krish,,1862219925339229,HDFC0115622,Axis Bank,Savings,3732118555,diya.krish721@example.com,,Blocked,1,2024-07-10 08:25:16,2024-07-13 00:22:16,Internet Banking
766,Charles Gola,Dad,6879835059715992,UBIN0926179,State Bank of India,Savings,1149494451,charles.gola643@example.com,charlesgola3058@ybl,Active,1,2024-12-15 04:34:51,2024-12-20 18:38:51,Internet Banking
602,Avi Ahuja,Mom,3074707641128106,SBIN0771275,Axis Bank,Current,6877212993,avi.ahuja930@example.com,aviahuja2450@paytm,Active,1,2026-03-16 03:01:31,2026-03-19 19:48:31,Internet Banking
898,Gaurangi Varghese,Business,7404028031859049,BARB0909744,Yes Bank,Savings,,gaurangi.varghese750@example.com,,Active,0,2024-08-21 17:02:04,,Mobile App
485,Reva Sur,Friend,2704259001926329,ICIC0503220,ICICI Bank,Savings,9346729274,reva.sur673@example.com,revasur7049@ybl,Active,1,2024-09-16 19:36:19,2024-09-22 22:41:19,Internet Banking
716,Gaurang Andra,Mom,3712844706583563,CNRB0610413,Bank of Baroda,Savings,,gaurang.andra436@example.com,gaurangandra9495@ybl,Active,1,2025-05-09 20:59:53,2025-05-15 22:44:53,Mobile App
291,Darika Bakshi,Sister,7830285255789932,CNRB0661834,IDFC First Bank,Savings,8278778964,,darikabakshi2010@paytm,Active,1,2024-03-03 10:56:55,2024-03-04 01:05:55,Mobile App
170,Kala Butala,,6895451148525082,UTIB0032258,Punjab National Bank,Current,0892007361,kala.butala558@example.com,kalabutala1576@oksbi,Active,1,2024-12-01 04:02:17,2024-12-05 19:58:17,Mobile App
718,Yauvani Bandi,,7519731734809622,ICIC0461063,Punjab National Bank,Savings,8199091925,yauvani.bandi960@example.com,yauvanibandi9916@okaxis,Active,0,2025-11-29 19:06:22,,Internet Banking
795,Jatin Issac,Home,1086509409987459,UTIB0411407,Canara Bank,Savings,7609651815,jatin.issac407@example.com,jatinissac1779@oksbi,Active,1,2026-07-07 20:47:29,2026-07-08 16:58:29,Internet Banking
434,Turvi Kunda,Friend,6221365551128762,UBIN0552254,IndusInd Bank,Savings,6683980808,turvi.kunda957@example.com,,Active,1,2025-04-28 22:28:40,2025-05-03 19:41:40,Branch
429,Saanvi Choudhary,Friend,9424180515247747,BARB0705690,Bank of Baroda,Current,8780002856,,,Active,1,2026-01-16 23:14:08,2026-01-19 07:25:08,Mobile App
971,Aarnav Kara,Office,9097355853868811,BARB0863978,Punjab National Bank,Savings,5011990901,aarnav.kara70@example.com,,Active,1,2026-03-17 23:24:08,2026-03-24 21:20:08,Internet Banking
375,Zinal Palla,Mom,4565285663744529,PUNB0678071,State Bank of India,Savings,,zinal.palla724@example.com,,Active,1,2025-09-17 11:26:58,2025-09-19 19:23:58,Mobile App
134,Pranit Arora,Sister,6296156055433666,KKBK0833605,Kotak Mahindra Bank,Current,3206739148,pranit.arora370@example.com,pranitarora1400@okicici,Active,1,2026-06-30 01:54:52,2026-07-01 01:35:52,Internet Banking
756,Vasana Wason,Home,6284172048470555,PUNB0076805,Axis Bank,Savings,4752222346,vasana.wason452@example.com,,Active,1,2026-07-14 00:56:03,2026-07-20 04:21:03,Internet Banking
760,Reva Anne,Home,653296016652760,YESB0060894,Kotak Mahindra Bank,Savings,0859717924,reva.anne575@example.com,,Active,1,2025-10-08 16:11:35,2025-10-10 06:23:35,Mobile App
29,Pooja Dar,Dad,2140348789969486,CNRB0569011,ICICI Bank,Savings,8612399037,pooja.dar293@example.com,,Inactive,1,2024-04-26 04:05:30,2024-04-26 16:21:30,Internet Banking
978,Frederick Pillai,Brother,3404585718309880,UTIB0427755,HDFC Bank,Current,4205813690,frederick.pillai82@example.com,frederickpillai2713@okaxis,Active,1,2024-04-11 15:48:15,2024-04-14 21:35:15,Branch
951,Gayathri Mannan,Office,3903054171498866,BARB0687807,Axis Bank,Savings,7974226650,gayathri.mannan458@example.com,gayathrimannan2972@okaxis,Active,1,2024-09-11 09:21:32,2024-09-13 05:35:32,Internet Banking
941,Dipta Edwin,Vendor,3465094667687575,BARB0642922,ICICI Bank,Savings,7817395440,,diptaedwin1078@okaxis,Active,1,2026-06-22 22:48:23,2026-06-23 14:37:23,Mobile App
385,Amrita Kari,,5510768528254614,CNRB0230698,IDFC First Bank,Savings,2999335347,amrita.kari458@example.com,amritakari8363@paytm,Active,1,2024-02-03 21:34:10,2024-02-04 20:37:10,Mobile App
660,Nidhi Agate,,5014273333074358,KKBK0136032,Kotak Mahindra Bank,Savings,7985782668,,nidhiagate6220@oksbi,Active,0,2024-08-23 11:58:40,,Internet Banking
814,Atharv Nayak,,1022244896607815,YESB0159742,Union Bank of India,Savings,,atharv.nayak998@example.com,,Active,1,2024-08-08 10:22:09,2024-08-09 14:58:09,Mobile App
539,Gagan Dash,Home,6812295862761133,KKBK0534932,Axis Bank,Savings,,gagan.dash839@example.com,gagandash8425@oksbi,Blocked,1,2026-08-11 01:53:41,2026-08-15 07:56:41,Mobile App
315,Upadhriti Mahajan,,6795506859987713,ICIC0788132,Canara Bank,Savings,0846012663,upadhriti.mahajan836@example.com,upadhritimahajan8082@okhdfcbank,Active,1,2024-08-20 12:17:15,2024-08-21 04:17:15,Internet Banking
283,Rajeshri Gaba,Personal,7518571459897424,UTIB0771691,Axis Bank,Savings,3553637426,rajeshri.gaba501@example.com,,Active,1,2024-04-11 22:28:53,2024-04-16 09:23:53,Mobile App
825,Waida Sule,Brother,1697745292683232,UTIB0569280,Bank of Baroda,Savings,,,,Active,1,2025-06-08 13:03:35,2025-06-10 23:06:35,Mobile App
72,Harshil Lalla,Home,3741847679518459,SBIN0537717,HDFC Bank,Savings,0610673037,harshil.lalla47@example.com,harshillalla5890@paytm,Active,1,2025-06-22 00:50:53,2025-06-25 15:05:53,Mobile App
812,Gabriel Kari,Office,7221042580792455,YESB0291051,Axis Bank,Savings,3415617673,,,Active,1,2024-08-24 02:34:33,2024-08-24 14:29:33,Mobile App
317,Avi Khatri,Friend,6058876155897304,INDB0836738,Punjab National Bank,Savings,5964263290,avi.khatri496@example.com,avikhatri223@oksbi,Active,1,2025-12-04 15:28:27,2025-12-07 05:11:27,Mobile App
185,Sai Mander,,4462226345083029,ICIC0460588,Bank of Baroda,Savings,9073967648,sai.mander349@example.com,saimander6536@oksbi,Blocked,1,2025-08-07 20:58:58,2025-08-14 12:56:58,Internet Banking
56,Maya Bajwa,Friend,6638371875682095,PUNB0748920,Bank of Baroda,Savings,8632207145,maya.bajwa226@example.com,,Inactive,1,2024-10-15 19:03:45,2024-10-18 03:30:45,Mobile App
344,Ekani Date,,7300549561857134,CNRB0185980,Yes Bank,Savings,0931317907,ekani.date436@example.com,ekanidate3581@oksbi,Active,1,2024-06-25 08:24:11,2024-06-28 08:13:11,Branch
183,Pranit Hayre,Brother,2889010411896142,IDFB0497512,Kotak Mahindra Bank,Savings,5048283715,pranit.hayre560@example.com,pranithayre630@ybl,Active,1,2024-07-14 09:21:27,2024-07-18 05:24:27,Internet Banking
521,Aditya Chaudhari,Dad,2980552140102561,UTIB0349378,Bank of Baroda,Savings,4343232181,,,Active,1,2024-08-10 17:08:30,2024-08-12 19:28:30,Mobile App
304,Lajita Puri,Friend,6856301009233833,KKBK0392339,HDFC Bank,Savings,9853922862,lajita.puri415@example.com,lajitapuri6936@okhdfcbank,Active,1,2024-01-13 02:38:47,2024-01-14 09:40:47,Mobile App
172,Priya Sani,Home,7692775904410705,HDFC0296305,Axis Bank,Savings,5224029620,priya.sani84@example.com,priyasani2708@okaxis,Active,1,2026-06-19 03:33:03,2026-06-23 22:43:03,Internet Banking
266,Bhavani Tella,Mom,6876323977065659,KKBK0249677,Punjab National Bank,Current,8616589878,bhavani.tella345@example.com,,Active,1,2026-04-25 20:11:53,2026-04-26 12:17:53,Mobile App
828,Anthony Zacharia,Dad,3905104925777723,KKBK0436718,HDFC Bank,Savings,,,,Active,1,2025-08-18 10:44:49,2025-08-24 12:05:49,Mobile App
856,Vrishti Iyer,Dad,814193402289516,HDFC0932512,IDFC First Bank,Savings,8363533521,vrishti.iyer115@example.com,vrishtiiyer385@paytm,Active,1,2024-01-18 04:36:30,2024-01-20 10:09:30,Internet Banking
618,Jasmit Munshi,,6595401665314476,BARB0976668,IndusInd Bank,Savings,9434661860,,jasmitmunshi8359@okhdfcbank,Active,1,2025-02-04 09:05:54,2025-02-05 22:27:54,Mobile App
771,Faris Luthra,Sister,1583705379474318,BARB0185204,IndusInd Bank,Savings,2126732075,faris.luthra695@example.com,,Inactive,1,2025-12-31 11:52:55,2026-01-06 16:12:55,Mobile App
576,Manthan Johal,,1160635973624924,KKBK0636175,Bank of Baroda,Savings,9717480310,manthan.johal241@example.com,manthanjohal3489@paytm,Active,1,2024-11-30 22:34:29,2024-12-01 23:25:29,Internet Banking
587,Dipta Bandi,Vendor,8876614056087587,HDFC0701765,HDFC Bank,Current,9665624384,,diptabandi5417@okicici,Active,1,2024-05-23 01:28:20,2024-05-28 14:59:20,Mobile App
79,Ucchal Bhatt,,3365709400707516,ICIC0968172,ICICI Bank,Savings,1676488263,ucchal.bhatt347@example.com,ucchalbhatt3303@okaxis,Inactive,0,2025-10-20 22:26:26,,Mobile App
750,Max Gupta,Sister,5921754983525881,HDFC0345712,Kotak Mahindra Bank,Savings,2620447748,max.gupta231@example.com,maxgupta2155@paytm,Active,1,2024-06-23 07:54:35,2024-06-25 19:15:35,Internet Banking
18,Adya Pradhan,,2967493374827825,UTIB0893620,ICICI Bank,Savings,5935179140,adya.pradhan593@example.com,,Active,1,2026-02-05 13:12:01,2026-02-07 17:07:01,Mobile App
123,Ekaja Prabhakar,Brother,4769702236838883,BARB0682562,Punjab National Bank,Savings,1812347878,ekaja.prabhakar180@example.com,ekajaprabhakar8089@oksbi,Active,0,2026-06-30 02:56:37,,Internet Banking
742,Jeet Sachdev,,260255672160967,UTIB0607255,Canara Bank,Current,4197266231,jeet.sachdev75@example.com,jeetsachdev8516@oksbi,Active,1,2026-03-25 22:38:00,2026-04-01 11:27:00,Internet Banking
427,Chasmum Aurora,,3897049583517455,SBIN0341976,Yes Bank,Current,6421450614,chasmum.aurora885@example.com,chasmumaurora9215@okicici,Active,1,2026-05-09 12:20:26,2026-05-14 08:28:26,Mobile App
328,Gayathri Khosla,Mom,9434098091580245,IDFB0301832,IndusInd Bank,Savings,5669341498,,,Active,0,2024-05-20 13:32:12,,Mobile App
556,Ojas Deo,,3530270245116532,UBIN0577418,State Bank of India,Current,7833635152,ojas.deo901@example.com,,Active,1,2025-03-25 19:37:13,2025-03-28 13:34:13,Mobile App
988,Niharika Date,Sister,6051951235162560,CNRB0740258,Canara Bank,Savings,3995605254,,,Active,1,2024-08-05 20:14:20,2024-08-10 12:13:20,Mobile App
804,Dakshesh Chaudry,Friend,5884821703730897,KKBK0250544,ICICI Bank,Savings,9541802639,dakshesh.chaudry71@example.com,,Active,1,2024-04-12 20:10:43,2024-04-19 04:30:43,Mobile App
684,Mitali Mani,Vendor,4154693500440561,BARB0260142,Punjab National Bank,Savings,2147669598,mitali.mani693@example.com,,Active,1,2024-07-31 16:04:09,2024-08-05 12:44:09,Mobile App
270,Wakeeta Loyal,,7600661053693814,HDFC0228258,ICICI Bank,Current,0189851955,wakeeta.loyal916@example.com,,Active,1,2024-11-30 13:47:02,2024-12-04 16:31:02,Mobile App
460,Ansh Sura,,9563494733883878,UBIN0745902,Kotak Mahindra Bank,Savings,6816537664,ansh.sura776@example.com,,Active,1,2025-06-22 08:48:57,2025-06-26 09:47:57,Internet Banking
187,Balendra Ravel,,3194555889732156,KKBK0818725,HDFC Bank,Savings,9677340285,balendra.ravel861@example.com,,Active,1,2025-10-31 01:49:10,2025-11-03 17:25:10,Internet Banking
47,Yashoda Sharaf,Friend,8245068271804277,SBIN0680350,IDFC First Bank,Savings,1553988784,yashoda.sharaf150@example.com,yashodasharaf3758@ybl,Active,1,2024-10-19 14:51:21,2024-10-22 12:56:21,Mobile App
956,Arya Palan,Personal,398963388187224,ICIC0719118,IndusInd Bank,Savings,7602146916,arya.palan366@example.com,aryapalan8538@okaxis,Active,1,2024-07-25 06:48:42,2024-07-25 16:34:42,Mobile App
240,Girish Mall,Dad,7230801960495917,CNRB0823411,Punjab National Bank,Savings,4487984400,girish.mall323@example.com,,Active,1,2025-08-27 02:28:54,2025-09-01 21:32:54,Mobile App
113,Ojas Nagi,Sister,7988537994773133,HDFC0890330,HDFC Bank,Current,4769391830,,ojasnagi8027@oksbi,Active,1,2024-12-22 04:54:40,2024-12-23 06:06:40,Internet Banking
205,Nitesh Sahota,Sister,477431179902721,BARB0691336,ICICI Bank,Savings,2088753760,,niteshsahota6352@okaxis,Active,1,2025-10-01 21:53:07,2025-10-05 20:17:07,Mobile App
354,Yashodhara Ramaswamy,Business,6665386569282339,INDB0873063,IndusInd Bank,Savings,1090488244,yashodhara.ramaswamy405@example.com,,Active,0,2026-02-21 03:36:38,,Mobile App
334,Pallavi Viswanathan,,8423104568186405,YESB0605610,IDFC First Bank,Savings,0470984734,,,Active,1,2025-03-24 02:45:23,2025-03-27 03:07:23,Internet Banking
163,Urmi Kalla,Personal,1122069177462526,KKBK0553742,ICICI Bank,Savings,7083254104,urmi.kalla493@example.com,urmikalla1162@okaxis,Inactive,0,2026-08-11 18:30:15,,Internet Banking
193,Varsha Dhar,Brother,7134681781295336,HDFC0816368,IndusInd Bank,Savings,,varsha.dhar235@example.com,varshadhar8227@ybl,Active,1,2024-06-14 05:19:22,2024-06-18 00:05:22,Mobile App
965,Samuel Dugal,Home,8436027563073457,UTIB0088104,IDFC First Bank,Savings,5892172260,samuel.dugal103@example.com,samueldugal1910@okaxis,Inactive,0,2024-09-10 05:54:36,,Internet Banking
42,Damini Agate,Sister,195804994621140,YESB0816663,IndusInd Bank,Savings,9499268722,damini.agate281@example.com,daminiagate6989@oksbi,Active,1,2025-12-06 14:13:52,2025-12-10 03:04:52,Internet Banking
500,Charita Borra,,9253085117093634,IDFB0917144,Canara Bank,Savings,0666546456,charita.borra136@example.com,charitaborra2754@okaxis,Active,1,2025-08-07 05:36:43,2025-08-12 15:28:43,Internet Banking
386,Nirja Sarna,Business,4837935127619493,IDFB0236365,Union Bank of India,Savings,0292522535,,nirjasarna221@okicici,Active,1,2025-09-24 09:01:53,2025-09-27 09:42:53,Internet Banking
240,Gautami Bhakta,Office,6262420996749842,CNRB0145810,IDFC First Bank,Savings,4581719064,gautami.bhakta760@example.com,gautamibhakta8311@paytm,Active,1,2025-01-02 09:27:32,2025-01-04 05:32:32,Internet Banking
401,Shravya Varty,Dad,6383424198407055,HDFC0770846,Bank of Baroda,Savings,1225480657,shravya.varty493@example.com,shravyavarty4921@paytm,Inactive,0,2024-09-17 11:04:20,,Mobile App
642,Advay Basu,,8493897936436587,KKBK0953607,Union Bank of India,Savings,1630241743,advay.basu965@example.com,,Active,1,2025-03-06 06:32:47,2025-03-08 21:52:47,Mobile App
153,Yashawini Kala,,7625042995267606,SBIN0114837,Yes Bank,Savings,3431259407,yashawini.kala19@example.com,,Active,1,2026-07-13 19:36:53,2026-07-17 10:02:53,Internet Banking
383,Andrew Borde,Office,7971742946985428,SBIN0939575,Canara Bank,Savings,5780468171,,andrewborde420@paytm,Active,1,2024-04-29 21:17:43,2024-04-30 09:57:43,Internet Banking
76,Benjamin Khatri,Home,1992295876838395,INDB0682022,Bank of Baroda,Savings,7093359786,benjamin.khatri165@example.com,benjaminkhatri3779@okicici,Active,1,2024-07-09 16:13:08,2024-07-13 16:44:08,Mobile App
876,Warda Bhattacharyya,Sister,876929108990079,UBIN0611959,Punjab National Bank,Current,5917606524,,wardabhattacharyya732@ybl,Active,1,2026-02-24 20:53:33,2026-03-02 10:04:33,Internet Banking
642,Yauvani Natarajan,Friend,1707986832944920,IDFB0121633,ICICI Bank,Savings,6948593340,yauvani.natarajan185@example.com,yauvaninatarajan7851@oksbi,Active,1,2024-10-28 07:21:56,2024-11-02 19:51:56,Mobile App
338,Chakradev Morar,Office,8458709203060095,PUNB0049511,Union Bank of India,Savings,4200043814,,,Active,1,2025-10-04 12:11:46,2025-10-08 23:39:46,Mobile App
309,Amaira Natarajan,Mom,2471381715691512,YESB0139282,Bank of Baroda,Savings,,amaira.natarajan864@example.com,,Inactive,0,2025-03-22 08:11:26,,Mobile App
361,Neelima Konda,,2086706085272936,SBIN0227061,Axis Bank,Savings,3127568604,neelima.konda459@example.com,,Active,1,2025-09-30 20:50:14,2025-10-05 15:07:14,Internet Banking
277,Yagnesh Chahal,,4732806021887302,ICIC0722975,Yes Bank,Savings,8946538808,yagnesh.chahal21@example.com,yagneshchahal248@ybl,Active,1,2024-11-27 04:30:30,2024-12-02 17:04:30,Mobile App
744,Rachana Ray,,5732495630906660,SBIN0452744,Kotak Mahindra Bank,Savings,4081489210,rachana.ray326@example.com,rachanaray6938@ybl,Active,1,2026-01-20 03:48:48,2026-01-24 15:16:48,Mobile App
774,Warda Ganesh,Office,5675363803926747,BARB0275550,State Bank of India,Savings,3272867968,,,Inactive,0,2025-06-10 06:13:58,,Internet Banking
402,Ekansh Sami,,7007111716280202,HDFC0031607,Bank of Baroda,Savings,9402674292,ekansh.sami231@example.com,ekanshsami6607@paytm,Active,1,2024-03-06 08:59:18,2024-03-10 19:26:18,Internet Banking
96,Arunima Varghese,Mom,3867703399247433,PUNB0067001,Bank of Baroda,Savings,5245680685,arunima.varghese302@example.com,,Active,1,2025-03-16 14:20:05,2025-03-20 21:56:05,Internet Banking
851,Vasudha Kota,,5277727066408407,BARB0089203,Yes Bank,Savings,1297687697,vasudha.kota169@example.com,vasudhakota1448@okaxis,Active,1,2025-04-26 22:52:49,2025-05-03 19:33:49,Branch
830,Vanya Chaudhari,,8646352516351868,IDFB0390348,ICICI Bank,Savings,2534977424,vanya.chaudhari938@example.com,vanyachaudhari471@okhdfcbank,Inactive,1,2025-01-03 19:43:14,2025-01-07 05:53:14,Internet Banking
522,Vasatika Zacharia,Business,6193033485022789,YESB0070177,Canara Bank,Savings,,vasatika.zacharia905@example.com,,Active,1,2026-05-14 00:59:48,2026-05-20 09:33:48,Mobile App
22,Daksh Mitra,,1480182290240471,YESB0732880,Canara Bank,Current,9020161690,daksh.mitra161@example.com,dakshmitra1543@okhdfcbank,Active,1,2024-04-23 12:59:17,2024-04-28 07:52:17,Mobile App
763,Fitan Khare,Brother,6135174001819213,KKBK0986533,State Bank of India,Savings,8146084877,fitan.khare577@example.com,fitankhare1431@paytm,Inactive,0,2025-09-12 23:33:27,,Mobile App
980,Rudra Venkataraman,Personal,7369894204526924,PUNB0562474,Kotak Mahindra Bank,Savings,8083761064,rudra.venkataraman419@example.com,,Active,1,2025-08-22 13:32:35,2025-08-23 09:04:35,Mobile App
441,Azaan Date,,8989266583722015,INDB0094360,State Bank of India,Savings,2133080812,azaan.date119@example.com,azaandate4244@okhdfcbank,Inactive,1,2026-03-23 02:13:54,2026-03-29 13:55:54,Branch
434,Gopal Khatri,Vendor,2626271155991397,YESB0834231,Canara Bank,Savings,7909596570,gopal.khatri950@example.com,gopalkhatri6242@ybl,Inactive,1,2024-06-30 21:24:09,2024-07-06 05:06:09,Branch
686,Gaurika Bandi,Business,1470627785728679,PUNB0669577,IDFC First Bank,Savings,5154767294,gaurika.bandi882@example.com,gaurikabandi7565@okaxis,Active,1,2024-05-30 06:48:09,2024-06-06 04:32:09,Mobile App
469,Bishakha Dhar,Personal,4272938977317004,SBIN0910942,IDFC First Bank,Savings,9016742085,bishakha.dhar975@example.com,bishakhadhar8118@oksbi,Active,1,2024-10-20 12:13:27,2024-10-26 08:43:27,Mobile App
623,Advika Chaudhari,,1189443596377887,YESB0222589,Yes Bank,Current,0773532769,advika.chaudhari598@example.com,advikachaudhari2754@oksbi,Active,1,2024-12-16 10:37:59,2024-12-19 16:01:59,Branch
886,Aarav Kalla,Brother,3528002832470652,SBIN0750626,Yes Bank,Savings,1389846321,aarav.kalla781@example.com,aaravkalla9484@oksbi,Active,1,2025-01-14 08:04:56,2025-01-17 14:15:56,Mobile App
281,Yashoda Sule,,887834645059587,PUNB0144864,Yes Bank,Savings,6349458399,yashoda.sule92@example.com,yashodasule5856@okhdfcbank,Active,1,2025-04-11 02:58:06,2025-04-14 00:56:06,Mobile App
67,Elijah Jani,Home,4480626471535291,BARB0036800,Punjab National Bank,Savings,7806935343,elijah.jani738@example.com,elijahjani7191@okhdfcbank,Active,1,2026-08-06 13:25:40,2026-08-07 06:16:40,Mobile App
424,Harini Pal,Dad,9799748923280696,CNRB0287721,ICICI Bank,Savings,4119021797,,harinipal8147@okicici,Blocked,1,2025-01-21 14:01:28,2025-01-21 18:50:28,Branch
34,Ishanvi Sharaf,Home,9384437980635971,KKBK0712452,IDFC First Bank,Savings,1884263064,ishanvi.sharaf774@example.com,ishanvisharaf5847@oksbi,Active,1,2024-09-19 20:20:54,2024-09-22 15:26:54,Internet Banking
77,Daksh Muni,Dad,2574633340944121,HDFC0972380,Punjab National Bank,Savings,5957912623,daksh.muni807@example.com,dakshmuni3990@okaxis,Active,1,2024-03-20 16:41:24,2024-03-27 09:57:24,Internet Banking
562,Warhi Nazareth,Dad,938604016092238,BARB0172654,Bank of Baroda,Current,5210131829,,,Active,1,2025-06-21 02:15:24,2025-06-26 22:42:24,Mobile App
491,Adweta Krish,,8518107729600382,KKBK0817402,IDFC First Bank,Savings,5302804196,adweta.krish864@example.com,adwetakrish4812@okhdfcbank,Active,1,2024-08-07 19:47:50,2024-08-09 20:28:50,Internet Banking
13,Varsha Bedi,,7631168123415955,YESB0461552,IndusInd Bank,Savings,6870669582,varsha.bedi839@example.com,,Inactive,0,2025-06-18 17:59:01,,Mobile App
783,Rudra Toor,Home,7705190219365150,KKBK0409462,IDFC First Bank,Current,5024983752,rudra.toor365@example.com,rudratoor4797@okhdfcbank,Active,1,2024-10-31 00:15:18,2024-10-31 05:46:18,Mobile App
971,Finn Narayanan,Friend,5301930984921353,INDB0484362,Punjab National Bank,Savings,4454693860,finn.narayanan219@example.com,,Active,0,2024-04-25 02:59:26,,Internet Banking
330,Patrick Mohan,,5844641193012055,SBIN0627935,Punjab National Bank,Savings,2805774764,patrick.mohan182@example.com,,Active,1,2024-07-12 21:42:39,2024-07-16 22:55:39,Mobile App
289,Qushi Wali,Vendor,8716884553637939,HDFC0246260,Punjab National Bank,Savings,3171195463,qushi.wali17@example.com,qushiwali3605@okhdfcbank,Blocked,1,2026-01-13 22:01:30,2026-01-19 23:48:30,Mobile App
53,Yuvraj Sastry,Home,2020840311515538,INDB0383263,Punjab National Bank,Savings,6736411534,yuvraj.sastry789@example.com,yuvrajsastry8585@okaxis,Active,1,2024-06-22 13:00:42,2024-06-24 07:28:42,Mobile App
629,Damini Deep,Home,3365556445724453,CNRB0471331,IndusInd Bank,Savings,0200743570,damini.deep33@example.com,daminideep5233@oksbi,Active,1,2024-04-25 10:47:29,2024-04-28 16:49:29,Mobile App
752,Tarak Kohli,Brother,6666386754302223,UBIN0048309,IDFC First Bank,Savings,8726331882,tarak.kohli814@example.com,tarakkohli4982@paytm,Active,1,2024-08-01 05:44:38,2024-08-07 13:49:38,Mobile App
973,Neel Dube,Brother,5519797924246668,INDB0908182,Yes Bank,Savings,4256193711,neel.dube743@example.com,neeldube8711@okaxis,Active,1,2024-03-01 15:05:16,2024-03-03 18:35:16,Mobile App
573,Gayathri Desai,,1379377062627897,PUNB0041657,Punjab National Bank,Savings,8681947015,gayathri.desai217@example.com,gayathridesai2845@okaxis,Active,1,2024-06-03 08:01:17,2024-06-07 04:19:17,Mobile App
469,Wishi Divan,,6153946073876541,BARB0113188,IndusInd Bank,Savings,4750046371,wishi.divan838@example.com,,Active,1,2025-03-25 17:22:43,2025-03-27 22:27:43,Branch
103,Kashvi Kapoor,Mom,7044853405685681,ICIC0641039,State Bank of India,Savings,2199446623,kashvi.kapoor346@example.com,,Active,1,2024-07-01 14:12:46,2024-07-04 19:10:46,Mobile App
685,Ekani Banerjee,Home,3460075096186756,CNRB0050865,Bank of Baroda,Savings,1240516116,ekani.banerjee243@example.com,,Active,1,2024-12-21 21:18:23,2024-12-24 11:46:23,Mobile App
139,Aradhana Mukherjee,Dad,2830562715883936,YESB0978015,HDFC Bank,Savings,7528146657,,aradhanamukherjee5693@okaxis,Active,1,2026-05-01 13:54:57,2026-05-03 08:05:57,Mobile App
268,Warhi Loyal,Sister,7754759537282827,PUNB0459938,Kotak Mahindra Bank,Savings,3189663259,warhi.loyal349@example.com,warhiloyal6352@ybl,Active,0,2024-12-20 19:38:31,,Mobile App
8,Chatura Konda,Office,3736863049632583,YESB0220849,Yes Bank,Savings,,chatura.konda346@example.com,,Inactive,1,2025-09-13 06:27:21,2025-09-14 01:20:21,Mobile App
848,Lopa Chopra,Business,7425596840255021,INDB0391556,IDFC First Bank,Savings,0876167829,lopa.chopra639@example.com,,Active,1,2024-04-02 10:06:04,2024-04-04 23:21:04,Internet Banking
761,Gaurika Bhatt,Personal,3768190643760146,CNRB0593627,State Bank of India,Savings,4750147403,gaurika.bhatt234@example.com,gaurikabhatt9065@oksbi,Active,1,2026-01-29 00:53:24,2026-01-30 01:12:24,Mobile App
994,Noah Kumar,Friend,9155877452146804,YESB0662721,Punjab National Bank,Current,5309349529,noah.kumar46@example.com,noahkumar3279@ybl,Active,1,2024-02-12 03:37:19,2024-02-18 12:14:19,Branch
346,Qushi Aurora,,8672863573445269,IDFB0512303,Union Bank of India,Current,8255399625,,qushiaurora6165@paytm,Active,0,2024-04-11 12:31:16,,Mobile App
518,Waida Rout,Dad,8320566574909085,SBIN0167933,Axis Bank,Savings,4566519359,,,Active,0,2026-02-16 08:39:59,,Internet Banking
988,Kalpit Mani,,2047896113746116,UTIB0967041,IndusInd Bank,Savings,2580647896,kalpit.mani744@example.com,kalpitmani3019@ybl,Active,1,2025-02-02 15:45:04,2025-02-08 04:45:04,Internet Banking
654,Ishanvi Nair,Business,9372298951938832,IDFB0605222,Yes Bank,Savings,7423264165,ishanvi.nair103@example.com,ishanvinair1777@okaxis,Active,1,2025-03-28 12:17:06,2025-04-02 20:18:06,Internet Banking
561,Mitali Thaman,,2537480607583469,INDB0991018,Axis Bank,Savings,7746743396,mitali.thaman690@example.com,mitalithaman5659@okaxis,Active,1,2025-10-20 00:40:48,2025-10-22 07:21:48,Internet Banking
973,Kashish Sinha,Friend,4499210605991194,PUNB0005874,Kotak Mahindra Bank,Savings,9280738140,kashish.sinha590@example.com,kashishsinha9188@okicici,Active,1,2024-11-07 18:05:46,2024-11-12 13:11:46,Mobile App
336,Tristan Bera,Office,7993101091486758,YESB0845199,HDFC Bank,Savings,5571916089,tristan.bera780@example.com,tristanbera8714@ybl,Active,1,2024-10-13 14:39:51,2024-10-17 06:03:51,Mobile App
407,Darpan Shankar,,6920434757005622,HDFC0258123,Canara Bank,Savings,6996194736,darpan.shankar783@example.com,darpanshankar8453@ybl,Active,1,2026-05-18 03:54:28,2026-05-19 09:31:28,Internet Banking
197,Anjali Varughese,Office,5882477619693034,SBIN0100373,Canara Bank,Savings,9564205664,anjali.varughese871@example.com,,Active,1,2026-07-04 17:17:47,2026-07-08 14:17:47,Internet Banking
42,Robert Rama,,979672164908180,HDFC0327185,HDFC Bank,Current,8006802608,robert.rama445@example.com,,Active,1,2025-04-28 16:07:06,2025-05-01 16:52:06,Internet Banking
760,Teerth Raju,,211243966718403,CNRB0149249,ICICI Bank,Savings,3355511304,teerth.raju354@example.com,,Inactive,0,2025-01-10 00:13:51,,Mobile App
964,Barkha Golla,Business,7116920234212953,KKBK0450710,State Bank of India,Savings,,barkha.golla561@example.com,,Active,1,2026-04-23 17:27:24,2026-04-25 21:01:24,Mobile App
773,Radhika Sampath,Office,6415033066473300,INDB0261494,Union Bank of India,Savings,,,,Active,1,2024-07-10 17:39:48,2024-07-11 18:03:48,Internet Banking
535,Kashish Memon,Mom,6730156188733021,HDFC0465362,Axis Bank,Savings,5312549500,kashish.memon149@example.com,,Active,1,2025-03-04 01:14:10,2025-03-06 16:58:10,Mobile App
260,Ekta Bath,Brother,6093849055895878,BARB0279401,Punjab National Bank,Savings,1425641452,,,Active,0,2026-07-20 17:29:25,,Internet Banking
913,Nitara Bhargava,Business,4585864704981383,UBIN0390322,Canara Bank,Current,7838059871,nitara.bhargava198@example.com,,Active,1,2024-04-10 00:49:24,2024-04-14 19:14:24,Mobile App
995,Charita Bahri,Brother,8250592219550951,CNRB0986543,Canara Bank,Savings,9633612094,charita.bahri583@example.com,charitabahri397@oksbi,Active,1,2024-11-30 07:36:01,2024-12-04 05:33:01,Internet Banking
441,Ekansh Khatri,,5418493695890048,HDFC0096875,Canara Bank,Savings,8770199527,,ekanshkhatri3887@okaxis,Active,1,2025-07-01 06:38:41,2025-07-06 00:20:41,Internet Banking
55,Kashish Gokhale,Personal,8129624870595578,UTIB0181028,Union Bank of India,Current,,kashish.gokhale718@example.com,kashishgokhale5399@paytm,Active,1,2025-06-07 00:44:47,2025-06-11 01:50:47,Mobile App
110,Ryan Nagy,,1664310811154170,INDB0529278,Kotak Mahindra Bank,Savings,1389444079,,ryannagy2546@paytm,Active,1,2024-03-13 02:21:06,2024-03-17 19:09:06,Internet Banking
629,Ati Tandon,Brother,2229825127636582,INDB0977310,Punjab National Bank,Savings,2272168902,ati.tandon178@example.com,atitandon958@okaxis,Active,1,2024-07-19 22:41:01,2024-07-20 02:07:01,Branch
98,Jagrati Sarraf,Office,8447045667350102,YESB0094379,Kotak Mahindra Bank,Savings,6526354523,jagrati.sarraf202@example.com,jagratisarraf4501@okaxis,Active,0,2024-12-28 19:25:36,,Mobile App
329,Logan Parmer,Sister,1934120909700122,UTIB0597025,Union Bank of India,Savings,5753277200,logan.parmer48@example.com,loganparmer5255@okicici,Inactive,0,2024-11-18 07:27:27,,Mobile App
993,Barkha Sastry,Business,9810344447536254,SBIN0548169,Union Bank of India,Savings,0718824127,barkha.sastry154@example.com,barkhasastry6441@paytm,Blocked,1,2024-01-30 19:24:14,2024-01-31 16:51:14,Internet Banking
540,Mugdha Shah,Sister,1118023184053560,IDFB0085775,State Bank of India,Current,,mugdha.shah114@example.com,mugdhashah9616@okaxis,Active,1,2025-09-27 06:03:15,2025-09-29 19:17:15,Mobile App
991,Ekiya Bera,,384558456599834,ICIC0919192,HDFC Bank,Current,,ekiya.bera151@example.com,,Active,0,2025-05-20 19:36:20,,Mobile App
657,Shaurya Chana,Vendor,4276580087223005,KKBK0204563,IndusInd Bank,Savings,7479281980,shaurya.chana269@example.com,shauryachana5307@okhdfcbank,Active,1,2026-08-09 00:53:14,2026-08-13 03:32:14,Internet Banking
727,Harsh Joshi,Friend,2452084225713195,KKBK0799755,Yes Bank,Savings,2033511551,,,Active,1,2025-06-26 18:59:59,2025-06-29 10:03:59,Internet Banking
819,Avni Purohit,Home,5032961088647115,UTIB0842141,IDFC First Bank,Savings,7834114302,avni.purohit320@example.com,,Active,1,2024-11-22 00:07:31,2024-11-25 19:04:31,Mobile App
614,Ayaan Upadhyay,,8631047513915070,ICIC0030929,ICICI Bank,Savings,2070847691,,,Active,1,2026-08-17 07:40:19,2026-08-17 23:59:59,Branch
972,Vritti Gole,Sister,3117801188916280,ICIC0881122,Canara Bank,Savings,8322340939,vritti.gole734@example.com,vrittigole2838@paytm,Inactive,1,2026-01-27 21:47:26,2026-01-31 08:04:26,Mobile App
807,Vyanjana Narasimhan,Brother,9466475595751452,KKBK0759679,Kotak Mahindra Bank,Savings,2081065092,vyanjana.narasimhan125@example.com,vyanjananarasimhan6236@okhdfcbank,Active,1,2024-06-24 15:38:55,2024-06-29 09:08:55,Mobile App
437,Gagan Lal,Home,4639672705902056,IDFB0740953,Axis Bank,Savings,4554780557,gagan.lal806@example.com,gaganlal983@oksbi,Active,1,2024-08-18 22:20:27,2024-08-20 15:42:27,Mobile App
163,Sai Walia,Sister,8440995662057041,INDB0175470,HDFC Bank,Savings,6417745879,sai.walia758@example.com,saiwalia1335@oksbi,Active,1,2024-12-18 20:50:45,2024-12-22 10:52:45,Internet Banking
536,Daksha Nazareth,,5053047564063740,YESB0970821,HDFC Bank,Savings,3592963130,daksha.nazareth738@example.com,dakshanazareth9374@okhdfcbank,Active,0,2025-08-02 03:57:48,,Internet Banking
569,Utkarsh Hans,Business,2583880507440965,INDB0458141,Yes Bank,Savings,,utkarsh.hans504@example.com,utkarshhans1856@okaxis,Active,1,2024-12-07 19:43:43,2024-12-12 03:58:43,Mobile App
344,Brinda Aggarwal,,2552689555102654,YESB0997168,Kotak Mahindra Bank,Savings,8307780873,brinda.aggarwal452@example.com,brindaaggarwal2694@okaxis,Active,1,2026-03-27 08:38:47,2026-04-02 17:20:47,Branch
13,Dayamai Sunder,,6544092930971049,CNRB0893023,Kotak Mahindra Bank,Savings,3547058894,,dayamaisunder7581@ybl,Active,1,2025-01-07 20:56:54,2025-01-14 08:42:54,Internet Banking
917,Ranveer Dalal,Brother,5223836439944782,CNRB0346767,Canara Bank,Savings,6804151798,ranveer.dalal368@example.com,ranveerdalal228@ybl,Active,1,2025-12-04 13:41:05,2025-12-09 10:54:05,Internet Banking
128,Gauri Tara,,1524389455128526,CNRB0055532,Union Bank of India,Savings,3057695564,gauri.tara746@example.com,gauritara3617@okhdfcbank,Active,1,2025-01-10 15:02:35,2025-01-12 13:40:35,Mobile App
915,Edhitha Agate,Office,9923257977084403,CNRB0578582,ICICI Bank,Current,,edhitha.agate333@example.com,edhithaagate3031@oksbi,Active,1,2026-01-05 00:40:12,2026-01-11 07:12:12,Internet Banking
195,Ojasvi Wason,,7958412083790537,UTIB0126924,ICICI Bank,Savings,,ojasvi.wason272@example.com,,Active,1,2026-02-25 08:15:59,2026-03-04 06:29:59,Mobile App
815,Naksh Chhabra,Dad,4048780590470433,ICIC0256193,IndusInd Bank,Current,5635221005,naksh.chhabra747@example.com,,Active,1,2025-12-21 15:22:51,2025-12-24 06:35:51,Mobile App
725,Janani Barad,,6382785531370935,KKBK0388480,Punjab National Bank,Savings,7609131233,janani.barad351@example.com,,Active,1,2024-07-05 07:30:02,2024-07-10 23:37:02,Branch
795,Prisha Kumar,Vendor,2505144292263813,INDB0373579,HDFC Bank,Current,3178692937,prisha.kumar824@example.com,prishakumar9040@okhdfcbank,Inactive,1,2025-05-31 17:12:05,2025-06-03 23:04:05,Mobile App
976,Vasudha Jaggi,Office,7055130805385297,HDFC0287616,IndusInd Bank,Savings,8194058204,vasudha.jaggi687@example.com,vasudhajaggi9748@oksbi,Active,0,2024-08-10 14:31:29,,Mobile App
94,Nisha Sura,Brother,4355623112593151,CNRB0677910,Bank of Baroda,Savings,5831718195,nisha.sura75@example.com,nishasura2399@okaxis,Active,1,2025-12-07 06:04:03,2025-12-12 00:27:03,Mobile App
217,Ria Mandal,Personal,9885090400989310,INDB0096395,Axis Bank,Savings,0730743212,ria.mandal279@example.com,riamandal2611@okicici,Active,1,2024-03-02 14:21:21,2024-03-09 07:13:21,Mobile App
857,Ronith Padmanabhan,Home,9338179119602616,CNRB0323389,Bank of Baroda,Savings,1240923360,ronith.padmanabhan643@example.com,ronithpadmanabhan715@oksbi,Inactive,1,2025-05-25 12:36:01,2025-05-31 18:35:01,Internet Banking
411,Zayan Mukherjee,,7546934925178574,UBIN0177255,HDFC Bank,Savings,9934457277,zayan.mukherjee147@example.com,zayanmukherjee9275@paytm,Active,1,2025-07-23 09:54:16,2025-07-28 06:13:16,Mobile App
277,Jagrati Krishnan,Mom,442493180266076,SBIN0579785,IDFC First Bank,Savings,4983561810,jagrati.krishnan372@example.com,jagratikrishnan926@okaxis,Active,1,2026-07-10 05:05:28,2026-07-11 08:27:28,Internet Banking
575,Jagat Jaggi,Business,5722380311207098,INDB0562920,State Bank of India,Savings,9459821337,jagat.jaggi11@example.com,,Active,1,2025-09-09 02:38:12,2025-09-12 22:11:12,Mobile App
490,Pratyush Bhattacharyya,Personal,4610016346632015,UBIN0423111,HDFC Bank,Savings,,pratyush.bhattacharyya625@example.com,pratyushbhattacharyya4823@ybl,Inactive,1,2026-05-18 00:47:39,2026-05-22 08:13:39,Mobile App
464,Tanmayi Dalal,,4460208057468146,CNRB0091455,Punjab National Bank,Savings,7386278777,tanmayi.dalal17@example.com,,Active,1,2025-05-17 05:40:37,2025-05-21 13:43:37,Mobile App
818,Onkar Nayar,Office,8439854404638539,PUNB0438844,ICICI Bank,Savings,9168104201,onkar.nayar214@example.com,onkarnayar9508@ybl,Active,1,2025-07-29 01:39:56,2025-07-31 06:02:56,Mobile App
771,Upadhriti Memon,,782878164097900,UBIN0010065,Bank of Baroda,Current,0511118176,upadhriti.memon565@example.com,,Active,1,2024-11-18 00:16:59,2024-11-19 00:37:59,Mobile App
682,Jasmit Konda,,8693260329620748,IDFB0784797,Bank of Baroda,Savings,,,jasmitkonda6217@oksbi,Active,1,2024-01-30 17:41:07,2024-02-01 18:24:07,Internet Banking
651,Madhav Ramanathan,,5382602879962689,PUNB0126959,Axis Bank,Savings,7035917362,madhav.ramanathan224@example.com,,Active,1,2024-03-30 12:41:50,2024-04-02 23:31:50,Mobile App
909,Upkaar Reddy,Dad,1632493210268750,BARB0676914,Canara Bank,Savings,0474187009,upkaar.reddy539@example.com,upkaarreddy8888@oksbi,Active,1,2024-02-14 08:06:42,2024-02-18 16:14:42,Mobile App
121,Frado Ghosh,Mom,3696346588589324,UBIN0515168,Axis Bank,Savings,4224961769,frado.ghosh12@example.com,fradoghosh8903@oksbi,Active,1,2025-10-19 12:47:36,2025-10-23 00:11:36,Mobile App
218,Harshil Grover,Vendor,7564570936284131,BARB0663787,Axis Bank,Savings,7394830336,harshil.grover608@example.com,harshilgrover9950@paytm,Active,0,2024-11-30 18:20:55,,Mobile App
174,Keya Panchal,Mom,1377559040312301,YESB0899864,Kotak Mahindra Bank,Savings,1494084892,keya.panchal858@example.com,keyapanchal7037@ybl,Active,1,2025-10-14 01:14:30,2025-10-15 03:45:30,Mobile App
923,Eiravati Sankar,Brother,3645461299082062,INDB0200115,IDFC First Bank,Savings,8727188038,,eiravatisankar9339@oksbi,Active,1,2025-02-12 15:14:39,2025-02-14 02:03:39,Mobile App
226,Mohammed Ramakrishnan,,4691130484236480,IDFB0915362,Punjab National Bank,Current,1872576004,mohammed.ramakrishnan507@example.com,,Active,1,2025-10-19 05:55:56,2025-10-24 14:36:56,Mobile App
114,Ekalinga Ratta,Business,8347666083461338,IDFB0165243,State Bank of India,Savings,7075907974,ekalinga.ratta309@example.com,ekalingaratta1935@okhdfcbank,Active,0,2025-03-28 16:55:43,,Internet Banking
613,Yashasvi Raval,,1277840077780737,IDFB0211623,Canara Bank,Savings,,yashasvi.raval299@example.com,yashasviraval7233@oksbi,Active,1,2025-11-26 12:40:28,2025-11-29 06:27:28,Mobile App
701,Sachi Sanghvi,Vendor,1566972793533606,UBIN0999743,Union Bank of India,Savings,9416840428,sachi.sanghvi959@example.com,sachisanghvi8393@okaxis,Active,1,2024-07-07 12:25:50,2024-07-09 10:29:50,Mobile App
998,Laksh Joshi,Vendor,1028794661262034,KKBK0184414,Kotak Mahindra Bank,Savings,3072952999,laksh.joshi105@example.com,lakshjoshi7699@oksbi,Active,1,2024-09-21 23:36:12,2024-09-25 19:05:12,Internet Banking
37,Ishwar Verma,Home,6906413331980585,KKBK0388035,Union Bank of India,Savings,7131168392,ishwar.verma755@example.com,ishwarverma4249@oksbi,Active,1,2026-01-26 14:20:55,2026-01-29 18:26:55,Internet Banking
501,Januja Bhargava,,5345502740738424,PUNB0347051,ICICI Bank,Savings,5109777867,januja.bhargava960@example.com,janujabhargava9329@oksbi,Active,1,2025-12-17 01:18:44,2025-12-18 12:20:44,Mobile App
63,Mekhala Parekh,Dad,4292126769500551,UTIB0604512,Punjab National Bank,Savings,7809203937,mekhala.parekh925@example.com,mekhalaparekh1277@okaxis,Active,1,2026-05-15 22:06:48,2026-05-18 13:25:48,Mobile App
267,Bhavani Purohit,,7576893797850002,PUNB0282382,HDFC Bank,Savings,5361331396,bhavani.purohit427@example.com,bhavanipurohit7260@ybl,Active,1,2024-11-30 08:04:49,2024-12-03 08:45:49,Mobile App
907,Indira Dhingra,Personal,5184905019363146,BARB0234090,State Bank of India,Savings,5884554339,indira.dhingra655@example.com,indiradhingra3587@okicici,Active,0,2025-01-15 09:11:54,,Branch
550,Hritik Kamdar,,5476952063352263,HDFC0412015,Union Bank of India,Savings,9870418860,hritik.kamdar670@example.com,,Active,1,2024-01-27 11:48:54,2024-01-31 14:57:54,Mobile App
1,Balvan Nath,Friend,5931314516555043,BARB0022067,Bank of Baroda,Savings,4533059817,balvan.nath29@example.com,balvannath1253@okhdfcbank,Active,1,2024-09-19 06:04:17,2024-09-19 16:46:17,Mobile App
152,Nidhi Nayar,Personal,2855354090893533,INDB0369769,State Bank of India,Savings,1678939509,,,Inactive,1,2026-04-22 01:04:54,2026-04-26 07:53:54,Mobile App
271,Jhalak Chakraborty,,4157516658517519,ICIC0348488,Union Bank of India,Savings,2465215967,jhalak.chakraborty864@example.com,jhalakchakraborty3018@okicici,Active,1,2025-04-21 10:57:24,2025-04-26 03:36:24,Internet Banking
468,Samaksh Dara,,4796509943412803,IDFB0358408,Axis Bank,Savings,,samaksh.dara812@example.com,samakshdara45@ybl,Active,1,2025-10-20 16:02:32,2025-10-26 11:39:32,Mobile App
658,Chaaya Narain,Friend,9558643557918106,PUNB0749247,Axis Bank,Savings,3451538948,chaaya.narain983@example.com,,Active,1,2026-01-30 13:58:17,2026-01-30 16:43:17,Mobile App
345,Yashawini Koshy,,8230372693651873,YESB0162807,State Bank of India,Savings,0171804303,yashawini.koshy958@example.com,,Active,1,2025-11-28 00:04:13,2025-12-03 00:15:13,Mobile App
845,Vinaya Walia,Friend,4253351436343957,UBIN0384155,ICICI Bank,Current,2210244878,vinaya.walia155@example.com,vinayawalia7949@okicici,Active,1,2024-01-17 02:31:57,2024-01-21 01:00:57,Internet Banking
776,Arin Memon,Mom,9039801731847940,UBIN0739559,Kotak Mahindra Bank,Current,9726253409,arin.memon223@example.com,,Active,1,2025-06-28 23:32:35,2025-06-30 21:35:35,Mobile App
61,Gaurav Zachariah,,6853205823003132,SBIN0666844,IDFC First Bank,Savings,4489677717,gaurav.zachariah794@example.com,,Active,1,2025-06-25 16:09:27,2025-06-25 20:06:27,Mobile App
970,Meera Krishnan,Dad,5455090418606089,HDFC0778844,ICICI Bank,Current,3177899291,,,Active,1,2026-04-12 12:19:37,2026-04-18 00:49:37,Branch
89,Darsh Barad,Personal,6256954654462952,ICIC0289559,Union Bank of India,Savings,8131391747,darsh.barad427@example.com,darshbarad3711@paytm,Active,1,2024-07-02 21:53:01,2024-07-09 06:48:01,Internet Banking
299,Harinakshi Kumar,Friend,301246474918316,INDB0014044,ICICI Bank,Savings,6171897498,harinakshi.kumar971@example.com,,Active,1,2026-07-17 13:50:01,2026-07-22 18:40:01,Internet Banking
68,Balvan Jain,Friend,5987966087855861,PUNB0506230,Bank of Baroda,Savings,8727636384,balvan.jain159@example.com,balvanjain1636@ybl,Active,0,2025-05-21 10:22:55,,Branch
786,Libni Pal,,7421559249790500,KKBK0506438,ICICI Bank,Current,0570942698,libni.pal454@example.com,,Active,1,2025-03-29 11:54:27,2025-03-31 20:58:27,Mobile App
901,Gopal Kohli,,533260461744832,CNRB0911803,Canara Bank,Savings,6086497165,gopal.kohli460@example.com,,Active,1,2025-05-12 14:57:49,2025-05-15 03:03:49,Mobile App
121,Bachittar Varma,Business,4554232263357088,SBIN0434055,Kotak Mahindra Bank,Savings,,bachittar.varma916@example.com,bachittarvarma3614@paytm,Active,1,2025-09-07 12:59:04,2025-09-09 10:10:04,Branch
365,Chavvi Narayanan,Sister,7909326630639167,CNRB0090364,Yes Bank,Savings,2543149367,chavvi.narayanan587@example.com,chavvinarayanan4514@okhdfcbank,Active,1,2024-09-26 09:12:49,2024-09-30 00:34:49,Mobile App
517,Aarna Dara,,8462600763878678,UBIN0481961,HDFC Bank,Savings,8635619503,aarna.dara370@example.com,aarnadara7290@okicici,Active,1,2026-07-02 15:44:14,2026-07-03 02:33:14,Mobile App
835,Kavya Yadav,Dad,8589685972036855,INDB0136787,Bank of Baroda,Current,1824508488,kavya.yadav574@example.com,kavyayadav4683@oksbi,Active,1,2025-07-24 19:52:01,2025-07-27 18:13:01,Internet Banking
701,Garima Balasubramanian,,472358428289562,UTIB0831656,Canara Bank,Savings,2322935229,,,Active,1,2025-04-29 13:42:56,2025-05-03 20:42:56,Internet Banking
750,Farhan Murty,Mom,4347091691922113,PUNB0388329,ICICI Bank,Savings,5634776808,farhan.murty963@example.com,farhanmurty9708@paytm,Active,1,2025-11-07 10:44:41,2025-11-13 07:16:41,Internet Banking
650,Zaid Anand,Business,8612001876006295,INDB0337719,Kotak Mahindra Bank,Savings,5641768655,zaid.anand93@example.com,,Active,1,2025-08-15 22:00:46,2025-08-22 12:06:46,Mobile App
335,Vasatika Jain,,6111531464460664,BARB0252188,IndusInd Bank,Current,4181578588,vasatika.jain811@example.com,vasatikajain6262@ybl,Active,1,2024-06-08 01:39:18,2024-06-12 21:44:18,Internet Banking
528,Nicholas Sem,Vendor,283127702583101,CNRB0708653,Canara Bank,Savings,7045829000,nicholas.sem793@example.com,nicholassem316@okaxis,Active,1,2024-03-19 22:24:52,2024-03-20 18:26:52,Mobile App
802,Ekavir Khosla,Dad,3747511914605654,BARB0729779,IndusInd Bank,Savings,7927391518,ekavir.khosla78@example.com,,Active,1,2025-03-18 04:18:04,2025-03-24 17:46:04,Mobile App
474,Noah Naidu,,4536532242868979,SBIN0105988,Canara Bank,Savings,5520115730,noah.naidu620@example.com,noahnaidu7591@ybl,Active,1,2026-03-19 22:01:11,2026-03-26 07:26:11,Mobile App
428,Jalsa Kade,Mom,8665057691499194,SBIN0228953,Union Bank of India,Savings,2320632105,jalsa.kade900@example.com,jalsakade6860@oksbi,Blocked,1,2025-08-28 14:48:12,2025-09-02 20:15:12,Mobile App
956,Dakshesh Chad,Mom,7701341518363180,INDB0758630,Union Bank of India,Current,1012246494,dakshesh.chad131@example.com,,Active,1,2025-11-05 19:39:45,2025-11-12 05:58:45,Internet Banking
623,Chaitanya Lata,Business,2879119852446708,HDFC0939850,Kotak Mahindra Bank,Savings,,chaitanya.lata804@example.com,chaitanyalata877@oksbi,Active,1,2026-04-04 12:28:31,2026-04-11 06:17:31,Mobile App
375,Vedant Magar,Mom,7813657540971028,HDFC0997238,Bank of Baroda,Savings,1582615675,vedant.magar802@example.com,,Active,1,2026-02-16 10:51:48,2026-02-19 09:47:48,Mobile App
581,Faras Saini,Sister,2443319092881689,CNRB0907772,Yes Bank,Savings,,faras.saini440@example.com,farassaini8596@okaxis,Active,0,2024-01-12 06:33:07,,Internet Banking
298,Anirudh Srinivas,,554378491149380,CNRB0617244,IDFC First Bank,Savings,3160509057,anirudh.srinivas751@example.com,anirudhsrinivas1464@okicici,Blocked,1,2024-08-23 14:19:23,2024-08-28 21:59:23,Internet Banking
76,Janaki Buch,Sister,4925730309391635,SBIN0408301,Union Bank of India,Savings,5660498630,,,Active,1,2025-07-31 17:37:50,2025-08-03 01:01:50,Mobile App
328,Omya Randhawa,Friend,3827813503158891,KKBK0867976,State Bank of India,Savings,9507307866,omya.randhawa975@example.com,,Active,0,2026-04-11 01:40:04,,Branch
468,Ekbal Narula,Dad,8808216381528149,UBIN0036746,Kotak Mahindra Bank,Savings,7459542697,ekbal.narula661@example.com,ekbalnarula8549@okhdfcbank,Active,1,2024-09-27 21:43:10,2024-09-29 11:37:10,Internet Banking
264,Avi Dubey,,1254099294362324,PUNB0210525,Union Bank of India,Current,0580015604,avi.dubey559@example.com,avidubey8026@oksbi,Inactive,1,2025-02-03 19:02:39,2025-02-05 22:27:39,Mobile App
396,Neelima Kapadia,Mom,6082978619751778,UTIB0218192,Canara Bank,Current,3959130580,neelima.kapadia412@example.com,neelimakapadia3860@okicici,Active,1,2024-03-19 12:18:09,2024-03-21 06:29:09,Internet Banking
323,Advika Loyal,,7031652956657167,PUNB0821122,Union Bank of India,Savings,2196150527,advika.loyal261@example.com,advikaloyal8272@ybl,Active,0,2025-02-23 07:11:53,,Mobile App
261,Gabriel Rama,Vendor,4203708934761522,IDFB0544781,ICICI Bank,Savings,3708827569,gabriel.rama474@example.com,gabrielrama7721@ybl,Active,1,2024-03-13 03:41:30,2024-03-15 12:55:30,Mobile App
170,Abeer Kala,,8994496729928475,INDB0083815,Yes Bank,Savings,7244998753,abeer.kala625@example.com,abeerkala7613@paytm,Active,1,2025-08-26 02:07:38,2025-08-29 10:39:38,Internet Banking
990,Krish Kalita,Sister,793189381443683,BARB0169448,Axis Bank,Savings,4424510676,krish.kalita719@example.com,,Active,1,2024-01-16 22:11:24,2024-01-17 20:26:24,Mobile App
221,Aishani Jha,Friend,5968818534960967,IDFB0088876,ICICI Bank,Current,,aishani.jha853@example.com,aishanijha2577@okaxis,Active,1,2025-01-23 21:40:14,2025-01-29 19:17:14,Branch
686,Abeer Grewal,,3347206688883081,SBIN0477349,Punjab National Bank,Current,6811110215,abeer.grewal51@example.com,abeergrewal4659@okicici,Active,0,2025-02-08 14:39:27,,Mobile App
18,Bhavya Raja,,5906378364256036,HDFC0083105,Kotak Mahindra Bank,Savings,0224801135,bhavya.raja812@example.com,bhavyaraja6417@oksbi,Active,1,2024-10-19 13:08:22,2024-10-22 23:23:22,Mobile App
60,Vedant Gaba,,346091062381323,INDB0701146,Bank of Baroda,Current,9494851951,vedant.gaba579@example.com,vedantgaba9763@okhdfcbank,Active,1,2025-03-21 12:02:26,2025-03-22 17:47:26,Mobile App
8,Caleb Mutti,Sister,2848052583139404,PUNB0018940,Kotak Mahindra Bank,Savings,5192202072,,calebmutti7802@okaxis,Active,1,2024-02-23 11:54:01,2024-02-27 19:00:01,Internet Banking
315,Ojasvi Subramaniam,Home,4797302560036580,UBIN0450435,Union Bank of India,Savings,6488431358,ojasvi.subramaniam324@example.com,ojasvisubramaniam3140@okaxis,Active,1,2024-08-18 14:12:00,2024-08-23 15:46:00,Mobile App
580,Shivansh Bhat,Friend,3228441749026210,PUNB0970948,State Bank of India,Savings,,shivansh.bhat919@example.com,shivanshbhat3691@okaxis,Inactive,0,2024-11-18 20:01:21,,Mobile App
508,Maanav Khatri,Sister,3666926377520013,YESB0997812,IndusInd Bank,Savings,3639832119,,maanavkhatri9668@oksbi,Active,0,2024-06-18 23:42:55,,Branch
739,Saksham Nanda,Mom,4600536932392555,KKBK0307109,IDFC First Bank,Current,3786341681,,,Blocked,1,2024-10-22 20:39:47,2024-10-27 04:21:47,Mobile App
521,Ojasvi Konda,Vendor,7780004012587334,BARB0725025,Bank of Baroda,Savings,,,ojasvikonda3208@ybl,Active,1,2024-12-12 19:32:40,2024-12-16 19:50:40,Mobile App
494,Warinder Kakar,Home,855344183722367,INDB0765368,Bank of Baroda,Savings,6053025661,warinder.kakar618@example.com,,Active,1,2024-05-14 12:39:21,2024-05-20 04:32:21,Internet Banking
437,Meghana Sengupta,Sister,2191995905876200,UBIN0626113,HDFC Bank,Savings,6516968016,meghana.sengupta524@example.com,,Active,1,2024-02-23 01:15:54,2024-02-29 20:52:54,Mobile App
796,Udyati Narang,Brother,9082255577403271,IDFB0845093,Yes Bank,Savings,7964913756,udyati.narang273@example.com,udyatinarang7977@paytm,Inactive,1,2025-02-22 19:27:35,2025-02-24 07:21:35,Internet Banking
289,Vinaya Khosla,Business,3887680471532983,CNRB0722639,ICICI Bank,Savings,5290732386,vinaya.khosla837@example.com,,Active,0,2024-10-26 23:07:36,,Internet Banking
784,Wazir Hayre,Mom,2425281594368843,HDFC0853268,ICICI Bank,Savings,4153436438,wazir.hayre853@example.com,,Active,1,2026-02-11 15:40:15,2026-02-16 14:44:15,Mobile App
656,David Sridhar,,8395179598267628,UTIB0173216,Axis Bank,Current,8475159226,,davidsridhar5741@oksbi,Inactive,1,2025-12-24 12:25:32,2025-12-30 19:40:32,Internet Banking
673,Shivansh Krishnamurthy,Personal,495553715675200,HDFC0552421,Kotak Mahindra Bank,Savings,7527751645,shivansh.krishnamurthy222@example.com,shivanshkrishnamurthy1476@okaxis,Active,1,2024-08-30 05:10:00,2024-09-04 16:16:00,Mobile App
627,Rachita Bawa,Dad,6168331395723855,YESB0718934,ICICI Bank,Savings,2769226542,,,Active,1,2025-10-15 12:36:16,2025-10-22 04:31:16,Mobile App
641,Madhavi Basu,Friend,1836691802623862,ICIC0992845,Punjab National Bank,Savings,3487762344,madhavi.basu528@example.com,madhavibasu626@okicici,Active,1,2026-03-18 13:18:00,2026-03-18 21:07:00,Mobile App
661,Bhavini Nazareth,Sister,3557329599108190,BARB0511310,Union Bank of India,Current,7950209421,bhavini.nazareth210@example.com,,Active,0,2026-01-31 22:47:02,,Internet Banking
416,Barkha Sarraf,Home,1874793319248966,BARB0533506,Punjab National Bank,Savings,9674964407,barkha.sarraf48@example.com,barkhasarraf2375@paytm,Active,1,2024-02-12 06:27:41,2024-02-16 16:18:41,Mobile App
923,Utkarsh Ray,Home,6946901210607672,INDB0536190,Bank of Baroda,Current,8096007614,utkarsh.ray897@example.com,utkarshray6294@okicici,Active,1,2024-01-17 23:21:01,2024-01-22 06:57:01,Mobile App
433,Kashvi Chawla,Dad,5670658993900390,INDB0498449,Axis Bank,Savings,,kashvi.chawla195@example.com,kashvichawla7478@okicici,Active,1,2026-08-03 06:24:25,2026-08-05 20:04:25,Mobile App
699,Ayaan Sarin,,6877766745417145,HDFC0425198,HDFC Bank,Savings,0748042524,ayaan.sarin910@example.com,ayaansarin8271@okicici,Active,0,2025-08-12 17:40:45,,Mobile App
575,Ekta Sachar,,5840829921869851,UBIN0848403,Union Bank of India,Savings,5280454483,ekta.sachar844@example.com,ektasachar1552@ybl,Active,1,2024-10-14 19:54:46,2024-10-17 17:46:46,Mobile App
11,Laksh Wadhwa,Dad,5982177058529327,SBIN0431297,Union Bank of India,Savings,7009415832,laksh.wadhwa556@example.com,lakshwadhwa2707@okicici,Inactive,1,2026-02-04 14:38:47,2026-02-08 09:35:47,Mobile App
714,Rohan Tak,Sister,9599195774286900,PUNB0729862,ICICI Bank,Savings,3732311036,,rohantak1310@oksbi,Inactive,0,2026-05-24 06:32:03,,Internet Banking
433,Dakshesh Parmer,,8198419780885912,UTIB0137841,Axis Bank,Savings,6438548360,,daksheshparmer9665@ybl,Active,1,2026-06-05 04:08:51,2026-06-11 08:44:51,Mobile App
89,Chaitanya Venkataraman,,8528637510729481,BARB0534828,Bank of Baroda,Savings,1680325054,chaitanya.venkataraman234@example.com,chaitanyavenkataraman6062@oksbi,Blocked,1,2026-06-13 06:22:20,2026-06-14 15:43:20,Mobile App
270,Ikbal Bains,Mom,5663504625096203,PUNB0569106,IDFC First Bank,Savings,1196336866,,ikbalbains9777@okicici,Active,1,2026-05-15 14:07:50,2026-05-20 11:26:50,Branch
754,Wahab Ramesh,Home,1385478354875104,ICIC0872058,Union Bank of India,Savings,6411216466,wahab.ramesh847@example.com,wahabramesh2715@okaxis,Active,1,2026-08-14 22:16:15,2026-08-17 12:46:15,Branch
481,Yashica Chowdhury,Brother,7928819506232394,HDFC0781363,Kotak Mahindra Bank,Savings,8102987057,yashica.chowdhury689@example.com,yashicachowdhury8477@okaxis,Active,1,2024-07-12 02:20:23,2024-07-15 14:37:23,Branch
448,Fitan Menon,Sister,7106721132970373,UBIN0800654,Yes Bank,Savings,2272420075,fitan.menon572@example.com,fitanmenon4900@okicici,Active,1,2024-05-30 17:30:57,2024-05-30 18:40:57,Branch
844,Harini Prabhu,Office,3727812415124191,HDFC0687804,IDFC First Bank,Current,9992598201,,hariniprabhu429@okhdfcbank,Active,1,2025-03-08 07:46:20,2025-03-10 00:44:20,Internet Banking
543,Qabil Chhabra,Mom,3342425842058860,ICIC0895235,IDFC First Bank,Savings,0384469290,qabil.chhabra455@example.com,qabilchhabra8955@okhdfcbank,Active,1,2025-01-28 16:19:30,2025-01-29 03:49:30,Mobile App
519,Gayathri Subramanian,,76499650138803,CNRB0602301,Union Bank of India,Savings,4566923425,,,Inactive,1,2024-10-17 03:45:55,2024-10-20 11:41:55,Mobile App
487,Patrick Krish,Home,4177123147784999,UTIB0679606,Punjab National Bank,Savings,4822850864,patrick.krish413@example.com,,Inactive,1,2024-11-20 03:35:56,2024-11-26 14:52:56,Internet Banking
759,Ishwar Pillay,Brother,129119537874728,CNRB0853638,HDFC Bank,Savings,1873550679,ishwar.pillay121@example.com,,Active,1,2024-04-22 14:09:15,2024-04-29 06:14:15,Internet Banking
691,Ucchal Dani,Friend,480404114801966,UBIN0673088,HDFC Bank,Savings,1032515580,ucchal.dani382@example.com,,Blocked,1,2026-02-28 13:12:03,2026-03-05 01:04:03,Mobile App
532,Nitesh Gaba,,7710303384192049,UTIB0645127,IDFC First Bank,Savings,9109444107,nitesh.gaba386@example.com,,Active,1,2024-12-25 18:34:09,2024-12-31 21:35:09,Mobile App
125,Sanya Sami,Mom,4629581441822896,HDFC0719447,Yes Bank,Savings,,sanya.sami286@example.com,,Blocked,1,2025-02-06 03:42:35,2025-02-06 21:23:35,Mobile App
434,Odika Seshadri,,4201130043397788,HDFC0116280,Union Bank of India,Current,,,odikaseshadri5874@oksbi,Active,1,2024-09-19 20:41:32,2024-09-21 09:14:32,Mobile App
654,Darika Bir,Mom,7664226639985276,HDFC0298969,ICICI Bank,Savings,6212648018,darika.bir83@example.com,darikabir3262@okhdfcbank,Inactive,1,2025-05-23 19:27:44,2025-05-27 09:17:44,Mobile App
308,Chandani Dixit,Dad,7667989774319869,UTIB0556031,Union Bank of India,Savings,7651842006,chandani.dixit567@example.com,,Active,1,2026-06-28 20:27:32,2026-07-02 15:46:32,Internet Banking
55,Shaurya Pradhan,Sister,3035947204868463,UBIN0249387,ICICI Bank,Savings,5571531747,shaurya.pradhan579@example.com,,Active,0,2026-04-29 05:23:34,,Branch
804,Thomas Narang,,6897741750068405,HDFC0424142,State Bank of India,Savings,,thomas.narang146@example.com,thomasnarang4614@ybl,Active,0,2025-09-16 23:48:37,,Internet Banking
271,Aishani Khalsa,Sister,8625186324320932,IDFB0714020,Canara Bank,Current,7418160863,aishani.khalsa870@example.com,aishanikhalsa7872@okicici,Active,1,2025-06-14 16:31:51,2025-06-16 22:34:51,Mobile App
461,Balendra Chakrabarti,,2950120460728849,IDFB0413091,ICICI Bank,Savings,4765568258,balendra.chakrabarti656@example.com,balendrachakrabarti5536@ybl,Active,1,2024-07-18 19:20:42,2024-07-20 15:45:42,Internet Banking
248,Praneel Rajagopalan,Mom,7580280737761217,PUNB0173743,Punjab National Bank,Savings,,praneel.rajagopalan644@example.com,praneelrajagopalan5005@okicici,Inactive,0,2025-11-10 01:17:37,,Internet Banking
403,Tarak Nagar,Business,8955515421931039,PUNB0980752,Punjab National Bank,Savings,6817038607,,taraknagar2664@okaxis,Active,1,2025-01-06 12:19:34,2025-01-07 07:52:34,Mobile App
111,Udant Hegde,Friend,9884546003758769,UBIN0193093,IndusInd Bank,Savings,1882355049,udant.hegde738@example.com,,Active,1,2024-11-28 05:11:38,2024-12-03 02:04:38,Mobile App
268,Yoshita Viswanathan,Mom,2479993300786103,CNRB0681273,Punjab National Bank,Savings,9519117964,yoshita.viswanathan693@example.com,yoshitaviswanathan8180@okhdfcbank,Active,1,2024-06-27 19:22:24,2024-06-28 13:36:24,Mobile App
28,Yoshita Varty,Business,6730643137232589,KKBK0492072,Union Bank of India,Current,9813104120,yoshita.varty902@example.com,,Active,1,2026-07-10 17:33:14,2026-07-15 18:28:14,Branch
712,Gopal Bora,Friend,3613369540848246,PUNB0381628,ICICI Bank,Savings,1166585051,gopal.bora132@example.com,gopalbora6831@okaxis,Active,1,2026-07-25 23:39:20,2026-07-31 06:40:20,Mobile App
495,Yutika Baria,,7531001226150444,INDB0311561,IDFC First Bank,Savings,,yutika.baria135@example.com,yutikabaria2047@ybl,Blocked,1,2025-11-27 05:02:03,2025-11-29 12:59:03,Internet Banking
566,Leela Wali,Dad,3773494538652546,KKBK0825410,Kotak Mahindra Bank,Savings,2005180004,leela.wali352@example.com,,Active,1,2025-10-17 03:26:04,2025-10-22 22:49:04,Internet Banking
199,Chakradev Ramanathan,Vendor,3351077533792679,CNRB0424021,ICICI Bank,Current,5758724020,chakradev.ramanathan68@example.com,,Active,1,2025-09-02 14:10:07,2025-09-06 06:15:07,Branch
700,Nathaniel Naidu,,8492513805246539,HDFC0757604,Union Bank of India,Savings,1075458194,nathaniel.naidu611@example.com,nathanielnaidu3066@okhdfcbank,Active,1,2025-06-03 20:30:25,2025-06-05 23:38:25,Mobile App
323,Lavanya Chadha,,9261617973607935,BARB0105083,ICICI Bank,Savings,8547168781,lavanya.chadha854@example.com,lavanyachadha2873@ybl,Active,0,2025-04-06 20:07:10,,Internet Banking
655,Veda Merchant,Office,2339742280520374,KKBK0677979,Yes Bank,Savings,1279733242,veda.merchant359@example.com,,Active,0,2025-11-14 11:36:23,,Mobile App
666,Priya Wason,,8934389963403743,BARB0660963,ICICI Bank,Savings,6090127813,,priyawason7871@okaxis,Active,0,2026-03-22 05:50:45,,Internet Banking
29,Hitesh Sidhu,Mom,41471408689653,IDFB0154276,Axis Bank,Current,,hitesh.sidhu941@example.com,hiteshsidhu3086@okaxis,Active,1,2025-04-10 21:35:53,2025-04-17 11:23:53,Mobile App
445,Ojasvi Kohli,Mom,6955463766359631,KKBK0514740,Bank of Baroda,Savings,0042996619,,ojasvikohli3958@okicici,Active,1,2026-07-22 12:27:38,2026-07-26 06:44:38,Mobile App
791,Charan Varma,,216989585674545,CNRB0855531,IndusInd Bank,Current,,charan.varma349@example.com,charanvarma6247@paytm,Active,1,2024-02-15 18:27:25,2024-02-19 18:30:25,Mobile App
131,Ekta Loke,Mom,9045958965841340,SBIN0876977,IndusInd Bank,Savings,,ekta.loke427@example.com,ektaloke469@okhdfcbank,Active,1,2025-12-31 11:28:38,2026-01-02 22:11:38,Mobile App
702,Oni Sodhi,Dad,5683235811002605,HDFC0808524,Kotak Mahindra Bank,Savings,4368241532,oni.sodhi977@example.com,,Active,1,2026-05-27 00:22:21,2026-05-27 14:44:21,Internet Banking
706,Devika Purohit,,9642825686786872,BARB0532892,Punjab National Bank,Current,3821655610,devika.purohit25@example.com,,Active,1,2024-10-16 03:21:41,2024-10-18 00:40:41,Mobile App
290,Amaira Lal,Business,9697715023766062,INDB0025101,HDFC Bank,Savings,2192475680,amaira.lal168@example.com,amairalal5923@paytm,Active,1,2024-04-19 06:29:21,2024-04-25 09:04:21,Mobile App
396,Hritik Subramaniam,Home,4230364583162589,INDB0892367,Bank of Baroda,Savings,6649612907,hritik.subramaniam363@example.com,,Active,0,2024-04-28 05:35:52,,Mobile App
903,Jalsa Ganguly,Dad,7568319782932893,KKBK0268425,Bank of Baroda,Savings,6287429674,jalsa.ganguly161@example.com,jalsaganguly8276@okaxis,Active,1,2025-04-04 01:49:02,2025-04-04 09:15:02,Mobile App
456,Indrajit Natt,Brother,6384660762492420,INDB0053469,IDFC First Bank,Savings,2999356269,indrajit.natt431@example.com,,Blocked,1,2026-02-21 02:21:26,2026-02-22 12:50:26,Internet Banking
826,Shravya Buch,Friend,717710545304209,KKBK0936782,IDFC First Bank,Savings,1489008180,shravya.buch781@example.com,,Inactive,1,2026-04-18 14:20:01,2026-04-19 04:31:01,Mobile App
982,Yuvraj Kala,Business,8787203152554801,UTIB0371122,Yes Bank,Savings,,yuvraj.kala701@example.com,,Active,1,2026-04-08 18:18:49,2026-04-15 14:56:49,Mobile App
689,Amaira Bava,,9406754743641955,UBIN0873291,IDFC First Bank,Savings,7969625041,amaira.bava746@example.com,amairabava6398@okhdfcbank,Active,1,2026-02-08 00:21:55,2026-02-08 08:19:55,Internet Banking
874,Yashodhara Mistry,Vendor,1907688828999141,INDB0308127,IndusInd Bank,Savings,9620723574,yashodhara.mistry20@example.com,,Active,0,2026-02-03 14:50:21,,Internet Banking
724,Abdul Tata,,1595932242854952,YESB0035958,Canara Bank,Savings,8434083682,abdul.tata307@example.com,,Inactive,1,2024-05-19 22:15:33,2024-05-23 08:45:33,Internet Banking
134,Vrinda Nath,Business,8649414857538340,CNRB0202330,Canara Bank,Savings,6619749153,,vrindanath9668@okaxis,Active,1,2026-04-06 16:22:54,2026-04-07 05:43:54,Branch
676,Tanmayi Varty,Vendor,9646959593996916,CNRB0940937,Canara Bank,Savings,2609936279,tanmayi.varty746@example.com,tanmayivarty3801@oksbi,Active,1,2026-05-25 21:06:06,2026-05-26 20:14:06,Mobile App
566,Jonathan Sharma,,5829151839366827,YESB0273928,Kotak Mahindra Bank,Savings,2444816026,,jonathansharma8042@oksbi,Active,1,2024-12-15 16:30:25,2024-12-22 15:18:25,Internet Banking
904,Aahana Padmanabhan,Home,3892700959212746,UTIB0894999,Canara Bank,Savings,8010773568,aahana.padmanabhan795@example.com,aahanapadmanabhan5759@okhdfcbank,Active,1,2025-04-27 19:14:13,2025-05-02 01:39:13,Mobile App
726,Nilima Kari,Brother,2867183716501604,UTIB0710090,HDFC Bank,Savings,1011743048,nilima.kari136@example.com,,Active,1,2024-08-19 19:34:53,2024-08-22 23:44:53,Internet Banking
182,Chandresh Manda,,8156769369628591,ICIC0049556,ICICI Bank,Savings,1027799510,chandresh.manda769@example.com,,Active,1,2024-07-03 17:13:25,2024-07-09 08:58:25,Mobile App
254,Alka Borra,Office,1929731441139387,YESB0993422,Kotak Mahindra Bank,Savings,6788857620,alka.borra11@example.com,,Active,0,2026-03-11 19:58:10,,Mobile App
750,Arya Johal,Mom,7917244530306481,UTIB0480212,HDFC Bank,Savings,8946028921,arya.johal713@example.com,aryajohal2030@okhdfcbank,Active,0,2025-07-01 08:22:43,,Mobile App
499,Ekaja Mane,,1951575918083653,ICIC0038188,Kotak Mahindra Bank,Savings,6976702889,ekaja.mane164@example.com,ekajamane7931@ybl,Active,1,2026-04-03 15:47:22,2026-04-08 07:36:22,Mobile App
103,Champak Mangat,,8424445136497661,KKBK0791410,Union Bank of India,Savings,7804743233,champak.mangat640@example.com,,Active,1,2024-02-14 13:33:46,2024-02-18 05:34:46,Internet Banking
808,Anusha Agate,,9079400304051637,UTIB0493967,Axis Bank,Savings,3067753658,anusha.agate192@example.com,,Active,1,2024-07-18 11:07:24,2024-07-24 17:46:24,Mobile App
998,Aradhana Gour,,353840761340176,UTIB0994842,Bank of Baroda,Savings,9713563732,aradhana.gour306@example.com,,Active,1,2024-09-05 05:47:20,2024-09-11 19:52:20,Mobile App
340,Kevin Vaidya,Home,6464954257219846,ICIC0589859,IndusInd Bank,Savings,9840258435,kevin.vaidya158@example.com,kevinvaidya9013@oksbi,Active,1,2025-04-11 10:00:32,2025-04-13 13:59:32,Mobile App
612,Damini Lalla,Personal,3524743413340784,YESB0723368,IDFC First Bank,Current,8539501859,damini.lalla96@example.com,daminilalla7457@ybl,Active,1,2026-07-08 06:55:56,2026-07-14 02:40:56,Internet Banking
471,Ekani Purohit,,8931158753386155,ICIC0100864,Kotak Mahindra Bank,Savings,0383634041,,,Active,1,2024-02-11 12:28:45,2024-02-12 00:21:45,Mobile App
347,Triveni Bahl,Office,9962149134341410,INDB0817415,ICICI Bank,Savings,1646872612,triveni.bahl675@example.com,trivenibahl6931@ybl,Active,1,2025-05-18 11:59:43,2025-05-20 05:47:43,Mobile App
649,Unnati Parikh,Brother,9499949270282936,PUNB0253916,Yes Bank,Savings,4447294357,,,Active,0,2025-12-29 04:32:46,,Mobile App
781,Sathvik Varughese,Business,7339992083736494,UBIN0725385,Axis Bank,Current,9319000152,,,Active,1,2024-10-10 06:31:43,2024-10-13 01:24:43,Internet Banking
949,David Khosla,Business,3420492769551683,YESB0951907,Union Bank of India,Savings,5488016443,david.khosla455@example.com,davidkhosla241@ybl,Active,1,2025-12-16 09:35:45,2025-12-17 16:12:45,Mobile App
115,Yashasvi Pandya,Friend,7153153918965582,PUNB0391661,Canara Bank,Current,5812070784,,yashasvipandya6926@ybl,Active,1,2024-05-07 21:18:42,2024-05-11 10:18:42,Mobile App
71,Matthew Golla,,7686737151805841,IDFB0610482,State Bank of India,Savings,4538529781,,,Active,0,2025-12-25 20:12:13,,Mobile App
112,Teerth Char,Vendor,3249730494880945,SBIN0969913,ICICI Bank,Savings,,,,Active,0,2025-07-16 10:00:21,,Mobile App
730,Widisha Mitter,,3274953534840546,YESB0021773,Punjab National Bank,Savings,,widisha.mitter174@example.com,,Active,1,2026-03-15 11:09:08,2026-03-21 22:38:08,Mobile App
174,Ekavir Narula,Friend,8892248502748245,IDFB0328930,Kotak Mahindra Bank,Current,1435539527,ekavir.narula503@example.com,ekavirnarula545@okaxis,Active,1,2025-04-30 13:49:05,2025-05-05 00:12:05,Internet Banking
429,Lekha Pillay,Personal,7116650575884243,CNRB0732599,IndusInd Bank,Savings,3041060764,lekha.pillay199@example.com,lekhapillay1442@oksbi,Active,1,2024-03-23 10:43:27,2024-03-27 08:49:27,Mobile App
618,Faras Naidu,Friend,8910597029049628,BARB0450805,Yes Bank,Current,1051908003,,farasnaidu9854@oksbi,Active,1,2025-05-06 02:45:39,2025-05-11 11:38:39,Mobile App
482,Hitesh Sanghvi,,9939763247335200,ICIC0625189,Axis Bank,Current,8726504374,hitesh.sanghvi340@example.com,,Active,1,2025-12-20 23:02:11,2025-12-22 19:42:11,Mobile App
93,Inaya Purohit,,9618887355198946,KKBK0518885,Canara Bank,Savings,,inaya.purohit763@example.com,,Active,1,2025-06-20 15:30:51,2025-06-27 06:42:51,Branch
457,Gaurangi Mody,Mom,7988361577168281,UBIN0756532,Kotak Mahindra Bank,Current,3385051294,gaurangi.mody938@example.com,,Active,0,2024-02-02 04:53:44,,Mobile App
924,Naksh Dugar,Mom,2960040854422666,PUNB0206422,IDFC First Bank,Savings,0504447254,naksh.dugar945@example.com,,Active,1,2026-04-18 13:23:44,2026-04-22 07:00:44,Mobile App
943,Bachittar Lall,,9972296051010616,INDB0060278,State Bank of India,Savings,4956108379,,bachittarlall9246@paytm,Active,1,2025-11-03 09:01:38,2025-11-06 12:35:38,Branch
12,Indali Sabharwal,Personal,554983601225311,UBIN0259100,IndusInd Bank,Current,,indali.sabharwal877@example.com,indalisabharwal5021@ybl,Active,1,2024-09-15 22:46:38,2024-09-21 15:10:38,Internet Banking
390,Wriddhish Kari,Business,7511821972038703,SBIN0104542,Bank of Baroda,Savings,,,wriddhishkari1668@okhdfcbank,Active,1,2024-08-03 10:10:51,2024-08-09 12:50:51,Internet Banking
789,Panini Dayal,,41390918152048,ICIC0721799,ICICI Bank,Savings,3115685695,,paninidayal2361@okhdfcbank,Active,1,2026-03-26 12:26:21,2026-03-27 00:39:21,Internet Banking
776,Nandini Bir,Sister,2378007480073843,KKBK0290935,Bank of Baroda,Savings,1358356512,nandini.bir98@example.com,nandinibir2864@okhdfcbank,Active,1,2024-10-26 21:17:05,2024-10-28 01:28:05,Internet Banking
389,Ansh Minhas,,8213710160996060,HDFC0205116,IndusInd Bank,Savings,8644413531,ansh.minhas564@example.com,anshminhas3380@okaxis,Inactive,0,2025-07-24 12:10:08,,Mobile App
545,Bina Pillai,Personal,824473358488729,UBIN0644029,Kotak Mahindra Bank,Savings,0623291205,bina.pillai34@example.com,binapillai7031@oksbi,Active,1,2024-01-02 18:52:34,2024-01-08 21:05:34,Internet Banking
608,Dayita Shenoy,,7986698525784827,YESB0892481,HDFC Bank,Current,3208827546,dayita.shenoy216@example.com,dayitashenoy5444@okhdfcbank,Active,1,2026-03-05 09:56:52,2026-03-11 03:41:52,Internet Banking
345,Vihaan Thakkar,Mom,2196891012057664,CNRB0220290,Union Bank of India,Current,4388093635,vihaan.thakkar186@example.com,,Blocked,1,2025-12-12 15:46:55,2025-12-17 08:02:55,Mobile App
111,Amol Salvi,Brother,8216695763139128,YESB0906884,IndusInd Bank,Current,2809072004,amol.salvi564@example.com,,Active,1,2024-05-28 14:06:02,2024-06-03 21:08:02,Mobile App
838,Kevin Sankar,,2221811544868338,KKBK0498276,IndusInd Bank,Savings,7096164529,kevin.sankar264@example.com,,Active,1,2026-06-20 00:55:36,2026-06-23 03:17:36,Mobile App
165,Indira Savant,Friend,6399496756718379,INDB0961481,IDFC First Bank,Savings,5084345420,indira.savant163@example.com,,Active,1,2025-01-09 06:43:30,2025-01-15 22:40:30,Internet Banking
265,Maanav Patla,Brother,4015360292050399,HDFC0601603,State Bank of India,Savings,8877745330,maanav.patla295@example.com,maanavpatla3088@oksbi,Active,1,2025-01-08 00:48:33,2025-01-12 14:50:33,Branch
360,Kamala Hari,Office,1511654924447424,BARB0704815,Canara Bank,Current,,kamala.hari331@example.com,kamalahari1135@paytm,Active,1,2026-07-24 20:40:40,2026-07-26 17:56:40,Internet Banking
959,Jeremiah Mall,Dad,8581021889958177,HDFC0688114,IDFC First Bank,Current,5577106622,,jeremiahmall7086@okicici,Active,1,2024-05-30 12:14:10,2024-06-01 13:59:10,Mobile App
115,Ekantika Walia,Dad,4792801288165996,IDFB0144816,Yes Bank,Savings,8143876802,ekantika.walia378@example.com,ekantikawalia7818@okaxis,Active,1,2024-03-18 22:46:37,2024-03-24 04:40:37,Mobile App
93,Vedika Natarajan,,625753122863082,HDFC0576413,Kotak Mahindra Bank,Savings,4501095160,,,Active,1,2026-02-20 05:48:16,2026-02-23 18:20:16,Mobile App
123,Chaaya Loyal,,1765631363068561,UTIB0637915,Kotak Mahindra Bank,Current,,chaaya.loyal368@example.com,chaayaloyal6473@oksbi,Active,0,2026-04-21 21:08:27,,Internet Banking
248,Udyati Divan,Friend,7132690861652755,BARB0638373,IndusInd Bank,Savings,6064059178,udyati.divan781@example.com,udyatidivan8499@okhdfcbank,Active,1,2025-09-18 06:04:04,2025-09-23 09:09:04,Internet Banking
433,Ekiya Nath,Brother,4977996414921577,KKBK0090819,Bank of Baroda,Savings,6978056223,ekiya.nath466@example.com,ekiyanath4154@paytm,Active,1,2025-05-02 13:53:32,2025-05-04 18:55:32,Mobile App
439,Gayathri Agrawal,Vendor,8129488556421605,INDB0596262,Yes Bank,Savings,0366494581,gayathri.agrawal21@example.com,,Active,1,2026-03-05 16:44:33,2026-03-06 02:06:33,Mobile App
785,Shravya Jaggi,,2704530387309287,KKBK0024972,IndusInd Bank,Savings,4956489422,shravya.jaggi24@example.com,shravyajaggi5943@oksbi,Inactive,0,2024-04-03 20:46:49,,Internet Banking
89,Warjas Mittal,Dad,7265517318589488,BARB0652507,HDFC Bank,Savings,7580748681,,warjasmittal7203@okaxis,Inactive,0,2026-01-07 04:27:23,,Mobile App
923,Ekta Bath,Office,479111765499836,KKBK0500087,State Bank of India,Savings,5077800046,ekta.bath923@example.com,ektabath4947@okicici,Blocked,1,2024-07-01 10:27:16,2024-07-07 15:26:16,Internet Banking
18,Zashil Nagy,Mom,6076209119610799,PUNB0528036,Axis Bank,Savings,2301247623,zashil.nagy589@example.com,zashilnagy4235@okicici,Active,1,2025-03-30 08:10:20,2025-04-04 13:12:20,Mobile App
743,Mitali Cherian,Vendor,5770309325768191,YESB0886020,HDFC Bank,Savings,4769420319,mitali.cherian834@example.com,mitalicherian3127@okhdfcbank,Active,1,2025-07-26 18:14:56,2025-07-30 19:56:56,Internet Banking
164,Darpan Tiwari,Personal,1310605792904917,KKBK0622628,HDFC Bank,Savings,1376240214,darpan.tiwari90@example.com,,Active,1,2024-06-16 02:45:36,2024-06-19 19:20:36,Internet Banking
585,Samesh Krishna,Brother,7394018942813134,IDFB0008239,Yes Bank,Savings,5259103458,samesh.krishna548@example.com,sameshkrishna1827@okaxis,Active,0,2026-03-05 22:58:41,,Mobile App
750,Ikbal Peri,Dad,4714702768797464,SBIN0074318,Yes Bank,Savings,7564740861,ikbal.peri386@example.com,ikbalperi1625@paytm,Active,1,2024-08-17 03:58:16,2024-08-20 20:16:16,Mobile App
555,Udarsh Sangha,,7593765371478342,INDB0496190,IDFC First Bank,Savings,4058607429,udarsh.sangha169@example.com,,Active,1,2026-01-01 11:06:49,2026-01-03 11:19:49,Internet Banking
696,Samesh Tandon,Friend,977103375913572,YESB0330729,Yes Bank,Savings,3212765948,,sameshtandon1081@paytm,Active,0,2025-08-29 05:23:22,,Branch
127,Thomas Mammen,,9058766248858129,CNRB0005848,Yes Bank,Current,3722935443,thomas.mammen371@example.com,,Inactive,1,2026-02-04 07:09:45,2026-02-07 10:27:45,Mobile App
528,Idika Bhat,Dad,25589795216580,UBIN0384117,Axis Bank,Savings,9411760949,idika.bhat214@example.com,idikabhat2998@okaxis,Active,1,2025-09-12 11:11:55,2025-09-15 10:17:55,Internet Banking
972,Ishanvi Keer,,6380809279853246,ICIC0547253,IndusInd Bank,Savings,5658052795,,ishanvikeer8127@okicici,Active,1,2024-12-18 10:24:09,2024-12-24 10:33:09,Mobile App
607,Shravya Iyer,,8744225598602342,KKBK0334243,Kotak Mahindra Bank,Savings,4292579991,shravya.iyer718@example.com,,Active,1,2026-07-28 11:45:20,2026-07-30 23:03:20,Mobile App
170,Bhanumati Mitra,Vendor,1723951098436075,ICIC0464783,Canara Bank,Savings,8931996909,bhanumati.mitra554@example.com,bhanumatimitra1250@oksbi,Inactive,0,2024-09-03 22:04:49,,Internet Banking
621,Abha Sem,Office,5692412387625627,INDB0504314,Axis Bank,Savings,5031354865,abha.sem602@example.com,,Blocked,1,2026-07-04 18:39:48,2026-07-06 13:43:48,Mobile App
135,Ansh Mammen,Personal,9644762413150837,ICIC0354209,State Bank of India,Savings,6574369606,ansh.mammen816@example.com,anshmammen5158@okaxis,Inactive,1,2024-06-21 18:12:38,2024-06-23 08:47:38,Internet Banking
327,Faqid Varghese,,3675337161471696,YESB0796143,Union Bank of India,Savings,0292924790,faqid.varghese983@example.com,faqidvarghese6990@okhdfcbank,Active,1,2024-08-12 08:31:43,2024-08-17 19:31:43,Branch
694,Baghyawati Shetty,Mom,562329899350722,IDFB0301979,Yes Bank,Savings,9616225354,baghyawati.shetty800@example.com,baghyawatishetty3733@okicici,Active,1,2024-05-23 11:35:22,2024-05-23 11:55:22,Internet Banking
204,Tanveer Anand,Vendor,3729892978467950,UBIN0882537,Punjab National Bank,Savings,0798529340,tanveer.anand215@example.com,tanveeranand7162@ybl,Active,1,2025-08-31 23:21:22,2025-09-01 00:00:22,Mobile App
80,Xalak Dugar,,9591954283953455,BARB0122008,Bank of Baroda,Savings,6616059276,,xalakdugar9941@okhdfcbank,Active,1,2025-05-01 10:36:35,2025-05-06 10:10:35,Mobile App
670,Anika Tripathi,Brother,6777743465906369,CNRB0368848,Punjab National Bank,Savings,1718819175,anika.tripathi140@example.com,,Active,1,2024-08-08 21:35:39,2024-08-12 03:37:39,Mobile App
870,Manthan Zacharia,,3028532479291702,BARB0818335,Canara Bank,Savings,9553889046,manthan.zacharia824@example.com,manthanzacharia7419@okicici,Active,1,2026-03-03 14:58:37,2026-03-05 16:02:37,Internet Banking
39,Amrita Sawhney,Vendor,1887761362944390,SBIN0745832,Union Bank of India,Savings,7814182576,amrita.sawhney891@example.com,,Inactive,0,2026-04-18 10:23:09,,Mobile App
628,Dipta Bali,Brother,1403693901888698,YESB0000171,Yes Bank,Savings,5604633748,dipta.bali896@example.com,diptabali6904@paytm,Inactive,1,2026-03-03 04:41:03,2026-03-08 17:40:03,Branch
522,Shravya Vaidya,Sister,5853851741806666,KKBK0778754,Punjab National Bank,Savings,4025739947,,shravyavaidya8023@paytm,Active,1,2025-11-04 12:30:26,2025-11-06 07:33:26,Mobile App
389,Faqid Mukherjee,Office,8092063851554216,CNRB0303677,Axis Bank,Savings,3133010352,faqid.mukherjee238@example.com,,Active,0,2025-05-09 01:47:06,,Mobile App
662,Agastya Panchal,Personal,5526708270453004,UTIB0691297,ICICI Bank,Savings,3683758517,agastya.panchal748@example.com,agastyapanchal3917@okhdfcbank,Active,1,2026-07-15 11:37:41,2026-07-21 13:58:41,Mobile App
541,Kalpit Naidu,Brother,1247769891670799,BARB0500317,ICICI Bank,Savings,2289062661,kalpit.naidu168@example.com,kalpitnaidu3995@ybl,Active,1,2025-08-28 09:01:38,2025-09-03 05:18:38,Mobile App
614,Girish Chada,Friend,7517493326240186,SBIN0484355,Kotak Mahindra Bank,Savings,4286589952,girish.chada70@example.com,girishchada5131@okicici,Active,1,2025-02-27 01:20:17,2025-03-05 23:42:17,Branch
438,Champak Rajan,,7130491701092907,SBIN0251729,HDFC Bank,Savings,7457354325,champak.rajan344@example.com,champakrajan8155@ybl,Active,1,2025-12-15 07:12:55,2025-12-21 03:42:55,Branch
234,Vasatika Date,Dad,6845536056467449,UBIN0915283,IndusInd Bank,Savings,0235058256,vasatika.date100@example.com,vasatikadate6808@oksbi,Active,0,2025-05-15 18:03:48,,Internet Banking
207,Falguni Jhaveri,Home,869886681320997,IDFB0575331,Kotak Mahindra Bank,Savings,2020203914,falguni.jhaveri560@example.com,,Active,0,2024-07-21 22:04:30,,Internet Banking
335,Omkaar Bawa,Sister,8456322546941258,PUNB0752477,Axis Bank,Savings,9680855286,omkaar.bawa407@example.com,,Active,1,2025-09-06 19:06:57,2025-09-10 23:36:57,Internet Banking
50,Omaja Nanda,Office,1890352774602697,SBIN0680802,Kotak Mahindra Bank,Savings,4408659160,omaja.nanda168@example.com,omajananda8177@okhdfcbank,Active,1,2024-06-06 11:25:16,2024-06-08 06:46:16,Mobile App
770,Aarav Srinivasan,,6861168610897712,CNRB0161114,Axis Bank,Savings,7182508957,aarav.srinivasan197@example.com,aaravsrinivasan8332@ybl,Active,1,2025-10-02 06:07:48,2025-10-04 05:26:48,Internet Banking
304,Nidra Divan,,6596989857944195,SBIN0578708,IndusInd Bank,Current,,nidra.divan177@example.com,,Blocked,1,2024-09-29 02:02:56,2024-10-02 08:15:56,Internet Banking
637,Thomas Guha,Business,5105369151119052,PUNB0387289,ICICI Bank,Savings,8701534085,,thomasguha5482@okhdfcbank,Active,1,2024-08-10 08:39:30,2024-08-16 17:25:30,Mobile App
325,Irya Tara,Vendor,2031325397150636,HDFC0737187,Bank of Baroda,Savings,9256237316,irya.tara356@example.com,,Active,1,2025-12-20 10:36:12,2025-12-22 22:07:12,Mobile App
773,Chandran Kale,Friend,9053929047732942,KKBK0389670,HDFC Bank,Savings,8376920083,chandran.kale285@example.com,chandrankale355@okicici,Inactive,0,2024-01-20 19:46:26,,Mobile App
41,Jyoti Pandit,Friend,3353139937046773,UTIB0716638,Kotak Mahindra Bank,Savings,5159514956,,,Active,1,2024-04-26 00:20:48,2024-04-30 10:12:48,Mobile App
254,Hamsini Agate,,7095790593623408,SBIN0731263,State Bank of India,Savings,0519940072,hamsini.agate198@example.com,hamsiniagate8474@paytm,Active,0,2024-11-29 21:14:45,,Mobile App
711,Ishwar Mutti,Business,8347816580690751,UBIN0321855,ICICI Bank,Current,4108399490,,,Active,1,2024-11-16 20:34:37,2024-11-17 02:51:37,Mobile App
58,Udyati Das,Friend,8584317785517680,YESB0242229,Kotak Mahindra Bank,Savings,3624479240,udyati.das639@example.com,udyatidas4115@ybl,Active,1,2024-03-17 10:12:51,2024-03-20 09:56:51,Mobile App
836,Ethan Tailor,,2893048500074828,INDB0243952,Axis Bank,Savings,9323294720,ethan.tailor58@example.com,,Active,1,2026-01-27 21:00:56,2026-01-30 15:49:56,Mobile App
432,Suhani Bhardwaj,Home,7779528424668446,ICIC0238947,Union Bank of India,Savings,9305596722,suhani.bhardwaj430@example.com,,Active,1,2025-08-07 04:04:26,2025-08-12 14:36:26,Mobile App
790,Logan Buch,,4185102751315835,BARB0924854,Axis Bank,Current,3599733122,logan.buch170@example.com,loganbuch6467@ybl,Active,1,2026-05-30 14:46:57,2026-06-02 10:25:57,Mobile App
715,Lajita Thakkar,Sister,8954661377262953,CNRB0695197,Kotak Mahindra Bank,Savings,3067837653,lajita.thakkar31@example.com,lajitathakkar6821@okaxis,Active,0,2024-08-13 21:54:53,,Mobile App
239,Shivani Date,Vendor,1282872970821656,ICIC0388227,Canara Bank,Savings,4585793720,shivani.date621@example.com,shivanidate1742@okaxis,Active,1,2026-02-04 11:52:11,2026-02-08 16:30:11,Internet Banking
246,Xavier Jani,Business,4405374702099122,UBIN0935915,Yes Bank,Savings,5973763058,xavier.jani143@example.com,xavierjani2793@ybl,Active,1,2026-08-05 12:31:34,2026-08-11 11:40:34,Internet Banking
364,Gaurika Bala,Mom,3781463158271894,CNRB0182933,Union Bank of India,Savings,0167153620,gaurika.bala809@example.com,gaurikabala3092@oksbi,Active,1,2025-04-18 03:12:39,2025-04-21 01:34:39,Mobile App
500,Laban Hans,,9952735757127908,INDB0630955,Kotak Mahindra Bank,Current,3333239748,laban.hans437@example.com,labanhans4426@okhdfcbank,Active,1,2024-06-22 11:40:02,2024-06-25 02:01:02,Branch
544,Sara Grover,Office,9319030628710202,SBIN0376558,Punjab National Bank,Savings,1495450788,sara.grover518@example.com,saragrover2797@paytm,Active,1,2024-02-26 07:51:35,2024-02-28 01:08:35,Mobile App
637,Harinakshi Singhal,,9412879808779153,PUNB0072036,HDFC Bank,Savings,3973377606,harinakshi.singhal337@example.com,harinakshisinghal7606@oksbi,Inactive,0,2025-06-10 13:09:35,,Mobile App
415,Zehaan Narain,Dad,5719194057568989,UTIB0800151,HDFC Bank,Savings,6604639952,zehaan.narain19@example.com,,Active,1,2024-03-15 13:28:38,2024-03-19 02:10:38,Mobile App
411,Ekbal Swaminathan,Mom,5468025515232393,KKBK0380214,ICICI Bank,Current,3124444310,,,Active,0,2024-01-15 10:33:49,,Mobile App
147,Vamakshi Dubey,Business,3542995804158922,YESB0530588,Axis Bank,Savings,6408030218,,vamakshidubey4277@okaxis,Active,1,2026-02-18 03:27:21,2026-02-23 19:39:21,Mobile App
26,Adya Mutti,Vendor,2440979518231982,SBIN0529242,HDFC Bank,Savings,7541958705,adya.mutti241@example.com,,Active,1,2025-09-26 22:50:52,2025-10-03 10:15:52,Mobile App
822,Maanav Bhasin,Mom,8224990702920017,YESB0458702,IndusInd Bank,Current,8571943894,maanav.bhasin924@example.com,,Active,1,2024-06-20 02:22:41,2024-06-24 18:04:41,Internet Banking
740,Samarth Rao,Mom,4962611571656348,KKBK0902676,State Bank of India,Savings,8672005098,,,Active,0,2026-05-20 18:34:40,,Branch
200,Wridesh Buch,Personal,1636052283090531,YESB0985147,Axis Bank,Savings,1209495091,,wrideshbuch8719@okhdfcbank,Active,1,2024-09-13 08:17:33,2024-09-20 03:02:33,Mobile App
327,Harshil Kakar,Sister,4698485421917087,UTIB0147192,Punjab National Bank,Savings,5225663761,harshil.kakar148@example.com,harshilkakar4730@okicici,Active,1,2025-05-15 06:57:15,2025-05-18 03:45:15,Branch
786,Abhimanyu Manda,Home,2054341790533099,INDB0583918,IDFC First Bank,Savings,,abhimanyu.manda259@example.com,,Active,1,2026-08-12 12:17:36,2026-08-12 23:10:36,Mobile App
613,Abeer Handa,Dad,9487016021397828,CNRB0376587,Axis Bank,Savings,1157507151,abeer.handa447@example.com,abeerhanda2448@okicici,Inactive,0,2026-02-11 08:28:41,,Mobile App
202,Gauri Vora,Office,1251560939143785,SBIN0823735,HDFC Bank,Savings,0692809807,gauri.vora735@example.com,gaurivora2027@okicici,Active,1,2026-03-25 14:33:08,2026-03-30 16:27:08,Internet Banking
305,Shivansh Kurian,Mom,7391303927920834,UBIN0654626,Bank of Baroda,Current,1170051626,shivansh.kurian718@example.com,,Active,1,2024-05-12 23:55:47,2024-05-16 13:28:47,Branch
613,Wakeeta Nadkarni,,8893218596398264,SBIN0454800,IndusInd Bank,Savings,6231339307,wakeeta.nadkarni860@example.com,,Active,1,2024-11-23 05:29:04,2024-11-29 09:30:04,Mobile App
906,Mahika Khanna,Brother,4973132757906848,BARB0799952,IndusInd Bank,Savings,,,mahikakhanna7087@ybl,Active,1,2025-04-01 11:46:22,2025-04-01 12:37:22,Internet Banking
270,Pranav Behl,,257133696567771,BARB0587084,Kotak Mahindra Bank,Savings,7514741632,,pranavbehl6213@okicici,Active,1,2024-04-11 18:08:40,2024-04-16 07:04:40,Mobile App
76,Balendra Sawhney,Friend,1836973695720516,INDB0251604,IndusInd Bank,Savings,2825019186,balendra.sawhney737@example.com,balendrasawhney235@oksbi,Active,1,2025-02-15 05:31:42,2025-02-17 19:32:42,Internet Banking
207,Teerth Ratta,Brother,5551276518508346,SBIN0017340,Bank of Baroda,Savings,9446743924,teerth.ratta657@example.com,,Active,1,2025-06-05 18:39:23,2025-06-11 09:15:23,Internet Banking
561,Ijaya Edwin,Friend,1213015915407340,INDB0866135,Axis Bank,Savings,3210480052,,ijayaedwin9351@okicici,Inactive,1,2025-01-23 13:50:42,2025-01-23 14:35:42,Mobile App
855,Chameli Sibal,,3229550160877192,BARB0278496,State Bank of India,Savings,7966318226,,,Active,1,2024-09-23 04:03:00,2024-09-29 06:47:00,Mobile App
430,Adweta Prasad,Mom,432008131221127,UTIB0980802,Canara Bank,Savings,,,,Active,1,2024-08-29 03:04:02,2024-09-03 18:20:02,Branch
399,Ronith Ratta,,767824003590381,UBIN0787545,HDFC Bank,Savings,6500095229,ronith.ratta662@example.com,ronithratta6885@ybl,Active,1,2025-07-01 08:28:25,2025-07-06 16:51:25,Mobile App
15,Mohammed Bir,Dad,8159607457210371,IDFB0394079,Yes Bank,Savings,9836604953,mohammed.bir718@example.com,,Active,1,2025-12-18 10:58:14,2025-12-21 06:58:14,Internet Banking
419,Chasmum Kala,Dad,7867714109506188,KKBK0898810,Axis Bank,Savings,2180191777,,,Active,1,2025-11-12 04:01:27,2025-11-12 21:53:27,Mobile App
534,Vedika Kibe,Sister,1489000341731610,INDB0046339,Yes Bank,Savings,1716975494,vedika.kibe920@example.com,vedikakibe3802@okhdfcbank,Inactive,1,2024-10-15 17:56:48,2024-10-21 07:47:48,Branch
513,Faris Singh,Office,1711966561949376,YESB0137594,HDFC Bank,Current,1224223044,faris.singh530@example.com,farissingh8559@okhdfcbank,Active,1,2025-07-05 21:01:18,2025-07-06 00:23:18,Mobile App
7,Balvan Bhakta,Vendor,5025681641231541,ICIC0727605,Yes Bank,Savings,,balvan.bhakta54@example.com,,Active,1,2025-03-30 00:37:49,2025-04-04 00:48:49,Mobile App
45,Gavin Chopra,Friend,7439281016612121,SBIN0734452,State Bank of India,Current,8787905189,,gavinchopra1177@okaxis,Blocked,1,2026-02-12 07:36:21,2026-02-15 05:44:21,Internet Banking
683,Isha Sengupta,Business,6597876844351642,INDB0591840,Canara Bank,Current,6242438786,isha.sengupta951@example.com,ishasengupta1748@okhdfcbank,Inactive,0,2024-11-27 04:12:02,,Internet Banking
721,Chatresh Ratta,Mom,7738347336217837,BARB0576942,ICICI Bank,Savings,8739383617,chatresh.ratta243@example.com,chatreshratta8550@paytm,Active,1,2025-02-11 14:13:32,2025-02-11 23:36:32,Mobile App
399,Ria Chakrabarti,,2543951714746032,KKBK0915326,Canara Bank,Savings,1488413016,,,Active,1,2024-10-30 20:21:49,2024-11-06 07:33:49,Internet Banking
352,Ronith Merchant,Vendor,532208946785364,YESB0742591,Axis Bank,Savings,5385324205,ronith.merchant820@example.com,ronithmerchant6696@ybl,Active,1,2026-02-11 14:46:18,2026-02-13 03:38:18,Branch
847,Gayathri Edwin,,9914841401659619,CNRB0108096,Punjab National Bank,Savings,,gayathri.edwin466@example.com,,Active,1,2026-02-04 05:04:14,2026-02-08 07:47:14,Internet Banking
544,Urvashi Saraf,Dad,1570950881697815,SBIN0290397,Canara Bank,Savings,0671224651,urvashi.saraf242@example.com,urvashisaraf4815@okaxis,Inactive,0,2024-11-26 06:53:01,,Branch
833,Fiyaz Choudhary,Sister,311609787731953,YESB0426647,Bank of Baroda,Savings,0705745322,fiyaz.choudhary651@example.com,,Active,1,2025-04-29 06:45:46,2025-05-02 20:39:46,Internet Banking
164,Warhi Lad,Vendor,2031281964633994,PUNB0123716,Union Bank of India,Savings,6951036558,warhi.lad656@example.com,warhilad2096@okhdfcbank,Active,1,2026-06-21 08:01:37,2026-06-27 05:22:37,Internet Banking
916,Leela Parmer,,6805796912117938,KKBK0635036,Canara Bank,Current,5412813786,,leelaparmer8549@okhdfcbank,Inactive,1,2024-12-01 05:38:30,2024-12-05 07:33:30,Mobile App
884,Kai Ganesh,Friend,8667672451508626,CNRB0055160,Union Bank of India,Savings,9676419624,,kaiganesh2376@okicici,Active,1,2025-09-09 18:01:20,2025-09-10 19:48:20,Mobile App
750,Jagdish Minhas,,6665471814788599,HDFC0993836,Union Bank of India,Savings,9170801752,jagdish.minhas318@example.com,jagdishminhas4169@okhdfcbank,Active,1,2024-03-07 05:38:11,2024-03-11 20:10:11,Internet Banking
669,Isaiah Kari,Business,6158907193594465,UBIN0904300,Kotak Mahindra Bank,Savings,3455695318,,,Active,1,2026-03-14 11:53:04,2026-03-20 16:11:04,Mobile App
319,Lucky Mahajan,Friend,9829290162707550,IDFB0062198,Yes Bank,Current,7542720060,lucky.mahajan698@example.com,luckymahajan7545@okicici,Inactive,1,2024-02-16 00:39:57,2024-02-22 03:46:57,Branch
782,Vrishti Ramakrishnan,,1485945703616687,ICIC0463650,Axis Bank,Savings,5463443267,vrishti.ramakrishnan459@example.com,,Active,1,2025-07-24 01:11:45,2025-07-25 22:27:45,Internet Banking
588,Saumya Kala,,7409926953076554,SBIN0171731,Punjab National Bank,Savings,7800876940,saumya.kala875@example.com,saumyakala1918@okhdfcbank,Active,1,2024-02-11 18:06:43,2024-02-16 04:36:43,Mobile App
491,Gagan Patel,Vendor,1175067478511219,SBIN0895078,Union Bank of India,Savings,3257076813,,gaganpatel7046@ybl,Active,1,2025-01-02 22:14:47,2025-01-06 00:13:47,Internet Banking
37,Jagvi Chawla,,6288146289805333,CNRB0117130,State Bank of India,Savings,7691302481,jagvi.chawla548@example.com,jagvichawla6806@okhdfcbank,Active,0,2024-09-29 05:19:05,,Internet Banking
317,Orinder Lal,Vendor,8750179485416387,UBIN0025570,Union Bank of India,Savings,5632572054,orinder.lal724@example.com,orinderlal8727@paytm,Active,0,2025-10-28 21:52:40,,Mobile App
773,Faris Patil,Friend,3650868921041225,KKBK0427473,ICICI Bank,Current,4596645679,faris.patil118@example.com,farispatil2527@paytm,Active,0,2024-02-29 18:19:50,,Mobile App
981,Charles Subramanian,Home,6958543928363347,CNRB0665627,ICICI Bank,Savings,8225655174,charles.subramanian334@example.com,charlessubramanian2792@paytm,Active,1,2026-06-04 23:17:31,2026-06-05 00:19:31,Mobile App
919,Shivani Nadkarni,Friend,3444719993695307,KKBK0804023,ICICI Bank,Savings,3089514001,,,Active,1,2025-06-14 04:46:42,2025-06-16 13:36:42,Branch
105,Vinaya Vohra,Mom,7414745250690484,UTIB0560734,Yes Bank,Savings,1026506837,vinaya.vohra796@example.com,vinayavohra4289@okaxis,Active,1,2024-08-14 17:53:46,2024-08-17 10:28:46,Internet Banking
485,Damyanti Purohit,Vendor,5133948378028286,ICIC0563590,Yes Bank,Savings,0512837843,damyanti.purohit910@example.com,damyantipurohit458@okaxis,Inactive,1,2024-03-29 22:53:09,2024-04-01 12:11:09,Internet Banking
89,Irya Panchal,Home,64368255768090,IDFB0452403,Punjab National Bank,Savings,4655680729,irya.panchal883@example.com,iryapanchal9737@paytm,Active,1,2025-02-05 20:57:24,2025-02-07 02:10:24,Mobile App
784,Tarak Mohanty,Friend,1114138668737407,HDFC0437223,Kotak Mahindra Bank,Savings,6367794015,tarak.mohanty372@example.com,,Active,1,2025-09-20 16:22:13,2025-09-27 15:50:13,Mobile App
249,Avni Chawla,Office,5747355952800625,CNRB0511654,Canara Bank,Savings,8621071997,avni.chawla325@example.com,avnichawla5088@oksbi,Active,1,2025-10-16 19:08:35,2025-10-18 10:35:35,Mobile App
573,Brinda Raval,,8396029220754882,INDB0622236,Canara Bank,Savings,4772661039,brinda.raval51@example.com,brindaraval6393@oksbi,Active,1,2026-07-30 00:32:07,2026-08-01 19:26:07,Mobile App
237,Jai Pillai,Dad,5079093655216653,UBIN0250314,State Bank of India,Savings,0814278222,jai.pillai997@example.com,jaipillai893@okaxis,Active,1,2025-11-01 10:02:16,2025-11-08 02:20:16,Mobile App
700,Nidra Kalla,,9041582483855141,SBIN0071758,IndusInd Bank,Savings,9463915057,nidra.kalla314@example.com,nidrakalla6442@oksbi,Active,1,2024-10-13 17:13:36,2024-10-16 07:24:36,Mobile App
126,Matthew Banerjee,Mom,2746520807185128,CNRB0967497,ICICI Bank,Savings,7177010102,matthew.banerjee152@example.com,matthewbanerjee616@ybl,Inactive,0,2026-02-13 14:43:44,,Branch
424,Omisha Bhakta,Mom,2241110649784755,SBIN0045855,HDFC Bank,Current,5326581112,,,Active,1,2024-05-24 06:15:48,2024-05-26 18:12:48,Branch
587,Watika Sankaran,Vendor,5348845663289931,ICIC0697040,Punjab National Bank,Savings,,,watikasankaran828@okaxis,Active,0,2025-10-17 17:58:31,,Internet Banking
127,Omisha Dara,Dad,2845737230328083,IDFB0099593,Bank of Baroda,Savings,8172804099,omisha.dara292@example.com,,Active,0,2025-06-15 17:39:59,,Mobile App
356,Farhan Aggarwal,Home,7612919668414567,IDFB0622347,Yes Bank,Savings,4974764034,farhan.aggarwal81@example.com,farhanaggarwal1591@paytm,Active,1,2026-06-22 05:18:26,2026-06-22 16:50:26,Mobile App
676,Nachiket Pai,Mom,4326785549302776,IDFB0559921,Canara Bank,Savings,6574274350,nachiket.pai270@example.com,nachiketpai2461@oksbi,Active,1,2025-06-04 23:38:16,2025-06-10 19:07:16,Mobile App
666,Warjas Toor,,6850913192246501,IDFB0286971,Canara Bank,Savings,9197254809,,warjastoor6274@okaxis,Active,1,2025-05-01 20:55:38,2025-05-02 01:34:38,Mobile App
352,Dayamai Randhawa,Mom,9296051345643736,UTIB0002459,Punjab National Bank,Savings,3852274734,dayamai.randhawa581@example.com,,Active,1,2025-07-09 16:03:08,2025-07-10 05:48:08,Mobile App
799,Urvi Rege,,8216090804899062,PUNB0514196,Canara Bank,Savings,5579883000,urvi.rege697@example.com,,Active,0,2025-02-20 17:42:32,,Internet Banking
166,Chandani Char,,8285117065781839,BARB0696599,Punjab National Bank,Savings,9006387798,,chandanichar4728@paytm,Active,1,2026-01-01 03:21:13,2026-01-06 13:39:13,Internet Banking
131,Sarthak Wason,,2527542376619591,ICIC0504659,Axis Bank,Savings,3713610620,,,Inactive,1,2026-03-28 20:15:14,2026-04-04 00:08:14,Mobile App
446,Aarush Shukla,,464002464038698,YESB0337768,HDFC Bank,Savings,6977376245,aarush.shukla200@example.com,,Blocked,1,2024-06-01 03:24:17,2024-06-01 22:16:17,Mobile App
764,Aditya Nayak,Sister,4485267263071695,UTIB0326154,Union Bank of India,Savings,0694299160,aditya.nayak252@example.com,adityanayak5262@okhdfcbank,Active,1,2025-04-11 02:36:22,2025-04-14 19:51:22,Internet Banking
449,Wriddhish Kunda,,3296097785985425,ICIC0462745,Union Bank of India,Current,1587643540,wriddhish.kunda727@example.com,,Active,1,2024-11-19 10:59:26,2024-11-26 09:40:26,Internet Banking
491,Dalbir Sharma,Home,7931061518469888,INDB0319184,IDFC First Bank,Savings,1757259199,dalbir.sharma34@example.com,dalbirsharma5386@ybl,Active,1,2024-05-24 22:02:59,2024-05-29 07:42:59,Mobile App
714,Ryan Sethi,,8617850516911323,PUNB0846301,IDFC First Bank,Savings,4838746476,ryan.sethi413@example.com,ryansethi124@okhdfcbank,Active,1,2024-09-12 17:07:58,2024-09-15 06:59:58,Internet Banking
17,Orinder Prakash,Personal,6341420103685905,HDFC0873033,Kotak Mahindra Bank,Savings,3275494716,orinder.prakash408@example.com,orinderprakash3534@okhdfcbank,Inactive,1,2025-06-26 22:33:30,2025-06-30 18:56:30,Mobile App
284,Gaurika Bhat,,476947314681459,INDB0687246,Bank of Baroda,Savings,2559045004,gaurika.bhat470@example.com,gaurikabhat3302@ybl,Active,1,2024-11-24 20:59:31,2024-11-30 16:32:31,Internet Banking
362,Aryan Vala,,473404460697139,PUNB0374289,IDFC First Bank,Savings,,,,Active,1,2024-04-27 08:51:26,2024-04-30 09:55:26,Internet Banking
361,Xiti Bera,,9546207984919424,CNRB0942172,Bank of Baroda,Savings,8338939217,,xitibera1262@oksbi,Active,1,2024-05-02 21:22:16,2024-05-08 12:03:16,Mobile App
212,Ranveer Butala,Sister,3019210208215927,PUNB0312416,IndusInd Bank,Savings,0775557741,,ranveerbutala3123@oksbi,Active,0,2025-08-22 03:13:15,,Mobile App
256,Netra Dalal,Personal,6515743412411440,HDFC0409857,IDFC First Bank,Savings,3358218564,netra.dalal820@example.com,netradalal8764@paytm,Active,1,2025-08-30 00:20:54,2025-08-31 06:58:54,Internet Banking
132,Baljiwan Varma,,7278080984677977,BARB0188240,IDFC First Bank,Savings,,baljiwan.varma968@example.com,,Active,1,2024-11-07 02:45:24,2024-11-12 00:41:24,Mobile App
333,Shivansh Pal,Friend,3000272874498399,KKBK0275152,Union Bank of India,Savings,8824894840,shivansh.pal620@example.com,shivanshpal3190@okicici,Active,1,2025-09-29 18:11:36,2025-10-01 00:11:36,Mobile App
180,Nicholas Cheema,,1319036243885979,UBIN0304301,HDFC Bank,Savings,3272789544,,nicholascheema1072@oksbi,Active,1,2024-06-05 19:16:00,2024-06-06 03:29:00,Mobile App
424,Gabriel Srivastava,Friend,9105939599328967,INDB0748880,State Bank of India,Savings,,gabriel.srivastava861@example.com,gabrielsrivastava4952@okicici,Active,1,2025-04-14 12:22:07,2025-04-15 15:08:07,Internet Banking
702,Damyanti Saxena,Business,8915361101271401,ICIC0094482,Canara Bank,Savings,3885519182,damyanti.saxena783@example.com,damyantisaxena4410@okhdfcbank,Active,1,2026-06-12 03:33:56,2026-06-17 11:30:56,Branch
111,Yadavi Bala,Dad,3250690254029184,CNRB0203822,Canara Bank,Savings,1793826820,yadavi.bala133@example.com,,Active,0,2024-08-29 06:11:23,,Mobile App
158,Raghav Dayal,Dad,3768296484624767,HDFC0197333,IDFC First Bank,Savings,0168121962,,,Inactive,1,2025-12-09 21:06:06,2025-12-10 21:55:06,Internet Banking
985,Sara Bhatnagar,Home,6568612861197193,ICIC0499098,Axis Bank,Savings,3054354776,,sarabhatnagar2442@okaxis,Active,1,2024-05-06 07:44:22,2024-05-08 06:38:22,Internet Banking
728,Falan Saini,Mom,2113925951909967,UTIB0429782,IndusInd Bank,Savings,4920490868,falan.saini213@example.com,,Active,1,2024-09-16 06:27:25,2024-09-22 16:21:25,Mobile App
584,Nilima Natt,Brother,1485194183160054,INDB0677534,Yes Bank,Savings,2352871610,nilima.natt348@example.com,nilimanatt8310@okhdfcbank,Active,1,2026-06-17 06:55:10,2026-06-22 15:45:10,Branch
730,Kevin Nadig,,4244401314430954,INDB0281434,Yes Bank,Savings,7871992239,kevin.nadig331@example.com,kevinnadig8774@okicici,Active,1,2026-02-12 09:41:29,2026-02-14 04:56:29,Internet Banking
709,Neelima Mammen,Office,6918326924914750,YESB0502692,HDFC Bank,Savings,,neelima.mammen118@example.com,neelimamammen9472@okaxis,Active,1,2024-02-18 05:25:17,2024-02-20 00:31:17,Mobile App
849,Eesha Sood,Friend,5372585231752275,YESB0960647,Canara Bank,Savings,0663275524,eesha.sood307@example.com,,Active,1,2024-05-16 12:18:22,2024-05-19 20:02:22,Mobile App
940,Falguni Khosla,Office,7556983567530951,UTIB0664200,IndusInd Bank,Current,0238996046,falguni.khosla853@example.com,falgunikhosla7276@okicici,Active,1,2026-03-16 02:57:44,2026-03-22 10:24:44,Internet Banking
87,Onveer Murty,Office,9200311629167477,UBIN0568866,Punjab National Bank,Savings,4219419062,onveer.murty779@example.com,onveermurty3295@paytm,Active,1,2025-03-08 23:06:09,2025-03-15 19:43:09,Internet Banking
640,Janani Bandi,Friend,5130044245183262,YESB0102567,IndusInd Bank,Savings,1842326613,janani.bandi889@example.com,,Active,1,2026-01-23 07:43:46,2026-01-24 07:40:46,Mobile App
88,Dev Shan,,38305338171132,UBIN0785211,Yes Bank,Savings,5381186848,dev.shan320@example.com,,Active,1,2024-01-13 21:31:47,2024-01-15 15:48:47,Internet Banking
647,Yadavi Bhasin,Home,8253787447155003,KKBK0181346,State Bank of India,Savings,3442668515,yadavi.bhasin371@example.com,,Active,0,2024-03-01 04:17:40,,Branch
146,Aadi Jani,,8712679399189863,BARB0919542,Kotak Mahindra Bank,Current,,aadi.jani93@example.com,,Active,1,2025-07-21 10:05:10,2025-07-24 08:52:10,Mobile App
386,Prisha Taneja,Mom,7979441613458699,PUNB0238776,Canara Bank,Savings,5083842248,,,Active,1,2024-05-17 22:50:36,2024-05-18 19:15:36,Mobile App
118,Yahvi Kapur,Dad,1887004855946911,KKBK0476766,State Bank of India,Savings,4428912097,yahvi.kapur356@example.com,yahvikapur8162@okicici,Active,1,2025-06-10 03:32:20,2025-06-16 10:56:20,Internet Banking
389,Dayamai Sahota,Business,9094307971952623,HDFC0448474,Yes Bank,Savings,4673327170,dayamai.sahota633@example.com,dayamaisahota508@ybl,Inactive,0,2025-08-20 13:18:21,,Mobile App
663,Sanya Thakur,,5974920021956003,PUNB0708329,Axis Bank,Savings,9361809082,sanya.thakur673@example.com,,Inactive,0,2025-09-25 07:56:26,,Mobile App
583,Parth Naidu,,939596862786955,UTIB0988027,HDFC Bank,Savings,9382031857,parth.naidu629@example.com,parthnaidu1956@okhdfcbank,Active,1,2025-03-21 20:08:59,2025-03-25 20:07:59,Mobile App
171,Yuvraj Vasa,,8877642935736946,ICIC0653441,HDFC Bank,Savings,8953585824,yuvraj.vasa818@example.com,yuvrajvasa46@paytm,Active,1,2024-09-22 16:53:11,2024-09-22 18:14:11,Internet Banking
29,Ethan Sinha,,3763190178812856,UBIN0832854,IDFC First Bank,Current,0478932937,ethan.sinha245@example.com,ethansinha8981@okaxis,Active,1,2026-01-12 07:43:55,2026-01-14 08:29:55,Internet Banking
209,Robert Pandya,,5050958861999031,INDB0197634,Kotak Mahindra Bank,Current,9057473445,robert.pandya179@example.com,,Active,1,2025-09-23 17:43:23,2025-09-24 12:16:23,Branch
445,Gaurika Bassi,Home,2682407490921712,HDFC0100192,ICICI Bank,Savings,4559594311,gaurika.bassi537@example.com,,Active,1,2024-12-01 11:31:28,2024-12-05 23:01:28,Internet Banking
422,Vyanjana Basu,,9704922028212483,PUNB0095685,Axis Bank,Savings,,vyanjana.basu373@example.com,,Active,1,2024-01-16 19:43:29,2024-01-22 12:21:29,Internet Banking
653,Bhanumati Kala,Business,1151091699286625,UBIN0984393,ICICI Bank,Savings,,,bhanumatikala7897@okicici,Active,1,2025-03-14 21:24:38,2025-03-15 17:15:38,Mobile App
641,Theodore Bala,Sister,6116560436896559,ICIC0544603,HDFC Bank,Savings,2854768830,theodore.bala172@example.com,,Active,1,2025-08-07 19:56:22,2025-08-09 16:35:22,Branch
375,Om Tara,Sister,1643349800672424,SBIN0145345,IndusInd Bank,Savings,1020452749,om.tara405@example.com,omtara8096@oksbi,Active,1,2025-10-24 10:05:30,2025-10-24 14:55:30,Mobile App
589,Aadi Nori,,4464294320915964,IDFB0925291,Canara Bank,Savings,4385986879,,aadinori2365@okaxis,Active,1,2026-01-27 05:54:29,2026-01-31 19:59:29,Internet Banking
361,Watika Walia,,9611813953299492,BARB0103568,HDFC Bank,Savings,2234384925,watika.walia775@example.com,watikawalia3470@okaxis,Inactive,1,2026-07-24 16:10:25,2026-07-31 00:29:25,Mobile App
849,Oni Wali,Home,4252418021191554,INDB0749944,Punjab National Bank,Savings,0156952191,oni.wali357@example.com,,Active,1,2025-12-11 11:26:07,2025-12-12 23:12:07,Branch
978,Xavier Deshmukh,Business,9210782963440125,UTIB0313015,IndusInd Bank,Savings,4321265608,xavier.deshmukh728@example.com,,Active,0,2026-02-22 10:37:37,,Branch
714,Manbir Bhat,Brother,5908047858474424,PUNB0986557,IDFC First Bank,Savings,5080125060,,manbirbhat4284@okhdfcbank,Active,0,2026-02-26 11:53:32,,Mobile App
737,Ishaan Tripathi,,8766254527603741,KKBK0440349,Union Bank of India,Savings,4032494682,ishaan.tripathi419@example.com,ishaantripathi9946@oksbi,Active,1,2024-02-21 03:33:16,2024-02-23 11:00:16,Mobile App
338,Wakeeta Bhatti,Brother,519932268223106,CNRB0011260,Union Bank of India,Savings,6666270700,wakeeta.bhatti81@example.com,wakeetabhatti7551@oksbi,Active,1,2025-06-19 09:29:41,2025-06-22 21:44:41,Mobile App
194,Aayush Sehgal,Friend,5416675210231962,PUNB0682390,Union Bank of India,Savings,0897601588,aayush.sehgal509@example.com,aayushsehgal4825@ybl,Active,0,2025-07-29 04:55:04,,Internet Banking
984,Tamanna Kar,,8098893092250568,UBIN0696475,Axis Bank,Current,3051205399,tamanna.kar652@example.com,tamannakar523@okhdfcbank,Active,1,2024-01-08 13:13:18,2024-01-12 09:58:18,Mobile App
846,Vritti Nagar,,7717729701310599,CNRB0346458,ICICI Bank,Savings,2406865983,vritti.nagar528@example.com,vrittinagar8941@okaxis,Active,1,2024-10-22 02:55:15,2024-10-28 22:34:15,Mobile App
125,Ganga More,,6124861460413048,KKBK0355681,State Bank of India,Current,7324122738,,,Inactive,0,2026-05-15 18:26:21,,Internet Banking
40,Tarak Chandran,Dad,4647627599256453,CNRB0981550,Punjab National Bank,Current,6230375389,tarak.chandran699@example.com,,Active,1,2024-03-16 21:34:11,2024-03-22 03:47:11,Internet Banking
239,Alka Tank,,7425862839394714,BARB0486716,Union Bank of India,Savings,,alka.tank965@example.com,alkatank343@oksbi,Blocked,1,2024-04-27 09:40:33,2024-04-29 10:26:33,Mobile App
747,Logan Rattan,Sister,1894486472732502,INDB0140395,IDFC First Bank,Savings,5824691100,logan.rattan143@example.com,loganrattan1027@okhdfcbank,Inactive,0,2024-03-18 13:26:31,,Mobile App
100,Bina Dugar,Sister,3222031399560207,CNRB0095086,Canara Bank,Savings,4531694822,bina.dugar431@example.com,binadugar3444@okhdfcbank,Inactive,0,2026-03-25 01:02:44,,Mobile App
140,Balveer Ram,Office,4585797623549448,IDFB0273493,Punjab National Bank,Current,1753533263,balveer.ram357@example.com,balveerram7494@paytm,Active,1,2024-09-10 17:10:46,2024-09-16 12:53:46,Internet Banking
700,Daniel Choudhary,Friend,2845221564520989,CNRB0002507,Canara Bank,Savings,6382043841,daniel.choudhary514@example.com,,Active,1,2025-08-06 09:01:36,2025-08-12 09:12:36,Internet Banking
259,Nicholas Balakrishnan,,2489793680465796,YESB0006651,HDFC Bank,Savings,5703694265,nicholas.balakrishnan428@example.com,nicholasbalakrishnan8893@okhdfcbank,Active,1,2024-05-07 14:45:34,2024-05-08 09:13:34,Mobile App
151,Netra Upadhyay,Business,4028314211978457,INDB0833152,Kotak Mahindra Bank,Current,,netra.upadhyay853@example.com,,Active,0,2024-10-14 03:24:06,,Mobile App
354,Falguni Kala,Dad,2181474780698612,ICIC0040118,Kotak Mahindra Bank,Savings,4603540204,falguni.kala305@example.com,falgunikala7677@okhdfcbank,Active,1,2025-11-22 03:36:36,2025-11-23 09:21:36,Branch
206,Harsh Mann,,914062349800387,INDB0661321,IDFC First Bank,Current,2437271770,harsh.mann503@example.com,harshmann9045@ybl,Active,0,2026-01-18 19:56:52,,Branch
93,Ganga Amble,Vendor,8227547080410399,IDFB0550277,Punjab National Bank,Savings,7095561692,,,Active,1,2025-10-04 19:50:55,2025-10-06 18:17:55,Internet Banking
401,Omaja Raju,Office,3202260275410042,IDFB0877979,Punjab National Bank,Savings,6231513314,omaja.raju55@example.com,omajaraju2390@okicici,Active,1,2024-07-12 06:53:48,2024-07-15 11:35:48,Internet Banking
846,Garima Minhas,,1279155846260055,INDB0679227,IndusInd Bank,Savings,1106398955,garima.minhas893@example.com,garimaminhas4605@okaxis,Inactive,0,2025-09-06 13:49:20,,Mobile App
481,Gagan Sahni,Home,6695159675097392,HDFC0737685,State Bank of India,Current,3547973951,gagan.sahni158@example.com,gagansahni1674@ybl,Active,1,2025-10-06 01:17:55,2025-10-08 08:36:55,Internet Banking
886,Vincent Nagarajan,Sister,3198506374647496,ICIC0920811,IDFC First Bank,Savings,9025485133,vincent.nagarajan953@example.com,,Inactive,1,2025-06-04 03:47:01,2025-06-06 01:50:01,Mobile App
944,Yatan Bala,Friend,9048276465055424,PUNB0154864,Yes Bank,Savings,,,yatanbala3976@okicici,Active,1,2024-09-12 07:53:38,2024-09-16 13:02:38,Internet Banking
898,Neelima Gokhale,,3974014247033611,UBIN0153075,Canara Bank,Savings,9276736240,neelima.gokhale593@example.com,neelimagokhale2556@oksbi,Active,1,2024-11-01 20:20:39,2024-11-04 10:09:39,Branch
345,Ladli Tripathi,Friend,4821440234409560,SBIN0850359,Union Bank of India,Savings,4823058436,ladli.tripathi330@example.com,ladlitripathi6865@okicici,Active,0,2024-04-15 06:39:36,,Mobile App
728,Adweta Choudhary,,2279267829391497,ICIC0180139,Punjab National Bank,Savings,9470385176,adweta.choudhary706@example.com,adwetachoudhary5730@paytm,Active,1,2025-08-05 18:40:48,2025-08-09 09:44:48,Internet Banking
763,Maanav Singhal,Office,2363740613468986,BARB0644769,Yes Bank,Savings,1758199464,maanav.singhal150@example.com,,Active,1,2026-04-03 23:55:42,2026-04-04 20:05:42,Mobile App
759,Ishani Taneja,,1938955015836648,UTIB0222228,ICICI Bank,Savings,2776075128,ishani.taneja881@example.com,ishanitaneja114@okaxis,Active,1,2024-04-07 04:31:10,2024-04-13 22:56:10,Mobile App
23,Idika Shanker,,9794573183867372,UTIB0739673,IDFC First Bank,Savings,0844187394,idika.shanker279@example.com,,Active,1,2025-05-02 23:32:54,2025-05-08 18:54:54,Mobile App
546,Vasatika Handa,,7022458903938221,YESB0293450,HDFC Bank,Savings,2107885146,vasatika.handa357@example.com,,Active,1,2026-04-02 00:31:18,2026-04-08 06:09:18,Mobile App
451,Ekaraj Desai,Office,4207218033899890,YESB0217298,State Bank of India,Savings,6365422081,ekaraj.desai444@example.com,ekarajdesai4551@okhdfcbank,Active,1,2024-03-14 08:15:44,2024-03-20 20:46:44,Internet Banking
839,Harini Tank,,1738712331210653,UTIB0327480,ICICI Bank,Savings,2143923715,harini.tank526@example.com,harinitank2879@ybl,Active,1,2025-11-01 16:56:13,2025-11-06 23:27:13,Mobile App
773,Raagini Sura,Personal,3423775705226039,BARB0223517,Axis Bank,Savings,,raagini.sura487@example.com,raaginisura1144@ybl,Active,1,2026-05-09 01:38:18,2026-05-09 23:52:18,Mobile App
944,Gaurav Lall,Friend,3181375026808192,KKBK0661928,IDFC First Bank,Savings,2524221433,gaurav.lall844@example.com,gauravlall9176@oksbi,Active,1,2024-03-06 22:50:51,2024-03-13 12:20:51,Mobile App
755,Kavya Chaudhry,Vendor,2646547902592409,IDFB0994715,Kotak Mahindra Bank,Current,0838300830,kavya.chaudhry445@example.com,,Active,1,2024-11-15 10:36:01,2024-11-18 04:01:01,Internet Banking
554,Zansi Deshmukh,Friend,6469486785670731,INDB0075499,IDFC First Bank,Savings,8989493983,,zansideshmukh330@okicici,Active,1,2026-06-22 10:58:00,2026-06-28 04:42:00,Mobile App
886,Zayyan Raman,Office,5991512972154591,UBIN0220728,Canara Bank,Savings,8502552057,zayyan.raman27@example.com,,Inactive,0,2024-02-04 22:10:07,,Internet Banking
423,Devika Kalla,Dad,2030353854509039,ICIC0911190,State Bank of India,Savings,6585733880,devika.kalla441@example.com,,Inactive,1,2025-09-11 21:26:57,2025-09-12 06:23:57,Internet Banking
948,Pavani Sachdev,,6501540362794401,UBIN0620250,Axis Bank,Savings,1469635849,,pavanisachdev2086@okaxis,Active,1,2024-05-12 01:24:09,2024-05-12 22:43:09,Branch
601,Edhitha Halder,Dad,8338026023739992,ICIC0047929,Union Bank of India,Savings,7028382499,edhitha.halder502@example.com,,Active,1,2025-06-30 12:36:01,2025-07-04 03:15:01,Mobile App
896,Urishilla Doshi,,9545925765901005,SBIN0222010,IDFC First Bank,Savings,4392149063,urishilla.doshi108@example.com,,Active,0,2024-08-22 03:06:16,,Mobile App
394,Noah Lala,,3477297563237325,KKBK0951380,IDFC First Bank,Savings,4109215787,noah.lala68@example.com,noahlala44@okicici,Active,1,2024-08-17 19:38:47,2024-08-24 05:28:47,Mobile App
336,Meghana Randhawa,Business,5379493151228996,SBIN0587357,IDFC First Bank,Savings,6456720788,meghana.randhawa564@example.com,,Active,1,2025-12-23 18:48:40,2025-12-29 07:04:40,Mobile App
838,Xavier Kumar,,99804804476913,IDFB0467295,IDFC First Bank,Savings,7309992701,xavier.kumar84@example.com,xavierkumar718@okaxis,Active,1,2026-03-25 17:29:43,2026-03-29 22:12:43,Internet Banking
531,Ikbal Narayanan,Business,9988665199722959,IDFB0161828,Union Bank of India,Current,9465218404,ikbal.narayanan309@example.com,,Active,1,2025-02-04 16:49:20,2025-02-08 01:43:20,Internet Banking
651,Nihal Kashyap,Personal,9834421178397051,PUNB0522227,Union Bank of India,Savings,4937598891,nihal.kashyap208@example.com,,Active,1,2024-02-27 00:57:30,2024-02-28 06:30:30,Internet Banking
296,Ekaraj Devi,Brother,794877767997156,KKBK0999016,Kotak Mahindra Bank,Savings,5066379743,ekaraj.devi73@example.com,,Active,1,2024-06-30 05:28:08,2024-07-02 08:29:08,Mobile App
928,Saksham Kapoor,Friend,2372934551807519,ICIC0856259,Punjab National Bank,Savings,7821504488,,sakshamkapoor1440@okhdfcbank,Active,1,2024-01-29 16:39:35,2024-02-01 03:08:35,Internet Banking
892,Akshay Tara,,7320510100413156,KKBK0988953,Punjab National Bank,Savings,6660647209,,akshaytara1400@oksbi,Active,1,2026-05-29 14:52:48,2026-06-02 03:49:48,Mobile App
52,Andrew Virk,Sister,4688206983865853,HDFC0008197,Kotak Mahindra Bank,Savings,2127761969,andrew.virk699@example.com,,Active,1,2024-09-17 07:39:45,2024-09-23 01:31:45,Mobile App
695,Widisha Kota,,5159781904106537,BARB0110204,ICICI Bank,Savings,,widisha.kota142@example.com,widishakota5240@okhdfcbank,Active,1,2025-03-03 23:08:35,2025-03-08 17:29:35,Mobile App
28,Ekansh Shankar,Dad,2325349328322393,UTIB0529054,Canara Bank,Savings,6243110147,ekansh.shankar169@example.com,,Active,1,2024-05-21 19:34:19,2024-05-23 20:17:19,Internet Banking
631,Kai Khosla,Brother,1035151211235742,HDFC0374793,Punjab National Bank,Savings,,kai.khosla582@example.com,kaikhosla4102@oksbi,Active,1,2026-01-04 02:17:53,2026-01-09 02:44:53,Mobile App
13,Xiti Contractor,Brother,3733186493376917,UBIN0566163,Axis Bank,Savings,4698646741,xiti.contractor924@example.com,xiticontractor7223@okhdfcbank,Active,1,2025-02-22 13:12:26,2025-03-01 04:16:26,Mobile App
954,Balhaar Kurian,,326144296922514,HDFC0003263,Punjab National Bank,Current,7529482962,balhaar.kurian687@example.com,balhaarkurian9322@oksbi,Inactive,1,2025-06-19 12:31:58,2025-06-20 21:04:58,Internet Banking
283,Udyati Naik,Office,1861783426840366,HDFC0806501,Canara Bank,Savings,4095435431,udyati.naik924@example.com,udyatinaik4975@okicici,Active,1,2024-06-26 22:28:23,2024-07-02 14:43:23,Internet Banking
17,Aarini Puri,,853720857566458,HDFC0282300,Punjab National Bank,Savings,6834161545,aarini.puri131@example.com,,Active,1,2025-12-20 14:39:06,2025-12-23 07:27:06,Mobile App
579,Ojas Dugal,Home,1470725369965434,PUNB0557973,ICICI Bank,Savings,0305226191,ojas.dugal114@example.com,,Active,1,2024-09-27 06:42:21,2024-10-04 01:42:21,Mobile App
15,Hemangini Solanki,,6397728627004077,SBIN0628138,IndusInd Bank,Current,7330753771,,hemanginisolanki3048@okicici,Active,1,2026-08-17 04:49:03,2026-08-17 23:59:59,Mobile App
716,Waida Dara,Dad,7239858510860098,CNRB0063089,Canara Bank,Savings,8765849594,waida.dara544@example.com,waidadara3665@ybl,Inactive,0,2025-05-11 15:20:59,,Internet Banking
280,Vamakshi Bhasin,Dad,6285200962559136,HDFC0267542,State Bank of India,Savings,5627182345,vamakshi.bhasin987@example.com,vamakshibhasin9920@oksbi,Inactive,1,2024-12-02 23:07:48,2024-12-04 00:44:48,Branch
459,Sai Narayan,,5256255257569667,UBIN0649099,IndusInd Bank,Current,0118550054,sai.narayan763@example.com,,Inactive,1,2025-04-16 05:41:32,2025-04-19 03:01:32,Internet Banking
182,Dakshesh Arora,Personal,3693962162639595,IDFB0157878,ICICI Bank,Savings,7782430613,dakshesh.arora863@example.com,,Active,0,2025-04-10 11:36:18,,Branch
511,Pooja Jaggi,Business,942493719796079,YESB0861610,HDFC Bank,Current,8293844120,pooja.jaggi95@example.com,poojajaggi708@okhdfcbank,Active,1,2026-03-28 11:20:50,2026-03-30 09:56:50,Branch
561,Hemal Acharya,Mom,3309542600191782,YESB0701036,Yes Bank,Savings,4909625607,hemal.acharya815@example.com,hemalacharya1953@okicici,Active,0,2024-03-14 01:03:28,,Internet Banking
360,Robert Bajaj,Sister,775872320918145,PUNB0522488,IndusInd Bank,Savings,2451128107,,robertbajaj7793@oksbi,Active,1,2025-12-10 06:01:24,2025-12-10 23:54:24,Internet Banking
520,Advaith Srinivas,,1744567463165944,UBIN0843740,ICICI Bank,Savings,,advaith.srinivas752@example.com,,Active,1,2025-05-25 00:21:16,2025-05-30 20:56:16,Mobile App
21,Sai Pau,,3687429482378494,BARB0543691,Punjab National Bank,Current,6990711281,sai.pau592@example.com,,Inactive,0,2024-02-14 14:32:23,,Branch
659,Ekanta Chakrabarti,,5350091133832760,CNRB0373005,Axis Bank,Savings,,,,Active,1,2025-10-17 21:21:36,2025-10-22 22:32:36,Mobile App
937,Kashish Palla,Friend,3103373060261967,YESB0142269,Kotak Mahindra Bank,Savings,4556489579,kashish.palla619@example.com,,Active,1,2024-01-20 10:44:49,2024-01-21 05:59:49,Internet Banking
317,Hiral Bava,Brother,1730366165536219,IDFB0235820,ICICI Bank,Savings,2228171172,hiral.bava293@example.com,hiralbava3512@oksbi,Active,1,2025-12-18 12:37:56,2025-12-21 02:41:56,Internet Banking
233,Udyati Das,Sister,6224588050604762,UBIN0860980,HDFC Bank,Savings,8482653310,udyati.das886@example.com,udyatidas3448@okhdfcbank,Inactive,0,2025-02-04 17:48:48,,Mobile App
779,Inaya Srivastava,Mom,5791333050151969,BARB0915611,IndusInd Bank,Current,2596082794,,inayasrivastava995@okicici,Active,1,2025-08-15 06:09:00,2025-08-17 16:14:00,Internet Banking
295,Yadavi Kala,Home,9303309683041679,HDFC0493783,Union Bank of India,Savings,,yadavi.kala489@example.com,yadavikala8409@paytm,Active,1,2025-04-25 02:04:33,2025-04-29 10:37:33,Mobile App
505,Yahvi Sengupta,Home,6655188301290152,YESB0082765,Punjab National Bank,Savings,0780052448,,yahvisengupta6329@okhdfcbank,Active,1,2026-07-28 22:10:15,2026-08-02 08:37:15,Internet Banking
291,Tanveer Bhattacharyya,Home,5084847847884621,BARB0010076,HDFC Bank,Savings,6582055252,tanveer.bhattacharyya643@example.com,tanveerbhattacharyya8075@paytm,Inactive,1,2024-12-17 06:47:38,2024-12-18 14:01:38,Branch
168,Janya Apte,Business,7658273500170306,BARB0904731,Punjab National Bank,Savings,8535139666,janya.apte908@example.com,janyaapte6718@okaxis,Active,1,2024-11-06 04:28:58,2024-11-09 10:42:58,Mobile App
288,Laban Savant,Friend,170380094366139,YESB0930333,IndusInd Bank,Current,3080394631,laban.savant241@example.com,,Active,1,2026-05-21 13:14:08,2026-05-24 12:46:08,Mobile App
433,Reyansh Virk,,6912748907517457,INDB0805759,IndusInd Bank,Savings,5910261645,reyansh.virk167@example.com,reyanshvirk3051@oksbi,Active,1,2026-01-24 02:43:00,2026-01-28 22:25:00,Mobile App
759,Azaan Lata,Office,6583475594399521,ICIC0951101,Axis Bank,Savings,1129083414,azaan.lata890@example.com,azaanlata2164@okhdfcbank,Inactive,1,2024-07-20 00:49:16,2024-07-21 18:38:16,Internet Banking
303,Hardik Sanghvi,Home,4096340115734497,KKBK0542909,Union Bank of India,Savings,9785654983,hardik.sanghvi256@example.com,hardiksanghvi5591@okaxis,Active,1,2025-03-19 11:37:11,2025-03-23 23:00:11,Mobile App
702,Xalak Arora,Business,615652381709737,UBIN0886387,Union Bank of India,Savings,3989195663,xalak.arora570@example.com,,Blocked,1,2024-05-21 18:41:09,2024-05-23 09:26:09,Mobile App
988,Megha Raju,Home,7319539301647298,KKBK0358940,Axis Bank,Savings,1050281832,,megharaju9699@okaxis,Active,1,2024-07-21 19:45:14,2024-07-24 09:51:14,Mobile App
210,Chavvi Pradhan,Business,1515938118303471,YESB0971805,Punjab National Bank,Savings,6381042999,chavvi.pradhan167@example.com,chavvipradhan5990@okhdfcbank,Active,0,2024-12-07 20:15:34,,Branch
53,Harrison Pradhan,Dad,9806874906198239,CNRB0282593,Bank of Baroda,Savings,4704118273,harrison.pradhan626@example.com,,Active,1,2024-02-15 01:10:43,2024-02-19 14:19:43,Mobile App
342,Aradhana Upadhyay,Dad,6447982251150820,UTIB0255780,Kotak Mahindra Bank,Savings,9759187091,aradhana.upadhyay425@example.com,,Active,1,2026-05-24 15:15:17,2026-05-27 07:42:17,Mobile App
786,Gagan Bhat,,9718784584674181,BARB0909026,Axis Bank,Savings,7349532923,,gaganbhat1912@paytm,Active,1,2025-11-04 16:21:23,2025-11-11 13:59:23,Mobile App
30,Keya Wali,Vendor,6512387100708434,SBIN0141205,State Bank of India,Savings,6626511397,keya.wali618@example.com,keyawali4425@okhdfcbank,Active,1,2025-09-30 04:03:57,2025-10-04 03:55:57,Mobile App
383,Pushti Behl,Friend,3598306003901306,HDFC0745752,Yes Bank,Savings,7802702435,pushti.behl231@example.com,pushtibehl5630@okaxis,Active,1,2025-03-09 22:20:21,2025-03-15 06:08:21,Internet Banking
636,Inaya Rai,Friend,9075927368905654,BARB0989466,IndusInd Bank,Savings,9805655027,inaya.rai394@example.com,inayarai3156@paytm,Active,1,2025-06-20 12:32:39,2025-06-25 02:41:39,Mobile App
245,Bimala Som,Friend,30600828889881,IDFB0179026,Kotak Mahindra Bank,Savings,2441784039,bimala.som537@example.com,bimalasom4781@oksbi,Active,1,2025-11-28 18:12:32,2025-12-04 01:31:32,Internet Banking
951,Wyatt Datta,Home,2988071793160530,INDB0668399,HDFC Bank,Savings,7571342077,wyatt.datta440@example.com,wyattdatta8958@okhdfcbank,Inactive,0,2024-08-29 07:14:59,,Internet Banking
280,Luke Behl,Office,6990665770567933,UTIB0680519,Canara Bank,Savings,4216137230,luke.behl219@example.com,lukebehl9801@ybl,Active,1,2025-12-08 04:17:25,2025-12-14 10:31:25,Internet Banking
411,Wishi Kohli,Home,8671975831720506,UBIN0017520,Kotak Mahindra Bank,Savings,9205528606,wishi.kohli396@example.com,,Active,1,2025-11-20 05:46:32,2025-11-27 02:37:32,Mobile App
689,Hardik Pradhan,Business,3951736667596412,IDFB0688721,Canara Bank,Savings,3632983324,hardik.pradhan167@example.com,hardikpradhan7445@okicici,Active,1,2024-10-11 11:09:48,2024-10-12 03:07:48,Internet Banking
376,Naveen Buch,Friend,4410185769442078,UBIN0440326,ICICI Bank,Savings,,naveen.buch261@example.com,naveenbuch525@ybl,Active,1,2024-12-18 07:16:48,2024-12-22 23:15:48,Internet Banking
955,Simon Mannan,Home,5545431313162191,CNRB0357434,IDFC First Bank,Savings,7325982741,simon.mannan985@example.com,,Inactive,0,2025-06-07 00:17:25,,Internet Banking
41,Gopal Jha,Personal,6469295245658347,ICIC0077907,Kotak Mahindra Bank,Savings,5108617798,gopal.jha862@example.com,gopaljha5819@okhdfcbank,Active,1,2026-07-13 11:50:58,2026-07-13 17:37:58,Mobile App
990,Mitali Dugar,Sister,7621696920687569,HDFC0367773,Axis Bank,Current,6746726820,mitali.dugar415@example.com,mitalidugar6509@okhdfcbank,Active,0,2026-01-31 18:22:33,,Branch
117,Chaman Choudhury,Sister,2047937482752158,KKBK0987328,Yes Bank,Savings,1833605921,chaman.choudhury277@example.com,chamanchoudhury7552@ybl,Active,1,2026-05-12 14:14:27,2026-05-15 19:18:27,Mobile App
792,Upadhriti Padmanabhan,Dad,7923079813478680,PUNB0210151,Yes Bank,Current,4863167795,upadhriti.padmanabhan174@example.com,upadhritipadmanabhan1983@okaxis,Active,1,2026-08-02 23:34:37,2026-08-03 08:28:37,Mobile App
282,Yagnesh Balakrishnan,,8843776231401665,CNRB0738575,Union Bank of India,Savings,,,,Active,1,2024-02-16 00:11:40,2024-02-19 19:39:40,Mobile App
30,Agastya Sura,,218724734498063,HDFC0489358,Kotak Mahindra Bank,Savings,1388556097,agastya.sura526@example.com,agastyasura1630@oksbi,Active,1,2026-01-16 02:31:47,2026-01-19 01:16:47,Mobile App
737,Gabriel Deshmukh,Vendor,6557868696961643,HDFC0094523,Union Bank of India,Savings,1306864305,gabriel.deshmukh941@example.com,gabrieldeshmukh9892@okhdfcbank,Inactive,1,2026-01-23 02:23:39,2026-01-23 21:27:39,Mobile App
482,Nikita Mitter,Home,6450673306662964,INDB0669833,Punjab National Bank,Savings,0907176209,nikita.mitter495@example.com,,Blocked,1,2024-05-31 00:26:13,2024-06-02 09:45:13,Mobile App
109,Dhriti Sama,Dad,9875356289638208,INDB0938976,Canara Bank,Savings,3284678726,,dhritisama4381@oksbi,Active,1,2025-11-09 15:39:46,2025-11-12 17:03:46,Internet Banking
333,Guneet Luthra,Friend,6926949458065891,UBIN0756936,Kotak Mahindra Bank,Savings,5621989182,guneet.luthra553@example.com,guneetluthra7376@okaxis,Active,1,2025-10-15 01:46:50,2025-10-19 13:42:50,Mobile App
727,Vanya Ravi,Personal,2412086381559287,PUNB0723745,ICICI Bank,Savings,3248174295,vanya.ravi445@example.com,vanyaravi4485@okaxis,Active,1,2024-01-01 18:35:36,2024-01-01 20:54:36,Mobile App
700,Laksh Goel,,5008187391954308,UBIN0673133,Kotak Mahindra Bank,Savings,1153464558,laksh.goel965@example.com,,Active,1,2026-08-06 16:38:13,2026-08-07 02:39:13,Mobile App
995,Suhani Buch,,8113045838465335,INDB0814609,Union Bank of India,Savings,7395249799,,suhanibuch9635@paytm,Active,1,2024-09-07 05:35:15,2024-09-12 19:29:15,Internet Banking
325,Hemangini Bahl,Business,1048210503338662,SBIN0198114,Axis Bank,Savings,,,hemanginibahl4540@okhdfcbank,Active,1,2025-12-22 13:21:41,2025-12-27 08:54:41,Internet Banking
163,Mohini Mall,Office,5942345213727139,BARB0996692,ICICI Bank,Savings,1988352179,mohini.mall403@example.com,,Active,1,2024-01-22 01:41:43,2024-01-26 11:27:43,Internet Banking
566,Omisha Subramanian,Sister,1714132467592047,IDFB0636300,Kotak Mahindra Bank,Savings,1326436085,,,Active,0,2025-09-12 21:00:28,,Internet Banking
933,Bhavika Dada,Home,5027254380765234,PUNB0450413,IndusInd Bank,Savings,0625763767,bhavika.dada562@example.com,bhavikadada8940@okhdfcbank,Active,1,2024-04-27 22:41:27,2024-05-02 17:29:27,Mobile App
196,William Prasad,Dad,239464012744276,SBIN0902025,Axis Bank,Savings,8429305891,william.prasad689@example.com,williamprasad5876@okicici,Active,1,2024-12-29 19:13:27,2024-12-30 11:40:27,Internet Banking
932,Sarthak Wadhwa,Vendor,7812168501541705,IDFB0872119,Punjab National Bank,Savings,0799929398,sarthak.wadhwa365@example.com,sarthakwadhwa2575@okhdfcbank,Inactive,0,2025-01-12 12:39:52,,Internet Banking
667,Zayan Peri,Sister,8520450758279691,UTIB0468100,Yes Bank,Savings,3128223699,zayan.peri265@example.com,,Inactive,1,2026-05-11 04:46:04,2026-05-15 07:35:04,Branch
414,Yashoda Chacko,,1547524835115603,UBIN0763865,Kotak Mahindra Bank,Savings,5043632579,yashoda.chacko246@example.com,yashodachacko5115@ybl,Active,1,2025-07-19 13:18:15,2025-07-19 23:41:15,Internet Banking
486,Edhitha Nath,,9918329316083784,BARB0844831,Axis Bank,Savings,5007664684,edhitha.nath881@example.com,,Active,1,2024-03-18 13:38:27,2024-03-20 06:07:27,Internet Banking
339,Hemangini Sinha,,9392644526643679,KKBK0890424,HDFC Bank,Savings,4607297997,hemangini.sinha220@example.com,,Active,1,2026-06-02 09:36:28,2026-06-05 11:14:28,Internet Banking
944,Bimala Sachdev,Dad,1592750373749847,UBIN0884592,Union Bank of India,Current,3298655999,bimala.sachdev691@example.com,bimalasachdev1005@paytm,Inactive,0,2024-01-11 12:01:01,,Mobile App
255,Neelima Mahajan,Sister,4740526611480263,KKBK0012028,IDFC First Bank,Current,6914529857,neelima.mahajan285@example.com,,Active,1,2024-10-13 13:42:14,2024-10-14 21:00:14,Mobile App
471,Tamanna Goswami,,8091071854452858,INDB0932262,Kotak Mahindra Bank,Savings,7823253361,tamanna.goswami630@example.com,tamannagoswami1815@ybl,Active,1,2026-04-24 13:13:03,2026-04-24 23:44:03,Mobile App
436,Ekaja Ahuja,,8498468514091175,HDFC0714943,Kotak Mahindra Bank,Savings,6442852455,ekaja.ahuja851@example.com,ekajaahuja9693@okaxis,Active,1,2026-06-08 16:14:21,2026-06-09 11:49:21,Mobile App
520,Fiyaz Bora,Personal,2481929326333273,IDFB0186301,State Bank of India,Savings,5647668791,fiyaz.bora191@example.com,,Active,1,2024-12-22 23:42:24,2024-12-25 02:04:24,Mobile App
91,Sara Tripathi,Dad,8436101165330902,YESB0992148,Punjab National Bank,Savings,9784800689,sara.tripathi926@example.com,,Active,1,2026-05-05 18:05:45,2026-05-12 03:22:45,Mobile App
700,Rajeshri Deshpande,Friend,6892393639904840,YESB0532131,Punjab National Bank,Savings,0336579955,rajeshri.deshpande813@example.com,rajeshrideshpande2611@ybl,Active,0,2025-05-12 20:16:22,,Mobile App
928,Frado Sankaran,Dad,8438465300403946,INDB0040758,Yes Bank,Savings,3847212455,frado.sankaran731@example.com,,Blocked,1,2026-06-07 23:44:10,2026-06-08 18:59:10,Mobile App
325,Krisha Apte,Sister,7598712546388698,BARB0755883,Punjab National Bank,Savings,7420519488,krisha.apte988@example.com,krishaapte4037@oksbi,Active,1,2026-03-07 07:13:41,2026-03-11 04:16:41,Mobile App
855,Yashica Oak,Mom,2727705845385727,BARB0042812,Yes Bank,Savings,8957045910,,yashicaoak3911@oksbi,Active,1,2025-04-13 01:36:08,2025-04-13 20:11:08,Mobile App
883,Liam Choudhry,,9432911117054844,ICIC0156650,ICICI Bank,Current,5998837892,,liamchoudhry8534@okicici,Active,1,2024-07-29 02:05:12,2024-08-02 03:47:12,Mobile App
235,Charvi Singh,,2498076222601662,YESB0873491,IDFC First Bank,Savings,5826278072,,,Active,1,2025-11-09 13:17:08,2025-11-10 10:21:08,Mobile App
721,Azaan Chandra,Home,1870583413702619,HDFC0461387,Canara Bank,Savings,3279892913,azaan.chandra303@example.com,,Inactive,1,2026-05-08 12:37:41,2026-05-12 18:54:41,Mobile App
516,Pushti Balay,Sister,999672325897408,UBIN0250659,Canara Bank,Savings,,pushti.balay278@example.com,,Inactive,0,2025-07-03 18:51:24,,Mobile App
389,Waida Kalla,Dad,4160275495307640,HDFC0143647,State Bank of India,Savings,8296786344,,waidakalla8922@okaxis,Blocked,1,2026-06-27 16:35:14,2026-06-28 18:24:14,Internet Banking
135,Anmol Raman,Personal,2211758301511242,PUNB0229347,Union Bank of India,Savings,,,anmolraman8121@paytm,Blocked,1,2026-05-30 17:58:52,2026-06-03 07:45:52,Mobile App
536,Anya Chowdhury,,9438021100188366,UBIN0997902,Canara Bank,Savings,3031819035,anya.chowdhury604@example.com,anyachowdhury8742@okhdfcbank,Active,1,2024-10-18 22:37:00,2024-10-20 05:30:00,Mobile App
841,Gayathri Chana,Vendor,9376097854246994,UBIN0440587,State Bank of India,Savings,1605277430,gayathri.chana321@example.com,,Inactive,0,2025-08-11 16:32:28,,Internet Banking
975,Aarush Date,Vendor,9966170354779645,ICIC0516268,Kotak Mahindra Bank,Savings,6021381771,aarush.date199@example.com,aarushdate3046@okicici,Active,0,2024-05-08 03:24:36,,Branch
310,Bhavika Gopal,Dad,8532361907529923,IDFB0456645,IndusInd Bank,Savings,1641903132,bhavika.gopal326@example.com,bhavikagopal1734@okhdfcbank,Active,1,2024-03-27 06:31:41,2024-03-28 08:53:41,Mobile App
967,Anika Kumer,Sister,2417465354620032,SBIN0505489,Axis Bank,Savings,8026899639,,anikakumer2711@okaxis,Active,0,2024-03-02 06:13:19,,Mobile App
889,Lohit Upadhyay,Home,8353702965054022,INDB0790109,Canara Bank,Savings,1746611767,lohit.upadhyay693@example.com,lohitupadhyay3939@okhdfcbank,Inactive,0,2025-08-08 02:23:44,,Mobile App
159,Vedant Upadhyay,Personal,8917377296412652,YESB0143455,State Bank of India,Savings,6052894751,,vedantupadhyay371@okicici,Active,1,2024-08-17 08:42:34,2024-08-19 22:15:34,Internet Banking
935,Harini Ramakrishnan,Personal,2494528677706522,IDFB0858327,Canara Bank,Savings,1580179494,harini.ramakrishnan446@example.com,,Active,1,2026-01-15 08:55:19,2026-01-19 18:40:19,Mobile App
916,Ati Jha,Office,6961138565824862,YESB0772213,State Bank of India,Savings,4652747943,,,Active,1,2025-02-28 02:39:19,2025-02-28 04:16:19,Internet Banking
679,Gavin Sha,,7450249534864059,ICIC0317285,Canara Bank,Savings,2893476256,,gavinsha7275@ybl,Active,1,2024-09-26 02:01:24,2024-09-30 13:50:24,Mobile App
718,Oviya Grover,Sister,5506474865360325,ICIC0912869,State Bank of India,Savings,9746804567,oviya.grover89@example.com,,Active,1,2026-02-10 16:37:39,2026-02-14 13:33:39,Internet Banking
590,Kritika Hegde,,7035124968651586,INDB0363499,State Bank of India,Savings,1461403659,,kritikahegde3412@ybl,Active,1,2024-11-19 10:20:21,2024-11-19 19:52:21,Mobile App
647,Anita Saraf,,998055744080782,KKBK0187451,Bank of Baroda,Current,9784444361,,anitasaraf812@okhdfcbank,Inactive,0,2024-03-15 18:37:53,,Internet Banking
984,Krish Krishnamurthy,Vendor,8814041694037123,UBIN0127815,Punjab National Bank,Savings,7712299704,,,Active,1,2024-10-14 05:32:36,2024-10-15 04:17:36,Mobile App
243,Vasudha Srivastava,Home,9898859382677168,UTIB0459075,State Bank of India,Savings,1086916271,vasudha.srivastava465@example.com,vasudhasrivastava6668@paytm,Active,1,2024-12-18 18:32:50,2024-12-19 05:33:50,Mobile App
916,Tanish Rama,,3869273665436710,CNRB0530016,IDFC First Bank,Current,9763277470,tanish.rama890@example.com,tanishrama9251@okicici,Active,1,2024-09-19 22:09:21,2024-09-23 07:46:21,Internet Banking
49,Anay Chandran,Dad,6738252869091125,BARB0162036,Axis Bank,Current,7224231070,,,Inactive,0,2024-05-28 23:09:14,,Mobile App
238,Ekiya Pai,Business,6268814248157374,INDB0981020,IndusInd Bank,Current,6770142636,ekiya.pai729@example.com,,Active,1,2025-02-27 20:31:01,2025-02-28 13:03:01,Internet Banking
648,Liam Bora,Office,7704508543099981,ICIC0704965,Bank of Baroda,Current,4273456095,liam.bora379@example.com,liambora3674@okaxis,Active,1,2024-11-19 05:11:11,2024-11-20 16:28:11,Branch
287,Advay Chakrabarti,Mom,1730568320118528,UTIB0218336,Canara Bank,Savings,5841858179,advay.chakrabarti99@example.com,,Active,0,2024-05-25 05:21:51,,Internet Banking
314,Zayan Gour,,9471137215941804,HDFC0629585,Bank of Baroda,Savings,8919107173,zayan.gour341@example.com,zayangour104@okaxis,Active,1,2026-04-11 10:08:51,2026-04-14 04:27:51,Mobile App
651,Kalpit Rattan,Home,401305144764153,UTIB0216705,IndusInd Bank,Savings,9003455362,,,Active,1,2024-01-20 18:01:54,2024-01-22 02:55:54,Mobile App
409,Reva Bala,Sister,9564801287041645,ICIC0076323,Canara Bank,Savings,1912254216,,revabala444@okicici,Active,1,2026-02-23 10:52:24,2026-03-02 10:20:24,Mobile App
626,Anya Jhaveri,Vendor,7942256696181708,BARB0638921,Punjab National Bank,Savings,9171488380,,anyajhaveri6684@oksbi,Active,1,2025-01-27 05:18:25,2025-02-02 00:05:25,Internet Banking
577,Odika Tailor,Home,6363070225392800,HDFC0669484,Punjab National Bank,Savings,4807884094,,,Active,1,2026-06-16 12:53:59,2026-06-20 07:50:59,Mobile App
715,Lekha Sarraf,Office,8705338842767914,BARB0182801,IndusInd Bank,Savings,2270536874,lekha.sarraf462@example.com,lekhasarraf3634@oksbi,Active,1,2025-08-17 05:09:57,2025-08-23 04:47:57,Mobile App
140,Yash Swaminathan,Vendor,387302232402032,UTIB0489116,Canara Bank,Savings,2986049162,yash.swaminathan428@example.com,,Active,1,2026-07-11 08:28:52,2026-07-16 11:57:52,Mobile App
683,Aarnav Ranganathan,,9223464827421103,INDB0636717,IndusInd Bank,Savings,1998783571,,aarnavranganathan6386@paytm,Inactive,0,2024-01-17 11:00:32,,Internet Banking
593,Pushti Jha,,1734685819925027,HDFC0182453,Axis Bank,Savings,0640706928,pushti.jha773@example.com,pushtijha415@okicici,Active,0,2024-05-24 05:28:34,,Internet Banking
731,Udarsh Sen,Brother,2123211864329739,UTIB0728329,State Bank of India,Current,4757361454,udarsh.sen924@example.com,,Active,1,2025-10-21 23:48:33,2025-10-28 02:51:33,Mobile App
311,Aarini Ganesh,Dad,3510379823139472,SBIN0498720,IDFC First Bank,Savings,3704180760,aarini.ganesh800@example.com,aariniganesh5902@oksbi,Active,1,2025-09-25 23:09:22,2025-09-30 15:47:22,Mobile App
733,Nathan Dixit,,143381425315778,UTIB0750435,IDFC First Bank,Current,1172483446,nathan.dixit908@example.com,nathandixit1075@okhdfcbank,Active,1,2026-03-04 15:48:11,2026-03-09 07:02:11,Mobile App
602,Dalaja Soni,Home,6877842416678071,UTIB0120995,State Bank of India,Current,6333092925,,dalajasoni6695@oksbi,Active,1,2026-08-05 02:37:37,2026-08-10 02:05:37,Mobile App
678,Chaman Bajwa,,7986514380689732,IDFB0356039,Bank of Baroda,Savings,4623169483,chaman.bajwa160@example.com,,Active,1,2025-04-13 08:08:58,2025-04-19 17:48:58,Internet Banking
25,Matthew Tata,Brother,9378824223580325,SBIN0560166,Axis Bank,Current,0492195630,matthew.tata538@example.com,matthewtata1972@oksbi,Active,0,2024-09-02 15:10:02,,Branch
733,Aryan Kant,Vendor,6811307705298080,BARB0411534,Yes Bank,Savings,5815703807,aryan.kant379@example.com,aryankant6838@okaxis,Active,1,2024-11-11 13:06:19,2024-11-15 17:05:19,Internet Banking
430,Kashish Dora,Mom,2187288756058116,ICIC0821523,Bank of Baroda,Savings,1030533585,kashish.dora376@example.com,kashishdora7266@paytm,Inactive,0,2026-03-07 18:26:08,,Internet Banking
431,Chandani Wason,Business,6439092413993179,KKBK0243680,Bank of Baroda,Savings,4371304998,chandani.wason363@example.com,chandaniwason7428@ybl,Inactive,0,2026-01-19 02:17:24,,Branch
952,Henry Gokhale,Vendor,8116222471003151,YESB0325441,IDFC First Bank,Savings,,henry.gokhale294@example.com,,Active,1,2026-05-22 19:03:35,2026-05-22 22:33:35,Mobile App
687,Watika Ghosh,Office,6289295353194697,IDFB0679476,IDFC First Bank,Savings,,watika.ghosh550@example.com,,Active,1,2024-06-04 03:27:02,2024-06-07 01:46:02,Internet Banking
427,Riya Bajwa,Office,6932889603135422,BARB0230351,State Bank of India,Savings,6183612179,,,Inactive,0,2024-11-05 12:58:08,,Mobile App
735,Rehaan Sane,,631831757769419,HDFC0429977,Yes Bank,Savings,0232203889,rehaan.sane454@example.com,rehaansane2038@ybl,Active,0,2024-11-02 01:22:26,,Mobile App
471,Bhavika Hegde,Mom,9750290873569880,BARB0211874,IDFC First Bank,Savings,7527110912,,bhavikahegde4613@oksbi,Active,1,2024-11-15 23:32:41,2024-11-22 12:11:41,Mobile App
496,Gavin Morar,Office,7786028156379417,BARB0456558,Yes Bank,Savings,,,gavinmorar5254@okaxis,Inactive,0,2026-03-14 23:24:27,,Internet Banking
751,Rajata Tata,Friend,202532191801222,ICIC0229362,Canara Bank,Current,8208330556,rajata.tata674@example.com,rajatatata2798@oksbi,Active,1,2024-06-04 12:58:04,2024-06-05 01:05:04,Mobile App
991,Chandresh Korpal,Vendor,4249776135611875,INDB0044010,IndusInd Bank,Savings,7346784918,chandresh.korpal403@example.com,chandreshkorpal8539@ybl,Active,0,2025-06-27 02:37:36,,Mobile App
330,Aashi Arora,,2367339471636687,YESB0575918,Yes Bank,Savings,4323123936,,,Inactive,0,2024-02-21 23:58:17,,Mobile App
831,Gayathri Shenoy,Friend,3619639669479367,CNRB0469584,Kotak Mahindra Bank,Savings,1891811055,gayathri.shenoy559@example.com,gayathrishenoy4407@ybl,Active,1,2024-07-05 03:59:04,2024-07-11 14:02:04,Branch
909,Jatin Mangal,,4109877791886471,BARB0140669,Bank of Baroda,Current,6446411173,,jatinmangal8246@okhdfcbank,Active,1,2024-11-15 15:48:45,2024-11-18 03:12:45,Internet Banking
263,Nachiket Lal,Office,9060264448009650,ICIC0612275,Union Bank of India,Savings,4403315953,nachiket.lal211@example.com,nachiketlal8529@okhdfcbank,Active,1,2024-03-10 11:47:00,2024-03-17 06:43:00,Mobile App
350,Sai Dutt,Mom,3311148237603158,CNRB0336800,IDFC First Bank,Savings,1047478457,sai.dutt108@example.com,,Active,1,2024-11-20 21:29:32,2024-11-23 09:05:32,Internet Banking
308,Nathan Ghose,Office,1743914788130681,PUNB0874309,Bank of Baroda,Current,6951973238,nathan.ghose938@example.com,nathanghose4232@oksbi,Active,1,2025-05-15 00:34:35,2025-05-17 11:23:35,Mobile App
531,Harini Gola,Personal,9315629617916748,CNRB0912488,Kotak Mahindra Bank,Savings,6600992663,harini.gola833@example.com,,Active,1,2025-08-14 03:27:36,2025-08-17 08:40:36,Mobile App
646,Saanvi Misra,,4335664419455708,INDB0385137,Axis Bank,Savings,1899444805,,saanvimisra9902@oksbi,Inactive,0,2024-06-04 08:36:59,,Internet Banking
478,Abdul Nigam,Office,2912527461690296,KKBK0239614,Union Bank of India,Savings,8697658108,,abdulnigam5530@ybl,Active,0,2024-07-22 20:01:18,,Internet Banking
913,Reva Mangal,,709451487976077,INDB0342384,Canara Bank,Savings,0427094347,reva.mangal231@example.com,,Active,1,2026-01-27 05:37:30,2026-01-28 00:53:30,Mobile App
30,Bhanumati Chakrabarti,Vendor,1590011849789463,YESB0873478,Punjab National Bank,Savings,7729911420,bhanumati.chakrabarti116@example.com,bhanumatichakrabarti7256@okhdfcbank,Active,1,2024-11-16 17:08:00,2024-11-16 20:06:00,Branch
250,Ayushman Chowdhury,,5600722748077772,PUNB0388603,IDFC First Bank,Savings,9713001658,ayushman.chowdhury826@example.com,ayushmanchowdhury7727@paytm,Active,0,2026-05-22 03:23:28,,Internet Banking
954,Devika Iyer,Business,104501482835642,SBIN0837937,State Bank of India,Savings,9472219634,devika.iyer224@example.com,devikaiyer9070@oksbi,Active,0,2026-01-04 09:48:25,,Mobile App
574,Ladli Swamy,,2714013717260307,HDFC0422204,IDFC First Bank,Savings,,ladli.swamy837@example.com,ladliswamy548@okhdfcbank,Active,1,2026-07-05 09:38:19,2026-07-11 04:47:19,Mobile App
406,Hema Chandra,,2254709093112725,UTIB0780212,Canara Bank,Savings,2407163319,hema.chandra13@example.com,hemachandra9701@okaxis,Active,1,2026-04-16 23:40:46,2026-04-23 07:23:46,Mobile App
546,Faraj Ahuja,Sister,4056109035991050,IDFB0193280,Canara Bank,Savings,,faraj.ahuja983@example.com,farajahuja3334@ybl,Inactive,0,2024-05-02 21:47:07,,Internet Banking
857,Yashodhara Dora,Brother,2864115860642208,HDFC0653201,HDFC Bank,Savings,8091270618,,yashodharadora7458@okaxis,Active,1,2025-02-14 01:46:21,2025-02-16 02:27:21,Internet Banking
776,Ikshita Lalla,Business,9978247991062377,ICIC0986469,Axis Bank,Current,8252654489,ikshita.lalla721@example.com,ikshitalalla6936@okicici,Active,0,2025-09-19 16:36:54,,Mobile App
498,Zansi Sandhu,,1565692403678211,IDFB0574777,Punjab National Bank,Savings,2813605724,zansi.sandhu482@example.com,zansisandhu5980@okhdfcbank,Active,1,2026-01-15 18:39:29,2026-01-18 05:14:29,Mobile App
863,Bhavika Saraf,Sister,2084366028672620,INDB0240214,Axis Bank,Savings,5172372683,bhavika.saraf168@example.com,bhavikasaraf3520@okaxis,Active,1,2026-06-10 10:13:49,2026-06-11 16:08:49,Internet Banking
663,Ekani Sachdeva,Vendor,6770321610964784,UBIN0079220,Union Bank of India,Savings,,,,Blocked,1,2026-07-23 14:04:05,2026-07-29 21:18:05,Mobile App
42,Hredhaan Agrawal,Dad,3476635886411651,UBIN0610104,State Bank of India,Savings,2806169349,hredhaan.agrawal251@example.com,hredhaanagrawal4272@okaxis,Active,1,2026-07-17 01:54:49,2026-07-20 07:18:49,Mobile App
473,Aarnav Bhardwaj,Mom,7962158967433320,ICIC0291105,Bank of Baroda,Savings,,aarnav.bhardwaj991@example.com,aarnavbhardwaj4651@okhdfcbank,Active,1,2024-07-15 01:26:19,2024-07-20 07:02:19,Mobile App
147,Hamsini Vora,Vendor,6052401052972274,SBIN0929895,Bank of Baroda,Savings,0597808357,,,Active,1,2024-05-16 23:01:48,2024-05-17 11:20:48,Mobile App
560,Praneel Bhattacharyya,Home,7751137057133627,UTIB0992756,HDFC Bank,Current,8555266875,praneel.bhattacharyya809@example.com,praneelbhattacharyya7629@ybl,Active,1,2026-01-18 10:09:17,2026-01-19 01:07:17,Internet Banking
429,Garima Solanki,Sister,5858357045612282,IDFB0352806,IDFC First Bank,Savings,0955593907,garima.solanki799@example.com,garimasolanki1537@okicici,Inactive,1,2024-11-20 06:29:29,2024-11-23 04:21:29,Internet Banking
209,Jack Khosla,Friend,9337222507591818,PUNB0242261,HDFC Bank,Savings,3401842074,jack.khosla997@example.com,jackkhosla1608@okhdfcbank,Active,1,2025-08-01 12:51:48,2025-08-05 21:14:48,Mobile App
858,Falan Narayanan,,8755000835369939,IDFB0237464,State Bank of India,Savings,3242303915,falan.narayanan384@example.com,falannarayanan9813@oksbi,Active,1,2025-01-07 04:34:48,2025-01-11 12:22:48,Mobile App
201,Gunbir Upadhyay,Dad,9017707861400373,BARB0169944,Kotak Mahindra Bank,Savings,8373118812,gunbir.upadhyay25@example.com,,Active,1,2024-09-07 00:39:26,2024-09-11 11:47:26,Branch
346,Gayathri Rana,,8777687622215511,INDB0487188,Kotak Mahindra Bank,Savings,7063104860,gayathri.rana473@example.com,gayathrirana375@okaxis,Active,1,2024-05-28 18:47:54,2024-06-03 02:09:54,Mobile App
181,Anusha Bath,,5811156194653941,YESB0275620,Axis Bank,Savings,0203600332,,anushabath4984@okaxis,Active,1,2024-06-07 10:20:52,2024-06-09 15:49:52,Mobile App
110,Pratyush Dhingra,Office,9967979622976118,KKBK0017921,State Bank of India,Savings,5996174596,pratyush.dhingra745@example.com,pratyushdhingra7636@okaxis,Active,1,2024-01-23 23:53:58,2024-01-24 11:14:58,Mobile App
888,Omisha Agarwal,,865388314140490,BARB0185955,Kotak Mahindra Bank,Savings,3034596665,omisha.agarwal62@example.com,,Active,1,2026-04-14 10:27:54,2026-04-17 15:48:54,Branch
795,Samesh Bhakta,,8750768504606380,BARB0616286,Punjab National Bank,Current,0700651530,samesh.bhakta423@example.com,,Active,1,2025-05-05 12:12:58,2025-05-07 05:15:58,Internet Banking
706,Brinda Chandra,Mom,83583235279640,UTIB0451971,IDFC First Bank,Savings,0407464557,brinda.chandra138@example.com,brindachandra6005@okicici,Active,1,2025-11-24 23:16:45,2025-11-27 23:47:45,Internet Banking
818,Vedhika Purohit,Mom,6423182591073824,PUNB0413310,HDFC Bank,Savings,6477106521,vedhika.purohit560@example.com,vedhikapurohit1159@okhdfcbank,Active,1,2025-05-04 11:00:52,2025-05-11 09:39:52,Internet Banking
988,Chandran Kapoor,Sister,8464804586526833,SBIN0434457,Canara Bank,Savings,6639207616,,,Active,1,2024-07-21 14:19:06,2024-07-26 00:36:06,Branch
993,Januja Pillay,Mom,2356638619968102,INDB0422096,HDFC Bank,Savings,5617455196,januja.pillay289@example.com,,Active,1,2025-11-14 22:13:14,2025-11-15 05:45:14,Mobile App
772,Nidhi Mandal,Friend,654172658098281,INDB0788385,Union Bank of India,Savings,0202167954,,nidhimandal1219@okaxis,Active,1,2024-08-05 05:38:44,2024-08-07 03:44:44,Internet Banking
832,Fariq Raja,Home,3335120750360121,KKBK0511208,Axis Bank,Current,7761076166,,,Active,1,2025-01-03 22:42:48,2025-01-10 16:22:48,Mobile App
265,Tara Sangha,Mom,628728925558604,BARB0088235,Union Bank of India,Savings,4749925812,tara.sangha810@example.com,tarasangha4324@okicici,Active,1,2026-06-10 03:47:32,2026-06-13 19:49:32,Branch
287,Yachana Bahri,Mom,3121937107435387,PUNB0366179,Bank of Baroda,Savings,4419573788,yachana.bahri247@example.com,yachanabahri5232@okicici,Blocked,1,2025-10-08 08:55:00,2025-10-10 12:53:00,Mobile App
840,Saksham Natt,Vendor,5384813187027437,PUNB0815117,Kotak Mahindra Bank,Savings,8983653870,saksham.natt337@example.com,sakshamnatt7083@okicici,Active,1,2024-11-21 09:42:37,2024-11-21 18:10:37,Mobile App
480,Ekavir Nagi,Dad,675603462471565,YESB0259984,Canara Bank,Savings,,ekavir.nagi824@example.com,ekavirnagi5758@okhdfcbank,Active,1,2024-04-02 13:45:25,2024-04-05 08:53:25,Mobile App
682,Abhimanyu Goyal,Business,2020523917569238,HDFC0905048,IDFC First Bank,Savings,9638818749,,abhimanyugoyal3112@oksbi,Active,1,2025-03-14 03:19:31,2025-03-18 23:29:31,Mobile App
245,Edhitha Bose,Dad,7848770574060968,YESB0138772,State Bank of India,Savings,4831132889,edhitha.bose767@example.com,,Active,1,2024-01-27 23:19:12,2024-01-28 17:10:12,Internet Banking
213,Netra Setty,Business,7706458183515282,ICIC0395776,State Bank of India,Savings,7563970771,netra.setty600@example.com,netrasetty9593@oksbi,Active,1,2024-01-25 13:01:20,2024-01-30 01:02:20,Mobile App
832,Varenya Pant,Dad,8483342888518083,UTIB0648654,ICICI Bank,Savings,4642584656,varenya.pant984@example.com,,Inactive,0,2024-08-28 23:18:53,,Mobile App
8,Aarush Talwar,Office,6435154377729934,HDFC0639010,Canara Bank,Current,4292523134,aarush.talwar501@example.com,aarushtalwar2546@okaxis,Inactive,0,2025-05-11 00:59:06,,Mobile App
773,Gabriel Saraf,Friend,8829922340351034,YESB0571179,HDFC Bank,Savings,8832123998,gabriel.saraf807@example.com,gabrielsaraf515@okhdfcbank,Inactive,1,2026-06-19 07:02:12,2026-06-20 12:07:12,Internet Banking
664,Kavya Natt,,7154965354765258,PUNB0538880,Yes Bank,Savings,4898771558,,kavyanatt4956@okhdfcbank,Active,0,2024-12-04 01:57:46,,Branch
634,Onveer Baral,Vendor,1652671820685120,KKBK0607338,Yes Bank,Savings,7173348152,onveer.baral191@example.com,,Active,1,2025-11-03 10:55:09,2025-11-04 19:39:09,Internet Banking
87,Chatresh Dua,Friend,1403455616165541,BARB0354568,Kotak Mahindra Bank,Savings,4816299435,chatresh.dua673@example.com,chatreshdua9550@okicici,Active,1,2025-07-04 22:59:55,2025-07-06 04:26:55,Mobile App
984,Champak Nori,Dad,7887600500574166,CNRB0967542,Kotak Mahindra Bank,Savings,,champak.nori631@example.com,,Active,1,2025-08-28 20:16:44,2025-09-02 07:36:44,Mobile App
94,Nitara Gopal,Office,4227961015147556,YESB0885223,Punjab National Bank,Savings,0191480518,nitara.gopal824@example.com,nitaragopal5144@okhdfcbank,Active,1,2024-01-16 18:48:06,2024-01-23 04:23:06,Internet Banking
539,Faris Mohan,Mom,3315195009681977,BARB0509047,Yes Bank,Savings,8820383796,faris.mohan627@example.com,farismohan9253@okaxis,Active,1,2024-03-01 09:56:59,2024-03-07 18:02:59,Mobile App
931,Neel Prakash,Vendor,412394348459093,INDB0507769,IDFC First Bank,Savings,2733589841,,,Active,1,2024-12-25 18:34:11,2025-01-01 17:38:11,Internet Banking
554,Sai Wagle,Sister,2018143267237915,HDFC0561696,Kotak Mahindra Bank,Savings,2934499717,sai.wagle25@example.com,saiwagle8572@ybl,Active,1,2026-01-22 05:50:30,2026-01-26 10:52:30,Internet Banking
88,Neha Chatterjee,,6323732752830467,KKBK0984498,Bank of Baroda,Savings,6744023221,neha.chatterjee721@example.com,nehachatterjee6802@oksbi,Active,1,2026-04-21 22:15:05,2026-04-28 13:04:05,Mobile App
462,Onkar Kar,Home,6948726598887868,IDFB0163981,Canara Bank,Savings,8775625464,onkar.kar84@example.com,onkarkar7716@okhdfcbank,Inactive,0,2024-12-10 07:15:16,,Internet Banking
761,Nakul Kale,Personal,3400501544181288,ICIC0201983,ICICI Bank,Savings,3128382299,nakul.kale448@example.com,nakulkale6022@okhdfcbank,Active,1,2025-02-11 01:31:46,2025-02-17 06:07:46,Mobile App
463,Januja Chadha,,9328896732538077,KKBK0063490,Yes Bank,Savings,3640941324,januja.chadha466@example.com,janujachadha4747@oksbi,Active,0,2025-07-28 14:01:38,,Mobile App
420,Rehaan Dey,Personal,6125237667634608,YESB0161455,State Bank of India,Savings,4162739650,rehaan.dey958@example.com,rehaandey5666@ybl,Active,1,2025-11-03 13:29:14,2025-11-04 13:37:14,Internet Banking
874,Fitan Ratta,Office,1424778683059968,BARB0233329,HDFC Bank,Savings,,,fitanratta8274@ybl,Active,1,2025-03-27 11:17:49,2025-03-28 15:53:49,Branch
784,Baghyawati Rastogi,Sister,5762692524640824,ICIC0853027,Canara Bank,Savings,7616001601,baghyawati.rastogi234@example.com,,Active,1,2025-11-02 01:00:05,2025-11-02 02:44:05,Mobile App
751,Krish Karan,,1145157414382468,UBIN0589161,IndusInd Bank,Savings,1728313460,krish.karan681@example.com,krishkaran2695@ybl,Active,0,2024-11-26 22:42:06,,Mobile App
884,Udant Sachdeva,Home,4506977572617784,UBIN0741786,Punjab National Bank,Savings,8923820287,udant.sachdeva447@example.com,,Active,1,2025-12-06 09:52:57,2025-12-07 21:26:57,Mobile App
504,Agastya Thakkar,Mom,7737651919942463,ICIC0419508,Union Bank of India,Current,4720023246,agastya.thakkar339@example.com,,Active,1,2025-03-08 08:28:23,2025-03-09 08:17:23,Mobile App
416,Balhaar Parmer,Mom,1401887900083217,PUNB0484487,State Bank of India,Savings,5415916033,balhaar.parmer576@example.com,,Inactive,0,2024-09-22 09:25:02,,Mobile App
707,Timothy Khare,Mom,4346067822282421,KKBK0674933,Union Bank of India,Savings,5343467329,timothy.khare985@example.com,timothykhare3546@okicici,Active,0,2025-05-16 20:12:03,,Mobile App
53,Bhavani Datta,Sister,3788267692399210,HDFC0714555,Union Bank of India,Current,7104510855,,bhavanidatta2507@okaxis,Active,1,2025-05-17 18:05:46,2025-05-24 16:18:46,Mobile App
290,Samesh Bahri,,835504242482557,INDB0222203,Axis Bank,Savings,,samesh.bahri779@example.com,sameshbahri5318@okaxis,Active,1,2025-02-15 09:26:44,2025-02-22 03:18:44,Mobile App
988,Samaksh Saxena,Personal,7627458264151992,KKBK0246335,ICICI Bank,Savings,3209741849,samaksh.saxena543@example.com,samakshsaxena5563@okaxis,Active,1,2024-07-18 16:58:53,2024-07-22 04:39:53,Mobile App
718,Teerth Sarna,,274271308249256,ICIC0893930,Kotak Mahindra Bank,Savings,9213768787,teerth.sarna686@example.com,teerthsarna3839@okicici,Active,1,2026-01-01 19:14:39,2026-01-04 10:00:39,Internet Banking
489,Ekansh Gole,Brother,8282791039484136,HDFC0925661,Axis Bank,Savings,0521424626,ekansh.gole437@example.com,ekanshgole5934@oksbi,Active,0,2024-03-25 22:35:13,,Mobile App
295,Vasana Mall,,1625509646110615,UBIN0566046,Union Bank of India,Savings,2658715093,,vasanamall4702@oksbi,Active,1,2025-11-25 07:08:37,2025-11-29 12:11:37,Mobile App
568,Ishani Barad,,7391754836904700,BARB0568920,Bank of Baroda,Savings,,ishani.barad32@example.com,,Active,1,2025-04-27 08:39:57,2025-05-01 18:38:57,Branch
216,Varsha Raj,Brother,664959023296095,SBIN0187574,Bank of Baroda,Savings,,varsha.raj233@example.com,,Active,1,2024-06-22 13:28:31,2024-06-23 18:38:31,Mobile App
839,Radha Merchant,Business,708849481743054,CNRB0590921,Kotak Mahindra Bank,Savings,2090137853,radha.merchant550@example.com,,Active,1,2024-02-06 11:31:28,2024-02-08 20:16:28,Internet Banking
855,Ekta Krishnamurthy,,7510475067274018,SBIN0818868,Union Bank of India,Savings,9327675329,ekta.krishnamurthy833@example.com,,Active,1,2026-08-03 23:29:39,2026-08-07 23:59:39,Mobile App
421,Bhavani Chowdhury,Friend,428553107510169,PUNB0568020,Punjab National Bank,Savings,1486931581,bhavani.chowdhury428@example.com,,Active,1,2025-03-14 04:11:52,2025-03-19 04:41:52,Mobile App
148,Ikbal Rana,Friend,5839727780038132,SBIN0494248,Yes Bank,Savings,8836080965,ikbal.rana915@example.com,,Active,1,2025-03-08 22:15:43,2025-03-15 19:00:43,Mobile App
112,Dayita Dey,,6901846496494425,HDFC0178256,Kotak Mahindra Bank,Savings,3323550347,dayita.dey261@example.com,,Active,1,2025-06-01 18:09:39,2025-06-04 07:32:39,Mobile App
828,Eiravati Zacharia,,2682326231327321,ICIC0069555,IDFC First Bank,Savings,9985173200,eiravati.zacharia661@example.com,,Active,1,2024-11-23 17:46:31,2024-11-27 03:26:31,Branch
973,Frado Char,Vendor,8295345863884876,ICIC0581517,Axis Bank,Savings,8372256118,frado.char357@example.com,fradochar91@paytm,Active,1,2024-07-24 06:59:05,2024-07-28 01:30:05,Mobile App
341,Bhavya Minhas,Dad,6588689374183839,INDB0734771,Canara Bank,Current,2864293188,bhavya.minhas630@example.com,,Active,1,2025-12-24 15:06:48,2025-12-30 22:55:48,Mobile App
694,Yug Amble,Dad,3337448252689830,CNRB0774298,ICICI Bank,Current,1637396046,yug.amble607@example.com,yugamble2525@okhdfcbank,Active,0,2024-10-11 04:15:58,,Branch
554,Wakeeta Murthy,Personal,8213740499589307,IDFB0607084,Axis Bank,Savings,1134277140,wakeeta.murthy323@example.com,wakeetamurthy4468@okicici,Active,1,2026-04-18 15:22:59,2026-04-19 04:26:59,Mobile App
94,Ati Zachariah,Friend,6494259384629488,IDFB0329206,HDFC Bank,Savings,5067900462,ati.zachariah643@example.com,atizachariah4781@okicici,Active,1,2025-07-21 10:52:42,2025-07-21 18:55:42,Internet Banking
774,Varsha Sule,Office,8310809047476784,UBIN0739105,IndusInd Bank,Savings,,varsha.sule321@example.com,,Active,1,2025-06-03 19:04:30,2025-06-05 11:25:30,Mobile App
281,Harshil Ramachandran,Home,32473384911589,YESB0652143,Bank of Baroda,Savings,5192682503,harshil.ramachandran892@example.com,,Active,1,2025-08-06 12:34:02,2025-08-12 14:42:02,Internet Banking
211,Neelima Dhillon,,5799040952808755,PUNB0435463,ICICI Bank,Savings,5771077959,neelima.dhillon856@example.com,,Active,1,2025-04-08 01:18:54,2025-04-14 16:28:54,Mobile App
297,Vamakshi Bahri,Home,9363638365851834,CNRB0551866,Union Bank of India,Current,0971321426,vamakshi.bahri241@example.com,,Inactive,0,2025-10-25 07:16:44,,Internet Banking
987,Tejas Chawla,,2037294503763641,CNRB0503972,Yes Bank,Savings,0295610637,tejas.chawla830@example.com,tejaschawla47@ybl,Active,1,2024-05-21 19:28:08,2024-05-28 07:17:08,Mobile App
534,Kamala Patla,Friend,6755896724023637,BARB0053578,Kotak Mahindra Bank,Savings,7407760222,kamala.patla128@example.com,,Active,1,2025-03-15 10:53:30,2025-03-16 16:06:30,Branch
354,Onveer Sachdev,,8346953625311757,HDFC0847858,Union Bank of India,Savings,8848025477,,onveersachdev8191@ybl,Active,1,2024-02-22 15:13:56,2024-02-24 04:41:56,Mobile App
734,Zayyan Deshmukh,Sister,7393486040436101,ICIC0635238,Kotak Mahindra Bank,Savings,0537239036,zayyan.deshmukh72@example.com,zayyandeshmukh203@okaxis,Active,1,2025-09-23 00:10:00,2025-09-27 15:03:00,Mobile App
982,Ladli Golla,Office,2082676565400145,BARB0139698,Union Bank of India,Savings,7859225541,,,Active,1,2025-04-23 22:12:27,2025-04-28 12:52:27,Branch
640,Zaid Sastry,Dad,1260168297721033,UBIN0145007,IDFC First Bank,Current,2781062372,zaid.sastry413@example.com,zaidsastry5389@paytm,Active,1,2026-01-07 04:57:30,2026-01-08 08:48:30,Branch
687,Hema Dayal,,5201085588463344,INDB0028541,Axis Bank,Savings,0961378638,hema.dayal564@example.com,,Active,1,2024-12-27 15:36:16,2024-12-30 00:14:16,Mobile App
404,Jack Bajaj,,1440347099236242,CNRB0656995,Bank of Baroda,Savings,1470569118,jack.bajaj711@example.com,jackbajaj4827@ybl,Active,1,2024-03-27 07:38:05,2024-03-27 16:07:05,Mobile App
19,Anya Sankar,,1732555007479425,BARB0487451,HDFC Bank,Savings,0260898339,anya.sankar153@example.com,,Active,1,2024-04-24 18:42:36,2024-04-26 02:17:36,Internet Banking
340,Ranveer Dutt,,2544787846024852,YESB0873446,Bank of Baroda,Savings,6601494659,,ranveerdutt1015@okaxis,Active,0,2024-12-24 21:44:25,,Mobile App
473,Zaid Mistry,Dad,4424933488602210,CNRB0764058,Union Bank of India,Savings,8509780557,,zaidmistry2990@okicici,Active,0,2024-08-15 08:00:53,,Mobile App
208,Vrishti Modi,,2299581115939085,BARB0618014,ICICI Bank,Current,7731393927,vrishti.modi31@example.com,,Active,1,2025-06-01 06:18:21,2025-06-05 14:55:21,Internet Banking
529,Tripti Kala,,2877908326566065,YESB0886970,Yes Bank,Savings,5315342274,tripti.kala265@example.com,triptikala3611@okicici,Active,0,2024-01-16 18:57:39,,Internet Banking
923,Tejas Murty,,5226861617387306,YESB0742006,Punjab National Bank,Current,,tejas.murty381@example.com,,Active,0,2024-12-10 14:46:05,,Internet Banking
124,Kritika Barad,,5496405544595639,IDFB0825803,State Bank of India,Savings,6135467621,kritika.barad236@example.com,,Active,1,2025-09-21 02:30:03,2025-09-22 02:13:03,Branch
841,Ijaya Sarna,Friend,4237286160416382,BARB0169418,Yes Bank,Savings,6267214053,ijaya.sarna598@example.com,ijayasarna6675@paytm,Inactive,1,2025-12-17 07:41:30,2025-12-21 16:33:30,Mobile App
400,Omya Sidhu,Home,253582659746057,CNRB0076201,Bank of Baroda,Savings,7551213754,omya.sidhu468@example.com,omyasidhu9292@okicici,Active,1,2024-01-23 20:45:20,2024-01-27 06:12:20,Mobile App
279,Jasmit Sur,Office,190044045281461,ICIC0737070,Union Bank of India,Savings,7261765995,,,Active,1,2024-02-16 22:43:34,2024-02-22 22:34:34,Mobile App
889,Osha Bahri,Mom,4799266548052368,IDFB0559703,Canara Bank,Current,9751436697,osha.bahri277@example.com,oshabahri9489@ybl,Active,1,2024-07-31 08:40:02,2024-08-03 09:47:02,Internet Banking
688,Agastya Mani,Home,2377686846211702,ICIC0918242,Yes Bank,Savings,0788086019,agastya.mani742@example.com,,Active,0,2026-08-09 12:10:58,,Internet Banking
50,Ekanta Bhattacharyya,Friend,803279866871946,INDB0828824,Punjab National Bank,Savings,0408533969,ekanta.bhattacharyya825@example.com,,Active,1,2026-03-29 11:41:46,2026-04-01 12:11:46,Mobile App
550,Yashodhara Bandi,,7352383049201366,ICIC0060212,IndusInd Bank,Savings,1311319993,yashodhara.bandi473@example.com,yashodharabandi4591@paytm,Active,0,2024-12-18 06:11:00,,Mobile App
266,Victor Varughese,,2682122684949459,CNRB0093951,IDFC First Bank,Savings,1357780528,victor.varughese643@example.com,victorvarughese920@okicici,Active,1,2026-03-02 18:36:42,2026-03-06 04:00:42,Mobile App
909,Rachit Saxena,Business,9272526457728360,INDB0027528,Axis Bank,Savings,8538528381,rachit.saxena133@example.com,rachitsaxena449@okhdfcbank,Active,1,2025-07-28 19:20:36,2025-08-03 14:01:36,Internet Banking
93,Bishakha Zacharia,,9567945018054656,SBIN0115230,Kotak Mahindra Bank,Savings,7534199490,bishakha.zacharia884@example.com,bishakhazacharia4970@okhdfcbank,Active,1,2024-11-19 05:06:57,2024-11-25 23:31:57,Mobile App
779,Mohammed Oak,,6355831808027297,PUNB0652699,Punjab National Bank,Current,5343120120,mohammed.oak913@example.com,mohammedoak5487@okicici,Active,1,2025-04-06 04:13:43,2025-04-07 16:48:43,Mobile App
823,Zashil Sur,Dad,2655878639843786,IDFB0423955,ICICI Bank,Savings,9700451428,zashil.sur367@example.com,zashilsur9475@okicici,Active,1,2026-02-01 05:10:02,2026-02-07 01:44:02,Mobile App
734,Manan Dada,Brother,9389193244312966,IDFB0422180,IndusInd Bank,Savings,5238019948,manan.dada880@example.com,manandada9815@okicici,Inactive,1,2025-08-08 17:06:13,2025-08-08 18:32:13,Internet Banking
799,Oliver Malhotra,,8005803893501446,YESB0291433,IndusInd Bank,Current,3458209174,oliver.malhotra974@example.com,olivermalhotra8597@ybl,Inactive,1,2025-03-19 15:48:51,2025-03-23 01:50:51,Branch
919,Lavanya Mukherjee,Mom,8702007344091854,UTIB0006734,Yes Bank,Savings,0565832059,lavanya.mukherjee911@example.com,lavanyamukherjee4954@okaxis,Active,1,2025-11-22 17:17:31,2025-11-25 11:34:31,Mobile App
553,Yashoda Samra,Home,5957272295322856,YESB0345320,ICICI Bank,Savings,9066950583,yashoda.samra778@example.com,,Active,1,2024-07-18 18:47:58,2024-07-24 02:08:58,Mobile App
546,Quincy Koshy,Personal,7585349134057639,CNRB0541705,HDFC Bank,Savings,4822117742,quincy.koshy712@example.com,quincykoshy826@oksbi,Active,1,2025-12-07 16:30:38,2025-12-10 18:19:38,Mobile App
75,Omya Varty,Sister,598692227510682,PUNB0468286,Axis Bank,Savings,0961455368,omya.varty46@example.com,,Inactive,1,2026-01-22 08:20:29,2026-01-28 03:26:29,Internet Banking
489,Siya Zacharia,Personal,9123712520359695,IDFB0560684,IDFC First Bank,Savings,6861798174,,siyazacharia2039@ybl,Active,0,2026-07-29 04:44:44,,Mobile App
370,Barkha Kamdar,,4373818050353902,IDFB0988696,Yes Bank,Savings,4090355343,barkha.kamdar43@example.com,,Active,1,2024-11-08 12:55:16,2024-11-11 21:39:16,Branch
703,Janani Som,,1671437252840729,HDFC0985022,Union Bank of India,Savings,7553401378,janani.som471@example.com,jananisom2494@oksbi,Active,1,2025-06-21 23:47:46,2025-06-24 18:09:46,Mobile App
535,Caleb Yogi,Home,9131866983222667,YESB0719601,HDFC Bank,Savings,,caleb.yogi605@example.com,,Blocked,1,2026-03-20 17:44:21,2026-03-24 09:33:21,Mobile App
447,Wahab Solanki,,103404792415258,YESB0198292,Canara Bank,Current,6683199527,wahab.solanki844@example.com,wahabsolanki3310@paytm,Inactive,1,2026-02-01 14:48:19,2026-02-04 05:22:19,Mobile App
846,Parth Bhargava,Business,3104914872063896,YESB0141479,Bank of Baroda,Savings,2906908845,parth.bhargava882@example.com,parthbhargava5905@paytm,Active,1,2026-04-25 16:07:35,2026-04-25 18:05:35,Mobile App
923,Nitesh Korpal,,3184924347461691,UBIN0378131,Union Bank of India,Current,6032174825,nitesh.korpal248@example.com,niteshkorpal2994@okaxis,Active,0,2024-06-09 15:44:03,,Mobile App
378,Dhruv Mukhopadhyay,,6790270732792013,SBIN0465792,State Bank of India,Savings,2323027248,dhruv.mukhopadhyay756@example.com,dhruvmukhopadhyay862@okhdfcbank,Active,1,2025-04-07 02:42:02,2025-04-08 21:12:02,Mobile App
866,Lakshmi Ramakrishnan,Home,2046023224295341,YESB0944033,ICICI Bank,Savings,9392200049,lakshmi.ramakrishnan283@example.com,lakshmiramakrishnan9541@ybl,Active,1,2025-03-07 07:47:27,2025-03-13 04:19:27,Internet Banking
199,Pahal Saraf,Sister,3668370676042810,IDFB0065989,ICICI Bank,Savings,,,pahalsaraf1745@paytm,Active,1,2025-09-20 15:24:14,2025-09-26 14:19:14,Internet Banking
498,Vinaya Rau,Sister,8785496289596821,CNRB0154998,ICICI Bank,Savings,8922032480,,vinayarau487@okhdfcbank,Active,0,2024-08-13 02:14:13,,Internet Banking
992,Onveer Borra,Business,3886051532663640,UBIN0629329,Kotak Mahindra Bank,Savings,7083381923,onveer.borra73@example.com,onveerborra3771@okicici,Active,1,2024-09-19 08:25:36,2024-09-25 08:57:36,Mobile App
499,Rohan Reddy,,486792079449020,CNRB0723033,Punjab National Bank,Savings,8933673436,rohan.reddy680@example.com,,Active,0,2026-08-12 19:42:59,,Mobile App
174,Samar Karnik,Business,4432073418793287,KKBK0975082,Punjab National Bank,Savings,2158823736,samar.karnik448@example.com,samarkarnik5446@okaxis,Active,1,2026-04-24 05:14:04,2026-04-26 13:56:04,Internet Banking
408,Jyoti Vaidya,,9313213596601434,INDB0822918,Kotak Mahindra Bank,Savings,0893690419,jyoti.vaidya849@example.com,jyotivaidya7064@okhdfcbank,Inactive,1,2025-12-10 07:56:36,2025-12-11 11:31:36,Mobile App
649,Zarna Mitter,Personal,4603166228312474,IDFB0104763,Canara Bank,Savings,7278659694,zarna.mitter822@example.com,zarnamitter6263@okaxis,Active,1,2024-04-30 04:45:01,2024-05-03 16:38:01,Mobile App
446,Yug Mammen,Vendor,2041104607991006,BARB0583539,Punjab National Bank,Savings,5142527074,yug.mammen639@example.com,yugmammen8634@okicici,Active,1,2024-05-04 11:25:27,2024-05-05 02:37:27,Mobile App
22,Vyanjana Bava,Dad,4218895776459153,SBIN0967421,ICICI Bank,Savings,,vyanjana.bava322@example.com,,Active,1,2024-05-14 16:28:07,2024-05-18 03:04:07,Mobile App
619,Rayaan Dass,Mom,6130322689262273,IDFB0448372,Axis Bank,Savings,,rayaan.dass962@example.com,,Active,1,2024-03-15 06:07:59,2024-03-18 22:20:59,Internet Banking
745,Nitesh Jani,Home,1257428803315962,PUNB0362616,Bank of Baroda,Savings,8732684056,,,Inactive,1,2024-06-15 03:26:04,2024-06-19 13:21:04,Mobile App
586,Ekansh Thakur,Vendor,5994142732723435,SBIN0448954,IndusInd Bank,Savings,3331335731,,,Active,1,2026-04-28 05:48:38,2026-04-29 12:22:38,Internet Banking
315,Ethan Mittal,,8370683156814694,YESB0281907,Kotak Mahindra Bank,Savings,3079199294,ethan.mittal802@example.com,ethanmittal739@okaxis,Active,0,2026-05-23 14:47:01,,Internet Banking
717,Chaitaly Wadhwa,Friend,6070845114679706,ICIC0394368,Kotak Mahindra Bank,Current,2909212294,chaitaly.wadhwa748@example.com,chaitalywadhwa4739@oksbi,Active,1,2024-07-05 20:49:40,2024-07-12 07:00:40,Internet Banking
556,Jeevika Bhandari,,6374048137141297,UBIN0211875,Axis Bank,Savings,,,,Active,1,2024-07-10 08:46:34,2024-07-11 18:31:34,Internet Banking
812,Chavvi Solanki,Brother,2545781345969701,IDFB0863033,Bank of Baroda,Savings,8663043228,chavvi.solanki641@example.com,chavvisolanki6099@okicici,Active,1,2026-07-09 21:30:49,2026-07-11 23:07:49,Mobile App
695,Darika Savant,Vendor,9502189459072595,BARB0494416,IDFC First Bank,Savings,4930644798,darika.savant836@example.com,darikasavant7957@oksbi,Blocked,1,2024-05-29 06:56:55,2024-06-04 11:56:55,Branch
417,Adya Bajaj,,6659154887969912,YESB0327596,Canara Bank,Savings,6303950273,adya.bajaj571@example.com,adyabajaj4117@oksbi,Active,1,2024-06-12 23:41:28,2024-06-14 15:23:28,Mobile App
627,Max Lanka,,9148078036754347,INDB0076047,Punjab National Bank,Savings,6885395852,max.lanka560@example.com,,Active,1,2025-11-28 15:29:37,2025-12-05 08:34:37,Branch
283,Meghana Chhabra,,6033145039895133,HDFC0289404,HDFC Bank,Savings,9573894059,meghana.chhabra541@example.com,,Active,1,2025-06-09 23:52:13,2025-06-16 17:46:13,Mobile App
358,Sneha Dani,Sister,6892333006448178,INDB0114751,Yes Bank,Savings,7384059898,,snehadani4741@paytm,Active,1,2025-04-01 14:32:29,2025-04-04 00:26:29,Mobile App
19,Vanya Raja,,36078720449289,UTIB0104085,IndusInd Bank,Current,2649348683,,,Inactive,0,2025-03-19 00:23:36,,Mobile App
559,Praneel Aurora,Office,2359954122638718,INDB0961586,ICICI Bank,Savings,8670024757,praneel.aurora517@example.com,praneelaurora9823@oksbi,Active,1,2024-05-10 18:15:49,2024-05-12 04:03:49,Mobile App
835,Pushti Barad,Office,6154932430241879,UBIN0538827,State Bank of India,Savings,7579952449,pushti.barad628@example.com,pushtibarad3399@oksbi,Active,1,2025-06-18 02:23:39,2025-06-24 18:56:39,Branch
321,Charita Narain,Vendor,8292882272146862,KKBK0640634,State Bank of India,Savings,1182517436,charita.narain288@example.com,charitanarain904@okaxis,Active,1,2024-04-30 19:39:05,2024-05-05 20:02:05,Mobile App
216,Wishi Butala,Brother,8026082625438491,PUNB0323159,Yes Bank,Savings,5484135154,wishi.butala112@example.com,,Active,0,2026-05-05 06:01:29,,Mobile App
505,Anay Chaudhari,Vendor,8736482802404321,UTIB0834448,Union Bank of India,Savings,8443944638,anay.chaudhari860@example.com,anaychaudhari2520@okhdfcbank,Inactive,1,2024-05-09 05:03:52,2024-05-11 13:12:52,Mobile App
265,Harinakshi Tara,Friend,2380262948982688,ICIC0335528,ICICI Bank,Savings,9078147971,,,Active,1,2024-12-01 06:16:46,2024-12-02 03:00:46,Branch
659,Krish Brar,,7445084707097109,PUNB0087854,Yes Bank,Savings,7818807710,krish.brar729@example.com,krishbrar1110@ybl,Active,0,2025-02-12 03:04:50,,Branch
552,Zaid Chopra,Mom,7654497519526393,UBIN0214752,IndusInd Bank,Savings,9035968875,zaid.chopra380@example.com,zaidchopra5112@paytm,Active,1,2024-04-14 00:03:14,2024-04-14 11:43:14,Mobile App
179,Umang Dugar,Vendor,2621361117820319,ICIC0955319,HDFC Bank,Savings,1514174336,,umangdugar3773@okhdfcbank,Inactive,1,2024-03-31 03:48:57,2024-04-06 19:26:57,Mobile App
945,Forum Krishnamurthy,Friend,9539553901371808,SBIN0425448,Union Bank of India,Savings,9503913498,forum.krishnamurthy511@example.com,forumkrishnamurthy9234@paytm,Active,1,2024-02-17 03:23:15,2024-02-23 10:20:15,Internet Banking
710,Charvi Pillai,Friend,8954450681321987,YESB0404829,Axis Bank,Current,4791363637,charvi.pillai20@example.com,charvipillai4655@ybl,Inactive,1,2025-05-10 04:05:53,2025-05-16 04:00:53,Internet Banking
121,Dipta Cherian,Office,7065131842137744,CNRB0788823,HDFC Bank,Savings,5071687590,dipta.cherian185@example.com,,Active,1,2024-07-02 04:56:32,2024-07-06 11:35:32,Mobile App
595,Jagdish Majumdar,Friend,9562446016632990,INDB0321221,Canara Bank,Current,0564013131,jagdish.majumdar274@example.com,jagdishmajumdar9640@oksbi,Active,1,2024-05-26 08:00:04,2024-05-27 06:21:04,Mobile App
139,Yahvi Date,,3072103262656438,INDB0156032,HDFC Bank,Savings,9595175344,,,Active,1,2024-07-04 05:47:15,2024-07-08 07:19:15,Branch
491,Madhavi Bhandari,Mom,3621340648672620,IDFB0083150,Axis Bank,Savings,4774691951,madhavi.bhandari969@example.com,,Active,1,2025-11-23 18:34:17,2025-11-25 08:04:17,Mobile App
757,Timothy Chauhan,,3176889924240591,ICIC0404811,Union Bank of India,Savings,7639999304,timothy.chauhan648@example.com,,Active,1,2026-04-05 01:11:44,2026-04-07 05:50:44,Internet Banking
891,Aashi Nanda,,7975099577096565,ICIC0549764,Axis Bank,Current,,aashi.nanda203@example.com,aashinanda5378@okicici,Active,1,2026-08-11 02:00:48,2026-08-12 03:34:48,Mobile App
222,Panini Garde,Business,4010221796503692,INDB0133976,Axis Bank,Savings,7778601556,,,Inactive,1,2024-07-22 18:49:08,2024-07-26 14:57:08,Mobile App
721,Udarsh Shere,,7022722164462473,IDFB0573570,Kotak Mahindra Bank,Savings,,,,Inactive,0,2024-05-23 06:57:12,,Mobile App
300,Vasatika Kala,Mom,6243991896144226,BARB0854869,Kotak Mahindra Bank,Savings,5917626278,,vasatikakala5509@ybl,Active,0,2024-12-07 03:02:18,,Mobile App
110,Megha Lad,Dad,2534887157044043,UTIB0747447,IDFC First Bank,Savings,7608575085,megha.lad666@example.com,,Active,1,2025-08-11 14:16:47,2025-08-11 17:43:47,Mobile App
789,Rushil Tata,Office,5293775460879309,KKBK0414702,Bank of Baroda,Savings,,rushil.tata272@example.com,rushiltata1732@paytm,Active,0,2025-11-19 10:56:05,,Mobile App
928,Eiravati Pandey,,2854195310233755,KKBK0172492,Yes Bank,Savings,7834753045,eiravati.pandey470@example.com,,Active,1,2026-04-20 17:06:31,2026-04-21 18:36:31,Internet Banking
938,Chaaya Kamdar,Personal,7706475859497235,YESB0946974,HDFC Bank,Current,9710801113,,,Inactive,1,2026-06-21 03:43:48,2026-06-23 07:05:48,Branch
463,Yahvi Bhagat,Business,1040390609250056,UTIB0793638,Bank of Baroda,Savings,8020862236,yahvi.bhagat439@example.com,,Active,1,2026-03-12 14:15:52,2026-03-19 12:29:52,Mobile App
346,Samesh Arya,Vendor,4510806278051732,CNRB0501605,Canara Bank,Savings,7071097125,samesh.arya85@example.com,samesharya528@okaxis,Active,1,2025-06-21 23:45:41,2025-06-26 10:47:41,Mobile App
27,Hamsini Borde,,4156984041197744,YESB0196844,ICICI Bank,Current,3897069514,hamsini.borde134@example.com,,Active,1,2025-09-30 03:50:35,2025-10-04 21:33:35,Internet Banking
322,Damini Dewan,,2639555568293483,ICIC0088153,Punjab National Bank,Savings,0630594052,,daminidewan3340@paytm,Active,1,2024-04-02 17:31:11,2024-04-08 14:34:11,Mobile App
579,Vincent Pal,Business,8502550160835425,PUNB0195153,Union Bank of India,Savings,2180498309,,vincentpal630@okhdfcbank,Active,1,2025-06-18 00:15:40,2025-06-24 12:04:40,Internet Banking
674,Advik Srinivas,,8851129757896505,INDB0101121,Union Bank of India,Savings,1698660623,advik.srinivas913@example.com,,Active,1,2024-03-31 05:59:08,2024-04-02 18:36:08,Mobile App
370,Qushi Shroff,,312728569039770,PUNB0999628,State Bank of India,Savings,7206265157,qushi.shroff939@example.com,qushishroff3459@okicici,Active,0,2024-12-20 15:51:29,,Mobile App
528,Aashi Wadhwa,,1015347922444868,INDB0343366,Axis Bank,Current,5123896552,aashi.wadhwa333@example.com,,Active,1,2024-12-04 04:17:09,2024-12-09 02:17:09,Mobile App
746,Isaac Setty,Friend,8529274105388429,UTIB0193895,Canara Bank,Savings,0971166326,isaac.setty764@example.com,,Active,1,2026-07-21 05:58:22,2026-07-27 01:42:22,Internet Banking
546,Vaishnavi Dada,Personal,591966594270548,UBIN0404904,Union Bank of India,Savings,5786135443,vaishnavi.dada640@example.com,vaishnavidada4249@ybl,Inactive,1,2026-06-17 16:15:29,2026-06-22 22:27:29,Internet Banking
87,Yug Khalsa,Friend,8036424970217192,BARB0909407,Punjab National Bank,Savings,0542694364,yug.khalsa979@example.com,,Inactive,1,2026-06-06 08:14:09,2026-06-10 13:08:09,Mobile App
57,Arya Vora,Home,1797795652402375,PUNB0474381,Union Bank of India,Savings,7310493186,arya.vora606@example.com,aryavora9196@oksbi,Active,1,2026-07-01 13:44:57,2026-07-05 01:30:57,Mobile App
620,Chaitanya Sha,Mom,594117828238651,SBIN0895621,HDFC Bank,Savings,9578346526,chaitanya.sha72@example.com,chaitanyasha9991@oksbi,Active,1,2026-08-12 22:46:36,2026-08-15 19:50:36,Branch
363,Noah Mand,,7318573532367202,YESB0539394,Union Bank of India,Savings,5569294729,noah.mand665@example.com,noahmand422@okhdfcbank,Active,1,2025-01-11 01:33:41,2025-01-17 01:23:41,Mobile App
977,Ekani Parmar,Friend,5421976980498416,UTIB0341898,ICICI Bank,Savings,5739651486,ekani.parmar587@example.com,ekaniparmar9002@okicici,Active,1,2026-07-13 16:43:09,2026-07-20 03:18:09,Mobile App
547,Dayita Nigam,Vendor,4908784366773787,PUNB0729622,IDFC First Bank,Current,2480276686,dayita.nigam220@example.com,dayitanigam4516@oksbi,Active,1,2025-09-03 06:12:34,2025-09-08 16:39:34,Mobile App
540,Ronith Sarraf,Dad,2369006193635047,UBIN0207138,Union Bank of India,Savings,8345401842,ronith.sarraf435@example.com,ronithsarraf8871@okaxis,Active,1,2025-03-18 19:28:10,2025-03-19 13:45:10,Mobile App
750,Janaki Pathak,,567613972104566,BARB0105284,IDFC First Bank,Savings,8490804416,janaki.pathak271@example.com,janakipathak8167@paytm,Active,1,2024-08-24 09:40:14,2024-08-29 13:45:14,Internet Banking
142,Charita Sidhu,Business,6999715230557158,INDB0081348,State Bank of India,Savings,6440064676,charita.sidhu897@example.com,charitasidhu9923@ybl,Active,1,2024-12-07 11:44:59,2024-12-11 15:30:59,Mobile App
471,Robert Choudhary,,5873054030593358,HDFC0705691,Bank of Baroda,Current,2985737202,robert.choudhary549@example.com,robertchoudhary5239@okicici,Active,0,2026-06-21 02:25:17,,Mobile App
162,Hemani Narang,Home,9623806642047189,BARB0070806,Canara Bank,Current,,,,Active,1,2024-05-11 15:59:21,2024-05-16 16:07:21,Internet Banking
388,Jagvi Rai,Office,5227605122646197,BARB0130882,Union Bank of India,Savings,2260383254,jagvi.rai974@example.com,,Active,1,2024-02-04 23:21:54,2024-02-10 00:11:54,Internet Banking
714,Aarush Saxena,,576469602544117,YESB0684120,Kotak Mahindra Bank,Savings,9564253553,aarush.saxena719@example.com,aarushsaxena1105@okaxis,Active,1,2025-08-22 14:05:18,2025-08-22 14:11:18,Mobile App
535,Yauvani Nazareth,Office,7234713259146358,KKBK0893735,IndusInd Bank,Current,5009533407,yauvani.nazareth650@example.com,yauvaninazareth9785@ybl,Active,1,2024-08-29 18:19:23,2024-09-02 07:36:23,Mobile App
790,Indali Solanki,Brother,6720575867190419,UTIB0467996,Axis Bank,Savings,6201138789,indali.solanki124@example.com,,Active,1,2026-06-21 23:32:01,2026-06-26 03:24:01,Internet Banking
550,Sathvik Mall,,4185932704673872,SBIN0442743,Union Bank of India,Savings,,sathvik.mall198@example.com,,Inactive,0,2025-01-04 10:40:13,,Internet Banking
854,Nakul Patel,,7545481246081057,IDFB0355948,Yes Bank,Savings,6344589483,nakul.patel888@example.com,nakulpatel7205@okhdfcbank,Inactive,1,2024-09-15 07:28:23,2024-09-18 18:50:23,Mobile App
370,Banjeet Kata,Friend,5593422463004017,ICIC0920507,Punjab National Bank,Savings,7473504004,,banjeetkata3292@paytm,Active,1,2026-01-28 18:48:46,2026-02-01 07:28:46,Mobile App
591,Om Raval,Vendor,7958075633061475,HDFC0692576,HDFC Bank,Savings,6341791556,om.raval397@example.com,,Active,1,2024-09-02 00:11:32,2024-09-03 17:26:32,Internet Banking
975,Elijah Trivedi,,556222400516201,INDB0266639,Yes Bank,Savings,,elijah.trivedi77@example.com,elijahtrivedi5210@okicici,Inactive,1,2024-05-22 23:39:22,2024-05-28 14:59:22,Mobile App
477,Rajeshri Chada,,166196912906231,SBIN0607749,Kotak Mahindra Bank,Current,7599123588,rajeshri.chada865@example.com,rajeshrichada8523@okaxis,Active,1,2025-09-24 09:55:56,2025-09-25 13:21:56,Internet Banking
142,Akshay Doctor,Home,6291604299885097,INDB0605769,HDFC Bank,Savings,3730265818,akshay.doctor685@example.com,,Active,1,2024-07-12 23:56:02,2024-07-13 10:10:02,Internet Banking
582,Yashvi Garde,,8285840585019448,SBIN0045105,IDFC First Bank,Savings,4075903488,yashvi.garde765@example.com,yashvigarde1597@oksbi,Active,1,2025-04-23 10:19:24,2025-04-23 12:25:24,Internet Banking
96,Chaaya Pandya,Dad,589406982205081,ICIC0918268,Yes Bank,Savings,5703669751,chaaya.pandya533@example.com,,Active,1,2024-03-20 05:14:48,2024-03-24 20:19:48,Internet Banking
501,Chaitaly Gulati,Brother,3336607129607000,UBIN0902642,Axis Bank,Current,2162956362,chaitaly.gulati275@example.com,chaitalygulati1446@oksbi,Active,0,2024-12-04 23:12:53,,Mobile App
850,Frado Thakkar,Dad,5725715340617268,HDFC0977006,Punjab National Bank,Savings,5240406854,,fradothakkar7310@oksbi,Active,1,2024-03-09 22:00:16,2024-03-15 13:09:16,Mobile App
665,Hemal Bath,Brother,5995045928898409,KKBK0662866,State Bank of India,Current,4730593119,,,Active,1,2025-10-17 21:48:53,2025-10-21 16:00:53,Internet Banking
378,Qadim Tailor,,4170899322852568,BARB0764768,HDFC Bank,Savings,7534318400,qadim.tailor663@example.com,,Active,1,2025-03-21 01:48:06,2025-03-22 22:24:06,Internet Banking
418,Forum Nayak,,6675137164907186,UBIN0612565,IndusInd Bank,Savings,2471306018,forum.nayak101@example.com,,Active,1,2025-08-30 13:06:46,2025-09-06 03:11:46,Mobile App
640,Pallavi Balakrishnan,,9066639680885051,INDB0240326,Union Bank of India,Current,7092261717,,pallavibalakrishnan4108@okicici,Active,1,2025-03-07 12:33:18,2025-03-12 23:43:18,Mobile App
623,Rajata Mani,Personal,9430652858667418,PUNB0013750,IDFC First Bank,Savings,,rajata.mani24@example.com,rajatamani4077@oksbi,Inactive,1,2024-07-15 23:07:14,2024-07-17 17:46:14,Internet Banking
924,Theodore Solanki,Mom,334075286529809,ICIC0315506,HDFC Bank,Current,4149990705,theodore.solanki266@example.com,theodoresolanki224@okaxis,Active,0,2025-03-13 09:31:44,,Internet Banking
169,Meera Shukla,Mom,2361257311687027,BARB0856568,Canara Bank,Savings,1708751214,meera.shukla994@example.com,,Active,1,2024-12-03 04:56:47,2024-12-09 17:18:47,Mobile App
198,Divya Rama,,5152271672769556,CNRB0719651,IndusInd Bank,Savings,,,divyarama3350@paytm,Inactive,0,2025-10-26 09:52:00,,Internet Banking
955,Upasna Parmar,Brother,683663889466403,SBIN0528318,Canara Bank,Savings,0935300705,upasna.parmar296@example.com,upasnaparmar5570@paytm,Active,1,2024-02-15 01:11:53,2024-02-17 06:21:53,Mobile App
347,Lavanya Devi,,4769378762970155,CNRB0644659,Canara Bank,Savings,8421798977,lavanya.devi327@example.com,lavanyadevi3645@paytm,Active,1,2026-06-30 05:18:03,2026-07-05 17:03:03,Mobile App
130,Januja Biswas,Business,1699362962284650,HDFC0749047,Kotak Mahindra Bank,Savings,9678313464,januja.biswas881@example.com,,Active,0,2025-07-15 04:37:56,,Mobile App
79,Ekiya Vig,Personal,8335056823122390,INDB0158505,Bank of Baroda,Savings,9238229109,ekiya.vig920@example.com,ekiyavig9903@okaxis,Active,1,2024-08-30 05:39:09,2024-09-02 08:50:09,Mobile App
610,Harsh Tara,Dad,8427949854296275,BARB0447087,State Bank of India,Savings,6747936626,harsh.tara156@example.com,,Inactive,0,2024-06-18 00:56:05,,Branch
192,Bhavani Dasgupta,Sister,2369609816365221,UBIN0048207,IndusInd Bank,Savings,,bhavani.dasgupta386@example.com,bhavanidasgupta5513@paytm,Inactive,1,2024-10-17 08:49:35,2024-10-21 08:13:35,Internet Banking
443,Viraj Pathak,Friend,3554071980221514,IDFB0822773,ICICI Bank,Savings,5222101618,viraj.pathak553@example.com,virajpathak3684@okhdfcbank,Active,1,2025-05-07 23:57:12,2025-05-12 17:19:12,Mobile App
593,Ishanvi Dugar,Brother,982434281865785,UBIN0235835,Union Bank of India,Savings,5844052736,ishanvi.dugar471@example.com,ishanvidugar2097@ybl,Active,1,2025-07-15 07:59:40,2025-07-21 09:11:40,Branch
27,Ati Mand,Business,2593035280961221,KKBK0185964,Axis Bank,Savings,2159180858,ati.mand975@example.com,atimand2469@oksbi,Active,1,2026-02-21 03:04:48,2026-02-22 08:03:48,Mobile App
632,Vasatika Tella,Home,145620423740480,UBIN0031784,Axis Bank,Savings,,vasatika.tella666@example.com,,Active,1,2025-07-14 07:13:23,2025-07-18 14:30:23,Mobile App
864,Yagnesh Yadav,Dad,1763577814848312,CNRB0835848,Kotak Mahindra Bank,Current,,yagnesh.yadav730@example.com,yagneshyadav8081@oksbi,Active,1,2026-07-28 15:43:44,2026-07-30 03:19:44,Mobile App
117,Brijesh Sarma,Personal,2082635850061544,CNRB0041191,Yes Bank,Savings,8725616254,brijesh.sarma237@example.com,,Active,1,2024-09-29 21:29:06,2024-09-30 02:09:06,Mobile App
16,Krishna Verma,Personal,2561195205794617,UTIB0544922,IndusInd Bank,Savings,0166403334,krishna.verma379@example.com,krishnaverma4422@oksbi,Active,1,2024-09-16 14:06:23,2024-09-21 07:59:23,Mobile App
258,Isaac Bhatt,Friend,8096732405685489,UBIN0886419,Union Bank of India,Savings,7260542174,isaac.bhatt443@example.com,isaacbhatt4463@okhdfcbank,Active,1,2025-07-26 21:41:09,2025-07-30 19:36:09,Mobile App
400,Vanya Soni,,6294728909912752,IDFB0339764,Axis Bank,Current,3135953663,vanya.soni86@example.com,vanyasoni6218@oksbi,Active,0,2026-04-28 07:56:59,,Mobile App
624,Ayaan Khosla,Mom,4853056845344111,BARB0968408,HDFC Bank,Savings,3657141456,ayaan.khosla954@example.com,,Active,1,2026-07-25 05:40:45,2026-07-31 00:34:45,Internet Banking
577,Ikbal Apte,Home,1885442610634999,CNRB0784071,ICICI Bank,Savings,8204534397,ikbal.apte651@example.com,ikbalapte1239@okaxis,Active,1,2025-06-19 07:43:27,2025-06-24 20:01:27,Internet Banking
72,Sachi Khanna,Brother,4524365136980479,CNRB0456053,Bank of Baroda,Savings,7799876270,sachi.khanna452@example.com,sachikhanna96@oksbi,Active,1,2025-06-06 15:40:10,2025-06-07 16:33:10,Mobile App
158,Anusha Acharya,Vendor,2276898048883004,IDFB0155003,Canara Bank,Savings,0361785331,anusha.acharya288@example.com,anushaacharya9631@okaxis,Active,1,2026-03-29 02:11:03,2026-04-04 21:37:03,Mobile App
836,Isha Balasubramanian,Dad,4812203278688713,UBIN0490098,IDFC First Bank,Savings,3947724223,isha.balasubramanian83@example.com,,Active,1,2024-02-28 12:46:47,2024-03-05 20:14:47,Mobile App
299,Zaitra Varughese,Office,3815725070981549,YESB0508429,ICICI Bank,Savings,,zaitra.varughese532@example.com,zaitravarughese2104@paytm,Inactive,0,2024-01-13 04:18:47,,Mobile App
700,Qasim Sarma,Dad,3348288346533158,PUNB0597014,Axis Bank,Savings,1284758273,qasim.sarma281@example.com,qasimsarma3485@okhdfcbank,Active,1,2026-07-20 06:52:59,2026-07-22 19:01:59,Mobile App
248,Hemang Murthy,Brother,3831881211947630,PUNB0577908,Kotak Mahindra Bank,Savings,2323104173,,hemangmurthy2233@okicici,Active,1,2026-02-21 16:10:27,2026-02-22 13:28:27,Internet Banking
211,Dev Din,Home,9196111051405736,INDB0664221,IndusInd Bank,Current,8228674648,dev.din45@example.com,devdin2128@oksbi,Active,1,2026-01-12 01:52:23,2026-01-16 08:28:23,Mobile App
365,Oscar Sahni,Friend,7513679318424716,SBIN0887071,Yes Bank,Savings,,oscar.sahni638@example.com,,Active,1,2024-10-07 04:07:26,2024-10-07 04:55:26,Mobile App
989,Rohan Rege,Business,121247779920789,IDFB0553411,Punjab National Bank,Savings,0479348588,rohan.rege297@example.com,,Active,1,2026-07-16 11:49:01,2026-07-16 23:53:01,Internet Banking
834,Harita Sule,Vendor,3636146436890623,CNRB0034141,IDFC First Bank,Savings,9025459309,harita.sule141@example.com,,Active,1,2025-01-05 08:15:16,2025-01-09 20:42:16,Mobile App
606,Anthony Naik,,5803685203235764,YESB0792875,Canara Bank,Current,7684296820,anthony.naik683@example.com,anthonynaik3313@okhdfcbank,Active,1,2024-03-19 22:26:07,2024-03-23 04:35:07,Mobile App
526,Bhavya Madan,Sister,8132570167026465,KKBK0128478,Union Bank of India,Savings,9426297467,bhavya.madan251@example.com,bhavyamadan6983@okaxis,Active,1,2026-03-19 16:22:57,2026-03-23 11:43:57,Mobile App
46,Amara Seshadri,Friend,9153035641900220,BARB0220640,Bank of Baroda,Savings,3718750641,amara.seshadri871@example.com,amaraseshadri9873@okaxis,Active,1,2024-11-02 05:18:18,2024-11-05 06:35:18,Mobile App
187,Ekantika Subramaniam,,9556610385180250,INDB0958335,Axis Bank,Savings,8333357609,ekantika.subramaniam678@example.com,,Active,0,2026-07-12 15:34:35,,Mobile App
620,Urmi Shere,Business,4736104322857836,HDFC0421206,Union Bank of India,Savings,2211272232,urmi.shere60@example.com,urmishere6184@okhdfcbank,Active,1,2024-01-24 13:30:42,2024-01-25 12:55:42,Internet Banking
668,Zayyan Madan,Friend,7801140796474504,PUNB0665562,HDFC Bank,Savings,3935708440,,,Active,1,2025-01-24 09:54:23,2025-01-28 14:14:23,Mobile App
867,Osha Jaggi,Dad,4786423138160302,YESB0280704,IndusInd Bank,Savings,2955687117,osha.jaggi174@example.com,,Active,1,2026-01-18 22:26:41,2026-01-21 05:14:41,Internet Banking
114,Max Dua,Vendor,5974079038100497,SBIN0483511,Axis Bank,Savings,2728037117,max.dua412@example.com,maxdua4529@okicici,Blocked,1,2026-05-09 17:14:43,2026-05-12 22:24:43,Mobile App
857,Nathaniel Kuruvilla,Friend,3906884893807139,CNRB0741494,Punjab National Bank,Savings,3278573749,nathaniel.kuruvilla196@example.com,,Inactive,1,2026-02-06 01:49:53,2026-02-12 16:25:53,Branch
415,Hemang Vyas,Dad,7936403358328816,HDFC0062189,Union Bank of India,Savings,,hemang.vyas491@example.com,hemangvyas532@okhdfcbank,Active,1,2025-07-21 05:25:21,2025-07-23 10:54:21,Mobile App
830,Yoshita Patla,,5124837911471970,CNRB0968369,IDFC First Bank,Savings,0435893989,yoshita.patla100@example.com,yoshitapatla8677@oksbi,Active,1,2024-11-20 07:05:31,2024-11-24 03:46:31,Internet Banking
306,Irya Pillai,Brother,3187159571319478,INDB0749526,ICICI Bank,Savings,8852747713,irya.pillai55@example.com,,Active,0,2025-03-21 03:17:45,,Mobile App
345,Bishakha Vala,Friend,1284406146876067,BARB0320228,Yes Bank,Savings,2168168805,bishakha.vala228@example.com,,Active,1,2024-04-30 12:09:32,2024-05-02 12:55:32,Mobile App
351,Nisha Deo,,1525046023999889,UBIN0260104,Kotak Mahindra Bank,Savings,0496844006,nisha.deo716@example.com,,Active,0,2025-09-03 23:15:40,,Mobile App
159,Wahab Narayanan,,8436908236593031,INDB0325163,ICICI Bank,Savings,1148789482,wahab.narayanan610@example.com,wahabnarayanan6962@okaxis,Active,1,2024-02-24 22:28:26,2024-02-25 07:54:26,Internet Banking
875,Ishani Majumdar,Dad,9314593672911207,KKBK0302988,Yes Bank,Current,3174642775,ishani.majumdar150@example.com,ishanimajumdar3620@okhdfcbank,Inactive,1,2026-08-09 23:40:54,2026-08-14 17:07:54,Branch
97,Ria Bhatt,Mom,8596955490804569,KKBK0159977,ICICI Bank,Savings,9428154809,ria.bhatt387@example.com,riabhatt4508@okaxis,Active,1,2025-10-29 00:55:53,2025-10-30 23:01:53,Internet Banking
951,Lakshit Sidhu,Vendor,6509935392840218,HDFC0252015,Union Bank of India,Savings,2760454265,lakshit.sidhu348@example.com,lakshitsidhu4150@oksbi,Active,1,2025-03-24 01:01:30,2025-03-26 22:56:30,Mobile App
404,Chanakya Dayal,,866804551219655,CNRB0247293,IndusInd Bank,Savings,2938118782,chanakya.dayal942@example.com,chanakyadayal3669@oksbi,Active,1,2025-05-31 22:28:31,2025-06-02 20:42:31,Mobile App
977,Nilima Bedi,Business,7521720412650992,KKBK0738162,State Bank of India,Savings,1403814367,nilima.bedi597@example.com,nilimabedi8496@ybl,Active,1,2026-07-08 06:08:48,2026-07-15 02:28:48,Mobile App
889,Pranit Venkataraman,Mom,299328065022252,BARB0694013,IndusInd Bank,Savings,2356962942,pranit.venkataraman620@example.com,pranitvenkataraman86@oksbi,Active,1,2026-04-16 16:37:40,2026-04-19 18:28:40,Mobile App
358,Balendra Sundaram,,1430185725838588,KKBK0062748,Axis Bank,Savings,,balendra.sundaram692@example.com,balendrasundaram872@okhdfcbank,Active,1,2025-01-05 21:23:35,2025-01-10 05:53:35,Mobile App
675,Teerth Rajagopalan,,5882195910154438,PUNB0098786,Kotak Mahindra Bank,Savings,8941519984,teerth.rajagopalan318@example.com,,Active,0,2024-10-16 17:42:38,,Internet Banking
138,Advik Nadig,Brother,5777857289643156,CNRB0005547,Yes Bank,Savings,0030234019,advik.nadig191@example.com,,Inactive,0,2025-12-12 01:56:51,,Mobile App
385,Abha Reddy,Friend,7947538928412832,CNRB0932986,State Bank of India,Savings,4841621658,abha.reddy434@example.com,abhareddy664@okicici,Active,1,2025-01-17 23:40:26,2025-01-21 08:26:26,Mobile App
603,Atharv Kunda,,9756120740830608,PUNB0582299,Bank of Baroda,Savings,2827997423,,atharvkunda392@okaxis,Active,1,2025-07-13 03:38:25,2025-07-19 02:27:25,Mobile App
275,Zinal Purohit,Friend,1559916836762249,YESB0885926,Axis Bank,Savings,2466894964,,,Active,1,2026-04-29 02:59:12,2026-04-29 17:02:12,Mobile App
955,Ishani Saran,,1953873568725133,SBIN0780356,State Bank of India,Savings,6953178654,ishani.saran415@example.com,,Active,1,2025-05-06 08:51:17,2025-05-08 21:17:17,Mobile App
293,Mohammed Subramanian,Personal,3674181261463538,SBIN0509389,Punjab National Bank,Savings,5535035183,,,Blocked,1,2024-08-18 22:19:11,2024-08-20 09:38:11,Mobile App
260,Kabir Gera,Business,5972580575247029,KKBK0794329,Punjab National Bank,Savings,,kabir.gera907@example.com,,Active,0,2025-10-29 20:01:24,,Mobile App
40,Reyansh Sabharwal,,468143506432071,UBIN0238362,Punjab National Bank,Savings,8051430569,reyansh.sabharwal125@example.com,,Inactive,0,2025-08-31 01:21:14,,Branch
938,Bhavna Issac,Sister,530151866563371,PUNB0120365,Canara Bank,Savings,2069237483,bhavna.issac993@example.com,bhavnaissac8827@ybl,Active,0,2026-05-01 05:57:17,,Mobile App
57,Thomas Choudhury,,7060894971689054,ICIC0800642,IndusInd Bank,Savings,9076402220,thomas.choudhury560@example.com,thomaschoudhury8573@ybl,Inactive,1,2026-07-24 22:47:28,2026-07-28 19:18:28,Internet Banking
56,Lila Chaudhary,Business,6806501552509952,IDFB0940268,HDFC Bank,Savings,6157569594,lila.chaudhary656@example.com,lilachaudhary9853@paytm,Active,1,2024-10-17 20:44:03,2024-10-22 07:00:03,Mobile App
55,Ranbir Parekh,,4632304602879945,SBIN0421408,Yes Bank,Savings,1719196938,ranbir.parekh452@example.com,ranbirparekh5717@okaxis,Active,1,2024-09-16 02:25:07,2024-09-18 22:47:07,Internet Banking
248,Janani Radhakrishnan,Brother,9651020947968280,UBIN0189303,Union Bank of India,Current,6689820057,janani.radhakrishnan182@example.com,jananiradhakrishnan2737@okaxis,Active,1,2024-12-21 01:23:42,2024-12-24 16:31:42,Internet Banking
51,Vasana Gokhale,Office,849039944889394,ICIC0382484,IDFC First Bank,Savings,7913195031,,vasanagokhale6091@paytm,Active,1,2026-06-12 03:35:47,2026-06-18 20:06:47,Mobile App
102,Owen Khalsa,Personal,1954713862551854,HDFC0115518,Bank of Baroda,Savings,1846959366,owen.khalsa760@example.com,owenkhalsa7477@oksbi,Active,1,2025-07-05 09:24:50,2025-07-07 16:33:50,Mobile App
929,Maya Pillay,,8499385320730905,YESB0439806,Yes Bank,Savings,8588664189,maya.pillay463@example.com,mayapillay6578@oksbi,Active,1,2025-05-17 10:56:23,2025-05-22 18:10:23,Mobile App
324,Dipta Bahri,Dad,6355616990680889,HDFC0064477,ICICI Bank,Savings,5556414712,,diptabahri6143@oksbi,Active,1,2024-10-04 16:32:05,2024-10-09 17:34:05,Internet Banking
253,Amol Shenoy,Home,6275539570799974,ICIC0790140,Kotak Mahindra Bank,Savings,0533507013,amol.shenoy759@example.com,amolshenoy4630@ybl,Active,1,2024-01-29 07:53:45,2024-01-30 06:37:45,Internet Banking
184,Rishi Rajan,Sister,4102153626165476,BARB0853300,HDFC Bank,Savings,,rishi.rajan680@example.com,,Active,1,2024-10-27 06:29:15,2024-10-29 09:44:15,Mobile App
806,Ishita Pant,Personal,2385666170585117,UBIN0071578,State Bank of India,Current,9018895993,,ishitapant3709@okaxis,Active,1,2024-07-17 22:33:42,2024-07-19 13:58:42,Internet Banking
3,Kai Iyer,Dad,2144325839367663,ICIC0725109,Union Bank of India,Savings,6697396251,kai.iyer91@example.com,kaiiyer5916@okicici,Active,1,2026-04-06 11:03:56,2026-04-06 17:35:56,Mobile App
721,Nihal Gole,,6776618210941907,PUNB0989915,HDFC Bank,Savings,2381504101,nihal.gole583@example.com,,Active,1,2025-04-19 20:46:52,2025-04-23 01:16:52,Internet Banking
501,Lila Thaker,,4986371551385713,INDB0682819,Kotak Mahindra Bank,Savings,5322312383,lila.thaker274@example.com,lilathaker7484@okaxis,Active,1,2024-02-02 05:25:08,2024-02-06 16:00:08,Mobile App
271,Keya Walla,Mom,8317823416203604,SBIN0744231,IDFC First Bank,Savings,,,keyawalla1737@paytm,Inactive,1,2024-12-09 18:57:49,2024-12-11 16:03:49,Mobile App
826,Chandran Wadhwa,,9592696505580907,UTIB0824450,Punjab National Bank,Savings,9957215419,chandran.wadhwa363@example.com,,Active,1,2026-05-26 09:36:19,2026-05-30 00:08:19,Internet Banking
75,Manbir Issac,Office,425983132658887,IDFB0669699,State Bank of India,Savings,9219138160,manbir.issac296@example.com,manbirissac2280@oksbi,Active,1,2025-03-29 21:25:37,2025-03-29 21:43:37,Mobile App
119,Gaurika Tiwari,,8467404049070815,SBIN0315189,ICICI Bank,Savings,8426859350,gaurika.tiwari72@example.com,gaurikatiwari1073@okhdfcbank,Active,0,2025-01-13 16:17:38,,Internet Banking
660,Yug Dey,,6933116990660165,UBIN0329953,Axis Bank,Savings,4250518338,yug.dey260@example.com,yugdey6900@okicici,Active,0,2024-12-05 11:28:33,,Mobile App
823,Ansh Batra,Office,552861270716211,CNRB0748596,Canara Bank,Savings,,ansh.batra896@example.com,anshbatra3481@paytm,Active,1,2024-03-28 02:40:39,2024-03-31 17:40:39,Mobile App
521,Nachiket Krishnan,,480337361103849,UBIN0875699,ICICI Bank,Savings,,nachiket.krishnan694@example.com,,Active,0,2026-02-01 04:21:59,,Internet Banking
828,Naksh Salvi,Home,6800589649096579,HDFC0022619,Canara Bank,Current,2746706298,naksh.salvi898@example.com,nakshsalvi2764@okaxis,Active,0,2024-09-23 15:33:44,,Mobile App
272,Inaya Yadav,Dad,1484107563436283,YESB0924821,HDFC Bank,Savings,1443497821,inaya.yadav540@example.com,,Inactive,0,2024-01-11 11:44:23,,Branch
53,Girik Mani,,3593622977790912,SBIN0474727,IDFC First Bank,Current,8493323036,girik.mani429@example.com,girikmani6199@okaxis,Active,1,2025-04-15 06:50:26,2025-04-21 15:27:26,Mobile App
382,Anika Mandal,,4822574933400164,ICIC0517145,Kotak Mahindra Bank,Savings,3748460788,,anikamandal950@okicici,Active,1,2024-01-23 20:05:12,2024-01-30 03:10:12,Internet Banking
653,Xiti Natarajan,Home,6909004600969002,BARB0444371,Yes Bank,Savings,1388584869,xiti.natarajan642@example.com,xitinatarajan6879@paytm,Active,1,2025-08-09 01:47:14,2025-08-14 10:51:14,Mobile App
178,Bakhshi Sridhar,Friend,4489092001244117,YESB0593551,Canara Bank,Savings,8836396328,bakhshi.sridhar62@example.com,bakhshisridhar7150@paytm,Active,0,2025-07-24 13:22:35,,Mobile App
818,Chameli Rao,Friend,9133866635118110,PUNB0972040,Punjab National Bank,Current,0999928825,,chamelirao5424@okicici,Active,1,2024-11-25 05:02:13,2024-12-01 02:22:13,Mobile App
192,Charita Thakkar,Sister,2719302920255025,UTIB0389981,Yes Bank,Current,4876232490,charita.thakkar431@example.com,charitathakkar2791@okhdfcbank,Active,1,2025-08-26 21:23:11,2025-09-02 20:52:11,Internet Banking
249,Ojas Pant,Office,4867614234657896,SBIN0164771,Union Bank of India,Current,7980572291,ojas.pant106@example.com,,Active,0,2024-10-01 16:49:50,,Internet Banking
590,Arin Shankar,Home,64682028626540,UTIB0376170,ICICI Bank,Savings,4428607407,,arinshankar8829@okaxis,Inactive,1,2024-09-23 02:31:41,2024-09-29 11:51:41,Mobile App
378,Niharika Nath,Office,1422687717446394,HDFC0565897,Canara Bank,Current,6462323638,niharika.nath55@example.com,niharikanath7806@okaxis,Active,1,2025-09-21 14:21:57,2025-09-23 12:36:57,Mobile App
477,Upma Sandal,,1777129129039208,IDFB0456154,Bank of Baroda,Savings,8717345504,upma.sandal30@example.com,,Active,0,2025-02-15 06:26:31,,Mobile App
905,Janaki Keer,Office,9587636302461909,ICIC0319592,ICICI Bank,Current,1794644090,janaki.keer112@example.com,janakikeer3426@okhdfcbank,Active,1,2024-11-08 16:12:12,2024-11-15 05:00:12,Internet Banking
541,Nitesh Sahni,Sister,698873581887682,YESB0968084,Bank of Baroda,Savings,7199783786,nitesh.sahni80@example.com,niteshsahni4289@paytm,Blocked,1,2024-04-27 18:53:03,2024-05-02 15:12:03,Branch
53,Yauvani Bedi,,4258800850173976,INDB0260117,Kotak Mahindra Bank,Savings,6660494843,yauvani.bedi404@example.com,yauvanibedi3808@oksbi,Active,1,2026-08-17 16:21:47,2026-08-17 23:59:59,Mobile App
647,Saksham Sarin,,3435439945002146,UBIN0170505,Bank of Baroda,Savings,0389185313,,sakshamsarin1071@okhdfcbank,Active,1,2026-03-21 05:22:06,2026-03-21 11:23:06,Mobile App
662,Vyanjana Mukhopadhyay,Home,8508925639965941,YESB0128958,ICICI Bank,Savings,8499414711,vyanjana.mukhopadhyay559@example.com,vyanjanamukhopadhyay3733@okaxis,Active,0,2024-07-18 10:38:40,,Internet Banking
751,Umang Yohannan,,4996493344729250,KKBK0758397,State Bank of India,Savings,1148070839,umang.yohannan716@example.com,umangyohannan2459@paytm,Active,1,2025-05-27 21:40:33,2025-06-01 16:55:33,Mobile App
643,Gautam Pandya,Office,4082331555074516,CNRB0851670,IndusInd Bank,Savings,0456348632,gautam.pandya988@example.com,gautampandya1118@paytm,Active,1,2024-09-25 00:12:58,2024-09-25 08:59:58,Mobile App
135,Maanav Sheth,,9905713995798748,IDFB0046152,Kotak Mahindra Bank,Savings,,maanav.sheth224@example.com,maanavsheth9249@ybl,Active,1,2025-11-22 20:48:21,2025-11-26 17:54:21,Mobile App
443,Urmi Gola,Brother,6842352011521624,ICIC0154861,Kotak Mahindra Bank,Savings,2891799343,urmi.gola582@example.com,,Inactive,1,2024-02-06 06:43:56,2024-02-06 15:11:56,Internet Banking
278,Neha Gupta,Home,9034154531931627,YESB0700630,State Bank of India,Savings,1537160714,neha.gupta268@example.com,nehagupta4116@okaxis,Active,1,2024-04-22 02:30:49,2024-04-22 19:49:49,Internet Banking
772,Wridesh Cherian,Home,3983300498130077,KKBK0751016,Yes Bank,Savings,3454449991,wridesh.cherian610@example.com,wrideshcherian2371@okaxis,Active,0,2024-04-07 18:46:42,,Internet Banking
53,Nilima Kurian,Business,6179665663266513,SBIN0819914,Axis Bank,Current,9289716533,nilima.kurian51@example.com,nilimakurian195@ybl,Active,1,2025-01-22 13:59:34,2025-01-26 21:27:34,Branch
794,Lohit Solanki,Dad,4458335388194377,CNRB0297974,Yes Bank,Savings,9683631622,lohit.solanki879@example.com,lohitsolanki2211@okhdfcbank,Blocked,1,2026-05-17 00:31:50,2026-05-19 00:04:50,Mobile App
351,Yuvraj Sridhar,Friend,2691295582265454,YESB0421658,IndusInd Bank,Savings,9855659198,yuvraj.sridhar76@example.com,yuvrajsridhar2647@oksbi,Inactive,0,2024-07-30 02:21:06,,Branch
925,Vasudha Brahmbhatt,Sister,9384031228091668,YESB0338997,Bank of Baroda,Savings,1020455538,vasudha.brahmbhatt999@example.com,vasudhabrahmbhatt8450@okicici,Active,1,2025-04-03 01:42:48,2025-04-08 13:34:48,Branch
894,Eesha Trivedi,Business,9326759158938031,INDB0924893,Bank of Baroda,Savings,7308041680,eesha.trivedi49@example.com,,Active,1,2024-04-04 00:38:51,2024-04-08 20:48:51,Branch
591,Aradhana Muni,Sister,7563548259943419,YESB0774883,Union Bank of India,Savings,1140692530,aradhana.muni222@example.com,aradhanamuni6934@oksbi,Inactive,1,2024-05-01 11:30:08,2024-05-02 16:14:08,Internet Banking
15,Januja Gade,Brother,6388057722140592,HDFC0150816,IDFC First Bank,Savings,3333491894,januja.gade495@example.com,janujagade7038@ybl,Active,1,2024-07-27 04:32:22,2024-07-29 01:21:22,Mobile App
127,Osha Vora,Personal,5753738009289386,PUNB0109442,Axis Bank,Savings,4346745857,osha.vora930@example.com,,Active,1,2026-03-05 07:59:42,2026-03-07 16:20:42,Mobile App
663,Eesha Dada,,9445789369473569,ICIC0708997,Canara Bank,Current,2831740766,eesha.dada499@example.com,,Inactive,1,2025-10-14 00:12:57,2025-10-17 21:29:57,Branch
623,Daksha Varty,,3297022263411888,HDFC0918168,HDFC Bank,Savings,7045094485,daksha.varty635@example.com,dakshavarty6341@okicici,Active,0,2024-02-21 04:27:46,,Branch
822,Nimrat Kara,Sister,2892612484867209,INDB0990085,Union Bank of India,Savings,5936286654,,nimratkara9082@okhdfcbank,Active,1,2025-07-09 22:48:27,2025-07-13 00:53:27,Internet Banking
632,Ekiya Hans,Mom,1287461924324442,YESB0164784,HDFC Bank,Savings,6400097530,ekiya.hans642@example.com,ekiyahans5088@okaxis,Active,1,2025-03-02 16:40:30,2025-03-05 09:40:30,Mobile App
370,Maanav Uppal,Friend,5698895611436967,BARB0237723,IDFC First Bank,Current,2421333751,maanav.uppal25@example.com,,Active,1,2025-02-25 12:20:53,2025-03-01 08:31:53,Internet Banking
112,Falguni Sant,Vendor,9053782165547910,SBIN0753183,Union Bank of India,Current,8514462832,,falgunisant3832@paytm,Inactive,1,2024-01-09 07:03:31,2024-01-10 11:58:31,Mobile App
698,Qarin Gade,Business,6084613082926933,CNRB0255905,Kotak Mahindra Bank,Savings,,,,Active,1,2025-05-08 22:39:21,2025-05-13 23:01:21,Mobile App
462,Yashica Nayar,Business,7823702090463445,INDB0285394,Bank of Baroda,Savings,2402815097,yashica.nayar333@example.com,yashicanayar9670@okaxis,Active,1,2026-06-06 10:49:00,2026-06-07 08:00:00,Internet Banking
412,Waida Shroff,,1745834809091946,ICIC0592765,Yes Bank,Savings,,waida.shroff426@example.com,,Active,1,2025-10-08 16:55:40,2025-10-14 16:30:40,Internet Banking
386,Dalbir Rajagopalan,,6750994593021492,HDFC0483509,State Bank of India,Savings,7928669916,dalbir.rajagopalan558@example.com,,Active,1,2024-01-22 04:24:54,2024-01-28 19:23:54,Internet Banking
576,Bimala Kumer,,693736330939886,ICIC0452791,State Bank of India,Current,4834225486,bimala.kumer81@example.com,bimalakumer9323@oksbi,Active,1,2025-10-12 02:09:43,2025-10-12 21:59:43,Internet Banking
727,Zayyan Gole,Business,3230008256922473,KKBK0943635,Union Bank of India,Savings,,,zayyangole913@okaxis,Active,1,2024-09-24 09:47:28,2024-10-01 00:10:28,Internet Banking
501,Mohammed Taneja,,4853034526798363,YESB0003170,Bank of Baroda,Savings,0519236316,mohammed.taneja228@example.com,mohammedtaneja8464@paytm,Active,1,2024-07-15 23:11:23,2024-07-20 16:04:23,Mobile App
492,Nathaniel Pandey,Mom,1582055152536590,BARB0177695,Union Bank of India,Savings,,,nathanielpandey2773@okaxis,Blocked,1,2026-01-03 15:49:29,2026-01-07 05:57:29,Mobile App
170,Ria Boase,Home,5195044754849921,HDFC0966985,Kotak Mahindra Bank,Savings,9162826219,ria.boase316@example.com,riaboase8648@okicici,Active,1,2024-03-04 22:47:28,2024-03-09 13:17:28,Mobile App
939,Neel Mann,Dad,5427849340276477,UTIB0988091,ICICI Bank,Savings,9894540588,neel.mann261@example.com,neelmann132@okhdfcbank,Active,1,2026-05-25 09:58:29,2026-05-28 05:57:29,Mobile App
198,Jasmit Wagle,Office,2335900157479539,INDB0139631,Yes Bank,Savings,2225191228,jasmit.wagle753@example.com,,Inactive,1,2024-03-06 11:49:50,2024-03-10 01:44:50,Mobile App
680,Mekhala Nazareth,,4555868962036045,ICIC0808335,IndusInd Bank,Savings,7341385914,mekhala.nazareth965@example.com,mekhalanazareth698@paytm,Active,0,2024-11-26 07:39:00,,Mobile App
781,Gaurang Issac,Dad,7327156392680771,HDFC0551888,Yes Bank,Savings,8493854641,gaurang.issac870@example.com,gaurangissac8915@ybl,Active,1,2024-01-06 07:14:34,2024-01-09 15:42:34,Internet Banking
80,Vansha Varkey,,4079407138494250,INDB0954276,Yes Bank,Current,1396984409,,vanshavarkey1511@paytm,Active,1,2025-04-18 05:28:50,2025-04-25 00:11:50,Mobile App
290,Triveni Kalita,Dad,5845345979137029,PUNB0804798,Punjab National Bank,Savings,2630034038,triveni.kalita736@example.com,trivenikalita2829@okaxis,Active,1,2024-05-04 12:30:54,2024-05-11 09:50:54,Internet Banking
693,Advay Sengupta,,6491759542284208,UTIB0993582,IDFC First Bank,Savings,5350329578,advay.sengupta237@example.com,advaysengupta8124@okicici,Active,0,2024-06-15 05:02:13,,Mobile App
759,Harrison Seth,Mom,4569643697144153,KKBK0908376,Punjab National Bank,Savings,7767378082,harrison.seth544@example.com,harrisonseth3451@okicici,Active,1,2025-02-09 07:58:45,2025-02-14 16:07:45,Mobile App
765,Netra Swamy,Home,4897795918713365,SBIN0608556,Union Bank of India,Savings,6215077738,netra.swamy124@example.com,netraswamy6985@okaxis,Active,1,2025-05-28 21:59:18,2025-06-01 23:17:18,Internet Banking
619,Triya Sahota,Vendor,9437111834864872,CNRB0262779,IDFC First Bank,Savings,8123761907,triya.sahota245@example.com,triyasahota7914@okaxis,Active,1,2026-05-01 07:14:51,2026-05-03 06:53:51,Internet Banking
805,Bimala Natt,,4934392847609591,PUNB0922678,Canara Bank,Savings,9169163263,bimala.natt647@example.com,bimalanatt1880@okaxis,Active,0,2025-01-22 21:48:04,,Mobile App
728,Sai Dave,Dad,7904474166587014,CNRB0316678,HDFC Bank,Savings,0601869129,sai.dave150@example.com,saidave2993@okhdfcbank,Inactive,1,2026-04-03 18:26:58,2026-04-07 09:18:58,Mobile App
563,Kashvi Morar,,3680816983371054,SBIN0846975,Union Bank of India,Savings,,kashvi.morar945@example.com,,Active,1,2025-08-02 10:43:40,2025-08-03 01:03:40,Mobile App
6,Chakrika Kaur,Mom,986393986545183,UTIB0273495,Canara Bank,Savings,1943345912,chakrika.kaur601@example.com,,Active,1,2025-05-15 11:43:28,2025-05-16 12:48:28,Mobile App
618,Lipika Minhas,,2349769986605895,YESB0344643,Punjab National Bank,Current,9301138504,lipika.minhas158@example.com,lipikaminhas8480@ybl,Active,1,2024-03-16 01:35:11,2024-03-16 22:38:11,Internet Banking
51,Unni Brahmbhatt,Office,8407708312253043,SBIN0808406,Yes Bank,Current,3715007042,unni.brahmbhatt994@example.com,unnibrahmbhatt8054@ybl,Active,1,2024-04-09 01:45:23,2024-04-10 04:36:23,Mobile App
30,Forum Ravel,Vendor,7599980479350015,IDFB0914149,State Bank of India,Savings,1510346646,forum.ravel339@example.com,,Active,0,2024-08-06 10:39:44,,Branch
50,Zehaan Sastry,Home,2521102186890343,INDB0948935,Bank of Baroda,Current,1654883220,zehaan.sastry506@example.com,zehaansastry6437@okhdfcbank,Active,1,2025-07-12 06:45:00,2025-07-16 05:46:00,Mobile App
246,Xiti Barman,Vendor,6148099614604398,CNRB0600203,Axis Bank,Current,2893341923,xiti.barman413@example.com,,Active,1,2026-04-17 09:28:33,2026-04-19 19:26:33,Branch
59,Lopa Balan,,7492910411301026,SBIN0052361,Union Bank of India,Savings,4519016752,lopa.balan195@example.com,lopabalan5295@oksbi,Active,1,2024-11-04 07:30:32,2024-11-09 06:57:32,Mobile App
259,Rachit Handa,,8866591098730598,ICIC0283176,Union Bank of India,Savings,2512378629,,,Active,0,2024-01-07 13:04:46,,Internet Banking
536,Udant More,Dad,4165552398481524,IDFB0455473,Kotak Mahindra Bank,Current,5765310264,udant.more930@example.com,udantmore8076@okicici,Active,0,2026-04-03 20:11:11,,Mobile App
866,Janaki Gole,Brother,2958427336030980,INDB0071145,Punjab National Bank,Savings,6362787748,janaki.gole29@example.com,janakigole5185@oksbi,Inactive,0,2025-06-02 00:13:10,,Mobile App
558,Priya Gara,Dad,9215178861696964,ICIC0242945,Yes Bank,Savings,1159950271,priya.gara976@example.com,,Active,1,2024-12-21 05:03:31,2024-12-22 16:06:31,Internet Banking
219,Gaurang Bhat,,50390178827313,HDFC0475388,IDFC First Bank,Savings,6191927803,gaurang.bhat644@example.com,gaurangbhat1286@paytm,Active,1,2025-09-22 12:05:20,2025-09-23 01:40:20,Internet Banking
299,Zaid Rattan,Business,9120287438441886,KKBK0163062,Canara Bank,Savings,5793278096,,zaidrattan5154@oksbi,Active,0,2025-07-20 00:42:49,,Mobile App
863,Imaran Nath,Vendor,8763744538810817,BARB0325587,Punjab National Bank,Savings,8635957649,,,Active,1,2025-04-19 13:17:32,2025-04-25 15:13:32,Mobile App
484,Oscar Deep,Vendor,2361014273746826,ICIC0708829,HDFC Bank,Savings,0394320913,oscar.deep832@example.com,oscardeep6985@oksbi,Active,0,2025-10-15 17:54:14,,Internet Banking
30,Girik Gulati,Home,7162791350898305,UTIB0961651,Bank of Baroda,Savings,2923097815,girik.gulati377@example.com,girikgulati6082@okicici,Inactive,0,2025-07-31 11:41:55,,Mobile App
641,Yauvani Batta,,4496845630628454,UBIN0453029,Bank of Baroda,Current,8696756146,yauvani.batta932@example.com,,Active,1,2024-05-13 16:26:55,2024-05-17 07:12:55,Mobile App
423,Kalpit Dua,Business,361902309644885,BARB0426353,ICICI Bank,Savings,1404710688,,kalpitdua7382@okicici,Inactive,1,2026-06-02 05:38:29,2026-06-08 00:12:29,Mobile App
618,Gautam Krishna,Dad,6508201282931574,YESB0036287,Yes Bank,Savings,4624298415,gautam.krishna261@example.com,gautamkrishna549@okicici,Active,0,2026-02-27 21:26:24,,Mobile App
421,Bimala Sharaf,,7787511660684376,UBIN0609824,IDFC First Bank,Savings,8156266689,bimala.sharaf221@example.com,,Active,1,2024-10-10 03:03:29,2024-10-16 13:58:29,Branch
297,Sudiksha Chaudhuri,Business,7300230025415719,IDFB0088266,Bank of Baroda,Savings,1095054679,sudiksha.chaudhuri25@example.com,,Active,1,2024-11-17 11:32:08,2024-11-24 06:44:08,Mobile App
380,Abeer Barad,Personal,6275792616679023,HDFC0734443,HDFC Bank,Savings,3005253536,,abeerbarad2871@oksbi,Active,1,2026-08-04 13:39:57,2026-08-09 22:30:57,Internet Banking
544,Robert Doctor,Brother,5600736802821474,PUNB0667059,Canara Bank,Savings,6467432207,robert.doctor597@example.com,,Active,1,2025-03-17 22:24:41,2025-03-23 05:37:41,Mobile App
876,Vrinda Parekh,,5851494671226410,CNRB0737075,IndusInd Bank,Savings,7660038028,vrinda.parekh653@example.com,,Active,1,2026-08-10 17:46:55,2026-08-11 04:49:55,Internet Banking
432,Saumya Pathak,Brother,385774685781623,YESB0158355,Axis Bank,Savings,5188899146,saumya.pathak206@example.com,,Active,0,2025-08-13 07:30:42,,Internet Banking
881,Jonathan Nagarajan,,501797679590499,BARB0994396,Punjab National Bank,Current,3280207703,jonathan.nagarajan257@example.com,,Blocked,1,2026-04-19 07:45:52,2026-04-24 16:53:52,Internet Banking
98,Nakul Batra,,7009214569730883,KKBK0209501,Bank of Baroda,Current,9212846003,nakul.batra920@example.com,,Active,1,2025-07-27 11:41:37,2025-07-29 19:43:37,Internet Banking
98,Yamini Bhargava,,9124610178704296,HDFC0412185,Union Bank of India,Savings,,yamini.bhargava20@example.com,,Active,1,2025-04-02 02:05:11,2025-04-05 01:16:11,Internet Banking
440,Varsha Narayan,Brother,7349138466243024,KKBK0503989,Union Bank of India,Savings,,varsha.narayan849@example.com,,Active,1,2024-08-30 08:31:33,2024-09-06 06:53:33,Mobile App
376,Aashi Sane,Friend,952965910317168,UBIN0321691,IndusInd Bank,Current,8983391370,aashi.sane368@example.com,,Active,0,2024-11-11 08:20:24,,Mobile App
932,Siya Pant,Friend,7231155513701533,PUNB0009584,IDFC First Bank,Savings,8044862512,siya.pant490@example.com,,Active,1,2026-04-17 22:45:06,2026-04-24 08:38:06,Mobile App
668,Udarsh Thaker,Mom,9426362392761640,IDFB0369027,State Bank of India,Savings,0654813901,udarsh.thaker26@example.com,udarshthaker8127@paytm,Active,1,2024-10-02 11:46:32,2024-10-05 03:15:32,Branch
560,Vihaan Nair,,8256485439481791,BARB0371797,Kotak Mahindra Bank,Savings,6345955501,vihaan.nair164@example.com,vihaannair9045@okaxis,Active,1,2026-02-06 06:05:23,2026-02-09 04:16:23,Internet Banking
440,Omya Gulati,Dad,634680662582776,INDB0237935,Union Bank of India,Savings,1536184990,omya.gulati235@example.com,,Active,1,2024-11-18 18:59:41,2024-11-22 15:01:41,Internet Banking
953,Lopa Bhargava,,2116296873017550,PUNB0139381,HDFC Bank,Savings,8111091870,lopa.bhargava424@example.com,lopabhargava9164@oksbi,Active,1,2026-02-25 12:27:04,2026-03-03 18:50:04,Mobile App
570,Anamika Keer,,3810626743268315,INDB0618748,Axis Bank,Savings,7765730249,anamika.keer201@example.com,,Active,1,2024-10-27 14:37:04,2024-10-29 15:26:04,Mobile App
615,Urvashi Bhatt,Sister,3928034319321502,UBIN0856771,Canara Bank,Savings,0995538969,urvashi.bhatt677@example.com,urvashibhatt6790@okhdfcbank,Active,1,2026-04-07 21:48:59,2026-04-09 14:12:59,Internet Banking
170,Qarin Dasgupta,Office,4504390517737729,PUNB0258943,State Bank of India,Savings,4258769876,qarin.dasgupta221@example.com,,Active,1,2024-03-05 02:43:28,2024-03-05 03:03:28,Internet Banking
636,Devika Mody,,9217157211908718,INDB0622335,ICICI Bank,Savings,1905263453,,,Active,1,2024-06-28 00:56:46,2024-06-30 07:03:46,Internet Banking
126,Lucky Varma,Business,5615962381898572,UBIN0364197,Bank of Baroda,Savings,7924577064,,luckyvarma6422@okaxis,Active,1,2025-07-15 16:29:39,2025-07-20 05:32:39,Internet Banking
9,Chaman Chaudhary,Mom,2510093266572167,HDFC0058453,State Bank of India,Current,0118936397,chaman.chaudhary733@example.com,,Active,1,2026-08-01 03:19:35,2026-08-07 08:11:35,Mobile App
53,Ekalinga Dada,Dad,1817712127644581,UTIB0033188,IndusInd Bank,Savings,5422468651,ekalinga.dada441@example.com,ekalingadada5965@okaxis,Active,1,2025-04-15 06:17:31,2025-04-15 17:31:31,Mobile App
58,Mahika Dhawan,Personal,8976521822979042,ICIC0546606,HDFC Bank,Current,8303975083,mahika.dhawan114@example.com,,Active,1,2024-07-04 05:52:54,2024-07-08 00:50:54,Mobile App
619,Dhriti Trivedi,Dad,8538638111364220,ICIC0026458,Kotak Mahindra Bank,Savings,7237421466,dhriti.trivedi138@example.com,dhrititrivedi475@paytm,Active,1,2024-02-25 14:08:10,2024-02-26 23:30:10,Mobile App
535,Aradhana Pau,Office,3106644976696229,HDFC0932588,IDFC First Bank,Savings,2279895533,aradhana.pau460@example.com,aradhanapau9286@okhdfcbank,Active,1,2025-12-01 12:46:03,2025-12-04 09:05:03,Mobile App
53,Ekaja Yohannan,Business,6573322129403375,IDFB0600487,Punjab National Bank,Savings,8618529166,ekaja.yohannan304@example.com,ekajayohannan756@paytm,Active,0,2026-04-06 12:22:22,,Branch
956,Upkaar Randhawa,Vendor,9869834419703860,SBIN0375364,IndusInd Bank,Savings,4038030639,upkaar.randhawa724@example.com,upkaarrandhawa3711@ybl,Active,1,2025-06-30 10:19:24,2025-07-06 02:59:24,Internet Banking
623,Ojas Shenoy,Office,7665299417108631,SBIN0570669,Kotak Mahindra Bank,Savings,4028564691,ojas.shenoy130@example.com,ojasshenoy118@okicici,Active,1,2024-08-24 12:40:32,2024-08-27 00:48:32,Internet Banking
633,Lohit Kothari,,4750247082053735,IDFB0842519,Axis Bank,Savings,2097619892,lohit.kothari685@example.com,lohitkothari9658@okaxis,Inactive,0,2025-02-13 03:27:38,,Mobile App
628,Vihaan Nazareth,Mom,5142465029501569,PUNB0325184,IDFC First Bank,Savings,6838651318,vihaan.nazareth770@example.com,,Active,1,2024-02-24 21:48:34,2024-02-29 20:04:34,Internet Banking
114,Chakradhar Shukla,Dad,4244275710739347,CNRB0740569,IDFC First Bank,Savings,6946486407,chakradhar.shukla344@example.com,chakradharshukla3775@okaxis,Active,1,2025-07-14 09:32:31,2025-07-20 01:27:31,Branch
814,Amruta Misra,Brother,8806423636343534,PUNB0739987,IDFC First Bank,Savings,2697438026,amruta.misra916@example.com,,Active,1,2025-02-17 21:17:27,2025-02-20 23:09:27,Internet Banking
270,Zayyan Tella,,6017784246512540,UBIN0167599,Canara Bank,Savings,8429519114,,zayyantella4502@okhdfcbank,Active,1,2025-09-18 21:18:40,2025-09-22 20:43:40,Internet Banking
68,Yashoda Joshi,Sister,8646082694621322,BARB0194962,HDFC Bank,Savings,5203705145,yashoda.joshi529@example.com,,Active,1,2026-03-07 22:35:43,2026-03-10 01:38:43,Branch
956,Jatin Mishra,Friend,4675854749422222,CNRB0465678,State Bank of India,Savings,2406583323,jatin.mishra937@example.com,,Inactive,0,2025-03-09 03:34:00,,Internet Banking
546,Aarna Shenoy,Home,6178069004199604,UTIB0086873,Canara Bank,Savings,1715426838,aarna.shenoy26@example.com,aarnashenoy7949@paytm,Active,1,2025-12-28 22:03:19,2026-01-03 18:17:19,Branch
761,Varenya Char,,6972219830709580,UTIB0273181,Punjab National Bank,Savings,,varenya.char734@example.com,varenyachar2944@paytm,Active,1,2024-02-27 07:28:03,2024-02-28 21:54:03,Mobile App
965,Charita Ghose,,2041618586959068,YESB0754265,Yes Bank,Savings,2257677473,charita.ghose861@example.com,,Active,1,2025-12-12 10:18:48,2025-12-16 06:45:48,Mobile App
21,Varsha Sem,,4212181573915447,UTIB0853614,HDFC Bank,Savings,9689686342,varsha.sem433@example.com,,Active,1,2025-12-01 11:02:58,2025-12-05 21:26:58,Mobile App
553,Deepa Khosla,Home,721776232571763,KKBK0342052,IndusInd Bank,Savings,4605215048,deepa.khosla694@example.com,,Active,0,2024-02-29 01:51:43,,Mobile App
645,Tamanna Gupta,Office,6645171833788123,PUNB0347129,State Bank of India,Savings,6481263047,tamanna.gupta887@example.com,,Active,1,2025-02-14 07:12:23,2025-02-20 10:41:23,Mobile App
271,Hamsini Datta,Dad,7699108651923587,YESB0794368,Bank of Baroda,Savings,3187463814,hamsini.datta129@example.com,,Active,1,2025-03-23 20:56:25,2025-03-30 04:35:25,Branch
443,Nidra Kaul,,6668219289191307,YESB0858835,ICICI Bank,Savings,,,nidrakaul5950@okaxis,Active,1,2025-10-31 13:14:43,2025-11-02 03:31:43,Mobile App
769,Waida Nayar,,2834756573773450,YESB0070717,IndusInd Bank,Current,,waida.nayar331@example.com,,Active,1,2025-08-21 05:37:03,2025-08-25 08:43:03,Internet Banking
591,Anya Morar,Dad,2777482633681419,YESB0506496,Kotak Mahindra Bank,Savings,1534869035,anya.morar517@example.com,anyamorar1507@okhdfcbank,Active,1,2025-11-28 04:39:01,2025-12-01 16:03:01,Internet Banking
617,Chaitanya Nagar,,3123596269859060,UBIN0961499,Axis Bank,Current,3244697934,,chaitanyanagar7411@okicici,Active,1,2025-05-20 00:34:25,2025-05-21 03:06:25,Mobile App
843,Xalak Chaudhary,Dad,6219852966272343,HDFC0580717,State Bank of India,Savings,6431700774,xalak.chaudhary76@example.com,xalakchaudhary1446@okicici,Active,1,2026-06-17 14:19:48,2026-06-23 22:57:48,Mobile App
292,Max Ahluwalia,,6827357033208872,IDFB0919013,ICICI Bank,Savings,3265666795,max.ahluwalia532@example.com,maxahluwalia2129@paytm,Active,1,2025-12-06 22:55:31,2025-12-13 00:21:31,Mobile App
717,Tanay Ramaswamy,Vendor,2321503814542678,SBIN0071847,Bank of Baroda,Savings,2462631623,tanay.ramaswamy832@example.com,tanayramaswamy1655@oksbi,Active,1,2025-04-17 20:36:40,2025-04-20 15:49:40,Mobile App
956,David Manne,Office,8102559785519125,PUNB0608007,Punjab National Bank,Savings,6883048074,david.manne598@example.com,davidmanne733@ybl,Active,1,2026-03-12 13:23:23,2026-03-16 06:11:23,Internet Banking
863,Eshana Gaba,Dad,9391637020213017,HDFC0675542,IndusInd Bank,Savings,0288191526,eshana.gaba477@example.com,,Blocked,1,2024-10-11 15:30:25,2024-10-13 12:40:25,Internet Banking
393,Chatura Boase,Business,1859808027533544,UBIN0157435,IndusInd Bank,Savings,,chatura.boase868@example.com,chaturaboase9436@oksbi,Inactive,1,2026-07-24 07:06:25,2026-07-24 07:14:25,Internet Banking
806,Tanmayi Koshy,,1749901798848881,CNRB0899964,HDFC Bank,Savings,4731705949,tanmayi.koshy392@example.com,tanmayikoshy2898@paytm,Active,0,2025-03-21 21:56:52,,Internet Banking
869,Osha Kapur,Sister,8913413508579769,BARB0519767,Axis Bank,Savings,3197837102,osha.kapur351@example.com,oshakapur7966@okaxis,Active,1,2026-06-15 23:55:20,2026-06-17 05:21:20,Mobile App
2,Sachi Kalla,Home,4755036218142692,YESB0095749,Kotak Mahindra Bank,Savings,,sachi.kalla692@example.com,,Active,1,2024-03-11 22:37:36,2024-03-14 13:34:36,Branch
263,Saanvi Peri,Friend,5719662796221983,ICIC0522019,Punjab National Bank,Current,8141519169,saanvi.peri428@example.com,saanviperi7315@paytm,Active,1,2026-01-21 17:58:41,2026-01-27 09:19:41,Internet Banking
652,Neha Keer,Vendor,6224969608677747,BARB0394237,Bank of Baroda,Savings,9632722335,neha.keer243@example.com,nehakeer7723@paytm,Active,0,2025-03-18 21:13:33,,Internet Banking
775,Rudra Ahuja,,4526582361892752,YESB0868935,Canara Bank,Savings,0842126245,rudra.ahuja596@example.com,rudraahuja4582@paytm,Active,1,2024-06-12 17:52:44,2024-06-15 17:44:44,Mobile App
23,Michael Dhawan,Office,7682623391625170,YESB0276060,Axis Bank,Savings,8444371819,michael.dhawan478@example.com,,Active,1,2025-04-16 01:06:10,2025-04-17 14:18:10,Mobile App
705,Eiravati Shukla,,3920253642293390,PUNB0444840,ICICI Bank,Current,1012710725,eiravati.shukla629@example.com,,Active,1,2026-06-06 02:40:01,2026-06-08 22:00:01,Internet Banking
79,Sneha Radhakrishnan,Brother,9619609495880825,ICIC0865796,Punjab National Bank,Savings,,,sneharadhakrishnan785@okicici,Active,0,2026-03-14 06:20:48,,Internet Banking
875,Leena Salvi,,5068310094484154,ICIC0657178,Kotak Mahindra Bank,Current,0871017081,,leenasalvi7832@okicici,Active,0,2024-06-25 14:14:26,,Internet Banking
193,Shravya Vig,,9333848213026452,PUNB0559105,Union Bank of India,Current,0417552978,shravya.vig872@example.com,shravyavig1546@okaxis,Active,1,2025-04-01 19:51:56,2025-04-02 20:32:56,Mobile App
554,Ansh Mukherjee,,8180763311499647,UTIB0975545,IndusInd Bank,Savings,5393108671,ansh.mukherjee477@example.com,,Active,1,2024-09-02 11:45:47,2024-09-08 01:44:47,Mobile App
749,Dakshesh Chaudry,,7345037769239165,UTIB0398472,Axis Bank,Savings,9813906577,dakshesh.chaudry656@example.com,,Active,1,2025-08-31 18:11:01,2025-09-05 02:49:01,Internet Banking
59,Yashvi Morar,Vendor,6044897254336891,CNRB0125505,IDFC First Bank,Savings,3123124526,yashvi.morar314@example.com,,Active,1,2025-03-29 06:20:23,2025-04-03 21:09:23,Mobile App
102,Gaurika Patil,Sister,6269784797783561,ICIC0743459,IDFC First Bank,Savings,1305637686,gaurika.patil444@example.com,,Active,1,2025-01-28 23:21:35,2025-01-31 14:54:35,Mobile App
924,Gavin Joshi,Mom,934307273803408,UTIB0423994,ICICI Bank,Savings,1869484262,gavin.joshi240@example.com,gavinjoshi9895@oksbi,Active,1,2025-03-17 21:43:46,2025-03-23 09:48:46,Internet Banking
752,Vidhi Dewan,,7606503558315136,IDFB0340271,Punjab National Bank,Savings,4766597875,vidhi.dewan608@example.com,,Active,0,2025-05-01 18:54:31,,Mobile App
941,Quincy Minhas,,6673751818628183,ICIC0003775,ICICI Bank,Savings,0152343422,quincy.minhas536@example.com,,Active,0,2025-06-17 12:14:42,,Mobile App
542,Sanaya Balakrishnan,Home,4142261955730694,ICIC0893382,Canara Bank,Savings,0143340923,sanaya.balakrishnan583@example.com,sanayabalakrishnan8142@okicici,Active,1,2024-12-06 22:10:13,2024-12-13 10:11:13,Mobile App
253,Gabriel Ratti,Friend,7341753455099156,YESB0531530,Punjab National Bank,Savings,1764174340,gabriel.ratti312@example.com,gabrielratti4305@ybl,Active,1,2024-11-26 22:33:42,2024-11-29 08:56:42,Mobile App
95,Nakul Dara,Personal,7453701426964719,ICIC0337854,Punjab National Bank,Current,2164214102,nakul.dara164@example.com,nakuldara7566@okaxis,Active,1,2024-04-20 11:08:26,2024-04-21 11:29:26,Internet Banking
41,Nihal Doshi,Personal,6437832588458636,UBIN0080550,Yes Bank,Current,3128665503,nihal.doshi245@example.com,nihaldoshi3013@okaxis,Active,1,2026-02-17 17:47:15,2026-02-21 11:12:15,Internet Banking
38,Azaan Dhar,Friend,7667497546963793,HDFC0546475,Canara Bank,Savings,1172974040,,azaandhar9430@okicici,Active,1,2025-06-02 08:00:35,2025-06-07 17:20:35,Internet Banking
498,Krish Tandon,Business,8754477391409237,CNRB0128349,HDFC Bank,Savings,1986916694,krish.tandon774@example.com,krishtandon2100@okicici,Active,1,2026-06-04 19:13:25,2026-06-08 18:14:25,Mobile App
414,Dayamai Dubey,Sister,5748252314408705,PUNB0953885,Punjab National Bank,Savings,5097678103,dayamai.dubey84@example.com,dayamaidubey6252@ybl,Active,1,2024-11-08 00:19:48,2024-11-10 07:09:48,Mobile App
838,Maanas Walia,,4498473579554371,ICIC0840562,IDFC First Bank,Current,5572968030,maanas.walia282@example.com,maanaswalia9592@okicici,Active,1,2024-10-05 03:34:25,2024-10-08 12:44:25,Branch
16,Pratyush Cheema,,3769087575501531,CNRB0500785,IDFC First Bank,Current,6745244967,pratyush.cheema294@example.com,,Active,1,2024-01-21 10:40:31,2024-01-27 16:46:31,Mobile App
696,Lipika Rattan,Dad,8096266149572014,ICIC0763139,HDFC Bank,Savings,5349331735,lipika.rattan423@example.com,,Active,1,2024-11-09 23:09:05,2024-11-14 08:16:05,Mobile App
853,Sai Nagarajan,Vendor,9413686118060205,HDFC0146284,Canara Bank,Savings,9501165811,sai.nagarajan307@example.com,sainagarajan5450@okhdfcbank,Inactive,1,2025-02-06 10:04:03,2025-02-08 07:57:03,Mobile App
496,Girish Parikh,,7034620886312322,PUNB0980504,Axis Bank,Savings,0986923740,girish.parikh722@example.com,girishparikh3408@paytm,Active,0,2025-11-14 12:25:47,,Mobile App
586,Keya Barman,Friend,9911469906000747,YESB0294926,Punjab National Bank,Savings,6746479506,keya.barman246@example.com,,Active,1,2026-01-20 04:44:49,2026-01-21 04:05:49,Mobile App
904,Gayathri Dayal,Vendor,5951159958958915,YESB0553169,ICICI Bank,Savings,,gayathri.dayal212@example.com,,Active,1,2025-12-14 20:18:46,2025-12-16 15:14:46,Mobile App
791,Rajata Manne,Dad,8920040018534523,IDFB0594913,Canara Bank,Savings,7719268465,rajata.manne126@example.com,,Inactive,0,2026-07-07 22:10:04,,Internet Banking
188,Gautami Pai,Friend,4034162555176481,IDFB0384245,Canara Bank,Savings,6096094920,gautami.pai378@example.com,gautamipai9169@ybl,Active,1,2026-05-31 20:57:43,2026-06-02 18:19:43,Internet Banking
121,Ayaan Sangha,,7114657231326286,CNRB0700152,Bank of Baroda,Savings,2173645086,ayaan.sangha112@example.com,ayaansangha9723@okhdfcbank,Inactive,0,2025-03-18 05:21:33,,Internet Banking
551,Aarna Dani,Personal,2314829892274082,PUNB0137520,IDFC First Bank,Current,1166275322,,,Active,0,2025-08-15 13:00:10,,Internet Banking
604,Falan Kibe,,6436638537134671,UBIN0830220,Yes Bank,Savings,2734904314,falan.kibe449@example.com,falankibe2578@okicici,Inactive,0,2024-05-14 13:43:31,,Mobile App
135,Anika Barad,,3121361501230511,ICIC0954616,Union Bank of India,Savings,1117925478,,,Active,1,2024-03-18 16:55:15,2024-03-21 11:49:15,Mobile App
963,Vinaya Deshpande,,6185621378156088,ICIC0481047,Axis Bank,Savings,3382515221,vinaya.deshpande398@example.com,vinayadeshpande3795@okhdfcbank,Active,1,2024-11-20 02:43:38,2024-11-24 02:41:38,Mobile App
461,Oeshi Bassi,Personal,2074045708739796,ICIC0616554,Canara Bank,Savings,,oeshi.bassi980@example.com,,Active,1,2024-10-21 05:56:11,2024-10-21 06:07:11,Internet Banking
776,Charan Pathak,,5123393348189407,BARB0891395,IDFC First Bank,Savings,7248635129,charan.pathak519@example.com,charanpathak9492@okicici,Active,1,2025-03-24 02:32:25,2025-03-27 19:32:25,Internet Banking
58,Aarav Jayaraman,Dad,7495611343983760,KKBK0485473,State Bank of India,Savings,8962095882,aarav.jayaraman166@example.com,aaravjayaraman6082@ybl,Active,1,2024-04-14 03:43:57,2024-04-17 02:56:57,Internet Banking
554,Kiaan Chaudhuri,,6371365039588217,UTIB0540372,Axis Bank,Savings,7343687015,kiaan.chaudhuri157@example.com,kiaanchaudhuri3916@okaxis,Active,1,2024-09-16 16:08:45,2024-09-21 19:00:45,Internet Banking
709,Nitesh Kohli,Sister,8816381383587699,HDFC0168868,IDFC First Bank,Savings,7456300552,nitesh.kohli69@example.com,niteshkohli2350@okhdfcbank,Active,1,2025-11-08 23:06:40,2025-11-10 03:38:40,Mobile App
877,Gautami Ghosh,Brother,3721067743235627,INDB0089438,Punjab National Bank,Current,9110526544,gautami.ghosh138@example.com,,Active,1,2025-09-10 23:08:58,2025-09-13 22:01:58,Internet Banking
689,Hema Naik,Home,7277789592287633,BARB0265152,Kotak Mahindra Bank,Savings,5084918157,,hemanaik1263@oksbi,Inactive,0,2024-06-26 17:58:37,,Mobile App
62,Dalaja Buch,Sister,2928698445729669,UBIN0039864,Punjab National Bank,Savings,7545645081,dalaja.buch864@example.com,dalajabuch2146@paytm,Active,1,2025-04-30 13:06:10,2025-05-03 00:43:10,Internet Banking
777,Chandran Uppal,,7588052063929350,IDFB0476369,ICICI Bank,Current,8040260535,chandran.uppal71@example.com,chandranuppal5933@okicici,Active,1,2024-12-14 06:43:06,2024-12-18 22:33:06,Mobile App
565,Dev Shah,Brother,5028722309003070,KKBK0287460,State Bank of India,Savings,0051931000,dev.shah535@example.com,devshah609@okhdfcbank,Active,0,2024-07-14 07:04:00,,Mobile App
30,Nimrat Gaba,Business,2326368238433693,YESB0885140,IDFC First Bank,Savings,8133338100,nimrat.gaba640@example.com,nimratgaba2306@okaxis,Active,1,2025-12-27 00:57:40,2025-12-28 04:13:40,Mobile App
730,Xiti Sunder,Vendor,6983735804115989,KKBK0225776,Kotak Mahindra Bank,Savings,8672906759,xiti.sunder329@example.com,,Active,1,2025-07-31 00:07:30,2025-08-05 07:11:30,Mobile App
686,Liam Mody,Home,9440042663752870,SBIN0452573,Axis Bank,Savings,2817872079,,liammody1848@paytm,Active,1,2024-11-02 09:38:52,2024-11-07 19:26:52,Mobile App
586,Chaitanya Malhotra,Friend,7127964070517367,CNRB0498680,Yes Bank,Current,6848175038,chaitanya.malhotra719@example.com,chaitanyamalhotra5702@okaxis,Active,1,2024-03-25 07:03:30,2024-03-29 15:03:30,Internet Banking
183,Daniel Mane,,3130375546198355,BARB0396759,Bank of Baroda,Savings,9144007745,daniel.mane889@example.com,danielmane4474@oksbi,Active,1,2024-06-23 17:02:49,2024-06-27 11:17:49,Internet Banking
231,Yochana Randhawa,Friend,8236919035978892,IDFB0828338,Union Bank of India,Savings,9130655019,,yochanarandhawa5533@paytm,Active,1,2025-03-12 06:21:40,2025-03-13 10:31:40,Internet Banking
772,Vinaya Bhandari,,1601760866853698,YESB0069111,Kotak Mahindra Bank,Savings,8975465471,vinaya.bhandari84@example.com,vinayabhandari8601@oksbi,Active,1,2024-11-17 06:43:13,2024-11-21 01:26:13,Mobile App
272,Panini Sant,,1478301660252933,IDFB0175873,Axis Bank,Savings,3506959445,,paninisant1474@oksbi,Active,1,2026-08-04 01:38:42,2026-08-06 03:14:42,Mobile App
702,Alexander Gole,,8544723942053832,UTIB0669801,Axis Bank,Savings,6328315889,,alexandergole578@oksbi,Inactive,0,2025-03-15 14:38:21,,Mobile App
998,Yutika Sethi,Sister,6996540898674929,UTIB0152378,Punjab National Bank,Savings,1743698333,yutika.sethi929@example.com,yutikasethi4849@okaxis,Active,0,2024-04-29 05:36:12,,Mobile App
840,Chaaya Sehgal,,8640970150698321,CNRB0214714,IDFC First Bank,Current,4626662555,,chaayasehgal8952@paytm,Active,1,2026-07-05 09:42:33,2026-07-07 16:59:33,Internet Banking
915,Ira Dube,,2454836589986448,UBIN0099027,Punjab National Bank,Savings,2057216918,ira.dube773@example.com,iradube6130@okaxis,Active,1,2024-04-30 19:14:54,2024-05-04 22:56:54,Internet Banking
429,Ryan Wagle,Vendor,7277111683117283,UTIB0405797,IDFC First Bank,Current,7477227264,ryan.wagle448@example.com,,Active,1,2025-02-18 22:07:43,2025-02-25 06:21:43,Internet Banking
993,Ekansh Karpe,Dad,270479214259939,SBIN0463680,State Bank of India,Current,,,ekanshkarpe4733@paytm,Active,1,2024-10-21 04:02:35,2024-10-24 09:24:35,Branch
346,Liam Majumdar,,1543217427360882,SBIN0738418,State Bank of India,Savings,6469547911,liam.majumdar553@example.com,,Active,1,2024-10-27 00:50:08,2024-10-31 18:40:08,Mobile App
208,Gagan Nori,,5815865300200045,YESB0174726,IDFC First Bank,Savings,8722570863,gagan.nori352@example.com,,Active,1,2024-06-19 10:43:06,2024-06-20 17:05:06,Branch
655,Abhiram Mital,Home,2063835208967742,ICIC0669263,State Bank of India,Savings,3980361597,abhiram.mital656@example.com,abhirammital6304@oksbi,Active,1,2025-08-27 11:08:27,2025-08-31 15:20:27,Mobile App
440,Gauri Kashyap,Home,5143604652607327,UTIB0480262,Canara Bank,Savings,0396217377,gauri.kashyap663@example.com,gaurikashyap6742@okicici,Active,1,2026-04-30 23:57:15,2026-05-06 06:47:15,Internet Banking
665,Vedant Kulkarni,,6232956322797672,IDFB0320524,Canara Bank,Savings,4612259287,vedant.kulkarni384@example.com,,Active,0,2026-02-12 17:50:32,,Mobile App
664,Upadhriti Tailor,Vendor,3319043976769304,UTIB0358728,ICICI Bank,Savings,6002107821,upadhriti.tailor707@example.com,upadhrititailor9423@okhdfcbank,Active,0,2024-10-25 23:17:43,,Mobile App
999,Sanya Bajwa,Brother,2277688006835879,SBIN0788129,Yes Bank,Savings,2598287145,sanya.bajwa948@example.com,sanyabajwa5964@okhdfcbank,Active,1,2025-01-21 22:31:30,2025-01-27 13:18:30,Internet Banking
892,Warinder Bhardwaj,Office,8437811585982714,CNRB0217789,Union Bank of India,Savings,5899253348,warinder.bhardwaj353@example.com,warinderbhardwaj2721@ybl,Active,1,2026-04-05 02:08:26,2026-04-09 04:45:26,Internet Banking
46,Dalbir Pathak,,8195268374820321,IDFB0051909,IDFC First Bank,Savings,,dalbir.pathak818@example.com,dalbirpathak5718@okhdfcbank,Active,0,2024-03-22 22:00:28,,Internet Banking
142,Oviya Mani,Dad,4220413796911908,UTIB0020120,Kotak Mahindra Bank,Savings,4478489771,oviya.mani997@example.com,oviyamani5944@paytm,Active,1,2025-09-21 23:32:27,2025-09-22 17:34:27,Mobile App
854,Bahadurjit Pal,Dad,9213789021050124,UTIB0064292,Canara Bank,Savings,7342161589,bahadurjit.pal842@example.com,bahadurjitpal5177@oksbi,Active,0,2024-08-19 02:20:46,,Mobile App
762,Warinder Doshi,,1493286758870884,PUNB0534476,Bank of Baroda,Savings,1527025958,warinder.doshi686@example.com,warinderdoshi1113@ybl,Active,0,2024-02-20 14:41:58,,Internet Banking
849,Imaran Borra,Home,9557877958111610,BARB0240091,Union Bank of India,Savings,6421674500,imaran.borra631@example.com,imaranborra5618@oksbi,Active,1,2024-02-24 03:04:16,2024-03-01 15:36:16,Branch
49,Farhan Radhakrishnan,Home,3826421601879462,UTIB0732416,Axis Bank,Current,9675802057,farhan.radhakrishnan929@example.com,,Active,1,2025-01-31 23:58:42,2025-02-06 14:57:42,Internet Banking
750,Devika Banik,Mom,192650599111348,BARB0394159,Union Bank of India,Savings,1581168705,devika.banik377@example.com,devikabanik828@ybl,Inactive,0,2025-10-08 06:47:14,,Mobile App
532,Bhavika Bala,,9203663538578336,HDFC0342326,State Bank of India,Savings,0428195661,bhavika.bala794@example.com,bhavikabala4360@ybl,Active,1,2024-07-29 20:06:49,2024-08-01 10:34:49,Branch
538,Jai Arora,Friend,4672431925595200,IDFB0790764,Kotak Mahindra Bank,Current,7472125973,,jaiarora4650@oksbi,Active,1,2024-08-15 11:38:31,2024-08-18 02:02:31,Internet Banking
321,Ishita Sarna,Sister,2948321717781340,IDFB0660379,Canara Bank,Savings,0495329862,ishita.sarna474@example.com,,Active,1,2025-07-18 14:48:11,2025-07-23 21:42:11,Branch
705,Ridhi Dalal,Sister,8181024112573673,ICIC0046380,Yes Bank,Savings,,ridhi.dalal821@example.com,ridhidalal2542@okhdfcbank,Active,1,2026-04-28 20:57:15,2026-05-04 01:07:15,Mobile App
514,Tristan Sane,Brother,8503844046704386,KKBK0213052,State Bank of India,Savings,0808213403,tristan.sane947@example.com,tristansane9736@paytm,Inactive,0,2024-11-29 16:33:51,,Mobile App
29,Vinaya Bhat,Home,902470923167416,UTIB0698318,ICICI Bank,Savings,8656933259,vinaya.bhat355@example.com,vinayabhat3827@ybl,Active,1,2024-11-17 20:21:47,2024-11-22 17:38:47,Mobile App
948,Lohit Tank,,1111936426872538,IDFB0818013,Canara Bank,Savings,0509225699,,lohittank5799@ybl,Active,1,2025-12-25 05:48:44,2025-12-28 22:19:44,Mobile App
369,Oliver Varma,Home,3280668568572482,UBIN0298534,Punjab National Bank,Savings,2603845560,oliver.varma286@example.com,,Active,1,2024-11-02 03:50:58,2024-11-09 00:28:58,Internet Banking
201,Xalak Koshy,Friend,6643343214474923,YESB0008662,Punjab National Bank,Savings,9488661685,xalak.koshy45@example.com,xalakkoshy2805@paytm,Active,1,2025-03-13 05:17:07,2025-03-14 02:11:07,Mobile App
405,Diya Agrawal,,4429899437146447,KKBK0988502,Punjab National Bank,Savings,8296409850,,diyaagrawal5577@okicici,Active,1,2025-11-23 19:10:08,2025-11-25 10:32:08,Mobile App
348,Brijesh Gade,Home,6768236255655602,INDB0257626,IDFC First Bank,Savings,,brijesh.gade771@example.com,,Inactive,0,2025-12-28 10:02:50,,Branch
977,Kritika Doshi,,2494587117481325,PUNB0703361,Union Bank of India,Savings,4265891552,kritika.doshi305@example.com,kritikadoshi2149@paytm,Active,0,2025-12-27 17:11:21,,Mobile App
76,Leela Seshadri,,7478389688244261,YESB0234057,Punjab National Bank,Savings,1211611464,leela.seshadri801@example.com,leelaseshadri5627@oksbi,Active,1,2024-05-14 13:04:49,2024-05-18 08:22:49,Internet Banking
311,Imaran Kaul,Vendor,1533390040666715,UBIN0013050,State Bank of India,Savings,5342972043,imaran.kaul663@example.com,imarankaul7582@okaxis,Active,1,2024-11-09 13:11:30,2024-11-09 13:16:30,Mobile App
504,Saumya Munshi,Dad,938643009195551,SBIN0819164,State Bank of India,Savings,7714107113,saumya.munshi476@example.com,saumyamunshi5570@okaxis,Blocked,1,2024-12-07 07:03:45,2024-12-10 23:56:45,Mobile App
909,Dominic Banik,Mom,912145561705008,HDFC0927038,Canara Bank,Savings,7825479018,dominic.banik866@example.com,,Active,1,2024-09-26 15:53:05,2024-09-28 05:32:05,Mobile App
143,David Taneja,Brother,2424395701622399,HDFC0355867,Canara Bank,Savings,1082948545,david.taneja722@example.com,davidtaneja7543@okaxis,Active,1,2024-11-12 05:12:44,2024-11-16 10:42:44,Mobile App
298,Madhav Gokhale,Home,7625653683437530,PUNB0091326,Union Bank of India,Savings,6673847100,,madhavgokhale5300@oksbi,Active,1,2025-09-23 20:00:29,2025-09-25 06:37:29,Internet Banking
801,Damyanti Warrior,Office,7783801817033076,ICIC0999142,Kotak Mahindra Bank,Savings,9372617555,damyanti.warrior561@example.com,damyantiwarrior7227@okicici,Active,1,2024-03-22 03:59:55,2024-03-28 09:01:55,Mobile App
147,Ekalinga Deep,Dad,276971953395007,PUNB0390324,IndusInd Bank,Savings,0207927519,,ekalingadeep912@paytm,Active,1,2026-05-01 21:05:46,2026-05-04 18:17:46,Internet Banking
780,Rachit Dubey,Vendor,8509642698235200,PUNB0523086,Kotak Mahindra Bank,Savings,,rachit.dubey494@example.com,rachitdubey2638@okaxis,Active,1,2026-07-18 05:30:28,2026-07-21 12:29:28,Internet Banking
870,Jagat Mohan,,3626605006824315,UTIB0990312,HDFC Bank,Savings,9816018691,jagat.mohan46@example.com,jagatmohan6158@okicici,Active,1,2025-12-26 16:06:33,2025-12-28 23:42:33,Internet Banking
126,Dominic Som,Vendor,2739555905628218,PUNB0330780,IndusInd Bank,Savings,4979641783,,dominicsom4699@paytm,Active,1,2025-08-08 14:02:05,2025-08-10 14:12:05,Internet Banking
388,Amruta Mani,Home,2207230051139758,PUNB0213235,Punjab National Bank,Current,5263722271,amruta.mani196@example.com,amrutamani8382@oksbi,Blocked,1,2026-01-13 11:39:54,2026-01-15 16:57:54,Mobile App
936,Avni Basak,Friend,8631523035540335,YESB0201196,Yes Bank,Savings,3241317314,avni.basak639@example.com,avnibasak83@okhdfcbank,Active,1,2025-07-01 19:15:49,2025-07-02 20:10:49,Mobile App
13,Peter Dora,Mom,6884632945078791,INDB0711865,Punjab National Bank,Savings,6631027085,,,Active,0,2025-11-25 19:55:21,,Mobile App
745,Ansh Thakkar,Mom,2222197077226867,SBIN0769665,Yes Bank,Savings,,ansh.thakkar178@example.com,anshthakkar1233@ybl,Active,1,2025-07-06 06:12:00,2025-07-08 01:11:00,Internet Banking
780,Faras Mander,Dad,9172773212616301,HDFC0179467,Kotak Mahindra Bank,Savings,0652345265,faras.mander188@example.com,,Active,1,2024-03-26 10:42:45,2024-03-29 12:35:45,Mobile App
784,Reva Devi,Home,1349477426225267,SBIN0035819,Union Bank of India,Savings,4042534144,reva.devi144@example.com,,Inactive,0,2026-02-25 04:23:46,,Internet Banking
388,Geetika Sampath,Brother,5043896714649127,YESB0066653,Kotak Mahindra Bank,Current,8059047439,geetika.sampath510@example.com,,Inactive,1,2026-04-05 01:52:21,2026-04-10 21:33:21,Mobile App
63,Simon Samra,,2563135996050839,BARB0194479,HDFC Bank,Savings,9793093510,,simonsamra4798@okaxis,Active,1,2025-06-27 02:05:30,2025-06-30 11:48:30,Internet Banking
199,Kamala Venkataraman,,5171444063087715,INDB0691960,IndusInd Bank,Current,5686218458,kamala.venkataraman120@example.com,kamalavenkataraman7066@okicici,Active,1,2026-01-15 16:53:35,2026-01-18 13:00:35,Mobile App
978,Ishani Batta,Personal,7130614581415037,INDB0139885,Kotak Mahindra Bank,Savings,3416100428,ishani.batta918@example.com,ishanibatta1953@okhdfcbank,Active,1,2026-02-03 14:06:51,2026-02-06 10:50:51,Internet Banking
698,Harinakshi Sachdeva,Vendor,6822296946247287,UTIB0182265,ICICI Bank,Savings,,,harinakshisachdeva8632@okaxis,Active,1,2025-04-28 12:21:28,2025-05-01 04:29:28,Mobile App
590,Girindra Srivastava,Office,2300177402623524,PUNB0451161,Punjab National Bank,Savings,6865614855,girindra.srivastava224@example.com,girindrasrivastava6467@okaxis,Active,0,2026-01-31 13:33:32,,Internet Banking
289,Viraj Sahni,Business,4105895159564401,UBIN0853607,HDFC Bank,Savings,0238446821,viraj.sahni27@example.com,,Active,1,2024-02-14 04:09:00,2024-02-15 20:04:00,Mobile App
265,Darika Chaudhary,Mom,6729893772657496,YESB0363992,State Bank of India,Savings,7795306308,,,Active,0,2025-01-30 13:26:17,,Internet Banking
121,Pranit Ben,,3969400418064417,PUNB0928985,Kotak Mahindra Bank,Current,4850917553,,pranitben1423@oksbi,Active,1,2024-05-07 20:15:57,2024-05-09 18:11:57,Mobile App
379,Charita Bala,Brother,9982879761213889,UTIB0953176,Union Bank of India,Savings,3197135658,,,Active,1,2025-06-22 20:03:51,2025-06-24 14:04:51,Internet Banking
667,Manya Kar,Mom,445955147479599,YESB0758022,IDFC First Bank,Savings,6415737187,manya.kar429@example.com,manyakar9911@ybl,Active,1,2025-10-16 14:19:21,2025-10-20 11:26:21,Internet Banking
944,Sarthak Deep,Sister,3037481826786904,KKBK0323630,Axis Bank,Savings,4968798554,sarthak.deep596@example.com,,Active,1,2026-07-07 07:09:39,2026-07-14 02:33:39,Internet Banking
572,Amaira Vohra,Personal,2817523165291026,UBIN0476734,HDFC Bank,Savings,5107091505,,,Blocked,1,2024-01-04 20:56:38,2024-01-05 14:54:38,Mobile App
486,Maya Comar,Brother,6841722577028860,KKBK0415724,Bank of Baroda,Savings,1362404073,maya.comar635@example.com,mayacomar9266@okhdfcbank,Active,1,2026-07-10 06:26:21,2026-07-13 13:59:21,Internet Banking
292,Vincent Bora,Office,2391961553174180,BARB0852372,Kotak Mahindra Bank,Savings,4660483152,vincent.bora348@example.com,vincentbora2579@paytm,Active,0,2025-10-31 13:51:48,,Mobile App
113,Oliver Badal,Office,8249138686209574,UBIN0439256,IDFC First Bank,Savings,2053848241,oliver.badal712@example.com,,Inactive,1,2026-07-30 18:20:00,2026-08-04 12:05:00,Mobile App
623,Lajita Sampath,Dad,2299562118612754,CNRB0178497,Bank of Baroda,Savings,4297510059,lajita.sampath600@example.com,lajitasampath242@okicici,Active,1,2024-03-16 08:00:36,2024-03-19 18:54:36,Internet Banking
449,Ishani Hari,Mom,9893223818775761,YESB0893267,ICICI Bank,Savings,9586607384,ishani.hari495@example.com,ishanihari3127@okaxis,Active,1,2024-12-12 16:33:29,2024-12-12 16:44:29,Mobile App
784,Triveni Chopra,Home,1485920481414094,CNRB0480857,Canara Bank,Savings,6628685044,,,Active,1,2024-08-03 06:17:17,2024-08-07 04:51:17,Mobile App
307,Chaaya Patel,Business,9153056571026745,INDB0152254,State Bank of India,Savings,,,,Active,1,2026-02-23 20:20:58,2026-02-24 07:12:58,Internet Banking
166,Ladli Patil,Brother,869170062759856,UBIN0403511,IDFC First Bank,Savings,5656609340,ladli.patil386@example.com,ladlipatil5320@okhdfcbank,Inactive,1,2024-06-27 05:44:31,2024-07-02 23:00:31,Mobile App
269,Tejas Sarraf,Home,4690262455225454,SBIN0842495,Canara Bank,Current,,tejas.sarraf599@example.com,tejassarraf755@okicici,Active,1,2026-05-21 20:55:42,2026-05-26 06:53:42,Mobile App
959,Wishi Patil,Sister,853083339425747,SBIN0953242,Punjab National Bank,Savings,7267179361,wishi.patil731@example.com,wishipatil3801@oksbi,Active,1,2026-04-02 03:19:57,2026-04-05 20:39:57,Mobile App
84,Siddharth Comar,,2077711535957089,YESB0997188,Kotak Mahindra Bank,Savings,8650941199,,,Inactive,1,2026-04-04 10:07:00,2026-04-06 22:00:00,Internet Banking
3,Januja Nadig,Office,6122894927593943,INDB0187096,ICICI Bank,Savings,,,janujanadig8593@okaxis,Active,1,2025-03-29 18:07:52,2025-04-04 21:43:52,Branch
813,Nisha Muni,Mom,4279584850557065,UBIN0735505,HDFC Bank,Savings,2683270398,nisha.muni323@example.com,nishamuni9611@okhdfcbank,Active,1,2024-01-15 16:34:29,2024-01-21 12:03:29,Mobile App
566,Guneet Ratti,,6328841528370773,ICIC0658373,Union Bank of India,Savings,3690850201,,guneetratti2240@oksbi,Active,0,2024-03-27 08:55:51,,Internet Banking
337,Rishi Hegde,Sister,5571354998797118,KKBK0223336,HDFC Bank,Savings,4016932623,rishi.hegde766@example.com,rishihegde9757@ybl,Active,1,2025-05-09 20:23:21,2025-05-10 19:16:21,Mobile App
344,Nikita Deshmukh,Mom,9284391187316513,ICIC0583347,IDFC First Bank,Current,0682587905,nikita.deshmukh981@example.com,nikitadeshmukh5931@oksbi,Active,1,2026-02-19 03:46:44,2026-02-22 04:27:44,Branch
178,Zilmil Oza,Business,7279617211282273,UBIN0988593,Union Bank of India,Savings,0477047701,,,Active,1,2024-05-22 06:00:32,2024-05-22 17:11:32,Internet Banking
347,Zansi Gupta,Vendor,3812538406654367,UBIN0304650,Bank of Baroda,Current,3546106328,zansi.gupta520@example.com,,Active,1,2024-08-07 00:22:28,2024-08-14 00:17:28,Mobile App
657,Nilima Hari,,8890209063925380,IDFB0094577,IndusInd Bank,Savings,8539375895,nilima.hari681@example.com,nilimahari4173@okicici,Active,1,2025-11-27 19:07:25,2025-12-03 13:50:25,Mobile App
86,Jyoti Kale,,3255777666451885,KKBK0820974,Yes Bank,Savings,6926872753,jyoti.kale238@example.com,,Active,1,2026-06-02 04:53:06,2026-06-02 17:29:06,Mobile App
71,George Dhillon,Sister,2899659085929199,HDFC0052030,Axis Bank,Savings,5376965637,george.dhillon709@example.com,georgedhillon9478@okhdfcbank,Active,1,2026-05-12 04:19:44,2026-05-17 11:24:44,Mobile App
910,Hredhaan Balay,Friend,3481957910842250,YESB0082113,Bank of Baroda,Savings,8843356273,hredhaan.balay41@example.com,hredhaanbalay3416@okhdfcbank,Active,1,2024-06-17 23:41:06,2024-06-23 12:04:06,Mobile App
293,Onveer Viswanathan,Office,6124792559256445,PUNB0708963,Kotak Mahindra Bank,Current,1984214696,onveer.viswanathan195@example.com,onveerviswanathan4736@ybl,Active,1,2025-08-01 16:11:20,2025-08-03 12:23:20,Mobile App
489,Girish Prasad,,5557071135697453,BARB0504237,Kotak Mahindra Bank,Savings,7936374321,girish.prasad276@example.com,girishprasad8823@ybl,Active,1,2024-10-08 01:10:49,2024-10-13 23:05:49,Internet Banking
803,Daniel Gopal,Dad,3986538534050181,YESB0265844,IndusInd Bank,Savings,1904315715,,,Active,1,2024-10-26 07:12:46,2024-10-26 19:03:46,Branch
999,Xiti Memon,Home,2720273214311289,ICIC0328740,HDFC Bank,Savings,4124454026,xiti.memon842@example.com,xitimemon92@oksbi,Active,1,2026-03-05 12:49:44,2026-03-11 03:33:44,Mobile App
810,Manbir Natarajan,Brother,1759258469651749,KKBK0000599,Punjab National Bank,Savings,3267381583,,manbirnatarajan2805@ybl,Active,1,2025-03-09 08:29:41,2025-03-15 13:02:41,Internet Banking
363,Nirja Batta,Dad,5540208578229242,BARB0653116,Bank of Baroda,Savings,6809332209,nirja.batta418@example.com,nirjabatta9213@okhdfcbank,Active,1,2024-05-14 00:02:10,2024-05-19 04:43:10,Internet Banking
375,Shaurya Johal,Personal,4504381933605859,PUNB0936405,Yes Bank,Savings,5911363788,shaurya.johal927@example.com,shauryajohal3063@okaxis,Active,1,2024-12-10 21:39:02,2024-12-12 00:35:02,Internet Banking
328,Lohit Bala,Vendor,1776946834154681,INDB0676531,ICICI Bank,Savings,7442952727,,lohitbala7177@okhdfcbank,Active,1,2026-04-23 00:38:33,2026-04-24 15:42:33,Branch
355,Fariq Krishnan,,2879594719333972,UTIB0992708,Union Bank of India,Savings,6729721297,fariq.krishnan196@example.com,fariqkrishnan2832@okhdfcbank,Active,1,2025-09-14 01:31:56,2025-09-19 02:24:56,Internet Banking
888,Manbir Chander,Home,9577032535720863,UTIB0718481,Union Bank of India,Savings,0096620966,,manbirchander1524@okaxis,Active,1,2024-08-28 12:17:12,2024-09-04 10:27:12,Mobile App
463,Daksha Tak,Business,3609145232031889,HDFC0618321,HDFC Bank,Savings,4185875894,daksha.tak512@example.com,dakshatak4261@oksbi,Active,1,2025-05-18 10:54:12,2025-05-23 18:29:12,Mobile App
993,Leena Ramachandran,Office,9511524613198345,INDB0091346,ICICI Bank,Savings,3672550204,leena.ramachandran315@example.com,leenaramachandran7454@ybl,Active,1,2026-08-10 04:30:12,2026-08-13 11:12:12,Mobile App
485,Anay Halder,Dad,8356753211663201,UTIB0529464,Canara Bank,Savings,5047753735,,anayhalder1570@ybl,Active,1,2025-01-10 00:56:58,2025-01-16 01:05:58,Internet Banking
253,Agastya Chana,,9335103656808095,INDB0632024,IndusInd Bank,Savings,3399030623,agastya.chana943@example.com,agastyachana61@okicici,Active,1,2025-01-06 10:49:34,2025-01-12 20:33:34,Internet Banking
691,Adya Sant,Home,3279331795490989,UBIN0718963,IndusInd Bank,Savings,9258280365,,adyasant1696@okhdfcbank,Inactive,1,2024-09-08 14:58:07,2024-09-10 12:38:07,Internet Banking
167,Nidra Pall,Vendor,1622813264100084,CNRB0338431,Axis Bank,Savings,8346919575,nidra.pall969@example.com,nidrapall5754@oksbi,Active,0,2026-03-10 15:28:37,,Internet Banking
836,Faqid Nori,,915334222117181,INDB0234253,Yes Bank,Savings,7052997951,,,Active,1,2026-05-03 10:42:19,2026-05-04 03:44:19,Internet Banking
434,Tanish Suri,Office,828203258923727,PUNB0173035,Kotak Mahindra Bank,Savings,5775799933,tanish.suri922@example.com,,Active,1,2026-04-15 07:25:36,2026-04-20 17:03:36,Internet Banking
596,Oscar Bali,Personal,3943186244936500,UBIN0034536,Canara Bank,Savings,5225000374,oscar.bali706@example.com,,Inactive,0,2025-10-30 10:12:54,,Mobile App
488,Brijesh Kunda,Mom,1585418095153329,KKBK0727214,Kotak Mahindra Bank,Savings,2126761747,,brijeshkunda1437@okhdfcbank,Inactive,1,2024-09-22 05:20:51,2024-09-22 07:21:51,Mobile App
585,Samuel Grewal,,3905143281229113,HDFC0476874,Axis Bank,Savings,7805524587,samuel.grewal661@example.com,samuelgrewal1421@okhdfcbank,Active,0,2024-01-30 04:49:11,,Mobile App
617,Faras Khalsa,Sister,6337301997150307,INDB0774099,ICICI Bank,Savings,3250267970,faras.khalsa532@example.com,faraskhalsa2567@oksbi,Active,1,2026-07-12 06:47:09,2026-07-18 16:47:09,Branch
762,Advaith Mane,Mom,4027641914319432,KKBK0809911,Union Bank of India,Savings,1543631651,,,Active,1,2025-06-10 10:52:45,2025-06-14 01:49:45,Mobile App
47,Onveer Ben,Sister,8057745048069571,BARB0153670,IndusInd Bank,Savings,8172065821,onveer.ben408@example.com,onveerben6054@oksbi,Active,1,2026-04-20 23:38:14,2026-04-21 00:41:14,Internet Banking
391,Ishwar Viswanathan,Mom,9072961106262778,IDFB0705529,Bank of Baroda,Savings,3940906650,,,Active,0,2025-03-05 08:59:08,,Internet Banking
469,Deepa Minhas,Sister,2680948428116597,CNRB0996658,Punjab National Bank,Current,4864228841,deepa.minhas530@example.com,deepaminhas3678@ybl,Active,1,2026-06-15 08:29:55,2026-06-16 19:23:55,Internet Banking
48,Hiral Bakshi,,5176854689458568,CNRB0515685,Kotak Mahindra Bank,Savings,8098722898,hiral.bakshi351@example.com,hiralbakshi653@ybl,Active,1,2026-06-09 02:43:03,2026-06-12 14:44:03,Mobile App
101,Gavin Sachdeva,,4615793771859035,HDFC0942544,Canara Bank,Current,4353644004,gavin.sachdeva416@example.com,gavinsachdeva2411@paytm,Active,1,2024-03-22 22:18:35,2024-03-23 11:10:35,Mobile App
488,Yutika Vora,Dad,7183971179351333,UTIB0491214,State Bank of India,Savings,9842050560,yutika.vora311@example.com,,Active,1,2024-02-20 17:15:14,2024-02-24 08:12:14,Internet Banking
185,Vivaan Gade,,5180224636390996,HDFC0618152,Bank of Baroda,Savings,5988837877,vivaan.gade84@example.com,vivaangade6802@okaxis,Active,1,2025-11-18 00:03:13,2025-11-21 01:14:13,Internet Banking
901,Wakeeta Aurora,Home,9133804300788014,SBIN0583289,ICICI Bank,Savings,7445182584,wakeeta.aurora123@example.com,,Active,1,2025-04-07 17:05:46,2025-04-11 13:00:46,Mobile App
790,Libni Ray,,1963855371486438,UTIB0675725,Bank of Baroda,Current,3756605937,,libniray221@okhdfcbank,Active,0,2024-02-05 08:04:39,,Mobile App
135,Jack Dhaliwal,Mom,8616616849408846,YESB0212303,Kotak Mahindra Bank,Savings,8752882804,jack.dhaliwal502@example.com,,Active,0,2025-05-29 10:00:57,,Mobile App
410,Viraj Chacko,,243609599894332,UBIN0547151,IndusInd Bank,Savings,7600045687,viraj.chacko286@example.com,virajchacko2646@ybl,Inactive,0,2025-10-27 14:47:04,,Branch
70,Dalaja Chahal,,4568333435057839,HDFC0682234,IDFC First Bank,Savings,9352752821,dalaja.chahal204@example.com,,Active,1,2026-04-21 15:17:01,2026-04-23 04:18:01,Mobile App
740,Akshay Majumdar,,6190356618529145,ICIC0279066,Union Bank of India,Savings,9256148077,akshay.majumdar139@example.com,akshaymajumdar1449@paytm,Inactive,1,2024-07-09 19:35:43,2024-07-11 18:52:43,Mobile App
504,Yagnesh Sarin,Friend,9159401187738423,INDB0637277,ICICI Bank,Savings,6764098270,yagnesh.sarin959@example.com,yagneshsarin6087@okhdfcbank,Active,1,2024-11-15 13:44:02,2024-11-18 21:24:02,Mobile App
47,Girik Salvi,Office,7589350650918518,UBIN0972935,ICICI Bank,Savings,9064473780,,giriksalvi852@okaxis,Active,0,2025-03-23 16:44:56,,Mobile App
427,Prisha Srinivas,Personal,1323284740638058,KKBK0816623,Punjab National Bank,Savings,6970380043,prisha.srinivas452@example.com,prishasrinivas6554@okhdfcbank,Active,1,2025-10-07 14:53:55,2025-10-09 17:42:55,Internet Banking
396,Dipta Jhaveri,,1822886892368100,UTIB0628209,HDFC Bank,Current,9292361747,dipta.jhaveri550@example.com,,Active,1,2025-01-12 05:28:25,2025-01-17 23:12:25,Internet Banking
196,Anjali Sandal,,8940693055090255,SBIN0411020,Axis Bank,Savings,5910424833,anjali.sandal115@example.com,,Inactive,1,2025-08-06 18:03:21,2025-08-09 06:14:21,Mobile App
588,Onveer Kaur,,4371310527192370,PUNB0873736,Bank of Baroda,Savings,3954472265,onveer.kaur199@example.com,onveerkaur7924@oksbi,Active,1,2024-10-29 10:30:09,2024-11-03 14:38:09,Mobile App
265,Ladli Sodhi,Friend,4275242096120194,BARB0311912,Canara Bank,Savings,8195672217,ladli.sodhi413@example.com,ladlisodhi9501@okhdfcbank,Active,1,2024-05-31 04:24:53,2024-06-05 00:12:53,Mobile App
679,Jacob Pradhan,Dad,7715115485651704,PUNB0537811,Union Bank of India,Savings,6594288479,,jacobpradhan7195@okhdfcbank,Active,1,2024-10-30 08:36:19,2024-11-04 18:47:19,Mobile App
572,Adya Issac,,4748767624518782,HDFC0136038,IDFC First Bank,Savings,0864224841,,,Active,1,2025-01-14 14:52:02,2025-01-15 17:14:02,Mobile App
175,Vansha Parsa,Business,4324392809623953,KKBK0746955,Punjab National Bank,Savings,3506996665,vansha.parsa379@example.com,vanshaparsa3282@okicici,Inactive,0,2025-09-06 18:03:32,,Internet Banking
740,Kabir Kalita,,8843872504826164,PUNB0844315,Punjab National Bank,Current,3688958263,kabir.kalita595@example.com,,Active,0,2025-05-08 11:25:44,,Branch
302,Jeevika Pillay,Home,6878581489940629,IDFB0086964,HDFC Bank,Savings,9399499947,jeevika.pillay527@example.com,jeevikapillay8196@ybl,Active,1,2026-07-18 06:10:31,2026-07-24 12:46:31,Mobile App
732,Luke Hora,,7169832831254269,INDB0040621,Yes Bank,Savings,3983176249,luke.hora116@example.com,lukehora3579@paytm,Active,0,2025-05-12 08:05:33,,Mobile App
33,Pallavi Dhawan,Vendor,9206048150352662,SBIN0838505,Yes Bank,Savings,2177032536,pallavi.dhawan967@example.com,,Active,1,2026-01-09 22:47:35,2026-01-10 06:38:35,Branch
875,Avni Tandon,Brother,3540694125745438,BARB0687530,Union Bank of India,Savings,4781097499,avni.tandon35@example.com,avnitandon8525@oksbi,Active,0,2025-06-09 23:17:09,,Mobile App
869,Dalbir Gade,Personal,1222737201327542,PUNB0565746,Bank of Baroda,Savings,0262458419,,,Active,1,2024-08-31 11:40:21,2024-09-03 00:04:21,Internet Banking
337,Qarin Suresh,Friend,8361715412573336,INDB0538577,ICICI Bank,Savings,9898766156,qarin.suresh290@example.com,,Active,1,2024-10-09 22:09:08,2024-10-12 11:20:08,Branch
349,Zinal Dhawan,Dad,2588600413016972,ICIC0383088,Bank of Baroda,Savings,3618603788,zinal.dhawan712@example.com,,Active,0,2024-01-04 10:43:16,,Branch
609,Rishi Din,,8935557660410967,ICIC0028988,State Bank of India,Savings,2475468541,rishi.din263@example.com,rishidin8267@paytm,Active,1,2025-05-30 16:49:22,2025-05-31 21:30:22,Internet Banking
897,Frederick Hayre,Personal,7998544865977034,PUNB0918907,Yes Bank,Savings,0894427811,frederick.hayre231@example.com,frederickhayre9379@oksbi,Active,0,2024-04-26 02:45:26,,Internet Banking
99,Widisha Cheema,Personal,5023334364924549,INDB0319309,Bank of Baroda,Savings,6498963142,widisha.cheema748@example.com,widishacheema2192@paytm,Active,1,2025-05-12 14:28:05,2025-05-13 15:05:05,Mobile App
370,Hitesh Tandon,Friend,6681567981389083,INDB0910779,Axis Bank,Savings,,hitesh.tandon255@example.com,,Active,0,2025-10-17 10:31:26,,Internet Banking
23,Ayush Mittal,Home,5413297402689771,IDFB0932325,State Bank of India,Savings,2355903344,ayush.mittal929@example.com,,Active,1,2024-04-03 01:49:13,2024-04-04 23:02:13,Mobile App
678,Sneha Dhar,Friend,6550946031495631,ICIC0084898,State Bank of India,Savings,9015659136,sneha.dhar913@example.com,,Active,0,2024-01-28 05:54:29,,Branch
989,Shivani Rajagopalan,Business,9530958066290698,YESB0450069,IDFC First Bank,Savings,7042775357,,,Active,1,2024-04-28 04:34:35,2024-05-05 00:20:35,Mobile App
856,Isaiah Karpe,Business,7690805258863307,HDFC0386882,Bank of Baroda,Savings,5751250432,,isaiahkarpe1163@oksbi,Active,1,2026-06-20 12:48:51,2026-06-20 20:08:51,Internet Banking
35,Ishani Lad,Dad,5817822518297307,BARB0024775,Kotak Mahindra Bank,Savings,6984512191,ishani.lad339@example.com,ishanilad8144@okicici,Active,1,2025-09-20 10:25:28,2025-09-23 21:44:28,Mobile App
32,Lopa Natt,Sister,2905290262130647,ICIC0663211,Union Bank of India,Savings,6941780193,lopa.natt819@example.com,,Active,1,2026-08-13 07:07:22,2026-08-17 23:59:59,Mobile App
181,Banjeet Dutt,,3614746863215742,KKBK0873517,State Bank of India,Savings,8619142965,,banjeetdutt5201@okicici,Active,1,2024-04-01 03:00:26,2024-04-02 06:42:26,Mobile App
194,Yahvi Mallick,Home,7389805156432560,UTIB0462805,Yes Bank,Savings,,yahvi.mallick935@example.com,yahvimallick223@ybl,Active,0,2025-11-02 03:00:10,,Branch
968,Krishna Tara,Brother,9260917831370668,HDFC0757002,IndusInd Bank,Current,3959470412,,krishnatara1098@okicici,Active,1,2025-03-29 05:31:05,2025-03-29 20:10:05,Internet Banking
103,Dalbir Dave,Office,6785099796074184,UBIN0323294,Axis Bank,Savings,7875941948,,dalbirdave3888@paytm,Active,1,2024-07-27 00:27:26,2024-07-31 14:30:26,Mobile App
696,Madhav Desai,Dad,6185858092625424,CNRB0112178,IndusInd Bank,Savings,9654441473,madhav.desai237@example.com,madhavdesai8994@paytm,Active,1,2026-03-02 00:36:59,2026-03-07 02:07:59,Internet Banking
182,Banjeet Memon,Home,8634305731714456,UTIB0408460,Punjab National Bank,Savings,7229881000,banjeet.memon148@example.com,,Active,1,2025-12-21 05:24:05,2025-12-27 17:11:05,Internet Banking
829,Maanav Chacko,Sister,2853095093447524,CNRB0780614,IDFC First Bank,Savings,0294377820,maanav.chacko670@example.com,maanavchacko7867@okaxis,Active,1,2026-02-20 11:50:44,2026-02-22 00:19:44,Internet Banking
92,Nicholas Walla,,741499748747528,SBIN0157915,HDFC Bank,Current,,nicholas.walla795@example.com,,Inactive,1,2024-01-14 20:27:15,2024-01-16 05:03:15,Internet Banking
320,Timothy Dhar,Brother,4134570814720888,SBIN0153711,IDFC First Bank,Savings,7393669990,timothy.dhar87@example.com,,Active,0,2026-04-06 06:02:06,,Branch
313,Ekiya Patla,,8269890328938196,SBIN0818996,Bank of Baroda,Savings,3013697201,ekiya.patla646@example.com,ekiyapatla4914@okicici,Active,0,2026-02-22 14:16:50,,Mobile App
266,Balveer Contractor,,400225987055692,IDFB0140537,Yes Bank,Savings,0796293458,balveer.contractor231@example.com,balveercontractor6645@okaxis,Active,1,2024-11-25 00:32:08,2024-11-26 20:04:08,Mobile App
23,Krishna Krishnamurthy,Dad,1596704735385965,SBIN0357880,Kotak Mahindra Bank,Savings,5287325968,,krishnakrishnamurthy4074@oksbi,Active,1,2024-10-25 02:17:24,2024-10-29 17:07:24,Mobile App
687,Lakshmi Cherian,Sister,7852465267888299,PUNB0316737,Bank of Baroda,Savings,2046163200,lakshmi.cherian15@example.com,lakshmicherian4027@oksbi,Active,1,2026-01-12 05:22:40,2026-01-18 14:51:40,Internet Banking
157,Tarak Kala,,4160702677137329,CNRB0579457,Canara Bank,Savings,5036431345,tarak.kala818@example.com,tarakkala4218@okaxis,Active,1,2026-03-13 00:26:35,2026-03-17 10:34:35,Internet Banking
723,Daniel Chauhan,Friend,9873626176519490,IDFB0974695,Union Bank of India,Savings,3085717447,daniel.chauhan455@example.com,danielchauhan1199@okicici,Blocked,1,2024-05-04 13:02:23,2024-05-06 04:47:23,Mobile App
663,Chasmum Sarkar,,1691888238604429,SBIN0538005,Kotak Mahindra Bank,Savings,4578630432,chasmum.sarkar26@example.com,,Active,1,2026-03-02 10:32:19,2026-03-04 02:02:19,Mobile App
781,Logan Savant,Mom,637706455288013,CNRB0012511,Union Bank of India,Savings,2943389077,,logansavant5766@okicici,Active,1,2025-06-01 11:48:01,2025-06-06 01:14:01,Mobile App
195,Jeet Pradhan,,108984973558632,HDFC0938598,Punjab National Bank,Current,3302067200,,,Active,1,2026-07-04 22:26:47,2026-07-07 13:18:47,Mobile App
628,Oscar Nigam,Brother,1830915859047161,SBIN0429844,Yes Bank,Savings,9335430741,,oscarnigam5215@ybl,Inactive,1,2026-07-25 14:51:11,2026-07-27 21:58:11,Mobile App
790,Oliver Thakkar,Home,1332276343541642,IDFB0466817,Yes Bank,Savings,1994330458,,oliverthakkar9614@ybl,Active,0,2025-11-02 07:01:34,,Mobile App
350,Wishi Dhingra,,1177515448597265,HDFC0871226,Kotak Mahindra Bank,Savings,4336047058,wishi.dhingra63@example.com,wishidhingra2935@paytm,Active,1,2026-03-10 06:45:08,2026-03-12 17:46:08,Mobile App
507,Omaja Doctor,,1974375179513380,INDB0007936,Axis Bank,Savings,9109169938,omaja.doctor645@example.com,omajadoctor8847@okicici,Active,0,2026-06-08 08:16:34,,Mobile App
243,Rushil Rana,Personal,6067101705742167,ICIC0822823,ICICI Bank,Savings,5444659967,rushil.rana154@example.com,rushilrana1410@oksbi,Active,1,2026-01-08 07:41:02,2026-01-14 18:09:02,Mobile App
591,Azaan Devi,Mom,4734930386289557,UBIN0044627,Axis Bank,Savings,4594680911,azaan.devi333@example.com,azaandevi4846@ybl,Active,1,2026-04-09 23:44:05,2026-04-15 01:31:05,Mobile App
238,Chavvi Gera,Home,8172411717985203,UTIB0855704,Bank of Baroda,Savings,1811498528,chavvi.gera574@example.com,,Inactive,1,2025-04-17 21:12:00,2025-04-19 17:35:00,Mobile App
243,Janaki Tandon,,7047290986702813,HDFC0816516,Canara Bank,Savings,4690318541,janaki.tandon572@example.com,,Inactive,0,2024-12-31 00:12:21,,Internet Banking
112,Nikita Ray,,499936071495142,UBIN0564811,HDFC Bank,Savings,9571049641,nikita.ray890@example.com,nikitaray9375@okicici,Active,0,2026-04-27 09:47:17,,Mobile App
805,Ridhi Soman,Vendor,6721514801861305,KKBK0657037,Union Bank of India,Savings,0048970558,ridhi.soman781@example.com,,Active,1,2024-12-28 13:21:35,2025-01-01 12:19:35,Internet Banking
13,Tripti Mann,Dad,5906993961845430,IDFB0330737,ICICI Bank,Current,7834242617,tripti.mann798@example.com,triptimann5582@oksbi,Active,1,2024-05-13 23:04:53,2024-05-19 04:06:53,Branch
728,Ayaan Sodhi,,3151536109537049,IDFB0535569,Bank of Baroda,Savings,9147510084,ayaan.sodhi370@example.com,,Active,1,2026-07-20 13:25:19,2026-07-22 06:35:19,Internet Banking
38,Yadavi Wali,Personal,5131940163841285,YESB0653288,IndusInd Bank,Savings,1505584300,yadavi.wali634@example.com,yadaviwali7588@okicici,Active,0,2024-07-26 06:37:35,,Internet Banking
446,Chakradhar Pai,Personal,9256220948445207,SBIN0346435,IndusInd Bank,Savings,6029303175,,chakradharpai9777@okaxis,Active,1,2025-01-14 07:56:06,2025-01-18 01:23:06,Internet Banking
842,Farhan Maharaj,Brother,1093672963612805,INDB0618136,ICICI Bank,Savings,5267752299,farhan.maharaj746@example.com,farhanmaharaj9579@okaxis,Active,1,2025-12-13 14:04:47,2025-12-15 03:52:47,Internet Banking
516,Reyansh Das,Sister,2319049023277265,IDFB0362725,Punjab National Bank,Savings,,reyansh.das865@example.com,reyanshdas5806@okicici,Active,1,2025-10-15 06:49:13,2025-10-18 04:03:13,Mobile App
326,Adya Wason,Vendor,8940165705323923,PUNB0638674,ICICI Bank,Savings,3536631723,adya.wason655@example.com,adyawason9143@oksbi,Blocked,1,2025-02-17 17:14:50,2025-02-21 07:29:50,Branch
465,Madhavi Jaggi,,8195032689964720,INDB0071027,IndusInd Bank,Savings,3732256075,madhavi.jaggi14@example.com,,Active,1,2026-02-09 23:44:50,2026-02-10 17:43:50,Branch
297,Bishakha Bhatt,,4933294184601356,BARB0502493,Bank of Baroda,Savings,9049543617,bishakha.bhatt748@example.com,bishakhabhatt105@ybl,Active,1,2025-07-17 21:06:34,2025-07-21 22:31:34,Mobile App
811,Devika Dayal,Friend,677475350151155,INDB0896822,State Bank of India,Current,4877240193,,devikadayal2328@okicici,Active,1,2026-08-12 11:11:36,2026-08-13 03:26:36,Internet Banking
346,Krishna Mistry,Office,8548330097005781,BARB0555259,HDFC Bank,Savings,1847939600,krishna.mistry106@example.com,krishnamistry1249@ybl,Active,0,2025-11-17 20:25:34,,Internet Banking
631,Eiravati Behl,,3749643190948707,PUNB0166169,ICICI Bank,Savings,4857372797,,,Active,1,2024-11-02 10:19:59,2024-11-06 05:23:59,Mobile App
18,Anmol Sibal,Business,9630976007297105,PUNB0570929,HDFC Bank,Savings,4697822289,anmol.sibal505@example.com,anmolsibal3683@okhdfcbank,Active,1,2025-12-09 12:13:58,2025-12-13 11:09:58,Mobile App
23,Manthan Maharaj,,1442863945100078,KKBK0809713,Union Bank of India,Savings,1015854160,manthan.maharaj766@example.com,,Active,1,2025-02-20 18:32:13,2025-02-21 08:21:13,Internet Banking
12,Adweta Natt,Brother,4998764514829793,SBIN0870314,Punjab National Bank,Savings,9235588874,adweta.natt281@example.com,,Active,1,2026-05-08 17:50:21,2026-05-11 17:48:21,Branch
264,Amrita Choudhry,Friend,1858468502746203,IDFB0096501,IDFC First Bank,Savings,4569910610,amrita.choudhry404@example.com,amritachoudhry6796@okaxis,Active,1,2025-03-09 23:58:16,2025-03-16 05:20:16,Internet Banking
870,Om Sathe,,4880503053730737,YESB0954767,Union Bank of India,Savings,5130935767,om.sathe458@example.com,,Active,1,2024-02-24 20:13:23,2024-02-29 03:34:23,Mobile App
443,Xavier Cheema,Mom,478818697338499,PUNB0309716,Union Bank of India,Savings,8874476503,xavier.cheema273@example.com,,Active,1,2026-03-05 00:27:35,2026-03-08 18:06:35,Branch
183,Parth Dewan,,839858136122786,IDFB0554452,Punjab National Bank,Savings,9154884392,parth.dewan680@example.com,,Active,1,2026-07-15 13:23:42,2026-07-21 06:49:42,Mobile App
702,Naveen Sehgal,,522605939386079,SBIN0862582,Axis Bank,Savings,6935695854,naveen.sehgal380@example.com,naveensehgal4556@okhdfcbank,Active,0,2025-04-25 09:21:01,,Mobile App
610,Raghav Chaudhuri,Business,80019163756773,UTIB0076886,IndusInd Bank,Savings,9218707437,raghav.chaudhuri676@example.com,,Active,1,2025-03-02 16:56:40,2025-03-07 07:51:40,Mobile App
936,Vamakshi Natarajan,Friend,1235526834160385,PUNB0672362,ICICI Bank,Savings,5900330151,,,Inactive,0,2024-03-11 21:09:09,,Internet Banking
385,Krisha Ram,,9283296965771472,BARB0314026,State Bank of India,Savings,0422957728,krisha.ram679@example.com,,Active,1,2025-12-05 08:39:29,2025-12-05 13:07:29,Mobile App
602,Amrita Shankar,,7573594971717978,INDB0188443,ICICI Bank,Savings,1886637215,amrita.shankar368@example.com,,Active,1,2025-04-28 23:55:27,2025-04-29 09:25:27,Mobile App
871,Arya Bhandari,Brother,534237449785590,ICIC0471043,Bank of Baroda,Savings,6675231063,arya.bhandari502@example.com,aryabhandari2829@ybl,Active,1,2024-03-08 19:14:59,2024-03-15 09:33:59,Mobile App
685,Zansi Nagy,Vendor,1013080138601328,UTIB0144776,Yes Bank,Savings,4406846938,zansi.nagy902@example.com,,Active,1,2024-07-31 06:52:30,2024-08-03 15:28:30,Internet Banking
824,Ayushman Srivastava,,640416438934061,UBIN0526210,Punjab National Bank,Savings,4368374988,ayushman.srivastava826@example.com,ayushmansrivastava9014@ybl,Active,1,2026-06-08 15:58:30,2026-06-08 17:21:30,Internet Banking
333,Ronith Gupta,,9491195884976847,BARB0445434,Punjab National Bank,Current,7409970999,ronith.gupta891@example.com,,Active,1,2025-06-13 17:43:41,2025-06-20 16:16:41,Mobile App
408,Yashvi Murty,,688184719519761,INDB0928917,IndusInd Bank,Current,0792271043,yashvi.murty541@example.com,yashvimurty3552@paytm,Active,1,2025-04-05 16:58:20,2025-04-07 17:54:20,Mobile App
810,Aditya Tella,,4798621960745101,YESB0624165,Kotak Mahindra Bank,Savings,2491099168,aditya.tella462@example.com,,Active,1,2026-07-11 23:37:36,2026-07-12 02:03:36,Mobile App
414,Aarush Roy,Mom,6744664088992389,PUNB0750307,Kotak Mahindra Bank,Savings,9825992031,aarush.roy730@example.com,aarushroy4588@oksbi,Active,1,2025-03-27 01:38:01,2025-04-01 00:29:01,Internet Banking
250,Gaurangi Bhasin,Sister,4479869473483129,IDFB0202970,Axis Bank,Current,8127109928,gaurangi.bhasin617@example.com,gaurangibhasin1756@ybl,Active,1,2026-02-24 23:07:33,2026-03-02 16:03:33,Internet Banking
820,Yasti Raman,Personal,1771059190979802,ICIC0083218,Kotak Mahindra Bank,Savings,2483755900,yasti.raman139@example.com,yastiraman3325@okhdfcbank,Active,1,2026-04-09 04:52:08,2026-04-15 17:21:08,Internet Banking
423,Timothy Raja,Sister,6407358157198851,UTIB0890648,IDFC First Bank,Current,5521775833,timothy.raja920@example.com,,Active,1,2025-12-24 07:54:12,2025-12-29 04:53:12,Branch
49,Hiral Malhotra,,107686501522710,PUNB0759933,Kotak Mahindra Bank,Savings,0403924242,hiral.malhotra466@example.com,hiralmalhotra4937@okaxis,Active,1,2026-07-30 15:31:47,2026-08-01 04:33:47,Internet Banking
551,Arin Goel,Mom,7851331400103227,UBIN0967980,Union Bank of India,Savings,,arin.goel754@example.com,,Active,1,2025-12-09 11:40:33,2025-12-11 04:47:33,Mobile App
937,Isaiah Sahota,Mom,7563272137487984,BARB0304278,Kotak Mahindra Bank,Savings,2928895718,isaiah.sahota525@example.com,,Active,1,2024-10-11 22:46:15,2024-10-14 03:21:15,Internet Banking
490,Jai Natt,,4690163021528329,ICIC0991364,IndusInd Bank,Current,4187475323,jai.natt904@example.com,jainatt2712@okicici,Active,1,2025-08-07 19:45:10,2025-08-08 13:22:10,Branch
209,Ekalinga Bhattacharyya,,6938253284777692,BARB0861919,IndusInd Bank,Savings,,ekalinga.bhattacharyya775@example.com,ekalingabhattacharyya4509@oksbi,Active,1,2024-08-12 23:35:50,2024-08-13 02:50:50,Mobile App
677,Henry Bir,Office,5588438267675527,HDFC0238361,Canara Bank,Current,3756952289,henry.bir376@example.com,,Active,1,2024-04-08 06:27:28,2024-04-14 19:00:28,Mobile App
956,Varsha Sule,Office,5045283893381446,SBIN0907177,Canara Bank,Savings,,varsha.sule969@example.com,varshasule1348@okaxis,Active,0,2025-05-08 03:38:59,,Internet Banking
870,Aahana Muni,Dad,3447262580365310,ICIC0723632,Yes Bank,Savings,9484111431,aahana.muni326@example.com,,Active,0,2024-04-06 03:20:42,,Mobile App
111,Akshay More,Dad,9068729565617474,INDB0125412,Yes Bank,Savings,3177553799,akshay.more671@example.com,akshaymore5226@okicici,Active,1,2025-12-05 02:14:42,2025-12-09 09:30:42,Mobile App
709,Ishaan Varkey,Dad,3760170313549863,PUNB0212596,Axis Bank,Savings,5204563369,ishaan.varkey330@example.com,,Inactive,0,2025-08-10 20:38:52,,Branch
998,Anamika Char,Office,4390758448357614,UTIB0020649,Punjab National Bank,Savings,1360977207,anamika.char389@example.com,anamikachar4756@oksbi,Inactive,0,2025-09-10 17:09:53,,Mobile App
646,Netra Nagar,Sister,3486007304177516,YESB0299162,State Bank of India,Savings,3182983485,netra.nagar679@example.com,,Active,1,2025-03-08 09:56:43,2025-03-09 13:49:43,Mobile App
230,Advika Mukherjee,Personal,8509803193442862,SBIN0772423,Yes Bank,Current,7778828420,advika.mukherjee345@example.com,advikamukherjee5927@okhdfcbank,Active,1,2024-01-22 22:48:39,2024-01-29 08:52:39,Internet Banking
3,Harshil Basu,Vendor,3208343609050370,BARB0100375,HDFC Bank,Savings,6680801876,harshil.basu378@example.com,,Active,1,2024-07-27 14:12:45,2024-08-01 05:11:45,Internet Banking
435,Tanvi Subramaniam,Personal,9924093379348322,PUNB0495626,Bank of Baroda,Savings,6736458542,tanvi.subramaniam251@example.com,,Active,1,2026-07-20 10:13:46,2026-07-20 22:47:46,Mobile App
822,Frederick Chaudhry,Friend,2860923167342732,BARB0367310,Bank of Baroda,Savings,8835575251,frederick.chaudhry963@example.com,frederickchaudhry3073@oksbi,Active,1,2024-10-03 08:16:23,2024-10-03 13:29:23,Mobile App
577,Henry Bhatti,Mom,8566475433922510,IDFB0889344,Union Bank of India,Current,5570265590,,henrybhatti7642@okhdfcbank,Active,1,2026-01-30 01:53:08,2026-02-02 07:22:08,Mobile App
234,Fitan Padmanabhan,Business,5481799669244438,INDB0491262,IDFC First Bank,Savings,2920238416,fitan.padmanabhan704@example.com,fitanpadmanabhan2492@oksbi,Active,1,2024-07-11 02:58:57,2024-07-13 13:37:57,Internet Banking
642,Bimala Kala,Home,4447208200412875,BARB0712071,Union Bank of India,Savings,0642471558,bimala.kala957@example.com,bimalakala807@okaxis,Active,1,2025-04-07 07:07:13,2025-04-08 22:20:13,Internet Banking
393,Avni Ray,,8155054502805406,SBIN0031184,Punjab National Bank,Savings,8052197851,avni.ray263@example.com,avniray967@okicici,Blocked,1,2024-11-25 11:06:23,2024-11-30 11:07:23,Mobile App
199,Urvashi Pandya,Dad,9017357110139682,ICIC0684388,Punjab National Bank,Savings,,,urvashipandya7656@oksbi,Active,1,2024-06-11 10:25:28,2024-06-11 16:43:28,Mobile App
179,Megha Rao,Personal,9510094205928722,ICIC0894097,Punjab National Bank,Savings,8221078224,megha.rao506@example.com,megharao2687@ybl,Active,1,2025-08-18 10:52:40,2025-08-18 13:55:40,Internet Banking
669,Mahika Narayanan,Business,1309675179249925,SBIN0770004,IDFC First Bank,Savings,5491650314,,mahikanarayanan3044@oksbi,Active,1,2024-12-28 00:57:47,2024-12-30 04:49:47,Mobile App
437,Rishi Mallick,Business,8787271531123193,HDFC0892096,IDFC First Bank,Savings,9538698587,rishi.mallick534@example.com,,Active,0,2024-01-27 13:29:29,,Internet Banking
206,Ishanvi Kala,Personal,8086250546560269,INDB0472634,Punjab National Bank,Savings,1269104387,,,Active,1,2024-09-26 11:43:30,2024-09-28 21:41:30,Mobile App
72,Hema Wadhwa,Dad,1241793646283395,CNRB0230118,Canara Bank,Savings,,hema.wadhwa116@example.com,,Active,1,2026-07-10 01:27:08,2026-07-10 03:04:08,Mobile App
760,Raksha De,Mom,7531401692443213,HDFC0014958,Axis Bank,Savings,9738584103,raksha.de946@example.com,,Active,1,2026-05-23 16:32:00,2026-05-29 05:55:00,Internet Banking
580,Bahadurjit Karan,Brother,9162465759798619,INDB0178051,Yes Bank,Savings,2513288594,bahadurjit.karan173@example.com,bahadurjitkaran3284@okaxis,Active,1,2026-06-09 12:34:27,2026-06-14 12:12:27,Internet Banking
987,Chandani Saha,,9313386765937973,KKBK0461389,Canara Bank,Savings,6496453163,chandani.saha915@example.com,chandanisaha3882@oksbi,Active,1,2026-03-08 22:41:35,2026-03-11 00:35:35,Internet Banking
882,Dayamai Grewal,Office,7157619184779605,HDFC0890638,Bank of Baroda,Savings,2146316732,dayamai.grewal12@example.com,dayamaigrewal1717@ybl,Inactive,0,2026-06-22 10:01:06,,Mobile App
669,Bachittar Verma,Home,4819617117164202,KKBK0226871,Kotak Mahindra Bank,Current,4523083683,bachittar.verma766@example.com,bachittarverma60@paytm,Inactive,0,2025-11-24 02:53:48,,Mobile App
561,Ira Saha,Friend,9135869928845525,ICIC0688739,Union Bank of India,Current,9614380613,ira.saha985@example.com,irasaha4393@okaxis,Active,0,2026-03-06 20:21:47,,Internet Banking
614,Balvan Tailor,,1492437406558069,ICIC0314387,IndusInd Bank,Savings,0640488842,balvan.tailor35@example.com,balvantailor5634@okhdfcbank,Active,1,2025-04-14 03:36:25,2025-04-18 08:33:25,Mobile App
928,Anya Oza,Business,8468045977924084,ICIC0253007,Punjab National Bank,Savings,8969797817,anya.oza448@example.com,anyaoza9819@ybl,Active,1,2024-06-25 13:29:30,2024-06-30 09:19:30,Internet Banking
669,Gayathri Thaman,,8414203107935971,CNRB0551725,IDFC First Bank,Current,0262496877,gayathri.thaman215@example.com,gayathrithaman7169@ybl,Active,1,2025-05-15 01:24:18,2025-05-18 19:13:18,Internet Banking
905,Falan Mangal,Mom,2023397919257942,YESB0102756,Axis Bank,Savings,0344726238,falan.mangal499@example.com,falanmangal7843@paytm,Active,0,2024-10-16 09:12:38,,Internet Banking
853,Azad Varma,Dad,5496260358594462,UTIB0109367,IndusInd Bank,Savings,8143840792,azad.varma788@example.com,,Active,1,2024-09-03 09:25:39,2024-09-06 03:54:39,Mobile App
23,Ishaan Chakrabarti,,8207751215907876,IDFB0852063,Yes Bank,Savings,5559170095,,ishaanchakrabarti4636@okicici,Inactive,1,2026-01-11 04:17:02,2026-01-14 09:19:02,Internet Banking
507,Jeevika Walla,,6025016616705606,ICIC0576657,Punjab National Bank,Savings,2706947835,,jeevikawalla1955@paytm,Active,1,2025-03-12 04:17:20,2025-03-19 01:23:20,Mobile App
530,Urvashi Saxena,Mom,7201168215339836,SBIN0994590,IndusInd Bank,Current,7257116236,urvashi.saxena350@example.com,urvashisaxena7837@ybl,Active,1,2025-09-09 23:31:57,2025-09-10 03:35:57,Branch
743,Yug Nori,,3865790632284357,BARB0723644,IDFC First Bank,Savings,4893917957,yug.nori279@example.com,yugnori9868@oksbi,Active,1,2024-06-16 14:04:03,2024-06-19 10:52:03,Branch
664,Bahadurjit Bali,,3388095902507998,UBIN0495280,Punjab National Bank,Savings,4664726971,,,Active,1,2024-09-01 20:21:30,2024-09-08 08:55:30,Branch
467,Abhimanyu Raj,,2581178377328096,ICIC0419424,Punjab National Bank,Savings,8249822175,abhimanyu.raj705@example.com,abhimanyuraj1593@ybl,Active,1,2024-11-30 10:45:57,2024-12-04 00:19:57,Mobile App
929,Damini Memon,,175537656312933,INDB0112752,State Bank of India,Savings,8334496854,,daminimemon9696@ybl,Active,1,2025-04-03 07:07:54,2025-04-04 14:48:54,Internet Banking
479,Barkha Nadig,Business,1541770345174304,YESB0383656,IndusInd Bank,Savings,0794178275,barkha.nadig880@example.com,barkhanadig7231@paytm,Active,1,2024-03-10 11:07:36,2024-03-12 11:49:36,Mobile App
128,Nandini Kulkarni,Dad,1819619352742627,UBIN0924327,Yes Bank,Savings,4457057907,nandini.kulkarni150@example.com,,Active,1,2024-06-11 20:21:37,2024-06-15 19:12:37,Internet Banking
674,Nimrat Chauhan,Sister,6066916665147851,UBIN0886352,Yes Bank,Savings,6061286649,nimrat.chauhan836@example.com,nimratchauhan102@paytm,Blocked,1,2025-04-30 15:58:25,2025-05-02 02:48:25,Mobile App
839,Anthony Rastogi,,8398743989875219,CNRB0344111,HDFC Bank,Savings,8955210682,anthony.rastogi460@example.com,anthonyrastogi709@okhdfcbank,Active,1,2025-04-05 03:43:07,2025-04-10 16:10:07,Mobile App
699,Anay Contractor,Sister,4576200988014167,SBIN0702322,State Bank of India,Savings,5010106132,anay.contractor967@example.com,anaycontractor3718@okaxis,Active,1,2026-04-11 12:40:56,2026-04-16 08:49:56,Internet Banking
448,Bhavna Kuruvilla,Mom,3668048700096196,BARB0462118,Yes Bank,Savings,6469732589,,bhavnakuruvilla3017@paytm,Active,1,2026-07-28 06:52:23,2026-08-03 23:31:23,Internet Banking
94,Joshua Mangat,Brother,9175058343682284,KKBK0046843,HDFC Bank,Savings,1043723188,joshua.mangat536@example.com,joshuamangat3554@okaxis,Blocked,1,2025-08-31 09:03:41,2025-09-02 00:29:41,Mobile App
508,Ishwar Johal,Vendor,4856186519827528,ICIC0875633,ICICI Bank,Savings,1868270813,ishwar.johal819@example.com,ishwarjohal9954@okhdfcbank,Active,1,2025-06-18 22:30:45,2025-06-22 19:27:45,Mobile App
276,Aayush Chander,Brother,9927819274847223,BARB0182473,Yes Bank,Savings,0272026399,,,Blocked,1,2026-07-03 06:01:42,2026-07-09 20:11:42,Mobile App
191,Kashish Sheth,,9105504350944752,SBIN0390517,HDFC Bank,Savings,8594489902,,kashishsheth1398@paytm,Active,1,2025-10-10 07:13:00,2025-10-14 02:20:00,Internet Banking
782,Michael Sarraf,,5622129842092791,YESB0650863,Bank of Baroda,Current,3224544242,michael.sarraf140@example.com,michaelsarraf6218@okaxis,Active,0,2026-06-09 03:53:48,,Internet Banking
33,Liam Ratta,Sister,7390245370822746,PUNB0210691,Yes Bank,Savings,1125907925,liam.ratta261@example.com,,Active,1,2026-04-30 00:55:43,2026-05-01 19:22:43,Mobile App
376,Andrew Datta,Home,3741790262182433,UTIB0198756,Union Bank of India,Savings,,,andrewdatta9270@okhdfcbank,Active,1,2026-01-26 20:25:05,2026-01-26 21:11:05,Branch
884,Kala Dayal,Dad,9742809276718722,ICIC0021651,Axis Bank,Savings,0724294984,kala.dayal536@example.com,kaladayal7610@oksbi,Active,1,2024-09-01 18:39:08,2024-09-02 04:01:08,Mobile App
654,Benjamin Gupta,Home,1553153953095328,SBIN0831134,Bank of Baroda,Savings,3788492110,,,Active,0,2025-05-10 04:04:19,,Internet Banking
968,Vedant De,Dad,4966941639423845,UTIB0144329,Yes Bank,Savings,1911851457,vedant.de530@example.com,vedantde7696@ybl,Active,1,2025-02-18 00:39:39,2025-02-24 01:46:39,Mobile App
275,George Mannan,Brother,5750379951549212,INDB0031523,Bank of Baroda,Savings,7293222138,george.mannan946@example.com,georgemannan244@oksbi,Active,1,2026-07-24 14:30:27,2026-07-25 11:41:27,Mobile App
286,Shivansh Palla,Dad,2765004504561253,ICIC0755520,ICICI Bank,Savings,1550180013,,shivanshpalla1735@ybl,Active,1,2026-02-28 01:17:01,2026-03-04 15:49:01,Internet Banking
310,Yashodhara Som,Personal,108767919778486,UBIN0938186,Yes Bank,Savings,2243897482,yashodhara.som346@example.com,yashodharasom1236@okhdfcbank,Inactive,1,2025-03-02 20:38:18,2025-03-04 23:49:18,Internet Banking
486,Urishilla Chandran,Home,1201934518443600,CNRB0895229,ICICI Bank,Savings,,urishilla.chandran638@example.com,,Active,1,2025-10-10 00:08:00,2025-10-14 02:52:00,Mobile App
762,Rajata Sarraf,Brother,4244240722996494,KKBK0711503,Punjab National Bank,Savings,5790188836,rajata.sarraf998@example.com,rajatasarraf1620@ybl,Active,1,2026-01-08 20:57:39,2026-01-12 22:55:39,Mobile App
433,Tripti Garg,Business,3943708672497826,BARB0156331,Kotak Mahindra Bank,Savings,,tripti.garg809@example.com,triptigarg4197@paytm,Active,1,2025-03-13 06:49:44,2025-03-15 02:42:44,Mobile App
164,Advika Palla,,3997201302104118,INDB0138188,State Bank of India,Savings,,advika.palla30@example.com,advikapalla8446@paytm,Active,1,2024-07-22 00:30:01,2024-07-28 14:52:01,Mobile App
701,Amara Yadav,Business,2167982653862878,HDFC0731579,Axis Bank,Savings,,amara.yadav29@example.com,,Active,1,2024-04-26 00:34:47,2024-05-01 16:25:47,Mobile App
663,Dalaja Ratta,Sister,1017317482354600,ICIC0820450,Kotak Mahindra Bank,Savings,3253236620,dalaja.ratta530@example.com,,Active,1,2026-07-19 08:14:23,2026-07-22 12:59:23,Internet Banking
380,Jagrati Wable,Home,9957498069464541,BARB0216603,Union Bank of India,Savings,5937863314,jagrati.wable252@example.com,jagratiwable1315@ybl,Active,1,2025-03-04 04:55:20,2025-03-06 12:19:20,Internet Banking
684,Onkar Hora,Dad,1608421673721177,IDFB0225264,IndusInd Bank,Savings,2953424422,onkar.hora592@example.com,onkarhora6673@paytm,Inactive,1,2024-03-27 18:39:54,2024-04-01 04:19:54,Mobile App
290,Alka Palla,Home,3810153383670477,CNRB0883607,IndusInd Bank,Savings,0043496802,,alkapalla560@okaxis,Active,1,2025-08-23 11:30:47,2025-08-24 08:57:47,Mobile App
52,Ikbal Dasgupta,Brother,9769619877891298,SBIN0385863,Axis Bank,Savings,3884053822,ikbal.dasgupta85@example.com,ikbaldasgupta9544@oksbi,Inactive,1,2026-01-27 17:38:22,2026-02-01 21:35:22,Mobile App
877,Ethan Krish,,802855755434260,CNRB0235255,State Bank of India,Savings,0069621534,ethan.krish56@example.com,,Active,1,2025-03-14 10:34:26,2025-03-18 16:23:26,Mobile App
850,Tanmayi Malhotra,Sister,4875903494305308,SBIN0510654,State Bank of India,Savings,5636095713,,tanmayimalhotra974@okicici,Active,1,2025-07-19 11:14:13,2025-07-19 18:15:13,Mobile App
820,Logan Roy,Friend,9469782111375299,YESB0962658,ICICI Bank,Savings,7625550228,logan.roy496@example.com,,Active,1,2025-11-10 12:21:16,2025-11-11 16:09:16,Internet Banking
462,Charan Rajan,Mom,4867021303462706,SBIN0276722,IndusInd Bank,Savings,7728621880,,charanrajan3110@oksbi,Active,1,2025-09-28 21:09:34,2025-10-04 01:17:34,Mobile App
667,Sara Dyal,Office,9185390159554042,UTIB0714075,Canara Bank,Current,7904563254,,saradyal2833@paytm,Active,1,2024-01-27 17:24:09,2024-01-30 19:31:09,Mobile App
347,Gaurang Borra,Friend,2429339461071476,UBIN0221546,IndusInd Bank,Current,5284566543,gaurang.borra973@example.com,gaurangborra8084@ybl,Active,0,2025-12-20 01:01:19,,Branch
619,Wahab Dutt,Office,715026469995450,UTIB0972836,Bank of Baroda,Savings,5727626623,,wahabdutt4333@okicici,Active,1,2025-12-18 12:19:05,2025-12-25 07:44:05,Mobile App
784,Harini Sridhar,Office,6236770392058125,INDB0326894,Canara Bank,Savings,7149811760,,,Active,1,2025-06-26 07:21:13,2025-06-29 12:32:13,Mobile App
510,Hema Kadakia,Office,577525265392850,UBIN0217407,ICICI Bank,Savings,3954701830,hema.kadakia564@example.com,,Active,1,2025-08-04 09:47:28,2025-08-11 06:32:28,Internet Banking
882,Jack Gulati,Mom,4139068146995632,CNRB0682361,Union Bank of India,Savings,9101946807,,jackgulati7900@okhdfcbank,Active,1,2025-11-27 00:14:10,2025-11-28 20:12:10,Mobile App
194,Ojasvi Balan,Vendor,2121247990496291,YESB0001771,Union Bank of India,Savings,7021046118,ojasvi.balan909@example.com,ojasvibalan1705@okaxis,Active,1,2025-10-18 23:17:06,2025-10-20 03:41:06,Mobile App
113,Neelima Naidu,Personal,4097504785368927,UTIB0435740,Kotak Mahindra Bank,Savings,8780933486,neelima.naidu780@example.com,,Active,0,2026-05-14 22:57:44,,Internet Banking
590,Rushil Dhingra,Personal,3735930533749986,PUNB0351540,Yes Bank,Savings,1623338475,rushil.dhingra281@example.com,rushildhingra2241@paytm,Inactive,1,2024-05-15 23:32:04,2024-05-22 04:35:04,Internet Banking
552,Owen Bose,Brother,3830287009138681,BARB0598472,IndusInd Bank,Savings,4501735289,owen.bose732@example.com,,Active,1,2026-04-11 05:02:47,2026-04-15 07:17:47,Mobile App
510,Charita Prabhu,Sister,3249871234023195,UTIB0608125,Kotak Mahindra Bank,Savings,1141272516,charita.prabhu935@example.com,charitaprabhu5801@okaxis,Inactive,1,2025-01-21 09:35:07,2025-01-27 22:04:07,Mobile App
963,Deepa Sodhi,Vendor,1088893786161524,ICIC0025678,ICICI Bank,Savings,5575268189,deepa.sodhi425@example.com,,Inactive,0,2024-11-02 23:03:32,,Internet Banking
700,Vrishti Chander,,6254426306388680,SBIN0376046,ICICI Bank,Current,8014216480,vrishti.chander123@example.com,vrishtichander6326@oksbi,Active,1,2024-08-09 14:18:16,2024-08-15 15:52:16,Mobile App
872,Henry Mohan,,253168547882809,INDB0822350,IndusInd Bank,Savings,9944670213,henry.mohan780@example.com,,Active,1,2026-05-06 09:01:28,2026-05-11 22:37:28,Internet Banking
91,Guneet Wable,Vendor,211328892449560,HDFC0021611,Kotak Mahindra Bank,Savings,5505592325,guneet.wable291@example.com,guneetwable4237@okaxis,Active,1,2025-03-15 12:54:28,2025-03-16 03:00:28,Mobile App
845,Nitesh Kar,Dad,2820258447973034,INDB0454376,State Bank of India,Current,0466232465,nitesh.kar21@example.com,,Active,1,2024-03-14 23:08:10,2024-03-19 20:51:10,Mobile App
587,Frado Sha,Business,5441005053977636,UBIN0796315,Yes Bank,Savings,9180807184,frado.sha985@example.com,,Active,1,2024-06-24 07:39:46,2024-06-28 04:47:46,Mobile App
305,Anvi Mandal,Brother,9865746505989342,KKBK0249648,HDFC Bank,Savings,9939458309,anvi.mandal331@example.com,anvimandal2601@ybl,Active,1,2025-03-05 12:24:30,2025-03-05 20:03:30,Internet Banking
441,Ishwar Dua,Business,7642721296957283,UBIN0230910,Yes Bank,Savings,7492552148,ishwar.dua253@example.com,,Active,1,2026-05-06 03:25:05,2026-05-07 03:38:05,Branch
660,Yatin Ganesan,Home,7256890403424260,SBIN0169833,State Bank of India,Savings,4847546530,,yatinganesan9199@ybl,Active,1,2026-02-15 01:20:28,2026-02-21 17:18:28,Mobile App
957,Januja Yohannan,,8795585613060851,INDB0329835,Bank of Baroda,Savings,8747596080,,,Inactive,1,2024-10-14 21:48:20,2024-10-19 18:30:20,Mobile App
879,Gopal Parsa,Business,5649646647192531,UBIN0518631,IDFC First Bank,Savings,0694129308,,,Active,1,2024-09-06 18:01:24,2024-09-11 05:32:24,Mobile App
735,Jhalak Chakraborty,,6277662487675474,BARB0996954,Kotak Mahindra Bank,Savings,,jhalak.chakraborty822@example.com,jhalakchakraborty5034@okicici,Active,1,2024-10-16 22:54:35,2024-10-18 15:55:35,Mobile App
743,Warjas Ranganathan,Sister,3269243294786986,HDFC0963672,Bank of Baroda,Current,5678345385,warjas.ranganathan886@example.com,,Active,1,2025-07-31 19:02:45,2025-08-02 00:34:45,Internet Banking
460,Oviya Chander,,521933701491206,CNRB0190158,IDFC First Bank,Savings,0616506415,oviya.chander876@example.com,oviyachander8290@oksbi,Active,1,2024-11-30 11:21:27,2024-12-01 09:35:27,Mobile App
730,Nathan Edwin,Office,2956788392996434,INDB0345466,Punjab National Bank,Savings,,nathan.edwin588@example.com,,Active,1,2024-10-01 15:35:26,2024-10-03 06:52:26,Mobile App
752,Nakul Prashad,Personal,5377180097627525,ICIC0081980,Kotak Mahindra Bank,Savings,4656004608,,,Active,1,2026-01-06 23:18:18,2026-01-07 07:19:18,Internet Banking
702,Abdul Rana,,6981449335743579,INDB0596259,State Bank of India,Savings,,abdul.rana746@example.com,abdulrana826@paytm,Active,1,2025-05-17 04:11:34,2025-05-23 09:20:34,Mobile App
161,Chaaya Nori,Office,4956552249143077,HDFC0761779,IndusInd Bank,Savings,6823535105,chaaya.nori962@example.com,chaayanori3797@okicici,Active,1,2025-01-31 13:54:07,2025-02-01 05:46:07,Branch
292,Harshil Bawa,,8621574526406612,UBIN0708032,IndusInd Bank,Savings,6301574358,harshil.bawa488@example.com,harshilbawa4758@okicici,Active,1,2024-12-22 07:46:38,2024-12-23 17:48:38,Branch
665,Wazir Sane,,7978144250299099,UTIB0044642,Bank of Baroda,Savings,2901094286,wazir.sane587@example.com,,Active,1,2024-04-18 09:26:58,2024-04-21 00:11:58,Mobile App
683,Brijesh Narain,,422207864616748,YESB0778908,ICICI Bank,Savings,,brijesh.narain725@example.com,brijeshnarain4813@okicici,Active,1,2025-12-22 09:40:13,2025-12-28 13:18:13,Mobile App
770,Vansha Bhargava,Office,311961208210320,BARB0427190,Axis Bank,Savings,1257005628,vansha.bhargava695@example.com,,Active,1,2024-04-09 12:53:24,2024-04-15 16:24:24,Branch
895,Aahana Bhatia,Vendor,860439076349264,YESB0844277,IndusInd Bank,Savings,2570045218,aahana.bhatia99@example.com,,Active,1,2026-06-07 13:29:27,2026-06-07 14:42:27,Mobile App
679,Chakradev Wadhwa,,8374666214537250,UBIN0783115,Punjab National Bank,Savings,7081085386,chakradev.wadhwa207@example.com,chakradevwadhwa9939@paytm,Active,1,2026-07-13 12:36:57,2026-07-19 23:04:57,Mobile App
741,Shaurya Venkataraman,Dad,914195417089633,INDB0555878,HDFC Bank,Savings,3227068813,shaurya.venkataraman957@example.com,shauryavenkataraman6213@paytm,Active,1,2025-10-08 17:24:05,2025-10-10 16:40:05,Internet Banking
98,Om Mangal,Vendor,8146045378563565,KKBK0655720,Bank of Baroda,Savings,0808843595,,ommangal1747@okaxis,Active,1,2025-11-04 16:24:44,2025-11-09 16:53:44,Internet Banking
104,Yasti Bali,Home,9197810184656506,BARB0685522,State Bank of India,Current,9329337291,,yastibali8915@okicici,Inactive,1,2026-08-05 03:11:45,2026-08-09 05:47:45,Internet Banking
377,Pratyush Behl,Friend,6530847732726025,INDB0212482,Bank of Baroda,Savings,6926002057,,pratyushbehl5425@okaxis,Active,0,2025-10-17 02:37:19,,Mobile App
930,Laksh Vasa,Vendor,2929518206261208,CNRB0682680,IDFC First Bank,Savings,,laksh.vasa558@example.com,lakshvasa3544@oksbi,Active,1,2026-01-26 05:58:53,2026-01-29 20:13:53,Mobile App
263,Yagnesh Sandhu,Brother,8749026140939596,HDFC0173546,HDFC Bank,Savings,5205399799,,,Active,1,2025-06-09 17:38:03,2025-06-12 20:24:03,Mobile App
393,Ayush Sachdev,,8488671453293085,KKBK0724004,Bank of Baroda,Savings,,ayush.sachdev66@example.com,,Active,1,2024-10-07 06:20:07,2024-10-14 05:51:07,Mobile App
799,Rachit Oza,,3009099479548029,IDFB0561862,Axis Bank,Savings,4906134259,rachit.oza973@example.com,rachitoza4426@okhdfcbank,Inactive,0,2025-10-17 10:11:37,,Internet Banking
737,Bhavika Ratti,,2338652492049472,KKBK0166155,Yes Bank,Savings,6646175177,bhavika.ratti453@example.com,bhavikaratti919@ybl,Active,1,2025-07-04 22:56:11,2025-07-08 16:11:11,Mobile App
809,Vinaya Shanker,,7105683132322592,KKBK0207628,HDFC Bank,Current,7880986578,,,Active,1,2024-01-27 02:10:46,2024-02-01 23:26:46,Internet Banking
204,Banjeet Manne,,8560848420691501,BARB0988369,Punjab National Bank,Savings,5295327683,banjeet.manne928@example.com,banjeetmanne3058@okaxis,Active,0,2024-10-23 23:20:34,,Internet Banking
454,Ranbir Merchant,Office,1467631487161576,YESB0087113,Bank of Baroda,Savings,9413723022,ranbir.merchant901@example.com,ranbirmerchant4388@okicici,Active,1,2024-04-22 02:39:10,2024-04-24 02:36:10,Internet Banking
420,Barkha Lala,Home,1994001219307249,KKBK0881360,IndusInd Bank,Savings,4361273254,barkha.lala458@example.com,,Active,0,2025-06-21 04:02:28,,Internet Banking
629,Vamakshi Dass,Business,135287729342005,CNRB0213238,Union Bank of India,Savings,8753279117,vamakshi.dass24@example.com,,Inactive,0,2024-09-25 12:18:51,,Mobile App
154,Elijah Raman,Vendor,7563357347217587,SBIN0658481,IndusInd Bank,Current,3103738744,,,Inactive,0,2024-05-20 19:14:15,,Mobile App
440,Oviya Kibe,Brother,5628329169790502,IDFB0185709,State Bank of India,Savings,,,oviyakibe43@okhdfcbank,Active,1,2025-03-24 03:58:00,2025-03-30 21:42:00,Branch
385,Aachal Nigam,Brother,6695236590951168,HDFC0343147,HDFC Bank,Savings,6058682243,aachal.nigam594@example.com,aachalnigam5915@oksbi,Active,0,2025-12-17 02:29:11,,Mobile App
845,Jacob Dewan,Home,498177991563397,YESB0172086,Axis Bank,Savings,6721780368,,,Active,1,2025-09-26 14:08:27,2025-09-28 23:51:27,Branch
228,Samaksh Yogi,Sister,6083097500547615,YESB0307748,IDFC First Bank,Savings,0251732987,,samakshyogi3796@paytm,Active,1,2024-01-14 20:45:57,2024-01-17 11:07:57,Branch
850,Simon Pai,,4078202156754816,YESB0702336,HDFC Bank,Savings,7820128293,,simonpai116@ybl,Active,1,2025-10-14 14:09:37,2025-10-20 13:08:37,Mobile App
984,Zayyan Wali,Sister,6022776355375203,YESB0466950,Bank of Baroda,Savings,,,zayyanwali731@okaxis,Active,1,2024-04-24 23:11:18,2024-04-26 04:50:18,Internet Banking
931,Farhan Thaman,Friend,9369939933626118,IDFB0610946,State Bank of India,Savings,,farhan.thaman178@example.com,,Active,1,2024-07-04 12:04:55,2024-07-06 04:18:55,Mobile App
11,Amara Sahota,Office,2724633616274675,YESB0949474,ICICI Bank,Savings,1038247781,amara.sahota608@example.com,amarasahota6992@oksbi,Active,1,2024-03-07 03:55:12,2024-03-08 04:54:12,Mobile App
145,Anjali Mittal,Vendor,4357928813854510,HDFC0351441,IndusInd Bank,Savings,5057965853,anjali.mittal17@example.com,anjalimittal2578@okaxis,Active,1,2024-08-21 20:03:44,2024-08-23 06:10:44,Internet Banking
417,Naksh Sane,Friend,1616315651886430,SBIN0287247,Kotak Mahindra Bank,Savings,8399671113,naksh.sane782@example.com,nakshsane8411@oksbi,Active,1,2025-03-08 13:14:52,2025-03-09 14:14:52,Internet Banking
520,Nathaniel Radhakrishnan,Sister,3702270726940514,ICIC0456709,Yes Bank,Savings,,,nathanielradhakrishnan6020@okaxis,Active,1,2025-12-06 19:33:52,2025-12-11 19:13:52,Internet Banking
233,Gabriel Munshi,,8519336379400989,IDFB0859591,Axis Bank,Savings,0424242368,gabriel.munshi244@example.com,gabrielmunshi9227@paytm,Active,1,2025-02-20 02:48:33,2025-02-20 15:32:33,Mobile App
855,Nakul Zachariah,Office,2143784211897318,IDFB0352758,HDFC Bank,Current,1177352278,nakul.zachariah577@example.com,,Blocked,1,2025-12-16 10:05:56,2025-12-19 09:58:56,Internet Banking
527,Max Ghosh,Mom,6897211269481666,CNRB0240995,HDFC Bank,Current,8915137113,max.ghosh275@example.com,maxghosh1743@ybl,Active,1,2024-03-28 13:07:57,2024-04-02 19:02:57,Mobile App
415,Advika Jhaveri,,2223981794511616,IDFB0146637,Kotak Mahindra Bank,Savings,6855569357,advika.jhaveri581@example.com,advikajhaveri5739@okhdfcbank,Active,1,2024-08-21 11:46:49,2024-08-27 18:45:49,Mobile App
117,Vasatika Oommen,Home,2280385403305054,CNRB0470615,HDFC Bank,Savings,8003425517,vasatika.oommen978@example.com,vasatikaoommen1290@ybl,Active,1,2024-10-06 10:58:42,2024-10-08 05:10:42,Mobile App
255,Oni Raval,Business,3149596266187556,CNRB0751090,Axis Bank,Savings,,oni.raval985@example.com,oniraval456@oksbi,Active,1,2026-05-11 10:26:45,2026-05-12 00:22:45,Mobile App
487,Pranit Buch,Business,8387913863646370,CNRB0494433,Punjab National Bank,Savings,8169377326,pranit.buch411@example.com,pranitbuch5136@ybl,Active,1,2025-02-09 14:34:57,2025-02-10 14:12:57,Internet Banking
327,Chanakya Viswanathan,Sister,5295200511944259,ICIC0502957,HDFC Bank,Savings,1593376163,chanakya.viswanathan995@example.com,,Active,0,2026-07-13 04:43:10,,Mobile App
347,Amol Solanki,Dad,5445608003759192,UTIB0018488,Yes Bank,Savings,5539708137,amol.solanki660@example.com,,Active,1,2024-05-02 02:22:34,2024-05-05 11:55:34,Mobile App
310,Christopher Naidu,,5610759972082236,HDFC0002952,Bank of Baroda,Savings,5724552358,christopher.naidu891@example.com,,Active,1,2025-04-07 10:50:21,2025-04-13 06:00:21,Internet Banking
132,Isaiah Chacko,Brother,6572767928091578,KKBK0514912,Punjab National Bank,Savings,5552755109,,isaiahchacko4644@oksbi,Active,1,2025-08-23 15:33:32,2025-08-24 17:32:32,Mobile App
848,Riya Bhakta,Business,7796114387507496,BARB0007231,Punjab National Bank,Savings,9578115797,riya.bhakta222@example.com,,Active,0,2024-03-06 21:16:07,,Mobile App
147,Kiaan Bains,Personal,4528661608113405,INDB0828433,ICICI Bank,Savings,0823122272,kiaan.bains808@example.com,kiaanbains342@okaxis,Active,1,2025-09-04 14:32:51,2025-09-08 06:49:51,Internet Banking
373,Shivansh Ganguly,Business,238556412092841,ICIC0078165,IDFC First Bank,Savings,6035297154,shivansh.ganguly922@example.com,shivanshganguly6107@okhdfcbank,Inactive,0,2024-08-01 11:07:59,,Internet Banking
281,Yashawini Kothari,,8873814616431561,HDFC0921976,ICICI Bank,Current,0136983573,yashawini.kothari842@example.com,yashawinikothari7305@paytm,Active,1,2024-10-30 21:38:03,2024-11-06 00:04:03,Internet Banking
265,Ishwar Murty,Sister,9795825443449103,KKBK0071829,Axis Bank,Savings,,ishwar.murty669@example.com,,Active,0,2026-07-13 19:35:12,,Internet Banking
87,Ganga Roy,Dad,9010807231698971,PUNB0156966,State Bank of India,Savings,4138372824,,,Active,0,2026-03-07 08:29:04,,Internet Banking
574,Zashil Srinivasan,Friend,6138278872762334,KKBK0203175,Punjab National Bank,Savings,3732097268,zashil.srinivasan234@example.com,,Active,1,2026-01-04 01:03:22,2026-01-08 01:26:22,Internet Banking
813,Ayushman Deo,Sister,2417164806540679,YESB0625353,Punjab National Bank,Savings,6503114694,ayushman.deo115@example.com,,Active,1,2026-08-01 06:39:40,2026-08-03 08:19:40,Mobile App
104,Rajeshri Mukherjee,,6385025308423935,PUNB0802730,Punjab National Bank,Savings,7671745628,,rajeshrimukherjee369@okaxis,Active,1,2024-02-16 12:02:20,2024-02-20 23:30:20,Internet Banking
999,Urvi Sagar,Dad,2448787089763140,SBIN0065262,Union Bank of India,Savings,1404044735,urvi.sagar474@example.com,urvisagar578@okicici,Active,0,2024-08-06 21:09:21,,Mobile App
192,Aadi Dhillon,Brother,3885033343076225,YESB0941077,State Bank of India,Savings,0410299815,aadi.dhillon163@example.com,aadidhillon4586@ybl,Inactive,0,2026-07-31 11:43:02,,Mobile App
301,Jhalak Raj,Dad,7442785254054085,INDB0130740,Yes Bank,Savings,8497391061,jhalak.raj863@example.com,jhalakraj8712@okicici,Active,1,2026-03-01 19:12:32,2026-03-08 13:35:32,Internet Banking
42,Nicholas Devan,Sister,62315911504160,SBIN0112730,HDFC Bank,Savings,8738655256,,,Active,0,2025-10-28 21:24:55,,Mobile App
141,Watika Thaman,Business,3712836569123127,ICIC0995277,State Bank of India,Savings,2023093952,watika.thaman204@example.com,,Active,1,2026-07-17 21:49:27,2026-07-20 09:33:27,Mobile App
430,Ria Sama,Mom,1121973257758486,UTIB0647372,IndusInd Bank,Savings,0016675802,ria.sama398@example.com,riasama2503@ybl,Active,1,2025-03-06 21:59:54,2025-03-11 03:26:54,Mobile App
657,Kamala Bobal,Mom,1357052699275803,KKBK0480534,IndusInd Bank,Savings,,,kamalabobal1305@ybl,Active,0,2025-12-05 23:51:43,,Branch
142,Omkaar Chopra,Home,4602071287516177,IDFB0602059,IndusInd Bank,Current,7392435187,,omkaarchopra2802@paytm,Active,1,2026-01-26 12:42:32,2026-02-01 14:25:32,Mobile App
913,Kamala Chaudry,Office,9726253867028219,BARB0353914,ICICI Bank,Savings,8076701816,kamala.chaudry973@example.com,,Inactive,1,2024-03-03 07:45:25,2024-03-03 12:49:25,Mobile App
938,Kala Shan,,5773599520610333,ICIC0256673,Canara Bank,Savings,4682511609,kala.shan927@example.com,kalashan4669@okicici,Blocked,1,2024-04-21 10:12:05,2024-04-27 00:36:05,Mobile App
737,Nimrat Natarajan,Personal,1321459000673922,CNRB0024498,Kotak Mahindra Bank,Savings,9878802300,,nimratnatarajan8360@okaxis,Active,1,2024-11-28 00:45:08,2024-12-03 02:54:08,Mobile App
501,Ayush Ganesh,Mom,6988647414249365,HDFC0852181,Punjab National Bank,Savings,,,,Active,0,2026-01-07 10:00:57,,Mobile App
571,Om Wali,,2928128829298232,SBIN0684636,Axis Bank,Savings,,om.wali582@example.com,omwali8905@paytm,Active,0,2024-12-30 04:23:15,,Internet Banking
516,Ayaan Lad,Business,4572882082893517,KKBK0914557,Kotak Mahindra Bank,Savings,4823754707,ayaan.lad608@example.com,,Active,1,2026-05-01 10:31:43,2026-05-02 07:25:43,Branch
423,Devansh Kala,Mom,6879314497295515,UTIB0068111,Canara Bank,Savings,,devansh.kala967@example.com,devanshkala6982@okicici,Active,1,2024-11-10 17:12:03,2024-11-11 03:05:03,Mobile App
783,Udyati Bala,Vendor,31344799840369,PUNB0169887,Punjab National Bank,Current,5569675065,udyati.bala520@example.com,udyatibala541@okhdfcbank,Blocked,1,2024-04-13 22:51:48,2024-04-15 07:54:48,Branch
599,Laban Choudhry,,8726928483590808,UBIN0941741,Punjab National Bank,Savings,1276302505,laban.choudhry305@example.com,labanchoudhry4562@okhdfcbank,Active,1,2024-12-23 16:22:47,2024-12-27 15:19:47,Internet Banking
126,Vihaan Iyengar,Vendor,9080807280655760,SBIN0666920,ICICI Bank,Savings,6061990102,vihaan.iyengar744@example.com,vihaaniyengar8880@okicici,Active,1,2024-02-08 17:02:06,2024-02-13 00:01:06,Mobile App
58,Sathvik Kalita,,985602220128150,PUNB0284669,Kotak Mahindra Bank,Savings,1251840987,sathvik.kalita878@example.com,sathvikkalita1159@okicici,Active,1,2024-06-29 22:50:25,2024-06-30 14:26:25,Mobile App
273,Unni Walla,,2432555002083884,ICIC0838922,Bank of Baroda,Current,7632926898,,unniwalla2284@paytm,Active,1,2026-02-15 13:41:49,2026-02-17 14:24:49,Mobile App
708,Noah Choudhary,Sister,7151569690704247,UTIB0715855,IndusInd Bank,Savings,8637647122,noah.choudhary677@example.com,,Inactive,0,2025-08-02 02:14:28,,Internet Banking
756,Qarin Nair,Business,2192107084596835,INDB0815051,State Bank of India,Savings,1658973707,qarin.nair625@example.com,,Active,0,2024-07-06 12:05:50,,Mobile App
709,Dipta Seshadri,Business,4361859356675431,SBIN0050360,ICICI Bank,Savings,,dipta.seshadri859@example.com,diptaseshadri6354@okaxis,Active,1,2026-07-01 02:03:31,2026-07-07 18:38:31,Internet Banking
353,Ekansh Sant,,2932027794774476,BARB0593571,ICICI Bank,Savings,2280970924,ekansh.sant324@example.com,ekanshsant8084@oksbi,Active,1,2024-07-30 19:04:46,2024-08-05 23:10:46,Mobile App
287,Ati Kakar,Business,3580163497590237,PUNB0088997,HDFC Bank,Savings,3661159405,ati.kakar887@example.com,atikakar7671@okhdfcbank,Active,1,2025-05-19 21:15:35,2025-05-25 14:28:35,Mobile App
405,Dhruv Golla,Brother,7062998754614796,UBIN0858084,Punjab National Bank,Savings,1794177997,,,Active,0,2024-04-03 11:58:53,,Internet Banking
457,Tanish Mohanty,Personal,2732376791585787,IDFB0070259,Yes Bank,Savings,6306474420,tanish.mohanty645@example.com,,Active,1,2025-04-25 22:29:59,2025-04-29 04:00:59,Mobile App
84,Sai Chad,,5190926286897853,CNRB0854585,Union Bank of India,Current,8530076573,sai.chad150@example.com,,Active,1,2025-05-10 05:24:37,2025-05-15 09:00:37,Internet Banking
611,Yoshita Goswami,Home,983733441400094,UTIB0641845,Union Bank of India,Savings,4881684221,yoshita.goswami980@example.com,,Inactive,0,2024-06-14 03:17:03,,Mobile App
481,Zashil Chaudhuri,,5143127770401839,IDFB0237453,IndusInd Bank,Current,6031238055,zashil.chaudhuri828@example.com,zashilchaudhuri2338@oksbi,Active,1,2024-05-30 21:22:27,2024-06-05 07:24:27,Mobile App
136,Meera Sharma,Dad,2373007333167795,CNRB0499882,IDFC First Bank,Savings,4292688944,meera.sharma570@example.com,meerasharma4120@okicici,Active,1,2026-06-25 12:11:05,2026-07-02 03:59:05,Mobile App
908,Dalaja Oza,Sister,2944925602732064,PUNB0070264,HDFC Bank,Savings,2429824677,dalaja.oza759@example.com,,Active,0,2025-10-14 01:31:16,,Internet Banking
693,Victor Natt,Friend,294348487412008,IDFB0413945,Canara Bank,Savings,0322057193,victor.natt924@example.com,victornatt3086@ybl,Active,1,2025-05-24 18:38:19,2025-05-25 07:44:19,Internet Banking
736,Upkaar Sarkar,,1688963197799928,ICIC0542094,Canara Bank,Savings,7014046900,,upkaarsarkar3451@okaxis,Active,0,2025-06-14 20:31:53,,Mobile App
227,Yachana Chawla,Dad,500785638103713,PUNB0379093,ICICI Bank,Savings,0899499892,yachana.chawla645@example.com,yachanachawla601@ybl,Active,1,2025-11-11 01:54:00,2025-11-13 15:22:00,Mobile App
700,Anya Divan,Sister,2592783642474981,INDB0493870,IDFC First Bank,Savings,1558973406,,,Active,1,2024-09-07 04:35:56,2024-09-13 17:28:56,Internet Banking
395,Hemal Chhabra,,4395621075830975,CNRB0742770,Yes Bank,Current,3880598744,hemal.chhabra946@example.com,hemalchhabra6472@paytm,Active,1,2024-03-05 13:29:58,2024-03-11 10:22:58,Internet Banking
761,Kavya Mall,,1301231710101287,PUNB0938801,Canara Bank,Savings,,kavya.mall87@example.com,kavyamall4530@okicici,Active,1,2024-09-21 10:15:22,2024-09-26 03:48:22,Internet Banking
571,Arjun Modi,Friend,9965573234508609,CNRB0762932,IDFC First Bank,Savings,8919389608,arjun.modi690@example.com,arjunmodi5434@okicici,Active,0,2024-01-29 21:19:27,,Mobile App
321,Aashi Kumar,Office,9302132678797991,UTIB0229534,ICICI Bank,Savings,2972130832,,,Inactive,0,2025-08-21 08:23:31,,Internet Banking
601,Bhanumati Natt,Mom,7277826574088573,IDFB0190037,Axis Bank,Savings,8074601553,,bhanumatinatt4197@okicici,Inactive,1,2024-11-21 00:14:30,2024-11-26 20:44:30,Internet Banking
335,Gayathri Parmar,Brother,8558293313742101,SBIN0711654,State Bank of India,Savings,9635217396,,gayathriparmar7815@oksbi,Active,1,2024-02-20 09:30:21,2024-02-23 20:13:21,Mobile App
401,Anusha Dash,Dad,5569970803701265,SBIN0522478,Kotak Mahindra Bank,Savings,4630198909,anusha.dash570@example.com,,Active,1,2025-03-23 15:36:13,2025-03-29 01:06:13,Internet Banking
202,Hritik Patla,,5376517133903014,CNRB0714730,Canara Bank,Savings,7511139738,,hritikpatla8900@ybl,Active,1,2025-02-07 10:27:40,2025-02-12 21:41:40,Internet Banking
837,Jagrati Cheema,Office,4521462842163859,BARB0004514,ICICI Bank,Savings,9023141488,jagrati.cheema186@example.com,jagraticheema2046@okicici,Active,1,2024-03-06 06:46:48,2024-03-11 14:35:48,Internet Banking
200,Hemal Master,Office,7505877811734928,YESB0950466,IndusInd Bank,Savings,3301140512,hemal.master712@example.com,hemalmaster8435@okicici,Active,0,2024-02-25 09:31:01,,Internet Banking
868,Ryan Chaudhary,,3160909969867679,YESB0574660,IndusInd Bank,Savings,5032866701,ryan.chaudhary484@example.com,ryanchaudhary5778@ybl,Active,1,2024-04-20 04:13:49,2024-04-26 09:16:49,Mobile App
929,Ekaraj Pathak,Sister,9492854562323636,INDB0581013,HDFC Bank,Savings,3091907383,ekaraj.pathak447@example.com,ekarajpathak9927@oksbi,Active,1,2025-08-19 20:34:10,2025-08-20 06:31:10,Internet Banking
805,Elijah Gaba,,800767126382979,INDB0023138,HDFC Bank,Savings,6043588821,elijah.gaba899@example.com,elijahgaba5326@paytm,Active,1,2024-09-10 17:14:02,2024-09-12 06:21:02,Internet Banking
408,Tejas Sarna,,2120488175615889,ICIC0773787,State Bank of India,Savings,7279118068,tejas.sarna47@example.com,tejassarna6190@oksbi,Active,0,2024-06-11 19:23:49,,Mobile App
943,Tanmayi Jayaraman,,4661395021724459,HDFC0508096,Bank of Baroda,Savings,3771348875,tanmayi.jayaraman260@example.com,tanmayijayaraman5706@okaxis,Inactive,1,2026-06-13 01:02:09,2026-06-15 19:32:09,Internet Banking
716,Samuel Deep,Brother,9104341670718952,CNRB0858608,Canara Bank,Savings,6920208604,samuel.deep753@example.com,samueldeep985@paytm,Active,1,2024-07-19 08:17:19,2024-07-20 18:58:19,Internet Banking
569,Edhitha Deshmukh,Sister,9577065567709433,ICIC0254970,Axis Bank,Savings,3203469336,edhitha.deshmukh70@example.com,,Active,1,2025-04-11 16:06:00,2025-04-14 23:53:00,Internet Banking
167,Zilmil Buch,Dad,3821791218183343,YESB0619772,IndusInd Bank,Savings,1500665856,zilmil.buch415@example.com,zilmilbuch5777@okhdfcbank,Active,1,2024-04-06 07:11:02,2024-04-07 01:21:02,Internet Banking
422,Bimala Peri,,5282365149706659,YESB0229144,HDFC Bank,Savings,2973735496,bimala.peri815@example.com,bimalaperi3883@okaxis,Active,1,2024-03-18 22:26:39,2024-03-19 18:50:39,Mobile App
26,Libni Sibal,,1694583812482392,YESB0577872,Canara Bank,Savings,0679695781,libni.sibal594@example.com,libnisibal2099@ybl,Active,1,2025-05-02 06:12:33,2025-05-09 00:32:33,Mobile App
876,Rajeshri Raman,Business,7824554688704191,IDFB0204809,ICICI Bank,Current,3800242316,rajeshri.raman195@example.com,rajeshriraman2485@paytm,Active,1,2024-09-09 14:07:59,2024-09-14 12:49:59,Mobile App
760,Fiyaz Kala,Brother,8451132772914409,INDB0769776,HDFC Bank,Savings,3085132165,fiyaz.kala76@example.com,fiyazkala4392@okhdfcbank,Active,1,2024-09-03 18:24:55,2024-09-10 15:45:55,Mobile App
504,Alka Babu,Office,6242136091207810,INDB0319377,Kotak Mahindra Bank,Savings,4056268778,alka.babu718@example.com,alkababu394@paytm,Active,1,2024-10-12 03:40:29,2024-10-12 05:47:29,Mobile App
997,Christopher Bhagat,Office,24324827428947,BARB0853601,Bank of Baroda,Current,2470237266,christopher.bhagat73@example.com,,Inactive,0,2025-01-03 16:36:16,,Mobile App
642,Victor Hayer,Home,7913666306848344,INDB0448926,Canara Bank,Savings,6498457493,victor.hayer810@example.com,victorhayer8332@oksbi,Active,1,2026-03-27 07:17:16,2026-04-01 07:57:16,Mobile App
617,Ansh Pandya,,7456779283641331,KKBK0608869,State Bank of India,Savings,2060727177,ansh.pandya946@example.com,,Active,0,2026-04-26 16:15:54,,Mobile App
322,Warda Cheema,,5398869311050511,IDFB0674374,ICICI Bank,Savings,3244576195,warda.cheema291@example.com,wardacheema2619@okaxis,Active,1,2024-03-09 11:39:49,2024-03-12 15:07:49,Internet Banking
173,Lipika Chhabra,Sister,6233572483463590,ICIC0931062,Union Bank of India,Savings,1583982844,,,Active,1,2025-03-09 07:10:24,2025-03-11 22:04:24,Internet Banking
743,Geetika Murthy,,2376192913781128,ICIC0630733,Yes Bank,Savings,0624631803,,geetikamurthy2403@okicici,Active,1,2025-07-23 00:17:13,2025-07-24 12:21:13,Mobile App
274,Ekantika Sharaf,Friend,1913423065556019,INDB0926337,Yes Bank,Savings,1597076642,ekantika.sharaf46@example.com,ekantikasharaf9785@okaxis,Active,0,2025-08-26 15:30:18,,Mobile App
979,Wridesh Mallick,Vendor,8133785841820712,YESB0579668,HDFC Bank,Savings,0927197108,wridesh.mallick130@example.com,,Active,0,2025-05-30 13:35:59,,Mobile App
506,Wriddhish Tak,,8260919460992839,BARB0791695,Bank of Baroda,Savings,3267724283,wriddhish.tak232@example.com,wriddhishtak6834@okaxis,Active,0,2025-10-19 20:43:14,,Mobile App
744,Tejas Agate,Mom,3192849359225407,YESB0007600,Union Bank of India,Savings,8381719411,tejas.agate364@example.com,,Active,1,2024-03-16 03:40:44,2024-03-20 02:59:44,Mobile App
512,Parth Dua,Vendor,1076306201102687,KKBK0558767,State Bank of India,Savings,1199453075,parth.dua381@example.com,parthdua8618@okhdfcbank,Blocked,1,2024-03-12 03:24:45,2024-03-15 11:00:45,Internet Banking
551,Manan Saini,Personal,5056117288175061,IDFB0968227,Bank of Baroda,Savings,4891212096,manan.saini876@example.com,manansaini400@okaxis,Inactive,0,2024-08-30 20:34:02,,Internet Banking
564,Balhaar Roy,,7070616907690682,SBIN0720077,Union Bank of India,Current,,balhaar.roy651@example.com,,Active,1,2024-07-10 22:48:26,2024-07-16 17:25:26,Internet Banking
789,Yochana Subramanian,Business,7263488621353902,BARB0346887,IndusInd Bank,Savings,7336570673,yochana.subramanian73@example.com,yochanasubramanian1000@oksbi,Active,1,2025-12-31 05:46:43,2026-01-04 10:00:43,Internet Banking
688,Hitesh Cherian,Business,1584574445972053,BARB0712922,Kotak Mahindra Bank,Savings,2562240893,hitesh.cherian298@example.com,,Active,1,2024-01-17 10:35:19,2024-01-20 18:58:19,Mobile App
58,Charan Sachdeva,Sister,4818156432427148,UBIN0156538,ICICI Bank,Savings,,charan.sachdeva715@example.com,charansachdeva9628@ybl,Active,0,2025-08-06 12:56:25,,Mobile App
759,Leela Sama,,6133358322163179,SBIN0545044,Kotak Mahindra Bank,Savings,5336731916,,leelasama5648@okaxis,Active,1,2024-10-10 11:14:47,2024-10-15 14:29:47,Mobile App
67,Amrita Tiwari,Vendor,6387743038145630,HDFC0703179,Union Bank of India,Current,3724176824,,amritatiwari5485@oksbi,Active,0,2026-04-07 22:04:16,,Internet Banking
84,Lavanya Chaudhary,,3663219909322848,IDFB0612416,HDFC Bank,Savings,9150775293,lavanya.chaudhary332@example.com,lavanyachaudhary8371@paytm,Active,1,2025-06-07 17:29:05,2025-06-13 02:55:05,Mobile App
474,Mekhala Narang,Sister,3335800108614149,UTIB0393471,Union Bank of India,Savings,7078506289,,,Active,1,2024-10-17 12:20:01,2024-10-20 02:16:01,Mobile App
617,Isaiah Chopra,Vendor,340319326510131,SBIN0497012,Yes Bank,Savings,2103048026,isaiah.chopra255@example.com,isaiahchopra1872@okicici,Active,1,2024-06-25 23:58:59,2024-06-29 07:01:59,Internet Banking
211,Jyoti Soni,Business,1608614441974946,HDFC0998007,IndusInd Bank,Savings,8641234021,,jyotisoni1761@ybl,Active,1,2025-09-07 20:06:41,2025-09-12 18:02:41,Mobile App
988,Jagrati Pall,Office,1434231881607221,IDFB0832160,Punjab National Bank,Savings,9625866663,jagrati.pall25@example.com,,Active,1,2025-05-25 15:06:15,2025-05-26 05:37:15,Internet Banking
38,Rachita Bava,,8823372087942153,UTIB0378236,State Bank of India,Savings,8418186791,rachita.bava615@example.com,,Active,1,2024-08-02 23:27:40,2024-08-07 05:54:40,Internet Banking
978,Abhimanyu Raja,Dad,669929760188901,CNRB0735941,Axis Bank,Savings,2118854656,,abhimanyuraja4142@okhdfcbank,Active,1,2024-03-07 03:54:40,2024-03-10 18:34:40,Mobile App
418,Yauvani Devan,Office,3569152795119850,ICIC0254980,Kotak Mahindra Bank,Savings,0463298499,,yauvanidevan6425@oksbi,Active,0,2025-12-26 13:36:21,,Mobile App
136,Fiyaz Dave,Sister,2365885015461715,BARB0918782,HDFC Bank,Savings,9534538946,fiyaz.dave791@example.com,,Active,1,2025-01-11 14:02:21,2025-01-15 04:16:21,Mobile App
919,Bhavya Pai,,1733044101475159,INDB0113151,IDFC First Bank,Savings,5562152668,bhavya.pai561@example.com,bhavyapai484@okhdfcbank,Active,1,2024-10-15 10:18:51,2024-10-19 20:50:51,Mobile App
284,Yauvani Misra,Personal,163767375132865,IDFB0374055,HDFC Bank,Savings,6595944753,,yauvanimisra8429@oksbi,Active,1,2025-07-13 18:19:49,2025-07-17 23:30:49,Internet Banking
781,Ekiya Agate,,1898127358960767,BARB0381019,Bank of Baroda,Savings,8397822001,ekiya.agate342@example.com,ekiyaagate30@ybl,Active,1,2025-04-25 21:05:56,2025-04-27 08:48:56,Branch
195,Andrew Agate,,5745293280487388,CNRB0647963,Union Bank of India,Savings,2763706624,andrew.agate540@example.com,,Active,1,2025-02-07 22:20:42,2025-02-12 23:18:42,Mobile App
728,Pranit Dixit,,8085411018125996,IDFB0589314,IndusInd Bank,Savings,,pranit.dixit609@example.com,,Active,1,2026-02-19 13:01:58,2026-02-22 20:04:58,Branch
457,Eta Sankaran,Sister,7460802395479453,PUNB0614832,HDFC Bank,Current,6596505566,,,Active,1,2024-01-25 08:53:15,2024-01-25 09:34:15,Branch
377,Mitesh Rajan,Home,1797755628707599,PUNB0035233,IDFC First Bank,Savings,9712204666,mitesh.rajan565@example.com,,Active,1,2026-03-24 05:18:16,2026-03-24 08:20:16,Mobile App
642,Noah Deol,Brother,370341572064921,UTIB0311657,IndusInd Bank,Current,1133658738,noah.deol423@example.com,noahdeol6012@ybl,Active,0,2024-02-02 19:47:57,,Mobile App
565,Charita Sangha,,7037952844713661,CNRB0031662,Punjab National Bank,Savings,0443846807,charita.sangha834@example.com,charitasangha4432@okicici,Inactive,0,2024-06-28 03:12:44,,Mobile App
500,Mahika Upadhyay,,1684508829487648,HDFC0246894,Bank of Baroda,Savings,,mahika.upadhyay977@example.com,,Inactive,0,2025-05-27 04:58:23,,Mobile App
917,Bhavika Nagarajan,Home,5725983529276290,PUNB0901977,Yes Bank,Savings,,bhavika.nagarajan461@example.com,bhavikanagarajan999@ybl,Active,1,2026-07-22 06:25:37,2026-07-25 14:32:37,Mobile App
829,Rohan Keer,Vendor,4613270957037997,BARB0745165,Yes Bank,Savings,8001235453,rohan.keer638@example.com,rohankeer1995@okicici,Active,1,2025-02-22 04:00:05,2025-02-22 12:50:05,Mobile App
289,Kashvi Sangha,,3892353179657363,HDFC0120971,ICICI Bank,Savings,0775355534,kashvi.sangha49@example.com,kashvisangha4239@ybl,Active,1,2025-10-06 14:25:16,2025-10-13 05:34:16,Mobile App
778,Bhavini Grewal,Friend,1992625825219750,HDFC0700434,State Bank of India,Savings,0180338721,bhavini.grewal271@example.com,,Inactive,1,2025-04-08 19:10:52,2025-04-14 06:56:52,Mobile App
289,Zaid Chana,,100777303523744,CNRB0794604,Axis Bank,Current,4430155320,zaid.chana821@example.com,,Active,1,2024-09-01 00:23:17,2024-09-03 04:29:17,Mobile App
685,Hardik Mangat,,2484744536636484,IDFB0293356,Axis Bank,Savings,2154535719,hardik.mangat589@example.com,,Active,0,2025-01-04 11:40:24,,Internet Banking
14,Logan Manda,Office,3979865276478694,UBIN0181790,Yes Bank,Savings,3696587286,logan.manda234@example.com,loganmanda7474@paytm,Active,1,2026-02-03 08:14:19,2026-02-08 23:28:19,Mobile App
456,Udyati Badami,Vendor,9267435667661482,PUNB0872907,IDFC First Bank,Savings,9471687647,udyati.badami349@example.com,,Active,1,2024-12-30 15:27:31,2024-12-30 17:04:31,Mobile App
704,Isaac Suri,Vendor,3964705601665432,YESB0927645,Axis Bank,Savings,5429782967,isaac.suri30@example.com,,Blocked,1,2026-07-29 07:26:45,2026-08-02 03:39:45,Internet Banking
645,Gagan Sura,Mom,695062414382239,PUNB0911502,Axis Bank,Savings,7649955055,gagan.sura132@example.com,gagansura9390@oksbi,Active,1,2024-10-20 15:18:17,2024-10-26 06:11:17,Mobile App
277,Diya Mandal,Brother,2417534115363709,BARB0738815,Canara Bank,Savings,9647572635,diya.mandal101@example.com,,Active,1,2025-11-26 15:48:24,2025-11-28 20:28:24,Mobile App
54,Rachit Dhaliwal,Business,1147499111104665,YESB0955723,Canara Bank,Savings,0519666872,rachit.dhaliwal744@example.com,rachitdhaliwal2491@paytm,Active,1,2024-07-20 23:54:36,2024-07-22 16:13:36,Mobile App
434,Vidhi Kaur,Sister,2042256063872153,KKBK0416575,ICICI Bank,Savings,8922668468,vidhi.kaur934@example.com,vidhikaur640@okicici,Active,1,2026-07-27 00:51:15,2026-07-27 15:29:15,Internet Banking
327,Varenya Dutt,Office,8653901831868053,HDFC0454307,Canara Bank,Savings,8794823889,varenya.dutt54@example.com,,Active,0,2024-06-15 02:42:16,,Mobile App
916,Onkar Keer,,2905825137257364,HDFC0793554,State Bank of India,Savings,6684909924,onkar.keer478@example.com,onkarkeer7919@okicici,Active,1,2024-08-15 03:01:07,2024-08-17 05:33:07,Mobile App
986,Kala Kata,,7667977763628855,PUNB0993307,ICICI Bank,Savings,5941928558,kala.kata951@example.com,kalakata72@paytm,Active,1,2026-01-16 16:43:49,2026-01-18 20:56:49,Internet Banking
653,Pranav Mitra,Vendor,4403085233683466,BARB0743212,Axis Bank,Current,9129109745,pranav.mitra128@example.com,pranavmitra5789@oksbi,Inactive,1,2024-04-12 02:41:30,2024-04-14 14:15:30,Mobile App
81,Vaishnavi Gandhi,,2814209860662956,KKBK0306491,HDFC Bank,Savings,2820943456,vaishnavi.gandhi867@example.com,vaishnavigandhi5099@paytm,Active,1,2024-10-14 03:36:34,2024-10-17 02:08:34,Mobile App
970,Yash Wali,Dad,9345898198351038,BARB0205036,Union Bank of India,Savings,1789588738,yash.wali532@example.com,,Active,1,2026-03-13 00:46:08,2026-03-19 01:54:08,Mobile App
741,Oscar Palan,Mom,637195785874047,SBIN0828003,Union Bank of India,Savings,1769837261,oscar.palan331@example.com,,Active,0,2024-07-10 03:53:19,,Mobile App
668,Neel Dua,Sister,5099662047248671,SBIN0786704,IDFC First Bank,Savings,0782883379,neel.dua322@example.com,neeldua7454@ybl,Active,1,2026-01-02 05:45:12,2026-01-03 18:38:12,Internet Banking
359,Nachiket Shukla,,5763703831621253,UBIN0184430,IDFC First Bank,Savings,6319419666,nachiket.shukla884@example.com,,Inactive,0,2024-02-08 14:52:50,,Internet Banking
147,Leena Shenoy,,7750589919326941,UTIB0399873,IndusInd Bank,Savings,9676841930,,leenashenoy3281@paytm,Blocked,1,2025-04-16 16:00:42,2025-04-17 18:10:42,Internet Banking
349,Ekavir Munshi,,1780453379000070,CNRB0238748,Kotak Mahindra Bank,Savings,3537686354,ekavir.munshi659@example.com,ekavirmunshi1345@paytm,Active,0,2025-02-23 19:30:46,,Mobile App
587,Gopal Hayer,,706087957440853,ICIC0063315,IndusInd Bank,Savings,2679951321,gopal.hayer53@example.com,gopalhayer9446@okhdfcbank,Active,1,2025-04-11 06:46:00,2025-04-15 20:29:00,Internet Banking
287,Ryan Nagar,Personal,3091547635416812,PUNB0292992,ICICI Bank,Savings,1502568936,ryan.nagar457@example.com,ryannagar9852@ybl,Active,1,2026-05-16 11:15:34,2026-05-20 22:07:34,Mobile App
469,Kamya Suresh,Friend,6135735022767481,UBIN0500272,IndusInd Bank,Savings,6170791708,kamya.suresh938@example.com,kamyasuresh7334@ybl,Active,1,2024-08-14 12:18:21,2024-08-17 04:11:21,Internet Banking
164,Mitesh Dash,Vendor,3265917513351524,BARB0261508,Punjab National Bank,Savings,5795738335,mitesh.dash122@example.com,,Active,0,2025-11-23 21:38:49,,Branch
521,Upadhriti Uppal,Home,9991457213440403,CNRB0801696,Union Bank of India,Current,2187671244,upadhriti.uppal731@example.com,upadhritiuppal653@oksbi,Active,0,2025-11-28 22:51:23,,Internet Banking
617,Chanchal Hans,Vendor,2729605087568756,KKBK0723733,State Bank of India,Savings,,chanchal.hans592@example.com,chanchalhans5461@oksbi,Blocked,1,2025-05-21 07:05:28,2025-05-25 13:07:28,Internet Banking
352,Amruta Khatri,Office,7298669423631140,KKBK0612576,Kotak Mahindra Bank,Savings,6435899214,amruta.khatri726@example.com,amrutakhatri8346@okhdfcbank,Active,1,2024-01-19 16:51:23,2024-01-21 17:53:23,Internet Banking
373,Gayathri Salvi,,3960156033599581,BARB0281675,HDFC Bank,Savings,9173305048,,gayathrisalvi6190@okicici,Active,1,2025-06-30 02:28:10,2025-07-04 05:16:10,Internet Banking
520,Victor Bora,Friend,3301725985350070,IDFB0821941,Bank of Baroda,Current,,victor.bora82@example.com,victorbora6797@paytm,Active,1,2026-07-30 10:23:51,2026-08-02 12:21:51,Internet Banking
23,Hardik Gala,Mom,8082077550958260,UTIB0520571,Yes Bank,Savings,6194713948,hardik.gala744@example.com,,Active,1,2025-04-21 02:48:07,2025-04-24 16:13:07,Mobile App
74,Avni Nadkarni,Sister,9474221010591188,KKBK0258829,Punjab National Bank,Savings,7585012523,avni.nadkarni62@example.com,,Active,1,2026-03-31 06:50:30,2026-04-03 00:25:30,Internet Banking
354,Sai Kakar,Mom,6080932031047278,YESB0282146,ICICI Bank,Current,3669283941,sai.kakar204@example.com,,Active,0,2026-01-29 19:32:44,,Internet Banking
370,Wakeeta Borah,Mom,166608613886817,KKBK0404256,HDFC Bank,Savings,3706917269,wakeeta.borah235@example.com,wakeetaborah569@okhdfcbank,Active,1,2025-04-11 21:19:09,2025-04-12 20:58:09,Mobile App
285,Harita Borra,Business,6035415032796330,KKBK0811464,Kotak Mahindra Bank,Current,,harita.borra403@example.com,haritaborra8432@okhdfcbank,Active,1,2024-09-20 15:52:50,2024-09-21 17:38:50,Mobile App
980,Damini Ramaswamy,,9944878226125144,ICIC0449922,Axis Bank,Savings,2192953494,damini.ramaswamy432@example.com,daminiramaswamy5360@okicici,Active,1,2025-07-11 15:21:32,2025-07-11 16:34:32,Mobile App
562,Jackson Chaudhary,Vendor,8614503534432346,SBIN0109816,HDFC Bank,Savings,5916069824,jackson.chaudhary931@example.com,jacksonchaudhary5197@oksbi,Active,1,2026-08-06 11:30:45,2026-08-06 21:00:45,Mobile App
776,Ridhi Sankaran,Vendor,4826538683781174,BARB0599695,Yes Bank,Savings,5102780335,ridhi.sankaran960@example.com,ridhisankaran8944@oksbi,Active,1,2025-07-14 09:48:45,2025-07-19 05:31:45,Internet Banking
771,Damini Swamy,Personal,1266691649195857,IDFB0769544,State Bank of India,Savings,6107683321,damini.swamy398@example.com,daminiswamy5779@okhdfcbank,Active,1,2024-09-01 06:07:48,2024-09-04 13:02:48,Mobile App
612,Arya Chakraborty,Business,2975253197298662,SBIN0705518,State Bank of India,Savings,5162147604,,aryachakraborty3657@okicici,Active,1,2024-04-07 16:43:42,2024-04-11 14:23:42,Internet Banking
462,Abeer Sarin,Mom,9974885302134367,PUNB0248889,IndusInd Bank,Savings,2050831206,abeer.sarin293@example.com,,Active,1,2024-11-06 04:06:11,2024-11-11 18:54:11,Mobile App
491,Ekantika Soman,Personal,7843904152092347,INDB0795539,HDFC Bank,Savings,0851493258,ekantika.soman45@example.com,,Active,0,2025-03-03 14:39:14,,Internet Banking
242,Anika Majumdar,,659424976886362,UBIN0373193,IndusInd Bank,Savings,,anika.majumdar110@example.com,,Active,1,2025-10-19 20:08:49,2025-10-21 02:37:49,Internet Banking
318,Chaitanya Verma,,7127522448685010,PUNB0196528,Canara Bank,Current,9047939668,chaitanya.verma438@example.com,chaitanyaverma5934@okaxis,Active,1,2026-01-02 12:44:41,2026-01-06 20:09:41,Internet Banking
516,Udarsh Kohli,,6017420223742632,HDFC0290554,Union Bank of India,Current,1546424062,udarsh.kohli485@example.com,udarshkohli6724@ybl,Active,0,2024-12-08 08:42:13,,Mobile App
181,Kamya Bhakta,Home,2011262938734009,INDB0458234,ICICI Bank,Current,6346681473,,kamyabhakta3892@ybl,Inactive,1,2025-04-16 14:55:50,2025-04-23 03:30:50,Mobile App
664,Upkaar Nadkarni,Home,7906396184248945,HDFC0185076,State Bank of India,Savings,6557966911,upkaar.nadkarni922@example.com,upkaarnadkarni5969@ybl,Active,1,2024-08-11 14:52:39,2024-08-14 02:16:39,Internet Banking
306,Kashish Narula,Personal,3696246568638334,IDFB0744173,IDFC First Bank,Current,0368484598,kashish.narula30@example.com,kashishnarula1317@ybl,Active,1,2024-07-18 03:12:01,2024-07-19 08:24:01,Internet Banking
610,Vedant Prabhu,,261384386802506,CNRB0873046,IDFC First Bank,Savings,4035796260,vedant.prabhu391@example.com,vedantprabhu9416@paytm,Active,0,2024-01-09 20:39:38,,Internet Banking
722,Avni Kadakia,,553120203553906,KKBK0082982,HDFC Bank,Savings,,,,Active,1,2024-07-16 15:02:57,2024-07-21 20:53:57,Mobile App
431,Idika Prabhu,,2679887937272333,PUNB0004497,Yes Bank,Savings,4640351395,,idikaprabhu3235@paytm,Active,1,2024-12-18 22:20:26,2024-12-19 06:01:26,Internet Banking
837,Hemangini Prabhu,Office,1940095121155189,PUNB0740956,ICICI Bank,Savings,,,hemanginiprabhu3888@ybl,Active,1,2024-06-06 20:35:37,2024-06-11 20:03:37,Mobile App
538,Ekani Mane,,1525493355666844,BARB0605529,Axis Bank,Savings,8243733227,,ekanimane5212@paytm,Active,1,2024-10-20 00:35:37,2024-10-25 04:49:37,Mobile App
859,Urishilla Jhaveri,Brother,4448601875059809,INDB0708118,Union Bank of India,Savings,7605041903,urishilla.jhaveri976@example.com,urishillajhaveri6750@okaxis,Inactive,1,2024-07-11 23:50:29,2024-07-12 00:27:29,Mobile App
171,Abeer Bhalla,,757576638774978,INDB0409052,Axis Bank,Current,8552557434,abeer.bhalla576@example.com,abeerbhalla6581@ybl,Inactive,1,2024-11-08 09:28:42,2024-11-10 07:43:42,Branch
325,Vihaan Oza,Brother,6862033218558012,UTIB0639378,Punjab National Bank,Savings,1244927820,vihaan.oza212@example.com,vihaanoza3434@okhdfcbank,Active,1,2026-08-17 21:32:01,2026-08-17 23:59:59,Internet Banking
948,Amara Karnik,,5393031763214928,ICIC0598286,Bank of Baroda,Savings,2408773218,amara.karnik600@example.com,amarakarnik6061@okaxis,Active,1,2024-12-07 11:36:25,2024-12-09 18:10:25,Mobile App
145,Ikbal Bala,,2321122602543484,UBIN0737223,Yes Bank,Savings,,ikbal.bala334@example.com,ikbalbala2394@paytm,Active,0,2024-11-04 01:04:08,,Mobile App
109,Vritti Narain,,2972230188298549,YESB0337732,Union Bank of India,Savings,7411359505,vritti.narain176@example.com,vrittinarain3315@okhdfcbank,Active,1,2024-01-12 07:54:23,2024-01-18 13:51:23,Mobile App
847,Tarak Basak,,6289381465440286,HDFC0870223,ICICI Bank,Savings,4904495223,tarak.basak874@example.com,,Active,1,2024-05-09 13:40:27,2024-05-14 05:02:27,Mobile App
364,Jack Gera,,6223255129026339,INDB0764934,Punjab National Bank,Savings,0911396970,,jackgera4103@okaxis,Blocked,1,2026-04-29 21:55:46,2026-05-02 10:55:46,Internet Banking
845,Bhavini Chada,Friend,4779978730030549,IDFB0708019,Canara Bank,Current,2707612061,bhavini.chada799@example.com,bhavinichada9576@ybl,Active,1,2025-05-12 14:08:52,2025-05-19 13:24:52,Mobile App
744,Gavin Mohanty,,769297555851671,UTIB0337572,Kotak Mahindra Bank,Current,8048019864,,,Active,0,2025-07-09 23:38:45,,Internet Banking
753,Chatura Gour,Sister,2417334361248375,SBIN0780228,IDFC First Bank,Current,3832584539,chatura.gour146@example.com,chaturagour3833@okaxis,Active,0,2025-03-19 19:38:42,,Mobile App
477,Advika Natarajan,Home,5269668556744241,HDFC0762643,Axis Bank,Savings,0109251706,,,Active,1,2026-08-04 08:39:37,2026-08-10 00:44:37,Internet Banking
512,Daksh Suresh,Business,4456396334388345,BARB0785974,Canara Bank,Savings,4754294170,,dakshsuresh7974@paytm,Active,1,2026-05-16 08:13:09,2026-05-20 15:26:09,Mobile App
65,Shivani Bava,Mom,1589864219883424,YESB0150300,HDFC Bank,Savings,3272177327,shivani.bava400@example.com,shivanibava4252@oksbi,Active,1,2024-11-19 09:14:12,2024-11-20 19:48:12,Mobile App
176,Damyanti Chawla,,6857765796937652,SBIN0353932,IndusInd Bank,Savings,3589755769,damyanti.chawla635@example.com,,Active,1,2025-08-11 04:51:01,2025-08-15 17:05:01,Branch
147,Ekantika Arora,,8406265157132982,IDFB0474825,Bank of Baroda,Savings,9106074139,,ekantikaarora2094@ybl,Active,1,2024-12-21 08:23:47,2024-12-23 17:12:47,Internet Banking
621,Gaurika Balasubramanian,Business,4820520040431811,ICIC0285536,State Bank of India,Savings,0857766847,gaurika.balasubramanian781@example.com,gaurikabalasubramanian6258@paytm,Active,0,2025-05-10 14:46:38,,Branch
887,Imaran Basu,,272408608080346,INDB0606598,Bank of Baroda,Savings,1118221500,,imaranbasu6053@okaxis,Inactive,0,2026-04-17 18:08:27,,Internet Banking
794,Yashvi Vora,Brother,3055293468935025,YESB0736896,ICICI Bank,Savings,2603587959,yashvi.vora847@example.com,yashvivora3034@ybl,Active,1,2025-03-21 11:03:32,2025-03-23 22:20:32,Mobile App
359,Viraj Trivedi,,9603777738528218,UBIN0886242,Axis Bank,Current,,,,Active,1,2025-09-20 14:58:02,2025-09-24 12:30:02,Mobile App
647,Amrita Dube,Dad,3985042907804096,CNRB0360493,Punjab National Bank,Savings,2811486842,amrita.dube36@example.com,,Active,1,2025-10-14 04:10:17,2025-10-15 13:26:17,Branch
501,Yatin Bali,,2642987419892427,SBIN0431054,Punjab National Bank,Savings,7214224099,yatin.bali792@example.com,yatinbali5480@okhdfcbank,Active,1,2024-05-24 04:43:12,2024-05-25 00:43:12,Mobile App
693,Hemani Ganguly,,3683437781377799,UTIB0153124,IDFC First Bank,Savings,8331747210,hemani.ganguly884@example.com,,Active,0,2024-05-17 14:47:56,,Internet Banking
207,Frederick Varughese,,8433409701774308,KKBK0026261,Yes Bank,Savings,6078650970,frederick.varughese104@example.com,,Inactive,0,2024-08-22 01:17:52,,Internet Banking
781,Anmol Kalita,,7647154258008625,SBIN0594226,Kotak Mahindra Bank,Savings,2156116763,anmol.kalita687@example.com,anmolkalita733@paytm,Active,1,2024-07-27 03:54:05,2024-07-31 03:12:05,Internet Banking
437,Vanya Sastry,,1487076806465922,INDB0714806,Canara Bank,Savings,3372084351,,vanyasastry9954@oksbi,Active,1,2024-04-02 18:13:47,2024-04-06 04:38:47,Mobile App
968,Yadavi Khosla,Sister,3412100172302434,IDFB0971000,Canara Bank,Savings,8711801817,yadavi.khosla614@example.com,yadavikhosla6138@okhdfcbank,Active,1,2024-05-25 12:38:53,2024-05-26 01:15:53,Internet Banking
436,Abhiram Shere,Sister,4412112934843213,CNRB0064284,IDFC First Bank,Savings,5759016333,abhiram.shere563@example.com,abhiramshere2008@paytm,Active,1,2024-05-02 15:56:30,2024-05-07 11:29:30,Mobile App
691,Anamika Jaggi,,5229016859046853,BARB0289008,Punjab National Bank,Savings,6295610836,anamika.jaggi325@example.com,anamikajaggi6181@okaxis,Active,1,2024-06-01 14:42:31,2024-06-06 00:24:31,Mobile App
707,Aarush Bahri,Business,2148041104712714,PUNB0686924,Axis Bank,Savings,,aarush.bahri756@example.com,aarushbahri1909@ybl,Active,1,2026-06-05 10:12:39,2026-06-09 21:45:39,Branch
153,Falak Bir,Office,6626803209799386,UBIN0291608,Kotak Mahindra Bank,Savings,,falak.bir168@example.com,falakbir1295@oksbi,Inactive,1,2025-12-05 07:06:14,2025-12-10 04:37:14,Mobile App
932,Ikbal Prabhakar,Dad,4455131612926312,UBIN0667748,Union Bank of India,Current,7632515520,ikbal.prabhakar520@example.com,ikbalprabhakar9527@okhdfcbank,Active,1,2026-04-14 07:56:12,2026-04-16 20:07:12,Internet Banking
986,Anvi Purohit,Home,1990826995254473,SBIN0808611,IndusInd Bank,Savings,6473692720,anvi.purohit745@example.com,anvipurohit6191@ybl,Active,1,2024-08-12 08:44:35,2024-08-12 17:29:35,Internet Banking
785,Varenya Deshpande,Brother,4982825857106504,INDB0657925,Canara Bank,Savings,4095277348,varenya.deshpande453@example.com,varenyadeshpande9542@oksbi,Active,1,2025-02-26 07:44:02,2025-02-27 17:53:02,Mobile App
205,Upasna Raja,Mom,1685149641288361,KKBK0630262,ICICI Bank,Savings,4869538371,upasna.raja349@example.com,,Active,1,2026-07-17 01:58:12,2026-07-22 10:01:12,Mobile App
99,Lipika Golla,Mom,951562114374643,SBIN0139554,IDFC First Bank,Savings,8782292047,lipika.golla670@example.com,,Active,1,2026-07-17 09:09:19,2026-07-21 14:37:19,Internet Banking
149,Logan Aurora,Business,1631598942693817,ICIC0243307,Yes Bank,Savings,9164606691,logan.aurora682@example.com,,Active,1,2024-01-03 19:55:30,2024-01-10 14:38:30,Mobile App
475,Gaurav Keer,,8061128678154555,HDFC0767345,Yes Bank,Savings,8541647530,gaurav.keer358@example.com,,Active,1,2025-04-26 13:18:17,2025-04-27 09:06:17,Mobile App
99,Shravya Randhawa,Sister,2333563046902256,UBIN0784543,ICICI Bank,Savings,8742754476,shravya.randhawa47@example.com,shravyarandhawa7987@oksbi,Active,0,2025-11-21 00:14:24,,Mobile App
726,Chanakya Basu,,197503220755291,UBIN0966080,ICICI Bank,Current,2236671666,chanakya.basu142@example.com,,Active,1,2025-06-05 05:42:37,2025-06-11 15:29:37,Internet Banking
165,Saksham Radhakrishnan,Brother,8111375733769167,CNRB0333545,Punjab National Bank,Savings,0609203933,saksham.radhakrishnan249@example.com,,Active,1,2024-07-12 18:58:23,2024-07-14 09:04:23,Internet Banking
267,Krisha Natarajan,,7927337575249116,BARB0426329,Kotak Mahindra Bank,Savings,1902336783,krisha.natarajan881@example.com,,Inactive,1,2024-11-25 18:55:48,2024-11-27 15:14:48,Branch
860,Dipta Wali,,1017685525833646,PUNB0048953,HDFC Bank,Savings,0337456514,dipta.wali368@example.com,diptawali6954@okaxis,Active,1,2025-02-03 04:58:04,2025-02-10 01:05:04,Mobile App
633,Madhavi Sundaram,,7105339988844351,IDFB0096502,Axis Bank,Savings,6354208189,madhavi.sundaram16@example.com,,Active,1,2025-11-26 03:02:19,2025-11-26 23:27:19,Internet Banking
163,Aarini Ganguly,Brother,8790024814976436,INDB0793464,Union Bank of India,Savings,2762952785,,,Active,1,2025-04-25 20:25:22,2025-05-02 02:36:22,Mobile App
203,Sudiksha Vohra,Mom,6448287884322916,KKBK0564593,Punjab National Bank,Savings,7628190608,sudiksha.vohra199@example.com,sudikshavohra7991@ybl,Active,1,2024-05-20 16:10:59,2024-05-25 18:20:59,Internet Banking
446,Tara Banerjee,Dad,8382480655533999,SBIN0402907,State Bank of India,Current,8579490706,tara.banerjee949@example.com,tarabanerjee6789@okicici,Inactive,1,2024-05-03 01:19:40,2024-05-04 13:53:40,Internet Banking
317,Yug Chad,,8174071739217053,UTIB0923676,ICICI Bank,Savings,7660761238,yug.chad750@example.com,,Active,0,2026-03-13 18:32:16,,Internet Banking
830,Arin Joshi,Dad,3700920354034214,ICIC0394655,HDFC Bank,Savings,0873453238,arin.joshi375@example.com,,Active,1,2026-07-19 05:20:54,2026-07-22 19:14:54,Mobile App
881,Hema Kalita,,6481725993792498,SBIN0017607,Axis Bank,Savings,3651012781,hema.kalita140@example.com,,Active,1,2024-05-22 21:32:18,2024-05-29 00:15:18,Branch
45,Theodore Sheth,Brother,3213430605974194,INDB0504509,IndusInd Bank,Savings,0130894427,theodore.sheth167@example.com,,Inactive,0,2025-10-20 17:10:34,,Mobile App
132,Nicholas Hora,,2313752082425009,BARB0559941,Punjab National Bank,Savings,5821939744,nicholas.hora683@example.com,,Blocked,1,2025-04-22 20:00:34,2025-04-24 21:10:34,Internet Banking
264,Advika Rege,,9634599364280942,HDFC0471832,IDFC First Bank,Savings,0206924964,advika.rege265@example.com,advikarege4502@okaxis,Active,1,2026-01-17 06:28:45,2026-01-18 09:05:45,Mobile App
511,Yashica Kari,Friend,3375291746128156,ICIC0101088,Punjab National Bank,Savings,,yashica.kari165@example.com,,Active,1,2025-04-06 04:51:56,2025-04-09 14:41:56,Mobile App
89,Dayamai Modi,,2651553770589310,INDB0402995,Yes Bank,Savings,0176455427,dayamai.modi20@example.com,,Active,1,2024-04-24 05:02:35,2024-04-27 00:38:35,Internet Banking
75,Amaira Patil,Home,1552950212408276,BARB0815756,Yes Bank,Savings,8036538905,amaira.patil119@example.com,amairapatil8979@paytm,Inactive,1,2024-09-13 05:57:47,2024-09-18 04:20:47,Internet Banking
433,Ikshita Dave,Sister,885139564498748,PUNB0096732,Axis Bank,Savings,5007749847,ikshita.dave304@example.com,,Active,1,2024-10-09 02:09:32,2024-10-11 08:06:32,Internet Banking
360,Benjamin Ben,,4048796358992397,ICIC0764246,HDFC Bank,Current,1344641163,benjamin.ben748@example.com,benjaminben5800@okaxis,Active,1,2024-08-31 12:11:29,2024-09-07 04:51:29,Internet Banking
805,Chanakya Bawa,Mom,1777010485301334,SBIN0850575,Union Bank of India,Savings,,chanakya.bawa382@example.com,,Active,1,2024-07-03 10:21:05,2024-07-06 10:34:05,Mobile App
325,Ekanta Sastry,Personal,5506797124528379,CNRB0420703,Kotak Mahindra Bank,Current,,ekanta.sastry698@example.com,,Active,1,2024-08-01 06:10:44,2024-08-07 20:26:44,Mobile App
30,Reyansh Krish,,1430872656424565,INDB0177619,State Bank of India,Savings,6596346833,reyansh.krish781@example.com,reyanshkrish5580@oksbi,Inactive,1,2026-06-16 22:22:03,2026-06-20 17:04:03,Mobile App
224,Omaja Kale,Personal,8672736207666785,CNRB0902090,ICICI Bank,Savings,7355699645,,omajakale4855@paytm,Active,1,2025-10-07 21:31:15,2025-10-08 09:35:15,Mobile App
671,Niharika Mahal,,3559351792021856,UBIN0471942,IndusInd Bank,Savings,,,niharikamahal7804@oksbi,Active,1,2024-10-31 08:56:19,2024-10-31 13:56:19,Mobile App
415,Krish Tripathi,,3856823495468446,ICIC0603641,Canara Bank,Savings,4899644524,krish.tripathi80@example.com,,Active,1,2024-07-25 01:02:51,2024-07-26 13:13:51,Internet Banking
391,Onkar Goyal,,2452772008506890,PUNB0609523,ICICI Bank,Current,0456516878,onkar.goyal86@example.com,onkargoyal7537@oksbi,Active,1,2025-10-05 22:46:30,2025-10-09 08:31:30,Mobile App
279,Rayaan Subramanian,Brother,350378441655524,INDB0209675,Kotak Mahindra Bank,Savings,4873065472,,rayaansubramanian6271@okaxis,Active,1,2024-12-29 05:46:15,2025-01-02 18:44:15,Internet Banking
432,Logan Chand,Vendor,2428737201552402,HDFC0151791,Axis Bank,Current,,logan.chand761@example.com,loganchand1683@ybl,Inactive,0,2026-05-23 20:48:14,,Mobile App
504,Chatresh Sastry,Friend,8083522053827721,SBIN0651987,State Bank of India,Savings,5024136497,chatresh.sastry448@example.com,,Active,1,2025-05-29 22:21:12,2025-05-30 06:19:12,Mobile App
677,Timothy Sarna,Business,4120059176074759,IDFB0992368,Axis Bank,Savings,7195940906,timothy.sarna274@example.com,timothysarna5602@paytm,Active,1,2024-05-28 15:25:21,2024-05-30 23:28:21,Mobile App
665,Advaith Dash,Home,3572404807540658,UBIN0933700,HDFC Bank,Current,2841000644,,advaithdash3773@okhdfcbank,Active,1,2024-11-01 04:07:15,2024-11-05 19:50:15,Internet Banking
54,Yutika Sachdev,Home,9373047331082632,SBIN0350829,Punjab National Bank,Savings,1527513829,yutika.sachdev278@example.com,yutikasachdev9304@okhdfcbank,Active,0,2024-05-10 15:15:04,,Internet Banking
461,Zaid Kashyap,Business,6653777061292035,CNRB0475123,IDFC First Bank,Savings,3153219551,zaid.kashyap426@example.com,zaidkashyap3084@okhdfcbank,Active,1,2025-12-09 04:53:37,2025-12-12 18:38:37,Mobile App
443,Ishani Dalal,,2800326006404941,ICIC0692454,HDFC Bank,Savings,,ishani.dalal118@example.com,ishanidalal7872@paytm,Active,1,2024-06-19 13:20:57,2024-06-21 21:26:57,Branch
152,Zinal Sant,,793160467392405,YESB0239611,IndusInd Bank,Savings,7547373491,zinal.sant827@example.com,zinalsant6736@okhdfcbank,Active,1,2024-11-13 07:27:48,2024-11-13 09:42:48,Mobile App
564,Ansh Kaul,Mom,7384223766647345,UBIN0165673,Kotak Mahindra Bank,Savings,2457814473,ansh.kaul40@example.com,anshkaul4986@okaxis,Active,1,2025-07-11 04:23:11,2025-07-18 00:45:11,Internet Banking
171,Banjeet Anand,,3822304801991614,IDFB0005065,Kotak Mahindra Bank,Savings,,,banjeetanand5653@ybl,Active,1,2026-08-07 18:26:32,2026-08-13 23:54:32,Mobile App
692,Kritika Kalla,Dad,4868967722444160,SBIN0991283,Kotak Mahindra Bank,Current,7856858882,kritika.kalla846@example.com,kritikakalla9445@okicici,Inactive,1,2024-02-24 07:25:34,2024-02-25 16:36:34,Internet Banking
255,Krishna Khurana,Dad,8589424561543397,KKBK0994995,Axis Bank,Savings,0223142212,krishna.khurana252@example.com,krishnakhurana1888@okaxis,Active,1,2024-12-16 14:29:56,2024-12-16 20:40:56,Internet Banking
701,Keya Dutt,Dad,9697346573772083,YESB0380519,ICICI Bank,Current,9500555282,,,Active,1,2026-07-05 03:06:17,2026-07-05 19:48:17,Internet Banking
76,Zansi Pradhan,Personal,563252488049956,INDB0496253,Axis Bank,Savings,5311382108,,zansipradhan36@okicici,Active,1,2025-03-22 04:26:09,2025-03-27 10:20:09,Mobile App
351,Megha Divan,,9972069432832059,ICIC0515583,Kotak Mahindra Bank,Savings,6557546648,megha.divan813@example.com,,Active,1,2026-04-12 04:42:54,2026-04-13 02:01:54,Branch
656,Omaja Chahal,Home,3244160705089474,KKBK0359389,ICICI Bank,Savings,7040596466,omaja.chahal163@example.com,omajachahal7704@oksbi,Active,1,2026-01-25 15:15:02,2026-01-31 05:42:02,Mobile App
633,Raagini Nagi,,6789917525352131,BARB0753467,ICICI Bank,Savings,0094004943,raagini.nagi550@example.com,raagininagi5251@paytm,Active,1,2024-02-04 00:35:59,2024-02-04 15:52:59,Mobile App
16,Vihaan Rajan,Brother,8513098181967844,BARB0774944,IndusInd Bank,Savings,3401710280,,vihaanrajan6321@okaxis,Active,1,2024-01-10 09:21:01,2024-01-16 15:41:01,Mobile App
705,Wriddhish Sant,Personal,6153517033216270,PUNB0108480,Axis Bank,Savings,5311913524,wriddhish.sant913@example.com,,Active,1,2026-02-06 16:23:58,2026-02-12 20:18:58,Mobile App
639,Anthony Mall,,2812245639433768,KKBK0995463,HDFC Bank,Savings,1739275895,anthony.mall479@example.com,,Active,1,2024-12-16 04:36:48,2024-12-22 07:54:48,Mobile App
86,Onkar Rama,Office,838377165308188,UTIB0705145,IDFC First Bank,Savings,1496401043,onkar.rama266@example.com,,Active,1,2026-02-06 18:13:51,2026-02-11 09:49:51,Mobile App
852,Qasim Buch,Friend,4953079905411831,UTIB0992059,State Bank of India,Savings,8324194881,,qasimbuch7012@oksbi,Active,1,2025-11-17 04:18:54,2025-11-23 00:19:54,Internet Banking
567,Yatin Kalita,Vendor,3337964740886029,ICIC0334062,HDFC Bank,Savings,4960704438,yatin.kalita479@example.com,yatinkalita7382@ybl,Active,0,2026-05-09 01:09:53,,Mobile App
606,Zaitra Oak,,5419910181515575,UTIB0909161,ICICI Bank,Savings,6483000364,zaitra.oak98@example.com,zaitraoak5599@ybl,Active,1,2025-03-05 04:41:43,2025-03-07 09:19:43,Mobile App
629,Anusha Choudhry,Office,5852321890509154,UBIN0622533,IndusInd Bank,Savings,3304424994,,,Inactive,0,2024-12-25 22:44:56,,Mobile App
339,Vanya Dar,Brother,6198067265560080,YESB0104532,Kotak Mahindra Bank,Savings,4045836158,,,Active,1,2025-11-27 11:58:19,2025-11-29 08:53:19,Internet Banking
448,Naveen Balakrishnan,Sister,6928567658720082,UBIN0444960,Axis Bank,Current,1332755336,,,Inactive,0,2025-01-17 20:21:12,,Mobile App
935,Isaiah Malhotra,Dad,548166006923691,KKBK0299956,ICICI Bank,Savings,5747480017,isaiah.malhotra547@example.com,,Active,1,2026-01-18 09:28:07,2026-01-21 03:07:07,Mobile App
208,Hemal Chand,,1587411702056966,KKBK0906985,Punjab National Bank,Current,1128773013,hemal.chand141@example.com,,Inactive,0,2025-12-18 16:14:14,,Internet Banking
823,Zayan Roy,Business,9350568388004913,UBIN0546588,ICICI Bank,Savings,4977433858,zayan.roy352@example.com,,Active,1,2025-08-11 03:28:52,2025-08-15 05:53:52,Internet Banking
813,Rachit Dubey,Sister,1247141561285660,UTIB0898873,ICICI Bank,Current,1773922485,rachit.dubey430@example.com,,Active,0,2026-06-07 18:31:24,,Mobile App
191,Urvashi Sidhu,Mom,6091969300693042,IDFB0212648,State Bank of India,Savings,4654540732,urvashi.sidhu143@example.com,urvashisidhu7935@okhdfcbank,Active,1,2025-06-26 04:42:22,2025-07-02 04:58:22,Internet Banking
508,Falak Pal,Friend,8206396346128320,HDFC0928498,State Bank of India,Savings,3337192909,falak.pal885@example.com,,Active,1,2024-02-25 02:52:09,2024-03-01 01:48:09,Internet Banking
797,Zayan Dada,Mom,20742083859600,SBIN0720920,Axis Bank,Savings,3622596466,zayan.dada995@example.com,zayandada5586@okaxis,Active,1,2024-09-29 04:29:19,2024-10-02 19:27:19,Internet Banking
546,Manya Ravi,Mom,1947969445580337,KKBK0639798,IndusInd Bank,Savings,8640847723,manya.ravi65@example.com,,Active,1,2025-12-02 18:52:44,2025-12-07 04:42:44,Mobile App
505,Ayushman Sarkar,,777458671190121,YESB0376051,Union Bank of India,Savings,6381418628,ayushman.sarkar346@example.com,,Active,0,2025-08-21 20:04:47,,Mobile App
985,Darpan Balakrishnan,Brother,1318709441284604,BARB0986029,Union Bank of India,Savings,,darpan.balakrishnan641@example.com,darpanbalakrishnan8007@okaxis,Active,1,2026-02-11 15:10:22,2026-02-15 00:30:22,Internet Banking
361,Nihal Barad,,5638702383620882,SBIN0314391,Kotak Mahindra Bank,Savings,0315371275,nihal.barad219@example.com,,Inactive,1,2024-11-10 18:49:19,2024-11-15 12:28:19,Internet Banking
437,Shivani Butala,,1485751521132209,ICIC0935060,HDFC Bank,Savings,5779225985,shivani.butala366@example.com,,Blocked,1,2025-06-15 18:55:36,2025-06-16 05:52:36,Mobile App
853,Balendra Sem,Mom,9611204796484010,KKBK0827037,Axis Bank,Savings,6800725166,balendra.sem983@example.com,balendrasem4631@oksbi,Active,1,2025-12-04 07:21:59,2025-12-07 04:47:59,Branch
871,Neelima Bumb,Personal,8466234101960179,ICIC0198330,Bank of Baroda,Savings,0051876537,,neelimabumb8735@okicici,Active,1,2026-02-22 16:50:04,2026-02-28 05:11:04,Internet Banking
924,Saanvi Bal,Office,378766961344092,ICIC0661641,HDFC Bank,Current,9401790054,saanvi.bal704@example.com,saanvibal203@okhdfcbank,Active,1,2025-11-18 08:38:07,2025-11-23 18:11:07,Mobile App
119,Aishani Nayar,Home,3709959366145710,UTIB0889294,IDFC First Bank,Savings,5161029523,aishani.nayar15@example.com,,Active,1,2025-08-12 04:42:11,2025-08-14 11:30:11,Mobile App
979,Brinda Bala,Mom,1539700472084434,KKBK0522188,Axis Bank,Savings,9185930826,,brindabala9583@okicici,Active,1,2025-11-29 08:18:16,2025-12-01 20:34:16,Mobile App
322,Isaiah Dada,Sister,7054334166148289,YESB0297815,IndusInd Bank,Current,,,isaiahdada205@ybl,Active,1,2025-07-02 03:40:10,2025-07-05 04:24:10,Mobile App
766,Xiti Sachdev,Mom,8505547265032440,PUNB0215073,Bank of Baroda,Current,6083192367,xiti.sachdev817@example.com,,Active,1,2025-08-12 05:07:23,2025-08-18 13:36:23,Mobile App
394,Yuvraj Baria,Vendor,4167294221766217,KKBK0848749,HDFC Bank,Savings,7746893980,yuvraj.baria543@example.com,,Active,1,2024-01-24 21:45:44,2024-01-28 23:56:44,Internet Banking
344,Ayushman Rattan,Office,3256856258110081,IDFB0362748,Union Bank of India,Savings,3108931653,ayushman.rattan699@example.com,ayushmanrattan3217@okhdfcbank,Active,1,2024-02-20 23:54:09,2024-02-21 10:10:09,Internet Banking
42,Unnati Natt,Dad,1148633457778589,YESB0707627,Yes Bank,Savings,2731457409,unnati.natt693@example.com,unnatinatt1179@ybl,Active,1,2025-06-15 15:10:25,2025-06-16 13:03:25,Mobile App
488,Charita Kant,Friend,252103426881507,INDB0571587,Yes Bank,Savings,5517146646,charita.kant987@example.com,charitakant2295@okicici,Active,1,2024-04-02 00:15:00,2024-04-07 08:36:00,Mobile App
951,Tanish Mane,Sister,21767367392260,CNRB0212685,Punjab National Bank,Savings,5599888965,,,Active,0,2026-04-29 05:00:01,,Internet Banking
689,Victor Nagi,,6757701433397072,BARB0934339,HDFC Bank,Current,3891917842,victor.nagi921@example.com,victornagi8481@ybl,Active,1,2024-10-06 20:54:07,2024-10-11 08:46:07,Branch
817,Yamini Agate,Office,9657684565520534,ICIC0341108,Union Bank of India,Savings,4920379278,yamini.agate150@example.com,yaminiagate1471@ybl,Active,1,2026-05-21 10:27:38,2026-05-24 10:39:38,Mobile App
971,Samarth Mohanty,,9467729295225659,CNRB0982690,HDFC Bank,Savings,5368666574,samarth.mohanty114@example.com,samarthmohanty8851@oksbi,Active,1,2026-02-06 07:24:44,2026-02-12 22:31:44,Mobile App
649,Hemani Bhasin,Dad,4708728922762496,UBIN0051578,ICICI Bank,Current,8845891630,hemani.bhasin136@example.com,,Active,1,2026-02-17 09:33:31,2026-02-23 19:44:31,Mobile App
407,Chavvi Brar,Office,2862991404367354,IDFB0890835,ICICI Bank,Savings,3990604202,,chavvibrar8467@oksbi,Inactive,0,2026-04-29 19:17:09,,Internet Banking
13,David Ganesh,,8932882852169685,CNRB0230551,ICICI Bank,Savings,2727702296,david.ganesh424@example.com,davidganesh4603@okicici,Active,1,2024-01-27 21:46:44,2024-01-28 02:54:44,Mobile App
630,Samaksh Narain,Mom,3970890795633204,UBIN0173224,Punjab National Bank,Savings,5394222604,samaksh.narain796@example.com,,Active,1,2025-11-21 23:23:48,2025-11-25 04:28:48,Mobile App
689,Thomas Barad,Mom,8069023532998543,UBIN0503769,Axis Bank,Savings,0137823899,thomas.barad380@example.com,,Active,1,2024-03-02 08:13:41,2024-03-05 16:20:41,Branch
872,Gautami Chaudhari,Home,5533624225523988,PUNB0701970,Union Bank of India,Savings,3219857771,gautami.chaudhari768@example.com,gautamichaudhari6246@oksbi,Active,1,2024-05-31 04:59:36,2024-06-01 04:27:36,Mobile App
334,Mason Nigam,Brother,2338103862777800,BARB0827226,State Bank of India,Savings,0866186208,mason.nigam388@example.com,,Active,1,2025-06-01 20:42:56,2025-06-08 06:17:56,Internet Banking
572,Nitesh Doshi,,2664393852763623,BARB0478216,Kotak Mahindra Bank,Savings,8211128685,nitesh.doshi788@example.com,niteshdoshi7225@okicici,Inactive,0,2024-12-09 18:31:25,,Mobile App
320,Ria Pillai,Mom,7987844447470434,ICIC0881327,Canara Bank,Savings,2535828585,ria.pillai438@example.com,riapillai3626@okicici,Active,1,2024-01-20 13:55:11,2024-01-24 10:59:11,Branch
939,Vasana Oak,Dad,7079695209022314,UTIB0436740,ICICI Bank,Savings,0432028828,,vasanaoak9088@ybl,Active,1,2024-08-02 00:06:18,2024-08-05 16:51:18,Mobile App
16,Chavvi Sarna,Mom,3945629815065218,SBIN0935736,IndusInd Bank,Savings,0108039054,,chavvisarna567@okaxis,Active,1,2025-11-11 13:39:33,2025-11-16 18:50:33,Mobile App
902,Brijesh Agrawal,,8268009701904380,IDFB0402650,Punjab National Bank,Savings,1048297539,brijesh.agrawal288@example.com,brijeshagrawal8407@paytm,Active,1,2026-01-31 09:34:48,2026-02-05 18:39:48,Mobile App
86,Nakul Radhakrishnan,Friend,3236156305594078,UBIN0507456,Axis Bank,Savings,9443787204,,nakulradhakrishnan6752@paytm,Active,1,2025-03-13 22:10:54,2025-03-14 15:54:54,Branch
183,Praneel Shanker,,2577611662684424,HDFC0927001,Punjab National Bank,Savings,2724192293,,praneelshanker9045@oksbi,Active,1,2025-07-16 08:27:58,2025-07-23 03:29:58,Internet Banking
420,Praneel Apte,,1998905216318140,INDB0887050,HDFC Bank,Savings,3444781773,praneel.apte638@example.com,,Active,1,2024-11-26 11:10:41,2024-12-03 07:44:41,Mobile App
354,Zansi Sengupta,Brother,9382344121456698,CNRB0094764,Yes Bank,Savings,3265175573,zansi.sengupta635@example.com,zansisengupta9288@okicici,Active,1,2024-01-06 21:08:51,2024-01-09 04:45:51,Internet Banking
125,Tanish Mohanty,,4729732409113312,ICIC0912762,Axis Bank,Savings,9845774381,tanish.mohanty814@example.com,tanishmohanty9757@okaxis,Active,1,2025-04-15 09:59:24,2025-04-16 12:58:24,Mobile App
660,Kashish Chahal,,5374233031290832,CNRB0838899,IDFC First Bank,Savings,1612355749,kashish.chahal716@example.com,kashishchahal9282@paytm,Active,1,2025-06-22 21:08:49,2025-06-25 10:51:49,Internet Banking
838,Harshil Ramesh,Dad,2698920443486876,ICIC0502214,Kotak Mahindra Bank,Savings,4398309415,harshil.ramesh273@example.com,,Active,1,2024-10-01 01:04:43,2024-10-07 21:45:43,Mobile App
690,Madhavi Dugar,,6419473576511782,YESB0896891,Yes Bank,Savings,,madhavi.dugar52@example.com,madhavidugar6181@okicici,Active,1,2026-02-07 23:22:04,2026-02-10 02:41:04,Mobile App
459,Urvi Bakshi,Business,1731631255688445,ICIC0743730,Kotak Mahindra Bank,Savings,2129494482,urvi.bakshi618@example.com,urvibakshi8466@ybl,Active,1,2024-12-22 20:00:36,2024-12-28 19:30:36,Internet Banking
267,Vyanjana Edwin,Vendor,8721744355852932,YESB0837630,Punjab National Bank,Savings,9781656813,vyanjana.edwin380@example.com,,Active,1,2026-01-31 07:35:12,2026-02-04 00:40:12,Mobile App
889,Sachi Nigam,,2152737468514385,KKBK0392499,Canara Bank,Savings,1264725908,sachi.nigam645@example.com,,Inactive,1,2026-04-23 21:00:32,2026-04-26 00:22:32,Mobile App
49,Wishi Sinha,Friend,5777298325434707,UBIN0971703,State Bank of India,Savings,7860125671,wishi.sinha674@example.com,wishisinha920@ybl,Active,1,2024-09-29 02:50:01,2024-09-30 17:04:01,Mobile App
983,Finn Krishnamurthy,,9812791965188394,IDFB0799678,Union Bank of India,Savings,9941997127,finn.krishnamurthy356@example.com,finnkrishnamurthy1298@okicici,Active,1,2026-06-17 01:09:33,2026-06-23 05:25:33,Internet Banking
195,Jagrati Wable,Dad,3405106722163185,UBIN0092220,IDFC First Bank,Savings,9158060023,,,Active,1,2026-02-01 14:06:03,2026-02-06 03:53:03,Internet Banking
858,Megha Bera,,4392812444065763,IDFB0920338,Union Bank of India,Savings,8210969041,megha.bera92@example.com,meghabera3238@okhdfcbank,Active,1,2026-04-02 06:56:59,2026-04-08 05:09:59,Branch
233,Vaishnavi Cherian,Brother,2160404136195812,CNRB0776084,Union Bank of India,Current,0317905983,vaishnavi.cherian717@example.com,,Active,1,2025-02-01 01:23:15,2025-02-06 05:17:15,Mobile App
436,Hritik Handa,,572208315524852,UTIB0116642,IDFC First Bank,Savings,4594173176,hritik.handa870@example.com,hritikhanda3848@oksbi,Active,1,2024-08-07 20:14:33,2024-08-08 21:59:33,Mobile App
39,Parth Chaudhuri,Dad,6062521725814648,KKBK0508654,Punjab National Bank,Savings,1329748095,parth.chaudhuri786@example.com,,Inactive,0,2024-07-13 17:43:43,,Branch
837,Maanav Seshadri,Sister,3454572774809411,BARB0625070,Axis Bank,Savings,9252089964,maanav.seshadri764@example.com,maanavseshadri4466@ybl,Active,1,2024-11-08 10:50:42,2024-11-09 16:52:42,Internet Banking
371,Sudiksha Chauhan,Sister,2230825155232350,UTIB0459471,Union Bank of India,Savings,2907870260,,,Active,1,2025-03-17 11:42:55,2025-03-19 07:08:55,Mobile App
757,Suhani Tiwari,Mom,4029882136123987,HDFC0921314,HDFC Bank,Savings,5021807693,suhani.tiwari359@example.com,suhanitiwari2897@oksbi,Active,1,2024-08-23 01:09:29,2024-08-23 22:03:29,Branch
18,Christopher Solanki,Home,745917264424509,UTIB0742171,Axis Bank,Savings,0729382634,,christophersolanki1063@okaxis,Active,1,2025-01-21 03:14:16,2025-01-23 01:13:16,Mobile App
527,Balvan Nath,,2980212446890067,PUNB0452094,IndusInd Bank,Savings,5503409960,balvan.nath694@example.com,balvannath2442@okicici,Active,1,2025-06-25 19:24:14,2025-06-27 22:22:14,Internet Banking
645,Chaitanya Dave,Brother,527998300831094,SBIN0041443,Kotak Mahindra Bank,Current,4233923608,,,Active,1,2026-05-25 05:18:16,2026-05-29 05:11:16,Mobile App
254,Turvi Suresh,Friend,5914428115517410,KKBK0031696,HDFC Bank,Savings,9914697876,turvi.suresh349@example.com,,Active,1,2026-04-03 23:00:45,2026-04-04 14:32:45,Mobile App
217,Urvi Saraf,,5342199504064874,UBIN0120840,Union Bank of India,Savings,1668905123,urvi.saraf786@example.com,,Active,1,2025-09-02 03:47:38,2025-09-05 03:53:38,Mobile App
328,Devansh Zachariah,Home,7394614465847862,BARB0681396,Yes Bank,Savings,2954546080,devansh.zachariah757@example.com,,Active,1,2024-11-02 14:51:56,2024-11-06 16:18:56,Mobile App
668,Ekanta Mohanty,Friend,1390273714602770,SBIN0251233,Union Bank of India,Savings,0035813170,ekanta.mohanty108@example.com,ekantamohanty4758@okhdfcbank,Active,1,2024-07-04 03:57:59,2024-07-10 21:28:59,Mobile App
213,Darika Raja,,4139176899168608,HDFC0589637,State Bank of India,Savings,0632045786,,,Active,1,2024-07-13 16:32:25,2024-07-19 07:23:25,Internet Banking
950,Tarak Wagle,Personal,2933153303985749,INDB0725679,IDFC First Bank,Savings,7824761249,tarak.wagle626@example.com,tarakwagle2307@oksbi,Active,1,2026-02-06 13:24:25,2026-02-07 12:17:25,Mobile App
514,Nathaniel Sem,Personal,390372701223122,ICIC0699085,IndusInd Bank,Savings,,nathaniel.sem440@example.com,nathanielsem1628@okhdfcbank,Active,1,2025-04-21 17:27:24,2025-04-27 16:56:24,Mobile App
558,Caleb Anand,Mom,5304272284438920,ICIC0054752,State Bank of India,Savings,7635307203,,calebanand6160@okaxis,Active,1,2026-05-11 12:06:35,2026-05-11 18:12:35,Mobile App
502,Mitesh Chaudhry,Mom,2734314661808156,UBIN0945519,IDFC First Bank,Current,2786399008,mitesh.chaudhry941@example.com,miteshchaudhry2441@paytm,Active,1,2025-01-08 19:36:02,2025-01-11 18:49:02,Mobile App
268,Udyati Loke,Vendor,2662806312859097,PUNB0655341,Bank of Baroda,Current,1506970424,udyati.loke602@example.com,udyatiloke2320@ybl,Active,1,2025-01-01 02:54:53,2025-01-07 03:33:53,Branch
561,Dominic Chawla,,7625563067875580,CNRB0207810,IDFC First Bank,Current,,dominic.chawla13@example.com,,Active,1,2024-09-19 22:18:12,2024-09-26 01:41:12,Internet Banking
26,Jagrati Bhatnagar,Brother,6568375553161074,YESB0372300,IDFC First Bank,Savings,8777721690,jagrati.bhatnagar385@example.com,jagratibhatnagar1118@paytm,Active,1,2025-04-05 17:19:35,2025-04-07 17:38:35,Branch
494,Amol Pingle,Home,378834410995714,ICIC0473836,Union Bank of India,Savings,3104080611,,amolpingle4223@paytm,Blocked,1,2024-12-26 22:06:33,2024-12-31 22:14:33,Mobile App
305,Simon Pathak,Business,4614370983161282,HDFC0001567,Kotak Mahindra Bank,Current,0044562702,simon.pathak972@example.com,,Active,1,2024-06-10 00:36:40,2024-06-12 14:03:40,Mobile App
465,Jackson Tripathi,Brother,9715046386343855,BARB0609309,IDFC First Bank,Savings,3654630856,jackson.tripathi840@example.com,jacksontripathi5466@ybl,Active,1,2024-02-29 04:52:03,2024-03-02 05:24:03,Mobile App
1000,Krisha Tripathi,Friend,3624285222707918,YESB0161887,Canara Bank,Savings,3231932327,krisha.tripathi325@example.com,krishatripathi3433@okicici,Active,1,2026-05-25 20:17:17,2026-05-30 18:44:17,Branch
395,Bakhshi Hayer,Office,2435710439810780,HDFC0844968,Kotak Mahindra Bank,Savings,2603369861,bakhshi.hayer513@example.com,bakhshihayer7560@paytm,Active,1,2025-06-08 09:02:08,2025-06-10 02:55:08,Mobile App
191,Balendra Srinivasan,Business,3995063330590173,BARB0404298,Bank of Baroda,Current,7669331064,balendra.srinivasan302@example.com,balendrasrinivasan9690@okicici,Active,1,2026-01-24 19:04:35,2026-01-28 06:57:35,Internet Banking
513,Henry Mody,,4517194645095433,KKBK0745733,Yes Bank,Savings,6466607223,,henrymody4085@okicici,Inactive,1,2025-01-09 08:00:24,2025-01-11 03:58:24,Branch
604,Tara Sarin,,3038713171796592,SBIN0031741,ICICI Bank,Savings,1160643420,tara.sarin146@example.com,tarasarin9976@okicici,Inactive,0,2024-01-15 12:15:04,,Mobile App
910,Kavya Hegde,Vendor,5962179456894672,KKBK0954497,Axis Bank,Current,0702807731,kavya.hegde37@example.com,kavyahegde9048@okhdfcbank,Active,1,2025-09-11 19:24:49,2025-09-18 01:50:49,Internet Banking
874,Ethan Dube,Mom,9235092220683333,INDB0664969,Yes Bank,Savings,4238024673,ethan.dube957@example.com,ethandube6849@okaxis,Active,1,2026-08-02 12:39:32,2026-08-06 18:59:32,Internet Banking
896,Madhavi Puri,,1099166414164395,CNRB0731361,Union Bank of India,Savings,7907785943,madhavi.puri912@example.com,madhavipuri1221@oksbi,Inactive,1,2024-12-05 22:26:52,2024-12-05 22:55:52,Mobile App
835,Yahvi Bora,Friend,1063346857295497,YESB0318421,Union Bank of India,Current,5404791569,yahvi.bora213@example.com,,Active,1,2025-12-31 12:22:22,2026-01-04 22:19:22,Mobile App
830,Faris De,,5852662209007315,SBIN0017436,Canara Bank,Savings,4404222967,,farisde5259@okaxis,Active,1,2025-05-08 21:13:36,2025-05-15 06:11:36,Branch
613,Isaiah Puri,,562575531435134,HDFC0503229,State Bank of India,Savings,1947846033,isaiah.puri965@example.com,isaiahpuri1511@oksbi,Active,1,2024-01-22 17:30:36,2024-01-23 15:38:36,Branch
31,Priya Gara,Friend,2293890284414739,BARB0434803,IndusInd Bank,Current,6742721253,priya.gara930@example.com,priyagara7323@oksbi,Active,1,2026-04-23 00:11:06,2026-04-23 13:08:06,Internet Banking
6,Jatin Thaker,Vendor,4586981262433590,SBIN0590873,ICICI Bank,Savings,8268618523,jatin.thaker53@example.com,jatinthaker1465@oksbi,Active,1,2025-01-01 06:09:35,2025-01-07 17:20:35,Internet Banking
823,Simon Karpe,Sister,5525059381893513,IDFB0462546,Axis Bank,Current,5359139132,simon.karpe629@example.com,,Active,1,2024-05-13 12:35:21,2024-05-13 14:54:21,Internet Banking
670,Rachana Sunder,,5430398579133821,HDFC0330130,Union Bank of India,Savings,2649272729,rachana.sunder947@example.com,rachanasunder9122@ybl,Active,1,2026-06-18 01:44:59,2026-06-18 23:54:59,Internet Banking
413,Janani Devi,Business,5768532373414602,HDFC0450646,Yes Bank,Savings,7932958814,janani.devi572@example.com,jananidevi5905@okicici,Active,1,2024-04-23 12:46:30,2024-04-28 13:22:30,Internet Banking
649,Garima Dugar,Sister,4970758512362198,SBIN0371315,ICICI Bank,Savings,6075684202,garima.dugar906@example.com,,Inactive,1,2026-06-21 13:07:31,2026-06-26 05:46:31,Mobile App
105,Riya Mitter,Home,699613293776704,PUNB0233184,Punjab National Bank,Savings,9319784486,,,Active,1,2025-07-28 08:07:54,2025-08-03 03:59:54,Mobile App
49,Balhaar Bhavsar,Personal,4649868406049447,CNRB0574173,HDFC Bank,Savings,5544891063,balhaar.bhavsar200@example.com,,Active,1,2025-04-14 20:52:25,2025-04-18 02:14:25,Internet Banking
743,Devansh Jani,Vendor,797723051029760,UTIB0331029,State Bank of India,Savings,4528361761,,devanshjani8667@oksbi,Active,0,2026-01-21 23:32:17,,Internet Banking
300,Ekalinga Nair,Office,528230387726422,IDFB0939497,Union Bank of India,Savings,4467369338,ekalinga.nair159@example.com,ekalinganair3064@oksbi,Active,0,2024-11-16 21:26:40,,Internet Banking
665,Aarav Bava,Friend,9344012510056910,SBIN0666811,Yes Bank,Savings,7039406341,,aaravbava2244@ybl,Blocked,1,2025-03-06 13:06:38,2025-03-13 12:25:38,Mobile App
290,Yuvraj Guha,Vendor,5635744898550232,YESB0001853,Punjab National Bank,Savings,0841929804,,,Active,0,2025-10-14 02:41:28,,Internet Banking
990,Nandini Gole,Office,7018580108246015,UTIB0607810,Canara Bank,Current,8760449243,,,Active,1,2024-10-26 04:02:28,2024-10-28 00:42:28,Mobile App
987,Benjamin Deshpande,Sister,2803932644870270,IDFB0733280,IDFC First Bank,Savings,5561368030,benjamin.deshpande75@example.com,benjamindeshpande6689@ybl,Active,1,2026-02-05 13:10:11,2026-02-09 23:19:11,Mobile App
259,Vedhika Lanka,Office,4157873478425490,ICIC0157290,State Bank of India,Savings,8195468472,vedhika.lanka842@example.com,vedhikalanka4080@ybl,Active,0,2025-03-08 06:31:09,,Mobile App
543,Anusha Kala,Sister,8056956076379292,HDFC0342693,Punjab National Bank,Savings,0349655174,anusha.kala211@example.com,anushakala129@paytm,Active,1,2024-06-23 05:41:43,2024-06-24 19:17:43,Internet Banking
858,Aarush Batra,Personal,7374860757900368,CNRB0241527,Axis Bank,Savings,4803708746,aarush.batra600@example.com,,Active,0,2024-06-17 05:03:29,,Internet Banking
271,Aarush Buch,Dad,2975332016431051,CNRB0499644,Kotak Mahindra Bank,Savings,9475552719,aarush.buch118@example.com,,Active,1,2024-06-01 08:28:51,2024-06-03 04:34:51,Mobile App
363,Samesh Peri,Office,2098792798794079,ICIC0994870,IDFC First Bank,Savings,,samesh.peri328@example.com,,Active,0,2025-05-08 09:07:00,,Mobile App
210,Lajita Wali,,3979359410367451,BARB0272359,Yes Bank,Savings,6397054052,,lajitawali3864@paytm,Active,1,2024-12-15 17:45:24,2024-12-17 08:43:24,Mobile App
343,Aarini Seshadri,,7709958943893173,HDFC0320478,Axis Bank,Savings,1873075565,aarini.seshadri233@example.com,aariniseshadri3810@okhdfcbank,Active,1,2025-09-29 12:00:36,2025-10-02 08:02:36,Internet Banking
733,Tristan Tella,Mom,933070756596004,PUNB0798157,IDFC First Bank,Savings,4230820611,tristan.tella324@example.com,tristantella6675@okhdfcbank,Active,1,2025-05-11 07:30:01,2025-05-11 18:12:01,Internet Banking
158,Unnati Saha,Brother,9230826507458310,INDB0761631,Yes Bank,Current,9851161713,,unnatisaha3335@okhdfcbank,Active,0,2025-03-14 13:31:47,,Mobile App
428,Samesh Joshi,Vendor,7073430840661030,IDFB0322901,Union Bank of India,Savings,5576418001,samesh.joshi561@example.com,sameshjoshi9136@okicici,Active,1,2026-05-30 12:19:56,2026-06-04 06:02:56,Internet Banking
980,Radhika Chhabra,Personal,7785895471442018,KKBK0484054,Kotak Mahindra Bank,Savings,9773986339,radhika.chhabra936@example.com,,Active,1,2024-08-17 22:15:09,2024-08-24 13:32:09,Mobile App
364,Lajita Ravi,Brother,111736121534540,ICIC0667091,Yes Bank,Savings,2624621186,,lajitaravi142@okhdfcbank,Active,1,2025-12-09 07:43:48,2025-12-15 23:24:48,Internet Banking
772,Kashish Issac,,3696072240403953,BARB0377935,IDFC First Bank,Savings,9891698581,kashish.issac786@example.com,,Active,1,2025-09-14 07:21:35,2025-09-17 22:14:35,Mobile App
300,Ekaraj Ray,Brother,2418609046276682,INDB0139946,Canara Bank,Savings,9473659212,ekaraj.ray469@example.com,,Active,1,2026-05-14 14:48:59,2026-05-16 07:23:59,Internet Banking
973,Lohit Puri,Business,7234710394963193,BARB0718287,State Bank of India,Savings,,lohit.puri334@example.com,lohitpuri6492@okaxis,Active,1,2025-03-30 21:28:57,2025-04-06 07:18:57,Mobile App
905,Ansh Dasgupta,Vendor,5990321924809485,HDFC0769085,Bank of Baroda,Savings,4969811529,,,Active,1,2026-08-12 02:08:04,2026-08-17 15:27:04,Internet Banking
174,Saanvi Golla,Dad,5272044379584366,ICIC0400792,ICICI Bank,Current,3924767477,saanvi.golla183@example.com,,Active,1,2025-08-10 05:28:29,2025-08-14 03:18:29,Mobile App
935,Hemang Chaudhari,Personal,4340142506781254,HDFC0847627,Canara Bank,Savings,1221078132,,hemangchaudhari4571@okaxis,Active,1,2024-11-15 20:56:49,2024-11-21 05:29:49,Internet Banking
441,Robert Comar,Vendor,2481142529489492,KKBK0969240,Kotak Mahindra Bank,Savings,2659215775,robert.comar304@example.com,robertcomar9744@okicici,Active,1,2024-11-15 08:16:24,2024-11-17 05:15:24,Internet Banking
710,Nandini Sharaf,Home,8961482827275434,INDB0371462,Bank of Baroda,Savings,0317793161,nandini.sharaf480@example.com,nandinisharaf5620@okaxis,Active,1,2024-07-28 16:45:24,2024-08-02 22:20:24,Mobile App
234,Pavani Hari,,3691205292365542,IDFB0638263,Union Bank of India,Savings,8695560394,pavani.hari783@example.com,pavanihari8873@paytm,Active,1,2024-05-14 03:04:38,2024-05-19 20:59:38,Mobile App
124,Agastya Madan,Sister,332912616282869,BARB0615031,HDFC Bank,Savings,2677973738,agastya.madan379@example.com,agastyamadan2569@okaxis,Active,1,2025-05-24 16:03:53,2025-05-31 08:32:53,Mobile App
119,Bhavini Sarna,Brother,36400061152593,KKBK0237792,IDFC First Bank,Savings,5850236452,bhavini.sarna619@example.com,bhavinisarna6588@oksbi,Active,1,2026-06-07 03:59:34,2026-06-10 22:42:34,Branch
308,Chaman Bail,Personal,6481843408311849,CNRB0140576,Axis Bank,Savings,1866822459,chaman.bail359@example.com,,Active,1,2026-03-28 22:25:27,2026-04-01 03:48:27,Internet Banking
674,Mohini Comar,Vendor,5921185655932365,INDB0896603,Union Bank of India,Savings,9871043073,mohini.comar354@example.com,mohinicomar6821@oksbi,Active,1,2026-02-16 03:22:41,2026-02-20 05:12:41,Mobile App
392,Jhalak Bhatia,Mom,5795338039869485,BARB0894696,Punjab National Bank,Savings,4750367929,jhalak.bhatia321@example.com,jhalakbhatia5087@oksbi,Active,1,2025-07-06 03:30:53,2025-07-06 17:38:53,Mobile App
554,Bina Pant,Office,1702658314772916,YESB0006318,Canara Bank,Savings,2795260845,bina.pant757@example.com,binapant3963@oksbi,Active,1,2026-01-30 06:32:07,2026-02-03 04:04:07,Internet Banking
893,Damini Sanghvi,Vendor,7202598280633716,UBIN0518627,Yes Bank,Savings,6098028648,,daminisanghvi3360@okaxis,Active,1,2026-05-24 20:07:00,2026-05-25 07:57:00,Branch
175,Anmol Sehgal,Sister,2028810418930,ICIC0789925,Yes Bank,Current,3683617463,anmol.sehgal999@example.com,anmolsehgal2449@okhdfcbank,Active,1,2025-03-02 20:38:35,2025-03-07 22:41:35,Internet Banking
937,Ira Khanna,Home,6703354272870055,KKBK0781786,Yes Bank,Savings,6025482537,ira.khanna168@example.com,,Active,1,2025-02-18 21:14:42,2025-02-19 04:45:42,Mobile App
887,Bina Chadha,Personal,1420241694738574,BARB0903309,Yes Bank,Savings,3801644967,bina.chadha938@example.com,,Active,1,2026-04-22 13:47:50,2026-04-29 09:49:50,Mobile App
498,Elijah Upadhyay,Dad,5578809840515121,UTIB0530719,IDFC First Bank,Savings,7118687545,elijah.upadhyay809@example.com,elijahupadhyay5228@paytm,Active,1,2025-09-27 19:51:35,2025-10-02 15:41:35,Mobile App
614,Noah Jha,Personal,1915608997414905,PUNB0522902,IDFC First Bank,Savings,6352403506,,noahjha1725@okicici,Active,1,2026-06-27 23:46:58,2026-07-01 07:11:58,Branch
485,Yamini Oommen,Friend,7203249887121205,YESB0936279,HDFC Bank,Savings,3363938165,yamini.oommen109@example.com,yaminioommen7309@ybl,Active,1,2025-09-07 16:50:41,2025-09-11 16:59:41,Mobile App
392,Tanmayi Comar,Mom,352032439588133,HDFC0861702,IndusInd Bank,Savings,9698063147,tanmayi.comar127@example.com,tanmayicomar9765@ybl,Active,1,2024-01-19 20:56:54,2024-01-20 18:53:54,Mobile App
362,Andrew Lalla,,2376272372071965,UTIB0111546,IndusInd Bank,Savings,4808368579,,andrewlalla472@paytm,Active,0,2025-05-22 18:55:52,,Mobile App
397,Pushti Pandey,Vendor,1832257900532760,UBIN0302234,Kotak Mahindra Bank,Savings,,pushti.pandey730@example.com,pushtipandey1912@ybl,Active,1,2025-08-17 23:38:22,2025-08-24 14:19:22,Internet Banking
303,Jack Korpal,,6967788778212174,IDFB0444730,Axis Bank,Savings,4362314685,jack.korpal684@example.com,,Active,1,2024-04-11 05:16:57,2024-04-17 00:56:57,Mobile App
314,Alka Gola,,2571690503073011,ICIC0924651,HDFC Bank,Savings,3227263564,alka.gola257@example.com,alkagola4244@okhdfcbank,Active,0,2025-09-01 01:18:08,,Mobile App
988,Abhimanyu Ahluwalia,,5363699470463006,ICIC0299460,ICICI Bank,Current,9788042926,abhimanyu.ahluwalia69@example.com,,Active,1,2025-08-29 16:15:33,2025-08-30 12:04:33,Internet Banking
992,Upkaar Patil,Sister,9723491181758371,INDB0243544,Kotak Mahindra Bank,Savings,9958185540,upkaar.patil665@example.com,upkaarpatil4827@ybl,Active,1,2025-10-13 01:43:07,2025-10-19 11:32:07,Mobile App
962,Ladli Sridhar,Dad,4291891372838176,SBIN0076518,Axis Bank,Savings,9667896613,ladli.sridhar290@example.com,ladlisridhar4544@paytm,Active,1,2025-11-22 00:23:26,2025-11-22 05:42:26,Mobile App
810,Naksh Bhalla,,6846426649908254,PUNB0206063,ICICI Bank,Current,6767922966,,,Active,1,2025-02-01 06:23:13,2025-02-02 06:37:13,Mobile App
981,Frado Dave,,7036538208772846,INDB0799697,IndusInd Bank,Savings,7039415860,frado.dave796@example.com,,Active,1,2024-08-09 15:40:24,2024-08-14 15:50:24,Internet Banking
874,Jagrati Yadav,,4288375180618782,YESB0097585,HDFC Bank,Savings,3642449133,jagrati.yadav85@example.com,,Inactive,1,2024-02-11 13:05:42,2024-02-12 06:07:42,Mobile App
51,Arjun Purohit,,2599292231078326,UTIB0904349,Canara Bank,Savings,3675686746,,arjunpurohit9374@paytm,Active,1,2025-03-09 02:45:07,2025-03-10 05:38:07,Mobile App
373,Charvi Sachdev,Mom,2571843225839620,INDB0961788,Bank of Baroda,Savings,5871913346,charvi.sachdev880@example.com,,Inactive,1,2024-03-07 01:10:04,2024-03-08 15:11:04,Mobile App
830,Faras Kibe,Friend,4567068057058510,YESB0789724,State Bank of India,Savings,8914439596,faras.kibe848@example.com,faraskibe6337@okicici,Active,1,2025-08-19 14:53:20,2025-08-21 17:18:20,Mobile App
304,Leena Borra,,2731735935425078,ICIC0186486,Bank of Baroda,Current,7255257441,leena.borra254@example.com,leenaborra6953@okicici,Active,1,2024-10-02 03:57:45,2024-10-04 16:40:45,Internet Banking
899,Watika Parmer,Home,3944600845161468,INDB0860181,Bank of Baroda,Savings,6790468012,watika.parmer606@example.com,watikaparmer8583@okicici,Active,1,2026-03-18 08:05:06,2026-03-24 20:11:06,Mobile App
319,Aadhya Rajagopalan,Office,3915732219019986,IDFB0547961,State Bank of India,Savings,5503394471,aadhya.rajagopalan278@example.com,aadhyarajagopalan7416@okhdfcbank,Active,1,2025-01-19 07:46:53,2025-01-22 12:19:53,Internet Banking
599,Megha Ramachandran,Office,8445323499748730,ICIC0993640,Punjab National Bank,Savings,1275568716,megha.ramachandran532@example.com,,Active,1,2024-10-12 08:36:05,2024-10-15 11:20:05,Internet Banking
491,Tanveer Bora,Mom,6715684785972604,INDB0489003,Union Bank of India,Current,9849988803,tanveer.bora224@example.com,,Inactive,1,2025-05-12 22:18:36,2025-05-19 03:48:36,Internet Banking
14,Bimala Dutt,Friend,7406298986663513,INDB0742257,Union Bank of India,Current,6793644120,bimala.dutt716@example.com,bimaladutt8277@okaxis,Active,1,2024-06-22 00:14:57,2024-06-22 04:25:57,Internet Banking
773,Ekansh Nagy,Mom,984058828667340,KKBK0669443,Union Bank of India,Savings,4396357193,ekansh.nagy559@example.com,,Active,1,2024-07-21 20:11:09,2024-07-24 04:32:09,Internet Banking
944,Yamini Das,Friend,9548298561519561,ICIC0503239,Canara Bank,Savings,5978711636,,,Active,1,2024-08-21 21:08:25,2024-08-22 09:04:25,Mobile App
832,Faras Dubey,Office,6410535730634880,BARB0739531,Bank of Baroda,Savings,1748471476,faras.dubey536@example.com,farasdubey8445@paytm,Active,1,2025-09-29 16:05:30,2025-10-04 16:30:30,Mobile App
224,Amaira Lad,Personal,2385069784049784,YESB0467861,Canara Bank,Savings,2157030855,,amairalad8569@paytm,Active,1,2026-06-30 13:08:30,2026-07-02 19:11:30,Mobile App
912,Raksha Tella,Business,2772726996371919,IDFB0044827,IDFC First Bank,Savings,0227007697,raksha.tella66@example.com,rakshatella3635@okicici,Active,0,2026-06-19 00:43:32,,Mobile App
682,Januja Divan,,1867798660021585,CNRB0973872,Axis Bank,Savings,1394802942,januja.divan599@example.com,janujadivan2960@okhdfcbank,Active,1,2024-02-23 07:26:50,2024-02-26 06:16:50,Mobile App
36,Wakeeta Srinivas,Personal,9374080005951760,UBIN0918831,IndusInd Bank,Current,8382501901,wakeeta.srinivas526@example.com,wakeetasrinivas5582@okaxis,Active,0,2026-07-25 18:53:21,,Mobile App
800,Ekbal Sani,Business,3788493151052367,IDFB0221774,Axis Bank,Savings,8488326066,ekbal.sani500@example.com,ekbalsani204@okhdfcbank,Active,1,2025-04-10 11:38:44,2025-04-13 15:13:44,Mobile App
457,Darsh Balay,,2639900608712638,UBIN0121225,IDFC First Bank,Savings,3260058611,darsh.balay234@example.com,darshbalay6665@okaxis,Active,1,2024-01-27 15:56:35,2024-02-03 14:27:35,Mobile App
579,Advika Mall,Office,7101648659360766,KKBK0157787,Punjab National Bank,Savings,5205126000,advika.mall410@example.com,advikamall4075@okaxis,Active,1,2026-07-07 10:00:59,2026-07-09 17:44:59,Internet Banking
609,Bhavani Mahajan,Sister,8634142298352847,INDB0416696,Union Bank of India,Savings,3645405623,bhavani.mahajan346@example.com,,Active,1,2025-05-18 13:37:35,2025-05-19 04:30:35,Internet Banking
292,Chandran Ratta,Brother,7663969465213151,IDFB0921548,Yes Bank,Savings,,,chandranratta2826@paytm,Inactive,1,2026-04-21 09:18:46,2026-04-22 09:37:46,Mobile App
114,Kevin Mani,Brother,9216792272327689,IDFB0441960,IndusInd Bank,Savings,9761935198,,kevinmani8671@okaxis,Inactive,1,2025-02-08 13:59:12,2025-02-13 19:17:12,Mobile App
104,Rachita Maharaj,Business,1915477796060414,BARB0704347,HDFC Bank,Savings,7906779232,rachita.maharaj619@example.com,rachitamaharaj268@ybl,Inactive,1,2025-06-04 08:49:48,2025-06-09 07:36:48,Internet Banking
513,Dayita Thaker,,845617233952105,UTIB0958815,ICICI Bank,Savings,8553642045,dayita.thaker576@example.com,dayitathaker2662@paytm,Active,1,2025-10-18 00:04:50,2025-10-21 14:55:50,Internet Banking
419,Jason Contractor,,6203209149158501,ICIC0468550,Union Bank of India,Savings,0382917420,jason.contractor943@example.com,jasoncontractor449@paytm,Inactive,1,2025-12-02 20:55:51,2025-12-03 11:14:51,Mobile App
223,Siddharth Chanda,Home,7937595178444211,SBIN0983295,IndusInd Bank,Savings,,siddharth.chanda221@example.com,siddharthchanda4221@oksbi,Inactive,0,2025-07-10 08:57:10,,Mobile App
241,Vihaan Seth,,1356440983586581,INDB0328530,Bank of Baroda,Savings,3917411932,,vihaanseth4513@okicici,Blocked,1,2026-01-31 17:11:33,2026-02-03 21:13:33,Mobile App
709,Rajeshri Kapur,Business,1689876387313957,INDB0428747,IDFC First Bank,Savings,2307174910,rajeshri.kapur98@example.com,,Active,1,2026-04-30 11:45:20,2026-05-02 07:51:20,Mobile App
777,Amara Dey,Vendor,1526684106090487,INDB0085946,Yes Bank,Savings,7817558659,amara.dey367@example.com,,Active,1,2024-02-15 18:40:42,2024-02-16 10:04:42,Mobile App
669,Upkaar Agate,,9960797615832074,ICIC0584052,IDFC First Bank,Savings,1848632147,upkaar.agate280@example.com,upkaaragate4352@oksbi,Active,1,2024-06-07 01:32:21,2024-06-08 23:10:21,Mobile App
922,Ekantika Narayanan,,7229327287494865,INDB0890734,State Bank of India,Savings,9435735328,,ekantikanarayanan2951@oksbi,Active,1,2024-04-02 00:25:21,2024-04-07 10:06:21,Mobile App
24,Aarush Trivedi,,7185809217205944,SBIN0104620,Canara Bank,Savings,6016104140,aarush.trivedi224@example.com,aarushtrivedi2435@oksbi,Active,1,2026-05-09 03:07:13,2026-05-14 04:53:13,Internet Banking
954,Ekaja Gokhale,Personal,9738764337199597,CNRB0932012,HDFC Bank,Savings,5782259525,ekaja.gokhale734@example.com,,Active,1,2024-10-07 10:04:58,2024-10-11 10:03:58,Mobile App
314,Wahab Sachdev,,7558476605431969,IDFB0515372,Union Bank of India,Savings,9002797536,,wahabsachdev4045@okicici,Blocked,1,2026-04-22 16:21:48,2026-04-29 12:50:48,Mobile App
731,Ekapad Mukherjee,Friend,2216548169320419,IDFB0710251,Union Bank of India,Current,2006620760,ekapad.mukherjee928@example.com,,Inactive,1,2026-04-30 13:49:41,2026-05-04 20:46:41,Internet Banking
79,Yochana Vora,,751217241115486,KKBK0954922,Punjab National Bank,Savings,8603932711,yochana.vora905@example.com,yochanavora9380@okaxis,Active,1,2025-06-04 10:12:04,2025-06-07 23:55:04,Mobile App
963,Amruta Narang,Mom,7317168270371281,CNRB0991232,IndusInd Bank,Savings,6818620284,amruta.narang500@example.com,,Active,1,2025-12-03 20:43:30,2025-12-07 22:26:30,Branch
344,Mahika Yogi,,6243862334313826,CNRB0342204,Punjab National Bank,Savings,4298013827,mahika.yogi383@example.com,mahikayogi9214@oksbi,Active,1,2026-07-19 01:13:18,2026-07-22 02:05:18,Internet Banking
338,Hitesh Vala,,3931138709488720,INDB0082816,Yes Bank,Savings,4889878763,,hiteshvala8996@oksbi,Active,1,2026-04-26 04:13:14,2026-04-28 05:42:14,Mobile App
527,Oviya Wason,Vendor,8172284054912193,INDB0583637,Bank of Baroda,Savings,5194504179,oviya.wason269@example.com,,Active,0,2026-07-25 09:47:23,,Mobile App
908,Ucchal Kulkarni,Dad,3707641890643426,YESB0779018,Axis Bank,Savings,3008129962,ucchal.kulkarni995@example.com,ucchalkulkarni8794@oksbi,Active,1,2025-06-14 02:58:05,2025-06-17 02:43:05,Internet Banking
915,Bahadurjit Sem,Brother,5324059113934977,UBIN0381605,Punjab National Bank,Current,4126571923,,bahadurjitsem3993@oksbi,Active,1,2024-05-03 13:12:14,2024-05-06 22:53:14,Internet Banking
552,Oscar Kata,Vendor,7735735213076342,INDB0116395,Canara Bank,Savings,0088653666,oscar.kata768@example.com,oscarkata4806@oksbi,Inactive,0,2024-11-05 09:07:25,,Mobile App
494,Hema Warrior,Brother,2478474670806115,KKBK0770186,State Bank of India,Savings,5387884257,hema.warrior893@example.com,hemawarrior5006@okaxis,Active,1,2026-07-22 06:29:24,2026-07-25 16:25:24,Mobile App
411,Fiyaz Walla,Brother,268258957548311,BARB0010464,HDFC Bank,Savings,6497953764,fiyaz.walla405@example.com,fiyazwalla4964@oksbi,Active,0,2026-01-18 16:50:37,,Mobile App
851,Tanveer Badami,Office,5780127689873684,ICIC0980034,IndusInd Bank,Savings,4738257475,,tanveerbadami2288@paytm,Active,1,2025-04-29 13:15:00,2025-05-02 01:34:00,Mobile App
627,Patrick Bhargava,Home,7027525759920759,PUNB0676779,IDFC First Bank,Current,0287172339,,patrickbhargava9459@paytm,Active,1,2025-08-31 23:33:53,2025-09-03 08:48:53,Mobile App
168,Dev Bath,Friend,3144019010989156,CNRB0020571,IDFC First Bank,Savings,2542213923,,devbath4466@okaxis,Inactive,1,2025-08-07 22:40:14,2025-08-09 14:34:14,Internet Banking
36,Sanaya Ratti,,3774209927690459,BARB0202472,IndusInd Bank,Savings,6404254514,sanaya.ratti85@example.com,sanayaratti53@okhdfcbank,Active,1,2024-08-13 14:07:15,2024-08-19 14:41:15,Mobile App
274,Siya Mukherjee,Office,574327578432677,ICIC0398789,HDFC Bank,Savings,4721886779,,siyamukherjee2995@okicici,Active,1,2025-08-24 09:58:45,2025-08-29 13:19:45,Mobile App
852,Hredhaan Ramakrishnan,,7069977591471874,SBIN0795110,Axis Bank,Savings,7445369384,hredhaan.ramakrishnan743@example.com,hredhaanramakrishnan723@paytm,Active,1,2025-06-28 13:14:45,2025-06-30 18:23:45,Mobile App
795,Advika Cherian,,8802979177130924,KKBK0390299,Punjab National Bank,Savings,4295414698,advika.cherian682@example.com,advikacherian8726@okhdfcbank,Active,1,2025-11-15 04:35:54,2025-11-20 20:07:54,Internet Banking
512,Tejas Narain,Brother,1709003289294631,ICIC0899745,Yes Bank,Savings,1795646485,tejas.narain435@example.com,,Active,1,2026-04-10 17:24:24,2026-04-14 15:30:24,Mobile App
716,Max Anne,Friend,1579506328729144,SBIN0789203,Yes Bank,Savings,2566882111,,,Active,1,2025-01-14 14:57:02,2025-01-17 03:51:02,Mobile App
292,Omya Swamy,Vendor,3004677931479571,PUNB0342654,HDFC Bank,Savings,2476875176,omya.swamy478@example.com,omyaswamy2702@okicici,Active,1,2026-06-27 09:08:03,2026-06-29 02:22:03,Internet Banking
811,Eesha Mukhopadhyay,,2233309468181842,IDFB0913948,Punjab National Bank,Savings,7399954870,eesha.mukhopadhyay229@example.com,eeshamukhopadhyay7032@okhdfcbank,Active,1,2026-06-03 07:20:31,2026-06-08 13:05:31,Mobile App
297,Lekha Kale,,1538161311746462,BARB0798424,Union Bank of India,Savings,0562336335,lekha.kale629@example.com,lekhakale252@okhdfcbank,Active,0,2026-05-17 09:38:17,,Internet Banking
300,Timothy Acharya,,8942117197326729,ICIC0564529,Punjab National Bank,Savings,0733000171,timothy.acharya801@example.com,timothyacharya1771@paytm,Inactive,0,2024-03-25 20:34:23,,Branch
11,Jeremiah Chaudhuri,Home,4831899039474276,KKBK0097359,Kotak Mahindra Bank,Savings,5664657075,jeremiah.chaudhuri267@example.com,jeremiahchaudhuri3366@oksbi,Active,0,2026-05-11 22:48:27,,Mobile App
508,Ishani Chaudry,,8210250284639674,PUNB0445814,Bank of Baroda,Current,3028093002,ishani.chaudry630@example.com,,Active,1,2024-06-03 04:32:40,2024-06-08 21:38:40,Mobile App
928,Tanveer Dara,Vendor,3200607148648471,IDFB0177208,ICICI Bank,Current,3875125565,tanveer.dara996@example.com,,Inactive,1,2025-08-22 22:40:27,2025-08-27 21:29:27,Internet Banking
108,Falan Raval,,5741317890332566,BARB0499263,Axis Bank,Savings,1790523385,,falanraval1228@ybl,Active,1,2026-04-11 19:25:04,2026-04-14 12:55:04,Internet Banking
625,Leena Rao,Business,8556034829087497,IDFB0665285,Kotak Mahindra Bank,Savings,4199038001,,leenarao6949@okaxis,Active,1,2025-11-19 22:07:45,2025-11-21 13:10:45,Mobile App
940,Ikshita Doctor,,4792240208861129,UTIB0021045,Union Bank of India,Savings,5726215430,ikshita.doctor434@example.com,ikshitadoctor3479@ybl,Inactive,0,2025-11-21 02:10:40,,Internet Banking
936,Daksh Gaba,,288504861957489,KKBK0852391,Union Bank of India,Savings,5157593029,daksh.gaba131@example.com,dakshgaba8006@oksbi,Active,1,2026-05-11 00:08:45,2026-05-16 12:07:45,Mobile App
233,Amara Bahri,Office,6315856008547656,ICIC0101277,Union Bank of India,Current,8557603953,,amarabahri542@paytm,Active,1,2024-02-23 09:45:37,2024-02-28 23:46:37,Mobile App
849,Abha Gera,Home,1592503027160432,KKBK0564629,Punjab National Bank,Savings,9674597968,,abhagera2879@ybl,Blocked,1,2025-04-29 15:42:23,2025-05-03 08:14:23,Internet Banking
189,Viraj D’Alia,Friend,3466894492794009,SBIN0652226,Canara Bank,Savings,2647827275,,,Active,1,2025-01-25 00:59:14,2025-01-27 06:05:14,Mobile App
898,Neha Tripathi,,5991468389198321,IDFB0096975,Union Bank of India,Savings,2308004636,neha.tripathi929@example.com,nehatripathi3330@okhdfcbank,Active,1,2026-01-28 10:58:55,2026-02-01 16:16:55,Mobile App
160,Raagini Choudhury,Vendor,2614173999972802,SBIN0681352,Kotak Mahindra Bank,Savings,0674305077,,raaginichoudhury5102@ybl,Inactive,0,2026-07-18 10:57:04,,Internet Banking
546,Rachana Aggarwal,Office,8718903096105099,BARB0903986,Kotak Mahindra Bank,Savings,3100765618,,rachanaaggarwal9497@ybl,Active,1,2026-05-19 10:56:44,2026-05-21 12:43:44,Mobile App
724,Advaith Kumer,Office,9090640905146669,SBIN0000594,Canara Bank,Savings,6409694903,advaith.kumer440@example.com,,Active,0,2025-01-11 15:40:34,,Mobile App
56,Imaran Wable,,3577748763930071,KKBK0291863,IndusInd Bank,Savings,4190822397,imaran.wable87@example.com,imaranwable4495@ybl,Active,1,2025-05-12 23:55:31,2025-05-13 05:45:31,Internet Banking
685,Mekhala Issac,Dad,3867079755505024,KKBK0464792,Union Bank of India,Current,7705822199,mekhala.issac688@example.com,,Active,1,2024-08-17 01:23:21,2024-08-23 09:17:21,Internet Banking
226,Karan Arya,,6679080160485037,KKBK0899161,IndusInd Bank,Current,5255850040,karan.arya357@example.com,karanarya4380@oksbi,Active,1,2025-02-04 15:27:12,2025-02-07 19:53:12,Internet Banking
38,Karan Aurora,Dad,9196523155399238,HDFC0185774,IDFC First Bank,Savings,7180793083,karan.aurora223@example.com,karanaurora8863@okaxis,Active,1,2025-07-15 07:44:51,2025-07-15 20:20:51,Internet Banking
797,Kai Mall,Mom,4901572927178236,YESB0109419,Canara Bank,Savings,3652013732,kai.mall422@example.com,kaimall2460@ybl,Active,1,2026-03-19 13:30:19,2026-03-25 01:18:19,Internet Banking
547,Warda Tata,Dad,6919749764963243,PUNB0954527,IDFC First Bank,Savings,5421816262,warda.tata29@example.com,wardatata8273@oksbi,Active,1,2024-07-27 15:18:49,2024-07-29 19:01:49,Mobile App
244,Neha Pandit,Mom,8632065615872427,INDB0027244,Yes Bank,Savings,,neha.pandit623@example.com,nehapandit779@ybl,Active,1,2025-08-07 04:19:43,2025-08-12 17:02:43,Internet Banking
329,Pahal Baria,Dad,2322039705095233,CNRB0229869,IDFC First Bank,Savings,4860715899,pahal.baria334@example.com,pahalbaria1227@okaxis,Active,0,2026-01-28 16:26:34,,Mobile App
386,Ayushman Sastry,,1905440411372939,INDB0867533,Axis Bank,Savings,7863185639,,,Active,1,2024-03-04 16:14:05,2024-03-08 12:49:05,Internet Banking
775,Jeremiah Pai,Vendor,8220010771441564,KKBK0470608,Bank of Baroda,Savings,0031311702,jeremiah.pai158@example.com,jeremiahpai7760@paytm,Inactive,1,2026-05-06 02:42:14,2026-05-09 05:06:14,Mobile App
755,Adya Ramanathan,Home,5357222847658673,UBIN0185663,Canara Bank,Savings,1366282539,adya.ramanathan955@example.com,adyaramanathan2682@okhdfcbank,Active,1,2024-05-20 20:16:50,2024-05-24 19:51:50,Mobile App
161,Chanakya Ramakrishnan,Mom,3953242248209584,UTIB0144640,State Bank of India,Current,1161075484,chanakya.ramakrishnan613@example.com,,Active,1,2024-04-15 22:41:10,2024-04-22 07:40:10,Mobile App
498,Raagini Agate,Business,1206995470288120,YESB0474109,Axis Bank,Savings,2036197195,,,Active,1,2025-05-14 23:52:25,2025-05-16 20:20:25,Internet Banking
666,Siddharth Chana,Friend,4010390570229599,HDFC0537039,Yes Bank,Savings,3371580287,siddharth.chana379@example.com,siddharthchana5767@paytm,Active,1,2024-01-24 06:28:47,2024-01-30 12:45:47,Internet Banking
360,Ekta Srinivasan,Office,4362633400284930,PUNB0226043,State Bank of India,Savings,,ekta.srinivasan465@example.com,,Inactive,0,2026-06-01 14:06:13,,Mobile App
482,Prisha Wagle,,8516831615501776,UBIN0125208,Canara Bank,Savings,7115818028,prisha.wagle792@example.com,prishawagle2695@okhdfcbank,Inactive,1,2024-08-03 15:17:25,2024-08-04 16:43:25,Internet Banking
632,Aishani Sura,,5269034410221086,IDFB0676314,Canara Bank,Current,4680275028,aishani.sura298@example.com,aishanisura353@okhdfcbank,Active,1,2025-09-10 13:18:04,2025-09-11 18:30:04,Mobile App
355,Chandani Salvi,Home,1249468155917015,CNRB0526559,HDFC Bank,Current,1611602559,chandani.salvi642@example.com,,Active,1,2024-04-12 00:41:14,2024-04-12 11:54:14,Branch
187,Kamya Contractor,,2394087570793235,HDFC0949076,Punjab National Bank,Savings,9642983205,kamya.contractor167@example.com,kamyacontractor5320@oksbi,Active,1,2024-02-14 12:25:14,2024-02-17 08:31:14,Internet Banking
809,Krisha Konda,Brother,4196757432941624,BARB0006018,ICICI Bank,Savings,3687662494,krisha.konda598@example.com,krishakonda2900@okicici,Active,0,2024-10-01 16:59:44,,Branch
457,Frado Kar,Brother,8998793423566408,INDB0773019,ICICI Bank,Savings,5405654548,frado.kar215@example.com,fradokar4186@okhdfcbank,Blocked,1,2024-10-28 13:50:30,2024-11-04 10:51:30,Mobile App
943,Anirudh Ghose,Office,1656019125179124,INDB0303351,Union Bank of India,Savings,3084683417,anirudh.ghose346@example.com,,Active,0,2026-07-25 08:14:10,,Internet Banking
644,Krish Sekhon,Brother,5457726845773996,UTIB0695014,Punjab National Bank,Savings,,krish.sekhon966@example.com,krishsekhon628@paytm,Active,1,2024-01-12 14:07:08,2024-01-17 12:17:08,Mobile App
847,Upma Sura,Personal,4800677635958383,HDFC0125448,IndusInd Bank,Savings,,upma.sura626@example.com,upmasura9311@ybl,Active,1,2026-01-23 16:47:41,2026-01-28 07:49:41,Internet Banking
937,Radha Hegde,Personal,9767178693172074,IDFB0861985,HDFC Bank,Savings,8334907022,radha.hegde306@example.com,radhahegde5544@oksbi,Active,1,2025-04-23 04:10:32,2025-04-28 08:19:32,Mobile App
746,Saksham Bajaj,Vendor,7906332905874504,CNRB0636253,IndusInd Bank,Current,0898809982,saksham.bajaj876@example.com,,Active,1,2024-12-16 03:51:42,2024-12-20 05:06:42,Internet Banking
324,Aryan Kapadia,Office,6435614386855548,KKBK0133438,State Bank of India,Savings,0470937770,aryan.kapadia202@example.com,,Active,1,2026-03-17 06:29:32,2026-03-18 18:50:32,Internet Banking
449,Abha Sawhney,,8344346906200238,ICIC0222232,Kotak Mahindra Bank,Savings,0814131469,abha.sawhney305@example.com,abhasawhney238@okicici,Active,1,2025-10-31 18:59:43,2025-11-03 06:42:43,Internet Banking
575,Gabriel Mall,Personal,18777178540620,PUNB0107458,State Bank of India,Savings,0845836843,,gabrielmall2851@okicici,Active,1,2025-02-12 02:38:03,2025-02-16 22:32:03,Mobile App
649,Raghav Kala,Mom,6393223603773581,BARB0556080,HDFC Bank,Savings,3918542673,raghav.kala596@example.com,,Active,1,2025-01-06 03:44:16,2025-01-07 05:48:16,Mobile App
431,Charvi Wason,Business,1071268343896693,UTIB0035616,Union Bank of India,Savings,1749143799,charvi.wason745@example.com,charviwason9711@okhdfcbank,Active,0,2024-08-10 03:57:46,,Internet Banking
219,Wazir Bhatti,Mom,2477815872397623,PUNB0260360,IDFC First Bank,Savings,6245876112,,wazirbhatti7356@okaxis,Blocked,1,2025-02-04 15:28:30,2025-02-06 04:53:30,Internet Banking
156,Girindra Magar,Brother,4050683693926781,PUNB0916791,IndusInd Bank,Savings,0740343708,girindra.magar230@example.com,girindramagar9904@oksbi,Active,1,2025-09-18 11:53:44,2025-09-22 01:27:44,Internet Banking
659,Dominic Iyengar,Business,9277718932070347,SBIN0137742,Axis Bank,Current,0235320708,dominic.iyengar914@example.com,,Active,1,2024-02-19 02:15:55,2024-02-21 09:34:55,Branch
473,Chakradev Dara,Mom,6761505801014027,ICIC0365567,Bank of Baroda,Savings,4158991346,chakradev.dara407@example.com,chakradevdara6699@ybl,Active,0,2024-03-13 22:53:37,,Mobile App
340,Mugdha Rege,Brother,2006453135217668,PUNB0610579,Yes Bank,Savings,2481850279,mugdha.rege159@example.com,mugdharege4336@okaxis,Active,0,2024-05-18 14:49:12,,Mobile App
749,Warda Kakar,,161006052738765,ICIC0687274,IndusInd Bank,Savings,3877971056,warda.kakar97@example.com,wardakakar6929@okaxis,Active,0,2025-07-07 07:44:21,,Internet Banking
560,Waida Contractor,,1274688843009289,PUNB0121400,HDFC Bank,Savings,7684718756,waida.contractor418@example.com,waidacontractor5865@paytm,Blocked,1,2024-05-10 12:36:58,2024-05-15 06:08:58,Internet Banking
699,Aarnav Talwar,Home,5955890008494356,HDFC0668292,Union Bank of India,Savings,7273170639,,,Active,1,2024-02-04 19:16:04,2024-02-05 01:40:04,Internet Banking
468,Ishani Hari,,3693364690513671,HDFC0250223,Union Bank of India,Current,4894395804,ishani.hari262@example.com,ishanihari4149@oksbi,Active,0,2025-03-05 13:44:46,,Mobile App
970,Anita Jayaraman,Home,5119552128154109,IDFB0100871,Canara Bank,Savings,2407540403,anita.jayaraman776@example.com,anitajayaraman7459@okaxis,Active,1,2025-12-17 19:38:49,2025-12-19 05:04:49,Mobile App
700,Wishi Divan,Brother,3394387015848249,YESB0453352,State Bank of India,Savings,2785615524,wishi.divan863@example.com,,Active,1,2024-02-18 21:08:56,2024-02-22 17:31:56,Mobile App
386,Vedika Pau,Friend,4394890972379772,INDB0947964,HDFC Bank,Savings,9562016348,vedika.pau337@example.com,vedikapau9564@okicici,Active,1,2024-03-01 18:34:59,2024-03-06 03:41:59,Mobile App
337,Urmi Gandhi,Personal,8879640447113203,IDFB0625483,Kotak Mahindra Bank,Savings,6001339072,urmi.gandhi460@example.com,urmigandhi7974@oksbi,Inactive,1,2025-03-08 15:26:29,2025-03-14 19:32:29,Internet Banking
424,Advaith Behl,Home,4035459981223393,SBIN0086596,Bank of Baroda,Savings,1475206708,,,Active,1,2024-08-20 04:54:40,2024-08-21 00:05:40,Internet Banking
835,Hardik Soman,,6281101310263668,IDFB0758530,Axis Bank,Savings,4704590927,hardik.soman86@example.com,hardiksoman3397@oksbi,Active,1,2024-07-16 22:27:36,2024-07-19 12:15:36,Internet Banking
700,Zehaan Dua,Home,8609153545357790,HDFC0424511,HDFC Bank,Savings,,zehaan.dua957@example.com,,Active,1,2026-08-17 20:02:04,2026-08-17 23:59:59,Internet Banking
824,Ayaan Bal,Business,1073728040320163,UTIB0380863,ICICI Bank,Savings,2139365082,ayaan.bal700@example.com,ayaanbal3514@okaxis,Inactive,1,2026-02-03 14:02:59,2026-02-05 20:09:59,Mobile App
222,Bakhshi Bhandari,Friend,4908302531021963,UBIN0782604,Canara Bank,Savings,5461917086,bakhshi.bhandari539@example.com,bakhshibhandari1168@oksbi,Active,1,2024-05-24 15:41:07,2024-05-26 04:47:07,Internet Banking
440,Yasti Mitter,Business,1963033198249182,HDFC0629255,IDFC First Bank,Current,,yasti.mitter921@example.com,yastimitter5671@paytm,Inactive,0,2025-11-01 11:48:40,,Mobile App
617,Yatin Dasgupta,,6530452144429018,UTIB0630795,Yes Bank,Savings,1255154892,yatin.dasgupta930@example.com,yatindasgupta6229@okaxis,Active,0,2026-03-07 16:00:17,,Mobile App
775,Samaksh Comar,Sister,1565447526878817,CNRB0577653,Punjab National Bank,Current,,samaksh.comar487@example.com,,Active,1,2026-05-06 12:27:43,2026-05-06 13:03:43,Mobile App
788,Bahadurjit Vala,,3585183617097584,KKBK0004518,ICICI Bank,Savings,2788001833,bahadurjit.vala577@example.com,bahadurjitvala2073@oksbi,Active,0,2026-07-10 12:45:52,,Internet Banking
291,Onkar Sur,Dad,6360284657524283,HDFC0294296,Axis Bank,Savings,,onkar.sur685@example.com,onkarsur1940@oksbi,Active,1,2024-12-23 22:54:25,2024-12-29 14:49:25,Internet Banking
588,Bhavya Krishnamurthy,,4181116662948960,ICIC0291159,HDFC Bank,Savings,6760641105,bhavya.krishnamurthy411@example.com,bhavyakrishnamurthy5106@paytm,Inactive,0,2026-01-07 10:00:49,,Mobile App
3,Raghav Bala,Dad,2851099390943767,YESB0346663,Bank of Baroda,Savings,4952131138,raghav.bala421@example.com,,Active,1,2025-06-29 01:14:16,2025-07-03 22:14:16,Internet Banking
325,Urvi Varghese,Brother,3716223997371977,HDFC0136053,Punjab National Bank,Savings,0402457004,,,Active,1,2026-04-26 11:28:14,2026-04-28 17:46:14,Internet Banking
386,Chaman Rajagopalan,,4045749378610497,CNRB0277002,Bank of Baroda,Savings,1334065010,chaman.rajagopalan161@example.com,,Active,1,2024-02-06 08:19:12,2024-02-11 00:54:12,Internet Banking
75,Sara Mann,Vendor,5166033330977504,PUNB0771654,ICICI Bank,Savings,8532859730,sara.mann172@example.com,saramann4380@paytm,Active,1,2025-06-12 15:42:34,2025-06-15 19:21:34,Mobile App
327,Rajeshri Rama,Friend,9157179539281107,UBIN0137362,HDFC Bank,Current,8523696265,rajeshri.rama76@example.com,,Active,1,2025-10-08 14:52:29,2025-10-14 14:44:29,Mobile App
483,Amrita Sama,Sister,7121657002863820,IDFB0941508,Punjab National Bank,Savings,5608116720,,amritasama8690@paytm,Inactive,1,2024-05-25 15:30:27,2024-05-31 00:45:27,Mobile App
136,Wishi Gupta,Vendor,148227509449628,SBIN0460706,Punjab National Bank,Savings,5917472028,wishi.gupta722@example.com,,Active,1,2025-09-24 20:04:05,2025-09-27 18:42:05,Internet Banking
640,Bhavya Sachdeva,,640484921133629,PUNB0183626,Canara Bank,Current,6331602330,bhavya.sachdeva873@example.com,bhavyasachdeva1727@ybl,Active,1,2024-05-02 04:32:10,2024-05-02 21:30:10,Mobile App
771,Chandani Gill,Office,3853149517880664,HDFC0389055,Axis Bank,Savings,4948738615,chandani.gill95@example.com,,Active,1,2024-12-02 04:12:40,2024-12-07 16:36:40,Mobile App
620,Baghyawati Ramaswamy,Friend,1512569271072894,CNRB0128161,IndusInd Bank,Savings,1316726268,baghyawati.ramaswamy497@example.com,,Active,1,2025-07-03 20:21:48,2025-07-06 06:46:48,Internet Banking
14,Mahika Edwin,,1551077265351648,INDB0422611,IDFC First Bank,Savings,3659052627,mahika.edwin478@example.com,mahikaedwin1426@paytm,Active,1,2024-08-08 13:05:21,2024-08-11 19:40:21,Internet Banking
227,Caleb Hari,Mom,2320945121264739,HDFC0207512,Axis Bank,Savings,8036473868,caleb.hari739@example.com,,Active,1,2025-05-03 14:34:07,2025-05-07 15:49:07,Branch
969,Yashoda Vala,,2140326511407559,PUNB0064824,HDFC Bank,Savings,,yashoda.vala696@example.com,yashodavala2997@ybl,Active,1,2025-10-24 21:44:50,2025-10-30 18:04:50,Internet Banking
395,Dayamai Dixit,Friend,5498552437551444,KKBK0441880,IDFC First Bank,Savings,5220686944,dayamai.dixit262@example.com,,Inactive,0,2024-12-31 10:20:38,,Internet Banking
389,Nicholas Pall,Mom,3356993642652337,BARB0701909,Yes Bank,Savings,2598006923,,nicholaspall6548@okaxis,Active,1,2024-02-29 10:21:32,2024-03-01 17:42:32,Branch
962,Qasim Bala,Friend,8282702366943216,UBIN0347092,Yes Bank,Savings,,qasim.bala866@example.com,qasimbala6434@okaxis,Active,1,2025-12-12 21:31:33,2025-12-14 21:34:33,Internet Banking
386,Noah Bakshi,,2159200422196152,IDFB0430940,Bank of Baroda,Savings,5494126030,noah.bakshi843@example.com,noahbakshi9141@paytm,Active,1,2025-03-05 20:28:45,2025-03-08 14:49:45,Mobile App
4,Elijah Shroff,,1467303381052244,BARB0868774,Axis Bank,Savings,0484919366,,elijahshroff9248@okhdfcbank,Active,1,2026-03-29 08:04:57,2026-03-31 14:26:57,Branch
7,Elijah Nayak,,8267708622634525,BARB0277900,Canara Bank,Current,3338875541,elijah.nayak954@example.com,,Active,1,2025-07-06 19:49:46,2025-07-11 03:06:46,Mobile App
80,Sneha Gopal,,5420849752443276,INDB0929305,IDFC First Bank,Current,8431916925,sneha.gopal744@example.com,snehagopal4685@okicici,Active,1,2025-12-18 15:42:41,2025-12-24 20:00:41,Internet Banking
979,Rajata Nigam,Mom,4214573647263634,INDB0649810,IDFC First Bank,Current,6358667981,rajata.nigam961@example.com,rajatanigam2161@okicici,Active,1,2024-02-09 09:35:05,2024-02-16 01:03:05,Internet Banking
821,Indira Basak,Brother,9135562670353936,PUNB0021564,HDFC Bank,Savings,4687087414,indira.basak186@example.com,,Active,0,2024-02-01 02:53:33,,Branch
51,Bhavna Sastry,Home,5520482293858435,SBIN0653087,State Bank of India,Current,8380126729,bhavna.sastry108@example.com,bhavnasastry8730@okaxis,Active,1,2024-10-07 11:32:06,2024-10-08 16:45:06,Mobile App
667,Bhavani Pau,Home,673078795064358,HDFC0823548,Axis Bank,Savings,8771142520,bhavani.pau564@example.com,bhavanipau907@oksbi,Active,1,2025-05-13 08:45:47,2025-05-17 12:57:47,Internet Banking
384,Yashawini Keer,Brother,6233204342410399,UBIN0364570,Canara Bank,Savings,,yashawini.keer934@example.com,yashawinikeer4710@okicici,Active,1,2024-09-30 05:23:26,2024-10-04 10:11:26,Internet Banking
526,Quincy Nigam,Friend,6871329209295707,HDFC0204837,Union Bank of India,Savings,2773238119,quincy.nigam81@example.com,quincynigam5548@ybl,Active,1,2025-04-18 15:10:08,2025-04-23 08:49:08,Mobile App
515,Sathvik Saraf,Brother,2423801597895843,HDFC0392622,Bank of Baroda,Current,3930356110,sathvik.saraf427@example.com,,Active,0,2026-06-29 14:17:48,,Mobile App
429,Idika Yogi,Dad,625208846758423,SBIN0755533,ICICI Bank,Savings,9309219971,idika.yogi937@example.com,idikayogi2651@okicici,Active,1,2026-04-29 22:18:06,2026-05-04 15:54:06,Mobile App
297,Harini Radhakrishnan,,942819253606578,PUNB0146263,Yes Bank,Savings,0553436715,harini.radhakrishnan980@example.com,,Active,1,2026-08-14 09:43:04,2026-08-17 23:59:59,Internet Banking
229,Utkarsh Chopra,Home,5305912763794918,SBIN0105509,IDFC First Bank,Savings,6197743628,utkarsh.chopra43@example.com,,Active,1,2024-11-13 19:44:08,2024-11-14 15:59:08,Internet Banking
58,Varsha Sant,Home,2030731307519575,UTIB0950730,IndusInd Bank,Savings,4267970503,,,Active,1,2025-06-21 07:20:42,2025-06-25 02:32:42,Internet Banking
603,Upma Dugar,Business,4089196810180494,PUNB0027800,Bank of Baroda,Savings,4958537110,upma.dugar825@example.com,upmadugar4248@okaxis,Active,1,2024-02-18 18:50:55,2024-02-22 13:01:55,Internet Banking
622,Ekta Naik,Home,8349129431134657,SBIN0040270,IDFC First Bank,Savings,,ekta.naik511@example.com,ektanaik5600@okhdfcbank,Active,1,2025-09-29 19:33:51,2025-10-02 21:52:51,Mobile App
245,Tripti Vig,,4256635316895818,KKBK0271844,Punjab National Bank,Savings,8647326405,tripti.vig867@example.com,,Active,1,2025-10-15 08:54:41,2025-10-20 07:20:41,Mobile App
859,Gaurangi Dugar,,9671708088859915,INDB0576382,Kotak Mahindra Bank,Savings,9158127732,gaurangi.dugar872@example.com,,Active,1,2024-10-04 17:24:17,2024-10-09 13:58:17,Mobile App
208,Arunima Hari,,5002550204523743,PUNB0924988,Axis Bank,Savings,5591780435,arunima.hari720@example.com,arunimahari9730@okhdfcbank,Active,1,2025-07-30 20:08:22,2025-07-31 22:20:22,Internet Banking
710,Abha Cherian,Dad,782949110945512,IDFB0334354,Kotak Mahindra Bank,Current,8015905067,abha.cherian167@example.com,,Active,0,2024-12-11 17:10:52,,Mobile App
609,Varenya Dyal,,3408937711105542,ICIC0837038,Punjab National Bank,Savings,2459705665,varenya.dyal318@example.com,varenyadyal6075@ybl,Blocked,1,2024-06-27 15:39:49,2024-06-30 15:10:49,Mobile App
660,Zarna Gulati,Business,5721646070649160,ICIC0892002,IDFC First Bank,Savings,1075103303,zarna.gulati598@example.com,,Active,0,2025-07-20 08:16:38,,Mobile App
343,Andrew Vaidya,Home,6337332109408509,SBIN0972959,Punjab National Bank,Savings,7471546035,andrew.vaidya361@example.com,,Inactive,1,2025-12-09 08:27:22,2025-12-15 13:01:22,Internet Banking
49,Geetika Sandhu,Office,2862201950763918,IDFB0828501,Bank of Baroda,Savings,,,,Active,1,2024-11-04 22:51:11,2024-11-09 04:32:11,Mobile App
737,Bakhshi Chaudhry,Dad,3483311302978633,KKBK0669424,Axis Bank,Savings,7255254539,bakhshi.chaudhry365@example.com,bakhshichaudhry6925@ybl,Active,1,2024-10-18 10:54:16,2024-10-21 19:05:16,Mobile App
442,Samar Suri,,2187402712207242,ICIC0137573,Punjab National Bank,Current,0288856537,samar.suri537@example.com,,Active,1,2024-05-09 10:57:26,2024-05-15 10:38:26,Mobile App
47,Ranveer Naik,,1795878169517456,UBIN0625138,Bank of Baroda,Savings,3311232749,ranveer.naik715@example.com,,Active,0,2024-03-12 16:51:16,,Branch
191,Omisha Pingle,,1748391454125702,KKBK0477854,IndusInd Bank,Savings,5117045695,omisha.pingle699@example.com,omishapingle4920@okaxis,Inactive,0,2025-03-26 11:46:43,,Internet Banking
988,Hardik Sibal,Sister,8884900443112540,BARB0657232,State Bank of India,Savings,,hardik.sibal747@example.com,hardiksibal2515@okhdfcbank,Active,1,2024-02-07 22:37:18,2024-02-14 03:25:18,Mobile App
638,Gautami Palan,Business,4403218143836793,KKBK0913935,Union Bank of India,Current,6227706296,gautami.palan551@example.com,,Active,1,2025-04-15 01:44:37,2025-04-17 08:45:37,Internet Banking
365,Qabil Pandit,,2331128576783451,KKBK0295293,ICICI Bank,Savings,,,qabilpandit3786@okaxis,Active,1,2025-02-15 11:30:55,2025-02-15 23:29:55,Mobile App
580,Faqid Muni,Brother,4293674430867410,ICIC0524242,Yes Bank,Current,,faqid.muni179@example.com,faqidmuni1372@paytm,Active,1,2025-02-28 14:33:57,2025-03-01 06:20:57,Internet Banking
213,Rudra Kala,Mom,3985442038649076,CNRB0844127,Bank of Baroda,Savings,5224881880,rudra.kala397@example.com,rudrakala1385@okaxis,Active,1,2026-04-07 14:00:06,2026-04-09 11:34:06,Mobile App
350,Faqid Wagle,Brother,1660402467282583,UTIB0803121,IDFC First Bank,Current,9623644445,,faqidwagle2210@paytm,Active,1,2025-07-09 15:11:40,2025-07-15 13:22:40,Mobile App
234,Charan Sanghvi,Sister,1389626486412891,INDB0952597,Union Bank of India,Savings,,charan.sanghvi92@example.com,charansanghvi3520@okaxis,Active,1,2024-04-13 13:49:12,2024-04-20 02:40:12,Mobile App
117,Xavier Ramachandran,,7572778355960103,SBIN0701818,Union Bank of India,Savings,3797031466,xavier.ramachandran995@example.com,xavierramachandran9976@oksbi,Active,1,2026-01-17 11:52:12,2026-01-21 17:25:12,Internet Banking
522,Anvi Bahri,,4343287069762063,UTIB0931592,IndusInd Bank,Savings,7961736459,anvi.bahri24@example.com,anvibahri1857@ybl,Active,1,2024-01-31 03:41:05,2024-02-05 00:04:05,Internet Banking
471,Tristan Dalal,Personal,2137476792969964,PUNB0715447,Yes Bank,Current,3688238422,tristan.dalal662@example.com,tristandalal8057@okicici,Active,1,2026-07-27 05:36:35,2026-07-29 04:12:35,Internet Banking
606,Amrita Dasgupta,Brother,2844622237684708,IDFB0829012,Punjab National Bank,Savings,8109688774,amrita.dasgupta240@example.com,amritadasgupta2092@oksbi,Active,1,2024-06-14 21:36:50,2024-06-15 11:59:50,Internet Banking
95,Harshil Bhargava,Personal,9940197662383625,KKBK0682377,Punjab National Bank,Savings,1121733056,harshil.bhargava97@example.com,,Active,1,2024-03-25 19:11:38,2024-03-30 13:33:38,Internet Banking
602,Zaid Jhaveri,Mom,4950109720235008,UBIN0022869,Kotak Mahindra Bank,Savings,6380557238,,zaidjhaveri7798@oksbi,Active,0,2026-02-10 19:11:46,,Mobile App
808,Indira Madan,Dad,4063348870505716,KKBK0488627,Axis Bank,Savings,1217036909,indira.madan858@example.com,,Active,1,2025-11-18 12:09:46,2025-11-24 23:08:46,Mobile App
189,Sathvik Lata,,545822080440167,IDFB0693583,IDFC First Bank,Savings,7806152039,sathvik.lata46@example.com,sathviklata9432@okhdfcbank,Active,1,2025-11-15 01:42:52,2025-11-19 23:18:52,Mobile App
370,Naksh Bumb,Mom,9610319971742363,PUNB0346426,Union Bank of India,Savings,0120877802,naksh.bumb71@example.com,,Active,1,2025-08-05 15:23:20,2025-08-11 06:20:20,Branch
897,Shivansh Kapur,,2148458807240806,IDFB0161504,Bank of Baroda,Current,3921521337,shivansh.kapur461@example.com,shivanshkapur9079@ybl,Active,1,2024-06-16 15:59:04,2024-06-22 03:54:04,Mobile App
740,Anamika Saxena,Office,9619050667108048,HDFC0617706,Punjab National Bank,Savings,1104056461,anamika.saxena696@example.com,anamikasaxena3104@oksbi,Inactive,1,2024-11-22 01:59:03,2024-11-27 14:02:03,Internet Banking
700,Christopher Bedi,,8653010125958756,UBIN0289403,ICICI Bank,Savings,4057280818,christopher.bedi535@example.com,,Active,1,2024-03-20 00:40:19,2024-03-24 09:34:19,Mobile App
993,Ishita Babu,Home,383429812800626,CNRB0931457,Axis Bank,Savings,,ishita.babu738@example.com,ishitababu3516@paytm,Active,1,2024-02-06 20:55:11,2024-02-12 00:50:11,Mobile App
454,Charvi Dave,,2759094030835780,HDFC0386123,Yes Bank,Current,6975657947,charvi.dave611@example.com,charvidave7087@ybl,Active,1,2025-01-25 22:03:34,2025-01-26 18:31:34,Mobile App
532,Fiyaz Sibal,Brother,8979807018864131,SBIN0738738,IndusInd Bank,Savings,5875879136,fiyaz.sibal541@example.com,fiyazsibal5346@paytm,Active,1,2025-12-20 01:15:50,2025-12-24 16:06:50,Mobile App
77,Bhanumati Pillay,Dad,3632993820930088,SBIN0039752,IndusInd Bank,Savings,9381970874,bhanumati.pillay87@example.com,bhanumatipillay1777@okicici,Active,1,2026-06-24 00:04:17,2026-06-29 19:19:17,Mobile App
882,Darika Shan,Friend,6982119356754222,ICIC0416094,Yes Bank,Savings,2501433777,darika.shan806@example.com,darikashan5098@okicici,Blocked,1,2024-09-11 17:06:19,2024-09-14 04:53:19,Mobile App
510,Vaishnavi Upadhyay,Business,2333783293349115,YESB0144990,HDFC Bank,Current,4906240962,vaishnavi.upadhyay217@example.com,vaishnaviupadhyay5467@oksbi,Active,1,2026-04-06 16:30:10,2026-04-09 13:31:10,Mobile App
497,Vinaya Anand,,7563367272626436,UTIB0607353,Canara Bank,Savings,5270878075,vinaya.anand640@example.com,vinayaanand7808@oksbi,Active,1,2025-11-23 10:39:04,2025-11-28 02:54:04,Mobile App
875,Aahana Sule,Friend,8270521488088250,YESB0344503,Axis Bank,Current,3639030454,aahana.sule398@example.com,aahanasule9959@oksbi,Active,1,2024-01-04 01:59:23,2024-01-10 01:30:23,Internet Banking
738,Upasna Gaba,,202535075725980,PUNB0114490,Bank of Baroda,Current,6351851270,upasna.gaba817@example.com,upasnagaba8326@oksbi,Active,1,2025-10-31 08:46:33,2025-11-02 02:47:33,Internet Banking
33,Harshil Chad,Mom,2670820460610037,UTIB0952451,IDFC First Bank,Savings,2282877050,harshil.chad648@example.com,harshilchad1044@oksbi,Active,1,2024-12-17 07:10:43,2024-12-22 09:20:43,Branch
451,Shravya Thaker,,1631366166020506,YESB0385939,Axis Bank,Current,1494049440,shravya.thaker681@example.com,shravyathaker6092@okhdfcbank,Active,1,2025-10-08 03:19:34,2025-10-09 23:47:34,Internet Banking
131,Oeshi Khatri,Home,8506270883575034,HDFC0989844,Canara Bank,Savings,0606980983,,,Active,0,2024-11-26 00:53:57,,Branch
80,Saanvi Banerjee,,3424128794528789,ICIC0045017,Union Bank of India,Savings,9824355379,saanvi.banerjee393@example.com,saanvibanerjee3958@okicici,Active,0,2026-05-30 04:12:54,,Internet Banking
897,Zinal Magar,Office,4964655671254518,YESB0396318,Bank of Baroda,Current,9014517136,zinal.magar486@example.com,,Active,1,2024-11-12 02:33:28,2024-11-18 08:50:28,Mobile App
64,Dalbir Kadakia,Home,6937049204073195,UBIN0836801,Yes Bank,Savings,9580137994,dalbir.kadakia813@example.com,,Active,1,2025-02-14 15:35:47,2025-02-18 14:15:47,Internet Banking
810,Girish Mander,Brother,619969994830449,PUNB0589509,Union Bank of India,Savings,5170391424,girish.mander907@example.com,,Active,0,2024-07-18 11:17:22,,Mobile App
981,Ishaan Mutti,Mom,8812301620230957,UTIB0996233,Union Bank of India,Savings,,ishaan.mutti269@example.com,ishaanmutti470@okaxis,Active,1,2026-02-03 19:05:26,2026-02-06 03:01:26,Branch
223,Madhavi Sekhon,Personal,3022408473983899,HDFC0064168,Union Bank of India,Savings,4522186188,madhavi.sekhon47@example.com,madhavisekhon2229@ybl,Active,1,2024-10-08 20:14:42,2024-10-10 04:44:42,Internet Banking
479,Upkaar Sarin,,3294465636774475,INDB0850653,IDFC First Bank,Savings,4774236202,upkaar.sarin643@example.com,upkaarsarin1793@okhdfcbank,Active,1,2026-05-10 15:11:35,2026-05-11 20:16:35,Mobile App
487,Dhruv Shere,Sister,1212249659529414,KKBK0578158,Kotak Mahindra Bank,Savings,4045108388,dhruv.shere475@example.com,dhruvshere946@okicici,Active,1,2024-02-07 13:23:59,2024-02-10 16:53:59,Mobile App
905,Hardik Sastry,Brother,6954255785988793,CNRB0693974,Canara Bank,Savings,1197550950,hardik.sastry714@example.com,hardiksastry1920@okaxis,Active,1,2025-10-01 13:37:53,2025-10-05 09:06:53,Mobile App
563,Harsh Dada,,4103872850604652,UTIB0611908,Yes Bank,Savings,9159631731,harsh.dada642@example.com,harshdada1164@oksbi,Active,1,2024-11-26 11:16:20,2024-11-28 11:59:20,Mobile App
440,Dayita Uppal,Vendor,4935485231113534,UBIN0169067,Kotak Mahindra Bank,Savings,3424863182,dayita.uppal224@example.com,dayitauppal6208@okhdfcbank,Active,1,2024-09-27 10:02:12,2024-09-29 02:37:12,Internet Banking
863,Aradhana Dayal,,3043781621841498,KKBK0765273,Canara Bank,Savings,9124111471,aradhana.dayal236@example.com,aradhanadayal4090@paytm,Inactive,0,2026-07-29 18:26:33,,Mobile App
672,Jacob Chanda,Dad,4887127630362568,SBIN0257156,Kotak Mahindra Bank,Savings,6499709146,jacob.chanda337@example.com,,Active,1,2025-03-24 08:22:45,2025-03-27 04:35:45,Branch
53,Gabriel Sanghvi,Dad,5058125149698539,UTIB0149727,Kotak Mahindra Bank,Savings,,gabriel.sanghvi676@example.com,gabrielsanghvi4935@paytm,Active,1,2026-03-04 22:17:04,2026-03-07 13:10:04,Mobile App
255,Januja Golla,Business,8752562638841314,YESB0391547,Bank of Baroda,Savings,5260686139,,janujagolla6828@oksbi,Active,1,2024-01-02 13:22:11,2024-01-05 14:00:11,Mobile App
530,Aachal Barman,Office,494740490644171,PUNB0790101,Canara Bank,Savings,3437308105,aachal.barman600@example.com,,Active,1,2024-02-25 22:26:43,2024-03-03 21:42:43,Mobile App
177,Vincent Banerjee,,6552473009605835,YESB0184896,Axis Bank,Savings,,vincent.banerjee764@example.com,vincentbanerjee6986@paytm,Active,1,2026-08-09 04:05:31,2026-08-11 18:06:31,Mobile App
903,Aarini Ahuja,Mom,1248336059564729,SBIN0591929,IDFC First Bank,Savings,0475107392,aarini.ahuja630@example.com,aariniahuja3963@paytm,Inactive,1,2026-06-21 04:43:12,2026-06-27 08:02:12,Mobile App
980,Waida Malhotra,Personal,2750951340591409,IDFB0171442,Union Bank of India,Savings,0851043490,waida.malhotra21@example.com,waidamalhotra4552@okicici,Active,1,2024-01-01 10:05:55,2024-01-06 13:32:55,Mobile App
367,Nihal Mitra,Personal,9200478687259749,CNRB0526958,IDFC First Bank,Savings,8414000883,nihal.mitra741@example.com,,Active,1,2024-09-29 13:27:16,2024-10-04 07:02:16,Mobile App
140,Benjamin Mutti,Personal,9598048115078297,KKBK0457826,IndusInd Bank,Savings,0070963602,benjamin.mutti96@example.com,benjaminmutti5049@okicici,Active,0,2024-04-02 16:22:54,,Internet Banking
278,Lakshmi Jani,,1603973579254464,SBIN0387048,IndusInd Bank,Savings,,,lakshmijani2474@okicici,Active,1,2024-10-28 07:16:59,2024-10-31 00:03:59,Internet Banking
559,Darsh Pingle,,8964562940677150,CNRB0756446,Canara Bank,Savings,6914280899,darsh.pingle105@example.com,darshpingle8899@okaxis,Active,1,2024-01-07 04:52:29,2024-01-10 06:12:29,Internet Banking
826,Naveen Kibe,Personal,919685259810284,SBIN0950728,State Bank of India,Savings,3565948648,naveen.kibe600@example.com,naveenkibe2891@okaxis,Active,1,2024-07-05 10:18:40,2024-07-06 11:58:40,Branch
409,Nihal Raj,,6344884008187033,SBIN0323532,Canara Bank,Savings,3932731224,nihal.raj259@example.com,,Active,1,2025-06-22 21:25:26,2025-06-29 00:45:26,Mobile App
504,Deepa Shanker,Personal,9523540910707289,PUNB0210166,IndusInd Bank,Savings,7825658950,deepa.shanker219@example.com,deepashanker1312@oksbi,Active,1,2026-08-14 19:23:37,2026-08-17 22:25:37,Internet Banking
938,Vyanjana Sidhu,,8542532574079713,KKBK0749072,IDFC First Bank,Savings,6843748578,vyanjana.sidhu96@example.com,vyanjanasidhu4185@paytm,Active,1,2024-09-19 00:07:18,2024-09-20 00:39:18,Mobile App
838,Siya Master,,1060384921817123,PUNB0842923,Yes Bank,Savings,4397597298,siya.master298@example.com,,Active,1,2025-07-17 23:03:17,2025-07-20 03:05:17,Mobile App
579,Pranit Sridhar,,7450810520335908,SBIN0767135,ICICI Bank,Savings,5031789646,,pranitsridhar9192@okaxis,Active,1,2024-01-08 17:04:16,2024-01-11 15:34:16,Mobile App
805,Peter Oommen,Dad,5715363431354427,ICIC0936904,State Bank of India,Savings,2907832356,peter.oommen781@example.com,,Active,1,2026-03-16 13:34:42,2026-03-20 10:52:42,Mobile App
797,Mekhala Joshi,,7495900749446600,BARB0105109,Kotak Mahindra Bank,Savings,7635587354,mekhala.joshi247@example.com,mekhalajoshi6578@okhdfcbank,Active,1,2025-10-30 07:30:09,2025-11-05 06:06:09,Mobile App
998,Oeshi Khurana,Home,8391741066684097,KKBK0203219,HDFC Bank,Savings,6713623135,oeshi.khurana237@example.com,,Inactive,0,2024-06-07 12:56:02,,Mobile App
846,Bachittar Iyer,Home,3579896516924182,INDB0477304,Union Bank of India,Current,,bachittar.iyer336@example.com,bachittariyer6867@ybl,Active,1,2025-03-27 05:29:24,2025-03-30 17:00:24,Internet Banking
163,Faraj Wali,Business,7389534804263100,CNRB0576245,Axis Bank,Savings,7896755765,faraj.wali268@example.com,farajwali35@okaxis,Active,1,2025-12-21 02:19:25,2025-12-22 10:40:25,Branch
907,Jai Kanda,Mom,753648148184063,ICIC0891201,IndusInd Bank,Savings,2420909858,jai.kanda18@example.com,jaikanda6706@ybl,Active,0,2025-04-13 14:56:28,,Branch
32,Niharika Banerjee,Friend,5540586897922101,YESB0677062,Bank of Baroda,Savings,1080265562,,,Active,1,2024-10-25 03:03:01,2024-10-30 07:24:01,Internet Banking
402,Vedant Shere,Home,8604835520753113,YESB0026599,Yes Bank,Savings,7820260729,vedant.shere648@example.com,,Active,1,2025-04-01 00:51:54,2025-04-02 23:55:54,Mobile App
216,Peter Madan,Business,1948111770627569,ICIC0923675,Axis Bank,Savings,2092283610,peter.madan655@example.com,petermadan6305@okhdfcbank,Active,1,2025-05-12 03:01:29,2025-05-16 09:30:29,Internet Banking
247,Samuel Konda,Business,7509332966431222,ICIC0950139,IDFC First Bank,Savings,1175714767,samuel.konda280@example.com,samuelkonda7427@ybl,Active,1,2025-03-14 21:14:00,2025-03-15 11:52:00,Mobile App
335,Gabriel Thaker,Mom,6954759587706180,UBIN0158827,State Bank of India,Savings,5749180457,gabriel.thaker838@example.com,gabrielthaker3904@okaxis,Active,1,2025-10-08 19:09:33,2025-10-11 01:29:33,Mobile App
192,Harish Thakur,Business,9413351802029599,UTIB0333073,HDFC Bank,Savings,,harish.thakur15@example.com,harishthakur4397@ybl,Active,1,2025-11-09 14:31:04,2025-11-11 06:00:04,Mobile App
583,Irya Salvi,,9089641236547321,IDFB0664535,ICICI Bank,Savings,,irya.salvi720@example.com,,Active,1,2025-09-01 12:02:12,2025-09-06 06:10:12,Mobile App
770,Vedika Kohli,Brother,7828760910803415,UTIB0245164,IDFC First Bank,Current,0651634473,vedika.kohli195@example.com,vedikakohli984@paytm,Active,1,2024-01-29 03:08:20,2024-01-29 19:13:20,Internet Banking
964,Dipta D’Alia,Office,8560037472946851,CNRB0047347,HDFC Bank,Savings,9365073973,,,Inactive,0,2026-03-09 03:09:14,,Internet Banking
124,Dev Ratti,Home,5618351684753208,HDFC0956305,Union Bank of India,Savings,8079165877,dev.ratti467@example.com,devratti6984@okhdfcbank,Active,0,2025-07-23 17:55:34,,Mobile App
199,Yashasvi Ben,,1920430598476405,SBIN0936780,Axis Bank,Savings,4611181477,yashasvi.ben463@example.com,yashasviben6618@oksbi,Active,1,2024-09-03 10:35:32,2024-09-04 01:27:32,Internet Banking
538,Jagrati Zacharia,Friend,5235524495149157,HDFC0073127,Kotak Mahindra Bank,Current,5322869564,jagrati.zacharia552@example.com,jagratizacharia232@okhdfcbank,Active,1,2024-05-26 00:54:39,2024-05-30 00:56:39,Mobile App
957,Arya Tata,,7988787388701467,PUNB0128834,Union Bank of India,Savings,4890874638,arya.tata854@example.com,aryatata9214@okaxis,Active,1,2026-05-02 05:08:17,2026-05-05 12:58:17,Mobile App
386,Advik Chaudry,Home,9937853604804146,ICIC0929428,IDFC First Bank,Savings,3661464833,advik.chaudry819@example.com,advikchaudry4019@ybl,Active,1,2024-11-06 20:41:45,2024-11-12 11:51:45,Internet Banking
379,Upasna Prasad,Friend,2784807377589450,BARB0129769,Bank of Baroda,Savings,1889581781,upasna.prasad581@example.com,upasnaprasad1652@okaxis,Active,1,2024-02-03 04:42:34,2024-02-04 23:39:34,Mobile App
827,Jagdish More,Dad,9148209160239024,IDFB0366754,Punjab National Bank,Current,2111482910,jagdish.more907@example.com,,Active,1,2026-05-02 06:26:22,2026-05-09 04:01:22,Internet Banking
886,Lakshmi Tara,,2637760420923137,SBIN0048252,State Bank of India,Savings,7747404312,,,Active,1,2024-03-30 19:14:53,2024-04-05 11:39:53,Internet Banking
108,Adweta Yogi,Friend,2175672934048189,INDB0969044,ICICI Bank,Savings,6841163368,adweta.yogi99@example.com,adwetayogi6687@okicici,Active,1,2024-09-07 18:35:46,2024-09-13 01:41:46,Internet Banking
575,Xavier Kala,,5164996923444288,IDFB0178652,Punjab National Bank,Savings,8042569129,xavier.kala760@example.com,xavierkala8872@okaxis,Active,1,2025-02-24 22:47:53,2025-02-26 18:27:53,Mobile App
848,Zashil Kamdar,,2001967555407908,SBIN0071218,HDFC Bank,Savings,4599419421,,,Active,1,2024-07-06 16:15:09,2024-07-13 15:59:09,Mobile App
71,Ayush Bail,Mom,4498792792333651,BARB0939045,Punjab National Bank,Savings,1643284017,ayush.bail485@example.com,,Active,1,2025-12-15 16:12:16,2025-12-18 06:42:16,Internet Banking
251,Tara Kadakia,Mom,5969910710254496,IDFB0702536,Kotak Mahindra Bank,Current,7905186136,,,Active,1,2024-06-03 17:52:48,2024-06-05 10:19:48,Mobile App
917,Ekalinga Choudhary,,1090123359088200,BARB0944504,Union Bank of India,Current,2149042562,ekalinga.choudhary934@example.com,ekalingachoudhary9770@okicici,Active,1,2024-07-10 21:44:07,2024-07-13 05:38:07,Internet Banking
191,Ekapad Khare,Office,4170865746189310,UBIN0169093,Kotak Mahindra Bank,Savings,0396932674,ekapad.khare129@example.com,,Inactive,1,2024-07-01 03:57:20,2024-07-04 11:20:20,Mobile App
331,Nidhi Krishnan,,1756919543491328,UTIB0630077,IndusInd Bank,Savings,0687572219,nidhi.krishnan812@example.com,nidhikrishnan5738@oksbi,Active,1,2026-01-03 05:08:50,2026-01-09 21:46:50,Mobile App
15,Vasudha Rattan,Sister,8330450812793481,UBIN0382439,Axis Bank,Savings,8079872107,vasudha.rattan300@example.com,,Active,1,2024-08-22 00:32:00,2024-08-23 03:43:00,Internet Banking
388,Yashica Nadkarni,Mom,9672417675282352,SBIN0052369,State Bank of India,Savings,1409699528,,,Inactive,0,2025-08-26 11:53:55,,Mobile App
642,Sai Johal,Business,4012330786233598,HDFC0316324,Axis Bank,Savings,1642585536,sai.johal584@example.com,saijohal8980@okhdfcbank,Inactive,1,2024-09-24 19:45:21,2024-09-26 20:26:21,Mobile App
793,Omkaar Din,,1054160777742676,ICIC0032777,IDFC First Bank,Savings,1825602886,omkaar.din972@example.com,omkaardin8546@oksbi,Active,1,2025-10-24 16:36:01,2025-10-31 12:45:01,Mobile App
111,Onveer Baria,Mom,6776009961306505,HDFC0886367,HDFC Bank,Savings,0046135675,,onveerbaria490@oksbi,Active,1,2025-04-12 18:54:30,2025-04-13 14:22:30,Mobile App
519,Karan Chada,,7457714872540518,IDFB0972404,Bank of Baroda,Savings,8361073802,karan.chada285@example.com,karanchada9736@okhdfcbank,Active,1,2025-06-08 04:28:34,2025-06-12 07:13:34,Internet Banking
378,Hardik Basak,Dad,5277596945258600,SBIN0808302,Bank of Baroda,Savings,1760880288,hardik.basak718@example.com,hardikbasak2970@paytm,Active,1,2026-08-11 23:24:40,2026-08-15 11:43:40,Internet Banking
296,Teerth Nath,,6873678322587303,YESB0933908,State Bank of India,Savings,,teerth.nath119@example.com,teerthnath4940@okaxis,Active,1,2026-05-13 08:32:45,2026-05-19 21:55:45,Internet Banking
137,Veda Parikh,Dad,9973440459902748,YESB0247502,Union Bank of India,Savings,3924317414,veda.parikh255@example.com,vedaparikh3856@paytm,Active,1,2024-04-23 12:26:28,2024-04-26 13:54:28,Mobile App
13,Owen Sahota,Friend,8590016736435971,CNRB0946412,HDFC Bank,Savings,5991153068,owen.sahota754@example.com,,Blocked,1,2026-08-09 07:34:29,2026-08-14 10:43:29,Mobile App
850,Bachittar Pant,Home,5641252462910023,KKBK0408118,HDFC Bank,Savings,6729835939,,bachittarpant3451@okaxis,Active,1,2025-12-03 18:11:47,2025-12-04 21:22:47,Mobile App
148,Ayushman Bahl,Mom,2558507560930328,KKBK0819581,HDFC Bank,Savings,7623676622,,ayushmanbahl9868@oksbi,Active,1,2025-03-18 13:02:42,2025-03-23 22:58:42,Mobile App
532,Ekani Sekhon,Dad,8018282462127187,UTIB0155498,Yes Bank,Savings,,ekani.sekhon275@example.com,ekanisekhon856@okicici,Active,1,2025-05-08 02:51:23,2025-05-14 02:20:23,Mobile App
470,Jairaj Shenoy,Friend,3304529086255659,UBIN0497798,IDFC First Bank,Current,,,,Active,1,2026-07-29 11:41:56,2026-08-04 11:56:56,Mobile App
244,Aarnav Wagle,Home,8024507347056924,UTIB0142482,Yes Bank,Savings,,aarnav.wagle723@example.com,aarnavwagle3452@paytm,Active,1,2025-08-09 06:59:47,2025-08-15 10:48:47,Mobile App
488,Anmol Mishra,Home,2401165397043358,UBIN0710340,Kotak Mahindra Bank,Savings,0733128283,anmol.mishra691@example.com,anmolmishra7073@ybl,Active,1,2024-09-26 17:11:21,2024-09-28 19:45:21,Mobile App
977,Gayathri Mitra,Office,6280036794403719,HDFC0989153,Yes Bank,Savings,0310646319,gayathri.mitra134@example.com,gayathrimitra8806@okaxis,Active,1,2024-12-01 02:23:51,2024-12-05 18:12:51,Internet Banking
260,Harrison Taneja,Friend,5875584538084906,UBIN0989110,State Bank of India,Savings,3367258483,harrison.taneja45@example.com,harrisontaneja751@ybl,Active,0,2024-10-24 11:03:00,,Mobile App
39,Jack Bhagat,Mom,5427782379588648,UBIN0150579,IDFC First Bank,Savings,9129095528,jack.bhagat355@example.com,,Active,1,2024-03-23 00:23:19,2024-03-29 23:48:19,Mobile App
417,Ranbir Patla,Mom,1226889853452172,UBIN0461790,IDFC First Bank,Savings,7238761414,ranbir.patla454@example.com,,Active,1,2026-02-08 12:17:33,2026-02-10 12:41:33,Branch
725,Samuel Kaur,Personal,5117564258471653,BARB0444464,Axis Bank,Savings,0345578845,samuel.kaur803@example.com,samuelkaur927@okaxis,Active,1,2025-12-01 01:32:42,2025-12-01 16:08:42,Internet Banking
1000,Niharika Malhotra,Friend,3216990581829983,CNRB0572066,Bank of Baroda,Savings,,niharika.malhotra641@example.com,niharikamalhotra5837@okicici,Active,1,2024-01-28 21:05:52,2024-02-02 22:28:52,Mobile App
992,Sudiksha Parikh,,388218523550561,HDFC0884978,Canara Bank,Savings,7899415151,sudiksha.parikh884@example.com,sudikshaparikh9428@okhdfcbank,Inactive,1,2025-08-21 05:14:59,2025-08-26 21:44:59,Internet Banking
87,Chakradhar Karnik,Sister,3553633657798603,ICIC0590225,Yes Bank,Current,,,chakradharkarnik3766@okicici,Active,1,2025-05-25 05:56:47,2025-05-30 07:12:47,Mobile App
265,Baghyawati Dayal,Office,8839132923861894,ICIC0804613,Axis Bank,Savings,5435547956,baghyawati.dayal309@example.com,,Active,1,2024-09-26 19:28:16,2024-10-01 23:31:16,Mobile App
361,Falak Bhattacharyya,Friend,3486610074730,KKBK0721505,HDFC Bank,Savings,6767189511,falak.bhattacharyya890@example.com,falakbhattacharyya8802@okicici,Active,1,2025-01-18 14:23:40,2025-01-20 03:00:40,Mobile App
428,Lavanya Koshy,Home,3620217087290089,HDFC0119844,Bank of Baroda,Savings,2165554729,,,Active,1,2026-07-17 13:46:47,2026-07-23 20:35:47,Mobile App
992,Lakshit Srinivas,Sister,7471054329537815,ICIC0075014,Union Bank of India,Savings,4347577255,,lakshitsrinivas2530@okicici,Active,1,2026-01-15 10:08:23,2026-01-20 03:54:23,Mobile App
368,Oeshi Dhar,,383423851275724,YESB0296736,Union Bank of India,Savings,6764084446,oeshi.dhar121@example.com,oeshidhar9346@ybl,Inactive,1,2026-01-31 20:22:13,2026-02-07 04:03:13,Mobile App
304,Fitan Sathe,,6251365227714630,SBIN0780935,Canara Bank,Savings,4841164983,fitan.sathe720@example.com,fitansathe4962@okicici,Active,1,2025-11-12 22:32:10,2025-11-13 20:12:10,Branch
189,Faris Sarin,,9647194018350153,PUNB0420767,Kotak Mahindra Bank,Savings,9720811927,faris.sarin262@example.com,farissarin7476@okaxis,Active,1,2024-02-27 17:16:40,2024-02-27 23:06:40,Mobile App
615,Gaurangi Saini,Personal,5367954035283901,HDFC0674678,Canara Bank,Savings,2536127784,,gaurangisaini7947@oksbi,Active,1,2025-02-07 18:39:34,2025-02-10 05:54:34,Mobile App
617,Rohan Chowdhury,Vendor,9849806755716087,INDB0731175,HDFC Bank,Savings,7632788746,rohan.chowdhury77@example.com,rohanchowdhury620@oksbi,Active,1,2025-11-13 00:36:36,2025-11-13 12:54:36,Internet Banking
708,Hredhaan Wali,Home,9476250960786954,UBIN0762483,Yes Bank,Savings,5530948057,hredhaan.wali352@example.com,hredhaanwali9579@okhdfcbank,Inactive,0,2024-03-14 04:00:52,,Branch
845,Sarthak Nadig,Mom,3688600477623386,PUNB0852261,ICICI Bank,Savings,1401491987,,sarthaknadig5489@oksbi,Active,1,2026-07-13 07:58:54,2026-07-14 04:06:54,Internet Banking
40,Xavier Balasubramanian,Personal,9124127126378200,UBIN0868692,IDFC First Bank,Savings,0210177565,xavier.balasubramanian148@example.com,,Inactive,1,2026-01-11 20:20:59,2026-01-18 10:00:59,Mobile App
18,Tara Chana,Sister,2678185699235566,INDB0422439,Union Bank of India,Savings,,,,Inactive,1,2026-03-09 02:12:12,2026-03-12 19:13:12,Internet Banking
989,Nakul Balasubramanian,Mom,2707792653230063,UTIB0084545,Canara Bank,Savings,0196384549,nakul.balasubramanian32@example.com,nakulbalasubramanian8061@okhdfcbank,Active,1,2025-11-15 12:01:43,2025-11-16 14:25:43,Internet Banking
339,Oeshi Nanda,Personal,9167420989520947,INDB0276413,Union Bank of India,Savings,0130679187,oeshi.nanda719@example.com,,Active,1,2025-04-04 07:03:15,2025-04-10 17:28:15,Mobile App
935,Gabriel Mannan,Dad,1923540689059705,YESB0242840,State Bank of India,Current,,gabriel.mannan19@example.com,gabrielmannan1534@okicici,Blocked,1,2024-12-07 20:33:10,2024-12-13 20:51:10,Branch
468,Qushi Mishra,Dad,6122934498860649,INDB0987623,ICICI Bank,Current,9703248977,,,Active,1,2025-06-02 13:37:53,2025-06-04 03:38:53,Internet Banking
807,Agastya Thakur,Business,7957146410319326,ICIC0666581,Canara Bank,Savings,7398989991,agastya.thakur468@example.com,agastyathakur4429@okhdfcbank,Active,0,2026-07-06 01:18:35,,Internet Banking
730,Teerth Lanka,Friend,9566710142737940,PUNB0579813,Punjab National Bank,Savings,9119916227,,,Active,0,2024-09-24 15:29:22,,Internet Banking
281,Zansi Sibal,Brother,9929575578587152,UBIN0239823,Kotak Mahindra Bank,Savings,8625676196,zansi.sibal858@example.com,zansisibal527@paytm,Active,1,2024-10-14 04:21:33,2024-10-17 14:15:33,Mobile App
436,Dalaja Ramesh,Mom,9699906961084749,INDB0961852,Yes Bank,Savings,1338039473,dalaja.ramesh307@example.com,dalajaramesh6589@oksbi,Active,1,2025-12-03 05:39:54,2025-12-05 08:34:54,Mobile App
194,Jalsa Sundaram,Friend,1642991684224124,SBIN0496024,IDFC First Bank,Savings,7990351433,jalsa.sundaram13@example.com,jalsasundaram7898@ybl,Active,1,2025-12-30 03:24:50,2026-01-03 05:57:50,Mobile App
573,Warda Mohanty,,5332262842429177,ICIC0297865,Bank of Baroda,Savings,8168176426,warda.mohanty561@example.com,,Active,1,2026-07-28 14:34:19,2026-08-03 12:05:19,Branch
439,Omisha Ghosh,,3683460036488573,SBIN0023732,Yes Bank,Savings,5100504271,omisha.ghosh285@example.com,omishaghosh5156@okaxis,Blocked,1,2024-02-11 23:14:01,2024-02-13 05:00:01,Mobile App
298,Ishita Loke,,9458209703552893,CNRB0886469,Yes Bank,Savings,8161055351,,,Blocked,1,2025-04-04 09:17:42,2025-04-08 01:02:42,Mobile App
583,Kiaan Lal,Office,1828491073188666,CNRB0775907,Bank of Baroda,Savings,8929943257,kiaan.lal247@example.com,,Active,1,2026-05-24 02:09:32,2026-05-24 23:37:32,Mobile App
811,Christopher Chander,Office,1306138332111798,HDFC0758444,HDFC Bank,Savings,5391892625,christopher.chander736@example.com,christopherchander9552@oksbi,Active,1,2026-03-06 10:21:02,2026-03-12 19:53:02,Branch
328,Charles Chaudhry,,7870946684289135,YESB0138932,HDFC Bank,Savings,0838423835,charles.chaudhry360@example.com,charleschaudhry9791@okhdfcbank,Inactive,1,2026-02-15 11:01:06,2026-02-16 17:27:06,Mobile App
626,Yashoda Lal,Dad,3856200653402176,UTIB0331017,Canara Bank,Savings,4147844230,yashoda.lal14@example.com,yashodalal3511@paytm,Active,1,2024-07-21 10:44:01,2024-07-26 11:49:01,Internet Banking
745,Falan Patla,,9803308653730191,BARB0213979,Union Bank of India,Current,3216684489,falan.patla728@example.com,,Active,1,2024-11-17 12:42:56,2024-11-20 02:30:56,Internet Banking
447,Xiti Chaudhry,Business,3465716495855277,PUNB0313266,State Bank of India,Current,1810497640,xiti.chaudhry621@example.com,xitichaudhry2279@okaxis,Active,1,2024-09-15 19:22:38,2024-09-18 03:18:38,Mobile App
143,Pranav Agate,Personal,9797117360108445,UBIN0525459,Canara Bank,Savings,6813429699,,pranavagate2862@okhdfcbank,Blocked,1,2024-10-14 07:54:47,2024-10-19 13:13:47,Branch
422,Sathvik Sami,Business,9759055041063314,CNRB0107383,State Bank of India,Savings,,sathvik.sami927@example.com,,Active,1,2024-01-20 19:34:00,2024-01-25 10:40:00,Internet Banking
633,Nidhi Talwar,,6936765877347808,IDFB0372566,Bank of Baroda,Savings,5267356728,,,Active,1,2026-02-28 15:51:18,2026-03-01 17:54:18,Mobile App
533,Hredhaan Yogi,Office,7910893313441789,PUNB0672893,Yes Bank,Savings,3402132188,hredhaan.yogi628@example.com,hredhaanyogi6645@ybl,Active,1,2025-05-16 16:37:24,2025-05-21 16:25:24,Internet Banking
415,Lakshmi Varma,Personal,6854598361103073,KKBK0962807,Punjab National Bank,Savings,9837015244,lakshmi.varma295@example.com,lakshmivarma4914@okaxis,Active,1,2026-06-14 06:34:33,2026-06-14 23:33:33,Mobile App
430,Ekantika Nayak,Home,6554411317486760,BARB0857936,Yes Bank,Savings,7693217840,ekantika.nayak865@example.com,,Active,1,2024-01-07 05:54:42,2024-01-13 06:05:42,Mobile App
635,Lakshit Rajagopal,Office,5869517358413089,PUNB0833367,Union Bank of India,Savings,0985479419,lakshit.rajagopal688@example.com,,Active,0,2026-04-17 00:19:55,,Mobile App
29,Saumya Khanna,,9513094498536934,UTIB0401373,State Bank of India,Savings,9270877011,saumya.khanna705@example.com,,Active,1,2024-02-17 15:24:34,2024-02-22 06:46:34,Mobile App
689,Pranav Nagi,Office,4157329530888568,KKBK0283149,Canara Bank,Savings,5390879691,pranav.nagi118@example.com,,Active,1,2024-10-29 16:46:11,2024-11-04 12:35:11,Mobile App
885,Oliver Guha,Vendor,4479138536064909,IDFB0644276,Axis Bank,Savings,3252749931,oliver.guha439@example.com,,Active,1,2025-11-03 19:24:56,2025-11-08 16:40:56,Internet Banking
112,Rayaan Bawa,,1134731208179268,UTIB0776517,State Bank of India,Savings,9969470896,rayaan.bawa925@example.com,rayaanbawa1360@ybl,Active,1,2024-08-19 23:21:38,2024-08-24 13:46:38,Branch
358,Mahika Chaudhary,Personal,973617483977634,HDFC0610760,Punjab National Bank,Current,,mahika.chaudhary98@example.com,mahikachaudhary6094@okhdfcbank,Active,1,2026-05-01 19:30:23,2026-05-05 10:30:23,Branch
854,Imaran Bhalla,Sister,2974992203299052,UBIN0185946,Axis Bank,Savings,,imaran.bhalla847@example.com,imaranbhalla6914@okicici,Active,1,2024-09-30 14:15:31,2024-09-30 19:49:31,Mobile App
143,Daksh Tara,Office,8017098667443173,KKBK0454613,Punjab National Bank,Savings,6935401632,daksh.tara585@example.com,,Inactive,1,2025-01-29 15:34:51,2025-01-30 17:39:51,Internet Banking
934,Bishakha Master,Friend,2701106758055097,HDFC0735915,Canara Bank,Savings,7825312742,bishakha.master102@example.com,,Active,1,2025-04-20 11:41:24,2025-04-26 15:48:24,Mobile App
897,Benjamin Goyal,,2579552459010301,YESB0118985,Canara Bank,Savings,5341722046,benjamin.goyal413@example.com,benjamingoyal8081@oksbi,Active,1,2025-10-01 06:20:29,2025-10-07 20:08:29,Mobile App
159,Abhimanyu Apte,Personal,4994113253475234,KKBK0784419,Kotak Mahindra Bank,Savings,7278349714,abhimanyu.apte919@example.com,abhimanyuapte4712@okicici,Active,0,2024-10-16 11:20:58,,Internet Banking
713,Yagnesh Kadakia,Brother,7493756438893680,INDB0141301,IDFC First Bank,Savings,,yagnesh.kadakia903@example.com,yagneshkadakia2273@okaxis,Inactive,1,2025-05-31 12:13:41,2025-06-02 19:04:41,Mobile App
138,Bhavani Virk,,9819144250060440,UTIB0958697,Kotak Mahindra Bank,Savings,,bhavani.virk371@example.com,bhavanivirk3209@ybl,Inactive,1,2025-01-06 00:33:28,2025-01-06 03:21:28,Mobile App
200,Reva Sarin,Vendor,7956877574952504,SBIN0215627,IndusInd Bank,Savings,1961541339,,revasarin2770@okhdfcbank,Active,1,2025-02-08 06:47:19,2025-02-09 07:17:19,Mobile App
803,Arin Kothari,,6078625326878435,PUNB0979402,Bank of Baroda,Savings,4711356088,arin.kothari721@example.com,,Active,1,2025-11-25 07:31:30,2025-11-30 18:10:30,Internet Banking
464,Xavier Malhotra,Brother,5573426943986338,IDFB0693619,Kotak Mahindra Bank,Savings,,xavier.malhotra928@example.com,xaviermalhotra990@okicici,Active,1,2025-09-02 00:56:10,2025-09-07 01:25:10,Internet Banking
40,Benjamin Mishra,Dad,8992977836253706,ICIC0228087,IndusInd Bank,Savings,2165896432,,,Active,1,2025-02-06 10:55:16,2025-02-06 17:34:16,Internet Banking
818,Anusha Jayaraman,Sister,6920229456990458,INDB0926272,State Bank of India,Current,1819041171,,,Active,1,2025-07-03 23:46:06,2025-07-07 15:33:06,Mobile App
939,Megha Sekhon,,5564469826131799,PUNB0854215,Axis Bank,Savings,3177011295,megha.sekhon232@example.com,meghasekhon5345@okaxis,Active,1,2024-10-24 17:09:21,2024-10-25 00:46:21,Mobile App
700,Yatan Srinivasan,,8961543949185548,UBIN0098154,IDFC First Bank,Current,9526537391,yatan.srinivasan596@example.com,,Active,0,2025-01-06 10:49:46,,Mobile App
870,Lajita Bava,Office,1784970575897644,PUNB0833227,Kotak Mahindra Bank,Savings,0591862631,,lajitabava1851@oksbi,Active,1,2025-11-23 13:45:48,2025-11-29 03:06:48,Mobile App
889,Frado Saraf,Brother,6868357312605660,YESB0094338,HDFC Bank,Savings,2414466048,frado.saraf202@example.com,fradosaraf6276@okicici,Active,1,2025-03-17 07:43:25,2025-03-21 08:37:25,Mobile App
188,Gabriel Banerjee,,2717570971105132,INDB0611044,ICICI Bank,Savings,0758816362,gabriel.banerjee642@example.com,gabrielbanerjee8287@okicici,Blocked,1,2024-05-03 13:48:57,2024-05-08 06:18:57,Mobile App
154,Krishna Balay,,151408433605,UTIB0199432,IDFC First Bank,Savings,0661938764,krishna.balay954@example.com,krishnabalay3769@okhdfcbank,Active,1,2026-04-04 05:55:19,2026-04-10 18:23:19,Mobile App
307,Reyansh Mann,Dad,9034667504909003,YESB0729057,Axis Bank,Current,1705931329,reyansh.mann734@example.com,,Active,1,2024-03-17 17:20:26,2024-03-19 22:29:26,Mobile App
656,Forum Bedi,Vendor,364144356772687,KKBK0473176,Canara Bank,Savings,5389730275,forum.bedi332@example.com,forumbedi3849@okhdfcbank,Active,1,2025-02-02 11:02:47,2025-02-04 02:20:47,Internet Banking
293,Girindra Jani,Personal,2262250153260223,SBIN0346664,IDFC First Bank,Savings,7487652305,girindra.jani319@example.com,girindrajani7080@oksbi,Active,0,2025-03-25 08:22:11,,Mobile App
673,Praneel Aurora,Personal,7380740196036187,KKBK0485377,State Bank of India,Savings,6121468434,,praneelaurora2824@oksbi,Active,1,2025-12-22 22:56:34,2025-12-29 08:44:34,Mobile App
861,Yashica Devan,Sister,3853872990265453,KKBK0679216,State Bank of India,Savings,1726761050,,,Active,1,2024-10-30 06:11:30,2024-11-05 20:35:30,Internet Banking
352,Qasim D’Alia,Brother,694719168997997,SBIN0706427,State Bank of India,Savings,,qasim.d’alia692@example.com,qasimd’alia2040@paytm,Active,1,2026-08-16 04:05:43,2026-08-17 23:59:59,Mobile App
263,Bimala Sachdev,Dad,411062118853573,INDB0320457,Axis Bank,Current,6007234401,bimala.sachdev614@example.com,bimalasachdev3630@oksbi,Active,1,2024-11-18 01:46:12,2024-11-23 23:59:12,Internet Banking
870,Darpan Chanda,Home,1225537075650653,INDB0526185,Canara Bank,Savings,3651265099,,darpanchanda3512@ybl,Active,1,2025-09-24 03:52:27,2025-09-25 06:43:27,Mobile App
842,Yug Sridhar,,8168196311587393,SBIN0510961,Punjab National Bank,Savings,7767812542,yug.sridhar627@example.com,yugsridhar8200@paytm,Active,0,2024-02-19 09:07:27,,Mobile App
421,Matthew Vig,Office,6685148242874983,YESB0376260,IndusInd Bank,Savings,3547770558,matthew.vig759@example.com,,Active,1,2024-11-16 15:52:47,2024-11-19 18:21:47,Mobile App
422,Advik Nayar,Friend,7332911053479917,YESB0551075,Punjab National Bank,Savings,3268701221,advik.nayar109@example.com,adviknayar6579@okicici,Active,1,2025-06-17 08:27:47,2025-06-21 09:02:47,Mobile App
357,Vivaan Bajaj,Mom,3597811840439700,INDB0815427,Canara Bank,Current,4509557801,vivaan.bajaj897@example.com,,Active,1,2024-06-29 05:18:23,2024-06-29 23:31:23,Mobile App
213,Prisha Hari,Personal,915004406912130,PUNB0148417,HDFC Bank,Savings,5056277778,prisha.hari793@example.com,prishahari5824@oksbi,Active,1,2024-01-23 00:23:12,2024-01-24 02:13:12,Branch
485,Damyanti Patla,Dad,3575459163125807,UBIN0763710,ICICI Bank,Savings,2412764335,damyanti.patla130@example.com,,Active,1,2025-02-05 07:09:18,2025-02-05 17:32:18,Internet Banking
480,Amaira Lanka,,7086134790447744,HDFC0364102,Kotak Mahindra Bank,Savings,2427839155,amaira.lanka594@example.com,amairalanka7265@okicici,Active,1,2025-02-18 03:43:11,2025-02-18 22:35:11,Mobile App
755,Maya Pradhan,Brother,9858202827458071,YESB0034755,Yes Bank,Savings,7141342866,maya.pradhan963@example.com,,Active,1,2024-06-18 23:24:16,2024-06-25 21:14:16,Mobile App
462,Charvi Gala,Office,6194321669947705,KKBK0428312,Union Bank of India,Savings,1511009069,charvi.gala355@example.com,,Active,1,2024-06-26 09:02:11,2024-07-03 03:29:11,Branch
148,Ishwar Bala,Home,7958566091681024,YESB0717235,Kotak Mahindra Bank,Savings,9698389385,ishwar.bala389@example.com,ishwarbala1176@okhdfcbank,Active,1,2024-01-08 23:49:35,2024-01-09 05:11:35,Internet Banking
211,Eiravati Nayar,Sister,7381390229781787,UTIB0287085,Kotak Mahindra Bank,Savings,9675801644,eiravati.nayar588@example.com,,Active,1,2025-08-21 06:29:48,2025-08-28 05:43:48,Mobile App
840,Vincent Tiwari,Home,7155337341604295,KKBK0904792,Punjab National Bank,Savings,0785327418,,vincenttiwari4898@oksbi,Active,1,2024-10-27 10:20:26,2024-11-01 16:02:26,Mobile App
862,Ridhi Reddy,Dad,8838588544957038,CNRB0865014,Bank of Baroda,Savings,2164179040,,ridhireddy8093@ybl,Active,1,2025-06-16 16:21:08,2025-06-20 11:46:08,Internet Banking
823,Jagat Dave,Personal,3915725996044933,YESB0793990,Yes Bank,Savings,5353027372,jagat.dave739@example.com,jagatdave4793@okhdfcbank,Blocked,1,2026-06-26 10:53:56,2026-06-30 22:02:56,Mobile App
8,Unnati Sampath,Business,7692460437138816,UTIB0148774,IndusInd Bank,Savings,3316981531,unnati.sampath585@example.com,unnatisampath4799@ybl,Active,1,2025-02-26 14:22:44,2025-02-27 09:29:44,Mobile App
915,Anjali Khurana,Business,2644795008870386,YESB0101719,State Bank of India,Savings,8959677085,anjali.khurana254@example.com,,Active,1,2025-10-12 02:50:54,2025-10-15 13:55:54,Mobile App
73,Neha Agarwal,,7015632145647750,IDFB0247436,IDFC First Bank,Savings,4448280865,neha.agarwal485@example.com,,Active,0,2026-08-09 15:29:45,,Mobile App
782,Zashil Dhawan,Personal,4436634162498528,BARB0019559,ICICI Bank,Savings,5597261104,zashil.dhawan826@example.com,,Active,1,2026-01-25 09:50:02,2026-01-31 00:07:02,Internet Banking
458,Utkarsh Sood,Friend,5950182067179266,KKBK0794854,Canara Bank,Savings,1920509080,utkarsh.sood74@example.com,,Active,0,2024-10-01 00:19:42,,Branch
664,Yuvraj Bath,,3454631921061721,UBIN0473689,Punjab National Bank,Savings,5497368056,yuvraj.bath107@example.com,yuvrajbath61@paytm,Active,1,2024-10-01 18:28:25,2024-10-08 15:30:25,Internet Banking
609,Logan Khurana,,5515631708320746,IDFB0320403,Yes Bank,Savings,8667188950,logan.khurana950@example.com,logankhurana1692@paytm,Active,1,2026-04-14 19:53:59,2026-04-16 01:50:59,Branch
937,Ishita Brahmbhatt,Mom,2304373085438314,PUNB0555169,Kotak Mahindra Bank,Savings,7094516353,ishita.brahmbhatt481@example.com,ishitabrahmbhatt3636@okhdfcbank,Active,1,2024-05-01 00:01:22,2024-05-01 09:57:22,Mobile App
667,Gaurang Krishnan,Vendor,662140937815463,KKBK0441803,Kotak Mahindra Bank,Savings,4287620229,gaurang.krishnan379@example.com,gaurangkrishnan559@ybl,Active,1,2024-05-27 14:59:12,2024-06-01 22:52:12,Mobile App
66,Sathvik Pradhan,Sister,7291459070689981,PUNB0425443,Axis Bank,Savings,8786256808,sathvik.pradhan494@example.com,sathvikpradhan285@okaxis,Active,0,2025-08-28 07:36:05,,Mobile App
289,Tejas Luthra,Sister,2485700112022242,SBIN0056118,State Bank of India,Current,4515478093,tejas.luthra375@example.com,tejasluthra4126@okicici,Active,0,2026-04-27 19:10:30,,Internet Banking
746,Raagini Chandra,Office,8600376160880303,UTIB0516827,Yes Bank,Savings,,,raaginichandra1656@okhdfcbank,Active,1,2026-07-02 22:56:14,2026-07-03 04:48:14,Mobile App
10,Karan Vyas,Mom,4581610493149340,BARB0064054,State Bank of India,Current,5097048155,,karanvyas7119@ybl,Active,1,2024-08-07 16:03:06,2024-08-12 11:12:06,Internet Banking
355,Wahab Dave,Vendor,5118875851939358,IDFB0332112,ICICI Bank,Savings,0681438660,wahab.dave955@example.com,wahabdave5474@oksbi,Active,1,2026-04-03 10:59:57,2026-04-07 07:21:57,Mobile App
131,Nitara Gill,Sister,8796331322408882,IDFB0828078,Punjab National Bank,Savings,1693802597,nitara.gill680@example.com,nitaragill7711@okicici,Active,1,2026-02-26 15:35:33,2026-03-04 04:04:33,Internet Banking
157,Hitesh Ratti,Friend,9494159858716734,HDFC0772259,Kotak Mahindra Bank,Savings,6537377439,hitesh.ratti437@example.com,,Active,1,2025-10-29 08:14:49,2025-10-29 21:00:49,Mobile App
571,Daksh Korpal,Dad,2601888425770468,UBIN0418484,Canara Bank,Savings,3936604670,,dakshkorpal1176@okicici,Inactive,1,2025-04-28 09:07:26,2025-05-01 16:49:26,Mobile App
932,Agastya Warrior,Business,5057813039862392,UBIN0276074,Punjab National Bank,Savings,,,agastyawarrior2317@paytm,Active,1,2026-01-31 21:23:55,2026-02-01 05:55:55,Internet Banking
477,Advay Mani,Sister,5224726129264030,YESB0799963,Canara Bank,Savings,1672086208,,advaymani5432@okicici,Active,1,2025-12-28 17:13:21,2026-01-01 14:51:21,Mobile App
651,Vinaya Seshadri,Personal,2508729690675985,BARB0405153,Bank of Baroda,Current,1503741456,vinaya.seshadri309@example.com,,Active,1,2024-07-15 23:59:29,2024-07-21 21:50:29,Mobile App
651,Mohini Choudhry,,6677953653305212,INDB0015540,Kotak Mahindra Bank,Savings,0197902071,mohini.choudhry978@example.com,,Active,1,2024-12-13 19:49:44,2024-12-18 17:41:44,Mobile App
760,Wyatt Ratti,Brother,1215370649554056,IDFB0031158,ICICI Bank,Savings,,wyatt.ratti880@example.com,wyattratti9042@okicici,Active,1,2024-02-19 07:39:30,2024-02-25 04:50:30,Branch
563,Priya Dar,Office,7538666788555098,SBIN0727076,Yes Bank,Current,7549804091,priya.dar210@example.com,priyadar5849@okaxis,Active,1,2024-12-22 17:31:52,2024-12-27 22:01:52,Mobile App
125,Krisha Barman,,5554751446869482,YESB0826291,State Bank of India,Savings,2866325460,krisha.barman429@example.com,,Active,1,2024-09-27 21:24:09,2024-09-30 06:32:09,Internet Banking
626,Deepa Sarkar,Sister,1492626813630683,UBIN0483698,ICICI Bank,Savings,3667551403,deepa.sarkar626@example.com,deepasarkar4541@ybl,Inactive,0,2024-08-06 20:43:42,,Internet Banking
653,Anmol Palla,,9853658776082432,PUNB0695810,Yes Bank,Current,5075726134,anmol.palla784@example.com,,Active,1,2025-11-11 02:05:34,2025-11-11 10:35:34,Mobile App
318,Yashvi Palla,,7455795974559468,HDFC0829368,IDFC First Bank,Savings,4974172034,yashvi.palla96@example.com,,Active,1,2026-02-13 15:14:16,2026-02-17 23:51:16,Mobile App
589,Prisha Reddy,,4774615982624827,UTIB0030155,State Bank of India,Savings,0545852826,,prishareddy5683@ybl,Inactive,0,2025-06-24 06:25:43,,Mobile App
875,Zaitra Gera,Personal,1786126791887670,UBIN0233026,Bank of Baroda,Savings,9174613200,zaitra.gera770@example.com,,Active,1,2024-01-16 20:25:44,2024-01-20 00:15:44,Internet Banking
963,Mitali Bhatt,Dad,8303808131421408,YESB0622088,IndusInd Bank,Savings,,mitali.bhatt214@example.com,mitalibhatt8313@paytm,Active,1,2024-10-01 03:47:41,2024-10-04 13:20:41,Internet Banking
17,Wishi Sani,Vendor,6161072284293383,UBIN0324397,Union Bank of India,Savings,,wishi.sani901@example.com,wishisani6317@paytm,Active,1,2025-02-10 05:34:33,2025-02-12 20:05:33,Mobile App
751,Avi Sood,,7935664453403896,UBIN0643879,Yes Bank,Savings,,avi.sood200@example.com,avisood9413@okicici,Inactive,0,2025-12-24 19:15:44,,Mobile App
370,Hredhaan Buch,Vendor,5573575700142743,INDB0641747,Canara Bank,Current,7123661267,hredhaan.buch363@example.com,,Active,1,2024-05-26 01:43:05,2024-06-01 04:29:05,Internet Banking
616,Robert Deo,Sister,9446409973726158,ICIC0086599,Kotak Mahindra Bank,Savings,0279712899,,robertdeo9199@okaxis,Active,1,2025-09-03 09:53:48,2025-09-05 06:24:48,Mobile App
233,Zaid Narayanan,Office,6769768669907740,YESB0136105,Canara Bank,Current,7667005196,,zaidnarayanan7830@oksbi,Active,1,2025-08-07 19:54:23,2025-08-08 00:06:23,Internet Banking
257,Yashodhara Bakshi,Personal,1725644505921626,UBIN0250766,Axis Bank,Savings,7056342530,yashodhara.bakshi170@example.com,,Blocked,1,2025-11-09 16:12:56,2025-11-11 05:35:56,Internet Banking
129,Yuvraj Iyengar,,9441288132792366,KKBK0888337,Union Bank of India,Current,7705335283,yuvraj.iyengar187@example.com,yuvrajiyengar4784@okhdfcbank,Active,1,2026-03-22 09:20:21,2026-03-25 01:51:21,Internet Banking
502,Ucchal Dash,Dad,5358502832552960,KKBK0046826,Punjab National Bank,Savings,,,,Active,0,2024-04-29 22:11:19,,Mobile App
771,Qushi Bala,Office,7936654800765642,UTIB0216570,Canara Bank,Savings,3549073912,qushi.bala671@example.com,qushibala186@paytm,Inactive,1,2025-06-20 14:58:27,2025-06-24 09:38:27,Branch
508,Aishani Rajagopalan,,9118711918685540,CNRB0744915,Kotak Mahindra Bank,Savings,5956583563,aishani.rajagopalan708@example.com,,Active,1,2024-11-26 17:49:14,2024-11-30 23:01:14,Branch
888,Hredhaan Mann,,5246842156003985,SBIN0515290,IDFC First Bank,Savings,7825235651,hredhaan.mann416@example.com,hredhaanmann6204@paytm,Active,1,2026-03-02 07:54:31,2026-03-03 10:18:31,Mobile App
777,Chameli Mandal,,9183849012753666,UTIB0090215,Yes Bank,Current,7289033703,chameli.mandal703@example.com,chamelimandal7670@ybl,Active,1,2024-04-21 02:27:11,2024-04-21 07:30:11,Branch
34,Nachiket Nadig,Brother,8210268455793990,UBIN0946661,Kotak Mahindra Bank,Savings,7233111715,nachiket.nadig607@example.com,nachiketnadig144@paytm,Active,0,2024-02-27 10:30:36,,Mobile App
171,Lopa Bajaj,Business,3644761545164083,UBIN0415905,HDFC Bank,Savings,1390643731,lopa.bajaj923@example.com,lopabajaj2962@okhdfcbank,Active,1,2024-11-05 13:53:43,2024-11-08 01:42:43,Internet Banking
258,Ekantika Virk,Vendor,3287006512932119,HDFC0690410,IDFC First Bank,Savings,5787175371,ekantika.virk413@example.com,,Active,1,2026-07-30 06:20:32,2026-08-03 15:18:32,Branch
212,Yatan Muni,,2564746378132317,CNRB0543425,State Bank of India,Current,4622222463,yatan.muni992@example.com,yatanmuni2654@oksbi,Inactive,1,2026-03-16 18:21:23,2026-03-20 06:12:23,Internet Banking
477,Gaurav Nagarajan,,6745002083217000,HDFC0674734,ICICI Bank,Savings,6127208115,,gauravnagarajan1978@oksbi,Active,1,2025-09-14 22:31:57,2025-09-16 21:06:57,Mobile App
227,Frederick Chawla,Mom,6123789379939074,UBIN0896465,Yes Bank,Savings,5733242435,,,Active,1,2025-01-09 20:53:07,2025-01-12 16:08:07,Mobile App
397,Manan Thaker,Personal,7611583082868419,ICIC0741289,IndusInd Bank,Savings,2770709257,manan.thaker375@example.com,mananthaker3391@paytm,Active,0,2025-01-22 07:45:27,,Mobile App
763,Mitali Mittal,Brother,3055262939103553,YESB0664040,Bank of Baroda,Savings,5537723550,mitali.mittal437@example.com,,Active,1,2026-07-07 17:44:46,2026-07-12 01:26:46,Internet Banking
647,Hiral Mukherjee,Personal,3213980252947220,UBIN0233973,ICICI Bank,Savings,1877008180,,hiralmukherjee4642@oksbi,Active,1,2024-01-18 09:46:45,2024-01-22 03:53:45,Mobile App
656,Yuvraj Sethi,Brother,8847015130113828,IDFB0846225,HDFC Bank,Savings,3127896153,yuvraj.sethi275@example.com,,Active,1,2025-03-22 04:32:42,2025-03-24 12:14:42,Internet Banking
152,Ati Dayal,Home,4530686581129632,HDFC0029317,IndusInd Bank,Savings,2989298378,ati.dayal280@example.com,,Inactive,1,2024-05-22 02:00:06,2024-05-24 08:33:06,Mobile App
56,Laksh Dhaliwal,,8787346452794360,YESB0757211,Yes Bank,Savings,8462522247,laksh.dhaliwal64@example.com,lakshdhaliwal4363@paytm,Active,1,2025-03-05 16:58:54,2025-03-08 15:49:54,Mobile App
952,Sneha Sangha,Brother,1155572369020200,KKBK0803927,Yes Bank,Savings,2528718718,,,Inactive,0,2026-02-24 22:38:17,,Internet Banking
434,Urishilla Ganesh,Brother,7067977849452294,BARB0062135,IndusInd Bank,Current,6951467698,urishilla.ganesh928@example.com,urishillaganesh7792@okhdfcbank,Inactive,0,2026-01-10 01:57:54,,Mobile App
571,Hemal Bedi,Vendor,5816569858340419,UBIN0866548,Kotak Mahindra Bank,Savings,6306640702,hemal.bedi66@example.com,,Active,1,2024-03-05 01:26:36,2024-03-05 22:58:36,Mobile App
48,Shivani Raja,Business,4830045943018921,KKBK0128614,State Bank of India,Savings,3507311249,,,Active,1,2026-04-29 09:11:54,2026-05-05 10:56:54,Mobile App
865,Ojas Madan,Sister,7699560548384091,YESB0061995,IDFC First Bank,Savings,3303927713,ojas.madan581@example.com,,Active,1,2024-01-22 06:44:36,2024-01-25 02:05:36,Mobile App
797,Manbir Soman,Business,8367206537599248,SBIN0095621,IndusInd Bank,Savings,4765265892,manbir.soman43@example.com,manbirsoman6560@paytm,Active,1,2025-06-17 07:09:00,2025-06-18 22:45:00,Mobile App
440,Dalaja Subramanian,,4111797565153260,UTIB0470462,Yes Bank,Savings,6669085905,dalaja.subramanian752@example.com,dalajasubramanian7650@okhdfcbank,Active,1,2024-10-12 18:42:38,2024-10-19 04:55:38,Mobile App
381,Lekha Vohra,,4574668335730322,IDFB0438125,State Bank of India,Savings,8132277453,,,Active,1,2025-04-25 20:36:57,2025-05-01 20:50:57,Internet Banking
639,Tanvi Sangha,Brother,7752353692026270,CNRB0828589,State Bank of India,Savings,,tanvi.sangha502@example.com,,Active,1,2026-03-20 09:44:43,2026-03-26 15:28:43,Branch
219,Manan Subramanian,,641760132321123,IDFB0810406,IndusInd Bank,Savings,1309278821,manan.subramanian835@example.com,,Active,0,2025-02-13 04:59:01,,Internet Banking
519,Gunbir Randhawa,Dad,3991566956939579,KKBK0152403,Axis Bank,Savings,8854118064,,gunbirrandhawa3136@oksbi,Active,1,2026-02-21 17:12:50,2026-02-28 05:18:50,Mobile App
306,Ikshita Gera,Brother,3703214235926321,KKBK0291947,Canara Bank,Savings,0078590711,ikshita.gera477@example.com,ikshitagera7080@ybl,Active,1,2025-10-13 01:46:05,2025-10-13 14:09:05,Branch
590,Aahana Puri,,6634776359319314,BARB0537089,State Bank of India,Savings,4129586226,aahana.puri150@example.com,aahanapuri1305@paytm,Active,1,2024-02-02 03:41:00,2024-02-03 14:17:00,Branch
134,Samesh Sura,Dad,929354875748356,UTIB0078263,Union Bank of India,Savings,9636476736,samesh.sura561@example.com,sameshsura3907@oksbi,Active,1,2024-09-08 04:42:34,2024-09-12 12:18:34,Mobile App
98,Urishilla Sarkar,Dad,6728222713447069,SBIN0933165,IndusInd Bank,Current,5141702480,,urishillasarkar9144@okicici,Active,1,2024-04-24 21:44:52,2024-04-28 03:19:52,Mobile App
78,Yatan Mander,Home,7941544156671030,KKBK0926362,Kotak Mahindra Bank,Savings,4997893002,yatan.mander471@example.com,yatanmander9569@okhdfcbank,Active,0,2025-05-31 14:01:30,,Internet Banking
276,Maanav Soman,,7270292704365306,KKBK0957482,Kotak Mahindra Bank,Savings,2400049146,maanav.soman642@example.com,,Active,1,2025-02-06 15:36:12,2025-02-09 15:23:12,Mobile App
572,Chaitaly Hayre,,8066968250217319,PUNB0742668,Axis Bank,Savings,5728498341,chaitaly.hayre630@example.com,chaitalyhayre622@okaxis,Active,1,2025-10-11 02:10:53,2025-10-17 20:23:53,Mobile App
644,Jatin Thakkar,Business,2810060748084580,UTIB0215666,State Bank of India,Savings,,jatin.thakkar798@example.com,jatinthakkar1022@ybl,Active,1,2025-10-19 09:58:10,2025-10-24 05:05:10,Internet Banking
338,Radha Sama,Home,5018913795495852,IDFB0590423,Punjab National Bank,Savings,,radha.sama107@example.com,,Active,1,2026-02-14 13:06:32,2026-02-21 08:09:32,Mobile App
382,Ekaja Char,Home,4190256291550585,ICIC0405074,Bank of Baroda,Savings,8805126303,ekaja.char975@example.com,ekajachar2144@oksbi,Active,1,2024-04-07 08:23:27,2024-04-14 00:02:27,Internet Banking
847,Rachita Sachdeva,Sister,9075525457004381,KKBK0641471,State Bank of India,Savings,2369824800,rachita.sachdeva50@example.com,rachitasachdeva5851@okicici,Active,1,2026-01-31 21:35:34,2026-02-06 03:43:34,Internet Banking
850,Qabil Mallick,,2151611266269663,UBIN0580871,Bank of Baroda,Savings,3596918679,qabil.mallick639@example.com,,Active,1,2026-03-08 01:23:38,2026-03-10 07:32:38,Mobile App
555,Rachit Tiwari,Personal,6863147361624477,INDB0881824,IndusInd Bank,Savings,1847113461,rachit.tiwari255@example.com,,Active,1,2024-11-21 01:45:07,2024-11-24 09:57:07,Mobile App
366,Jacob Kurian,Business,4607084686632726,UBIN0937960,IDFC First Bank,Savings,3970510566,jacob.kurian695@example.com,jacobkurian6149@ybl,Active,1,2024-03-23 16:37:29,2024-03-28 08:46:29,Internet Banking
914,Zinal Dave,Brother,9471599018711139,YESB0999357,Canara Bank,Savings,9826394103,zinal.dave464@example.com,zinaldave7388@oksbi,Active,0,2026-06-19 15:46:31,,Mobile App
162,Rayaan Rama,Dad,6343272551545043,BARB0087911,Axis Bank,Savings,6588002575,rayaan.rama29@example.com,,Inactive,1,2024-11-19 01:10:24,2024-11-22 17:48:24,Mobile App
163,Jatin Barad,Mom,8916241387605617,HDFC0157462,Yes Bank,Current,6900588978,,jatinbarad2108@paytm,Active,1,2025-04-19 12:37:36,2025-04-20 18:01:36,Internet Banking
192,Sudiksha Gopal,,9441194640563567,SBIN0535523,Union Bank of India,Savings,6753908741,sudiksha.gopal71@example.com,sudikshagopal5181@okaxis,Active,1,2026-05-29 23:00:34,2026-06-02 03:32:34,Mobile App
977,Aishani Singh,Sister,5473582294507142,PUNB0785424,ICICI Bank,Savings,1415171035,aishani.singh520@example.com,aishanisingh6110@ybl,Active,0,2024-04-07 23:57:30,,Internet Banking
342,David Lala,Brother,8047121819895426,CNRB0533199,Kotak Mahindra Bank,Savings,0029440905,,,Active,1,2025-12-31 06:12:38,2026-01-06 19:50:38,Mobile App
604,Girindra Yadav,Sister,3990319728332839,HDFC0781837,ICICI Bank,Savings,6398253796,,girindrayadav5069@okicici,Active,1,2026-01-13 15:33:23,2026-01-18 03:30:23,Mobile App
642,Chakradhar Kara,Personal,9901033379063749,CNRB0387105,Yes Bank,Savings,,chakradhar.kara907@example.com,,Active,1,2024-06-18 11:48:53,2024-06-23 19:34:53,Mobile App
409,Bhavini Merchant,,473404164192844,INDB0871566,Yes Bank,Savings,2850111468,bhavini.merchant936@example.com,bhavinimerchant5457@oksbi,Active,1,2024-01-03 14:57:42,2024-01-05 19:43:42,Internet Banking
288,Daksh Dhar,,5594599753143371,KKBK0627687,Bank of Baroda,Savings,0187584241,daksh.dhar837@example.com,dakshdhar2907@paytm,Active,1,2025-03-11 23:47:50,2025-03-16 00:30:50,Internet Banking
780,Jeet Ram,,7529289086502505,CNRB0915762,Canara Bank,Savings,9284972517,,jeetram7968@paytm,Active,1,2026-02-10 00:04:59,2026-02-13 14:26:59,Mobile App
244,Yashvi Mangal,,1638200209283997,YESB0316504,ICICI Bank,Current,8185801264,yashvi.mangal471@example.com,yashvimangal8151@oksbi,Active,1,2024-09-24 02:22:03,2024-09-26 13:31:03,Internet Banking
117,Kiaan Dasgupta,,2966743492946490,KKBK0776984,Canara Bank,Savings,,kiaan.dasgupta456@example.com,,Active,1,2025-10-04 13:19:55,2025-10-08 12:08:55,Internet Banking
855,Lipika Sidhu,,1281557486162484,UBIN0516039,IndusInd Bank,Current,0142486521,lipika.sidhu636@example.com,lipikasidhu2473@okicici,Active,1,2024-01-19 04:53:31,2024-01-20 15:30:31,Mobile App
230,Om Narayanan,Office,1820062034434088,UBIN0490052,Union Bank of India,Current,8757085851,om.narayanan254@example.com,omnarayanan3274@okicici,Active,1,2024-12-14 18:42:50,2024-12-14 22:46:50,Internet Banking
763,Akshay Chaudhuri,Vendor,5344732906372043,SBIN0152167,Union Bank of India,Savings,,,akshaychaudhuri5935@ybl,Active,1,2026-04-29 06:34:22,2026-05-02 01:15:22,Internet Banking
564,Panini Loke,Dad,5728944010922824,PUNB0441441,State Bank of India,Savings,0879807204,panini.loke699@example.com,,Active,1,2025-08-29 06:01:22,2025-09-01 06:47:22,Internet Banking
813,Fiyaz Dutta,,1033863403462302,YESB0330208,Union Bank of India,Savings,2421321286,fiyaz.dutta869@example.com,,Active,0,2025-11-21 17:08:57,,Mobile App
230,Agastya Walia,Brother,788429358987346,HDFC0184322,Union Bank of India,Savings,2907036227,agastya.walia268@example.com,agastyawalia6106@okhdfcbank,Blocked,1,2025-10-04 12:54:32,2025-10-09 22:14:32,Internet Banking
874,Christopher Chandra,Dad,384305242697761,KKBK0210624,IndusInd Bank,Savings,2515197782,christopher.chandra56@example.com,,Active,1,2024-09-29 11:24:27,2024-10-01 19:05:27,Internet Banking
497,Andrew Banik,Friend,7084835139652444,KKBK0521998,State Bank of India,Current,5129874286,andrew.banik584@example.com,andrewbanik3209@oksbi,Active,0,2024-07-17 05:44:46,,Mobile App
756,Udant Acharya,Dad,8697842899355510,IDFB0358031,Yes Bank,Current,6791608038,udant.acharya920@example.com,,Active,1,2026-02-05 12:56:23,2026-02-10 17:41:23,Mobile App
127,Azaan Chander,Personal,8553031207165775,BARB0038114,IDFC First Bank,Savings,3825586520,azaan.chander780@example.com,azaanchander4655@okicici,Active,1,2024-09-23 09:05:33,2024-09-30 06:03:33,Internet Banking
856,Indrajit Kanda,,2032475778510592,YESB0100884,Punjab National Bank,Current,7976641866,indrajit.kanda738@example.com,,Active,1,2025-01-10 19:36:22,2025-01-17 19:07:22,Branch
7,Arin Mohan,Sister,2260401500861137,KKBK0615457,Yes Bank,Savings,7442753717,,arinmohan6132@ybl,Active,1,2024-03-28 19:30:16,2024-03-31 12:23:16,Internet Banking
538,Azaan Rai,,2690136244890508,ICIC0760301,Canara Bank,Savings,,,azaanrai7503@okhdfcbank,Active,1,2024-05-15 12:15:45,2024-05-20 22:20:45,Internet Banking
608,Naveen Desai,Office,1757898653280982,ICIC0192478,ICICI Bank,Savings,,naveen.desai537@example.com,naveendesai8088@okhdfcbank,Inactive,1,2026-01-27 19:21:34,2026-02-01 23:18:34,Mobile App
437,Elijah Chand,Sister,9002229851455110,BARB0011368,State Bank of India,Savings,0641255613,elijah.chand716@example.com,elijahchand325@oksbi,Active,1,2026-04-09 08:37:21,2026-04-11 17:22:21,Mobile App
535,Janya Walla,Business,1507977972431123,UTIB0697790,Bank of Baroda,Current,,janya.walla873@example.com,janyawalla8145@ybl,Active,1,2024-09-22 12:10:52,2024-09-25 09:55:52,Mobile App
777,Charan Anand,,8295014565889930,SBIN0209819,ICICI Bank,Savings,8657837692,charan.anand624@example.com,charananand6752@okicici,Active,1,2024-09-06 09:02:44,2024-09-09 07:29:44,Internet Banking
89,Nandini Sura,Home,7990824768301416,HDFC0855166,IndusInd Bank,Savings,4568232684,nandini.sura275@example.com,nandinisura5980@okhdfcbank,Active,0,2024-03-03 13:14:51,,Mobile App
630,Charan Gole,,8628033394837031,INDB0705737,Union Bank of India,Savings,3744552914,charan.gole565@example.com,,Active,1,2026-08-08 06:05:20,2026-08-14 12:27:20,Internet Banking
653,Qarin Sharaf,Mom,986389068450307,CNRB0817014,HDFC Bank,Savings,3772575376,qarin.sharaf172@example.com,,Active,0,2025-04-07 20:51:49,,Internet Banking
39,Rushil Naidu,,1179800215173305,PUNB0076450,Axis Bank,Savings,5355683393,,rushilnaidu9448@oksbi,Inactive,1,2024-12-23 04:49:03,2024-12-27 14:01:03,Internet Banking
391,Isha Nagar,Brother,7471840430985266,HDFC0319151,Bank of Baroda,Savings,2338187254,isha.nagar759@example.com,,Active,1,2025-03-21 06:20:56,2025-03-22 12:42:56,Internet Banking
10,Nikita Ganesan,Brother,5952887638256951,UBIN0696582,State Bank of India,Savings,1127493299,,nikitaganesan2232@paytm,Active,0,2024-10-09 17:14:06,,Mobile App
720,Frado Rajagopalan,Business,1251300983969315,INDB0380592,HDFC Bank,Current,4215353668,,,Active,1,2025-10-09 07:07:51,2025-10-10 17:15:51,Internet Banking
3,Liam Nadkarni,,6985591294379025,PUNB0848551,Yes Bank,Savings,6750044008,liam.nadkarni99@example.com,liamnadkarni8992@okaxis,Active,1,2026-06-01 17:53:56,2026-06-05 01:17:56,Internet Banking
819,Gautam Prakash,Friend,9152020080358367,YESB0421987,HDFC Bank,Savings,5194734013,gautam.prakash874@example.com,gautamprakash4536@oksbi,Active,0,2024-01-23 23:16:46,,Mobile App
471,Nakul Saini,,5415747972773368,IDFB0204727,IndusInd Bank,Savings,8594680673,nakul.saini299@example.com,,Active,1,2025-11-20 14:33:18,2025-11-27 11:51:18,Mobile App
918,Gagan Shere,Personal,650802192832261,HDFC0107794,Axis Bank,Current,,gagan.shere534@example.com,,Active,1,2024-03-18 22:41:49,2024-03-21 09:49:49,Mobile App
362,Yashasvi Deo,Home,4930959173239577,ICIC0068741,Punjab National Bank,Savings,9976010103,yashasvi.deo613@example.com,yashasvideo5758@oksbi,Active,1,2025-08-10 20:19:19,2025-08-15 11:23:19,Internet Banking
697,Urvashi Sheth,,7917856289192417,UBIN0820520,Yes Bank,Savings,,urvashi.sheth988@example.com,urvashisheth4904@ybl,Active,1,2025-01-26 17:09:38,2025-01-31 22:52:38,Internet Banking
942,Vedhika Chakrabarti,Friend,7145625142885006,UBIN0063452,IndusInd Bank,Savings,2720516833,vedhika.chakrabarti467@example.com,vedhikachakrabarti8790@okicici,Active,1,2025-12-14 05:30:42,2025-12-19 00:18:42,Mobile App
251,Saksham Din,Personal,147730137997017,PUNB0661496,Punjab National Bank,Savings,1234929538,saksham.din184@example.com,sakshamdin69@okaxis,Active,0,2025-02-01 20:46:38,,Mobile App
643,Indrajit Shanker,Business,3818565416951010,ICIC0810432,State Bank of India,Current,7644554054,,,Active,1,2025-10-02 00:36:37,2025-10-08 15:23:37,Branch
447,Alexander Kakar,Sister,1917632556708968,PUNB0302565,Bank of Baroda,Savings,8035614484,alexander.kakar498@example.com,alexanderkakar2436@okhdfcbank,Active,1,2024-01-20 06:24:49,2024-01-21 07:47:49,Branch
678,Tamanna Sibal,,9471258523604366,KKBK0102024,State Bank of India,Savings,,tamanna.sibal791@example.com,tamannasibal2941@ybl,Active,0,2025-05-16 05:03:00,,Internet Banking
115,Ayaan Bir,Office,1365669341199980,INDB0539324,Canara Bank,Savings,5343964329,ayaan.bir477@example.com,,Active,1,2025-10-12 22:51:48,2025-10-17 04:48:48,Internet Banking
759,Karan Tank,Business,9398710996872243,INDB0407337,HDFC Bank,Savings,4777188703,karan.tank494@example.com,,Active,1,2026-05-31 01:16:30,2026-06-02 07:36:30,Internet Banking
263,Vyanjana Varghese,Sister,9620310079351772,YESB0900463,IndusInd Bank,Savings,4119304033,vyanjana.varghese26@example.com,vyanjanavarghese2824@ybl,Active,1,2024-04-29 16:59:00,2024-05-05 03:35:00,Mobile App
188,Gaurang Tripathi,,6013244014812860,HDFC0830363,Kotak Mahindra Bank,Savings,5329163434,gaurang.tripathi529@example.com,,Active,1,2025-05-13 21:09:04,2025-05-18 00:37:04,Mobile App
132,Mitali Wason,Friend,5949733762143386,INDB0202182,Union Bank of India,Savings,6254784300,mitali.wason441@example.com,mitaliwason9949@okaxis,Inactive,1,2026-07-02 19:08:48,2026-07-06 06:02:48,Internet Banking
641,Rohan Arora,Office,2244547517255426,UTIB0310366,Punjab National Bank,Savings,,rohan.arora265@example.com,,Active,1,2025-09-07 07:17:51,2025-09-11 23:00:51,Mobile App
821,Upadhriti Lall,Office,5843359421741341,HDFC0695424,Bank of Baroda,Savings,7658563075,upadhriti.lall759@example.com,,Inactive,0,2025-04-10 07:42:41,,Branch
319,Yug Batta,Friend,2091433656790535,PUNB0506726,HDFC Bank,Savings,6455382739,yug.batta296@example.com,,Active,1,2024-09-12 08:51:24,2024-09-18 18:20:24,Internet Banking
427,Jasmit Ram,,723222537825621,KKBK0610859,HDFC Bank,Savings,5072918551,jasmit.ram845@example.com,jasmitram2841@ybl,Active,1,2025-01-13 00:40:27,2025-01-14 08:30:27,Mobile App
257,Devansh Narula,,2564352182743490,UTIB0052270,Yes Bank,Savings,9824961926,devansh.narula918@example.com,devanshnarula3189@okicici,Inactive,1,2024-05-14 10:27:10,2024-05-21 06:14:10,Mobile App
344,Tara Tripathi,,6088562592924079,PUNB0873031,Bank of Baroda,Savings,2183045908,,taratripathi7423@oksbi,Active,1,2026-02-19 03:16:21,2026-02-23 01:43:21,Branch
38,Arjun Tank,Personal,4864345252110023,HDFC0397199,Canara Bank,Savings,3619485138,arjun.tank782@example.com,,Blocked,1,2026-05-13 21:35:32,2026-05-15 18:50:32,Mobile App
360,Chatura Raju,,3555048738599653,PUNB0263003,State Bank of India,Savings,7099283833,chatura.raju614@example.com,,Active,1,2024-12-25 18:00:10,2024-12-26 20:13:10,Mobile App
998,Anthony Gole,Mom,648957004069808,PUNB0731033,Kotak Mahindra Bank,Savings,6365685443,,anthonygole9512@oksbi,Active,1,2024-03-15 11:37:09,2024-03-19 21:38:09,Internet Banking
240,Bishakha Prasad,Office,121157111487043,INDB0777650,Punjab National Bank,Savings,4768675059,bishakha.prasad735@example.com,,Active,1,2025-08-12 08:46:04,2025-08-13 04:57:04,Internet Banking
829,Dayita Kota,Vendor,2615234629312889,BARB0601621,Canara Bank,Savings,5589397893,dayita.kota109@example.com,dayitakota685@oksbi,Active,1,2024-10-13 06:56:09,2024-10-17 20:10:09,Internet Banking
468,Ria Sunder,Home,5085753614422508,PUNB0138628,Kotak Mahindra Bank,Savings,5814887807,ria.sunder911@example.com,,Active,1,2024-03-31 05:25:25,2024-04-03 08:14:25,Branch
195,Vedant Gandhi,,3311582269242871,INDB0612752,HDFC Bank,Savings,9281697026,vedant.gandhi820@example.com,vedantgandhi7757@ybl,Active,1,2026-05-19 19:31:08,2026-05-22 15:00:08,Mobile App
670,Faraj Kamdar,,6401245635746201,UTIB0507579,HDFC Bank,Current,,faraj.kamdar434@example.com,,Active,1,2024-03-28 16:45:23,2024-03-31 04:44:23,Mobile App
465,Maya Dash,Sister,8066253725422847,CNRB0419976,ICICI Bank,Savings,,maya.dash113@example.com,,Active,1,2024-09-26 13:43:49,2024-09-30 06:32:49,Mobile App
907,Reva Korpal,Brother,7218219315025161,PUNB0800755,Punjab National Bank,Savings,2690841420,reva.korpal502@example.com,,Active,1,2024-04-27 20:43:36,2024-05-01 18:01:36,Mobile App
585,Qarin Nadig,Personal,9092252303764862,CNRB0068507,State Bank of India,Current,7856835685,qarin.nadig858@example.com,qarinnadig6474@okaxis,Active,0,2024-11-02 15:07:23,,Mobile App
221,Amaira Rama,Sister,4291994992863784,SBIN0903945,IndusInd Bank,Savings,,amaira.rama866@example.com,,Active,1,2025-04-17 22:51:50,2025-04-23 03:38:50,Internet Banking
318,Rehaan Saraf,Brother,2928360043657609,INDB0057924,Axis Bank,Savings,0167010173,rehaan.saraf103@example.com,rehaansaraf4269@ybl,Active,0,2025-12-28 18:51:40,,Mobile App
937,Anjali Kashyap,,4362822734731195,UTIB0225653,IndusInd Bank,Current,6897178085,anjali.kashyap840@example.com,anjalikashyap8656@okicici,Active,1,2026-03-27 05:28:12,2026-04-02 07:03:12,Internet Banking
957,Hiral Zacharia,,9254209545502634,INDB0735650,IndusInd Bank,Savings,7456062263,hiral.zacharia119@example.com,hiralzacharia9627@ybl,Active,1,2025-04-25 18:06:20,2025-04-29 00:14:20,Mobile App
578,Aishani Mahal,Sister,4151238176401575,INDB0517883,Bank of Baroda,Savings,3298049624,,,Active,1,2024-11-19 20:28:03,2024-11-25 02:02:03,Branch
992,Kiaan Jani,,2827133962221169,ICIC0484385,State Bank of India,Savings,4345829049,,,Active,1,2025-01-31 10:41:42,2025-02-03 11:46:42,Internet Banking
814,Jeet Narain,Brother,9246876567441612,UBIN0029807,Canara Bank,Savings,8013053046,jeet.narain776@example.com,jeetnarain2928@ybl,Active,1,2024-09-29 02:09:05,2024-10-01 21:06:05,Internet Banking
861,Darpan Parikh,,6812400380775233,INDB0028038,IndusInd Bank,Savings,6205050020,,darpanparikh7745@ybl,Active,0,2024-12-06 17:12:30,,Mobile App
35,Michael Jhaveri,Personal,4473706432595726,HDFC0119254,ICICI Bank,Current,9369330622,michael.jhaveri437@example.com,michaeljhaveri387@okhdfcbank,Active,0,2026-06-20 09:35:19,,Internet Banking
194,Sara Khatri,Friend,486463251748731,SBIN0967291,Kotak Mahindra Bank,Savings,,,sarakhatri3670@paytm,Inactive,1,2025-01-30 04:57:20,2025-02-02 17:14:20,Internet Banking
220,Leela Soman,Home,5476785588889791,BARB0009541,State Bank of India,Savings,0773458270,,leelasoman9769@oksbi,Active,1,2024-08-16 00:57:46,2024-08-20 07:37:46,Mobile App
217,Fariq Sarma,,4421443826347041,HDFC0437758,Canara Bank,Savings,9444444259,fariq.sarma910@example.com,fariqsarma9480@okaxis,Active,1,2024-08-11 05:02:26,2024-08-15 00:39:26,Mobile App
723,Jeet Shenoy,Office,1585970714600238,IDFB0346954,Union Bank of India,Savings,0643702779,,,Active,1,2025-04-03 23:00:34,2025-04-05 12:35:34,Mobile App
464,Nathaniel Varkey,Sister,1650630740670825,PUNB0973088,Axis Bank,Savings,8762872672,nathaniel.varkey769@example.com,nathanielvarkey6568@ybl,Active,1,2026-07-06 07:43:41,2026-07-10 16:37:41,Internet Banking
89,Anamika Kant,,1601262542903320,CNRB0020904,Punjab National Bank,Savings,3121903565,anamika.kant339@example.com,,Active,1,2025-04-27 15:21:51,2025-04-29 08:09:51,Internet Banking
145,Ranveer Sengupta,Mom,2155183043263424,HDFC0947424,State Bank of India,Savings,8833275142,ranveer.sengupta429@example.com,ranveersengupta1715@okaxis,Active,1,2026-04-16 23:34:10,2026-04-21 11:41:10,Internet Banking
921,Prisha Sawhney,Office,8369339012103685,YESB0539865,Yes Bank,Savings,1786052118,prisha.sawhney325@example.com,prishasawhney9781@okhdfcbank,Active,1,2026-03-03 05:40:46,2026-03-07 08:39:46,Mobile App
258,Lavanya Deol,,1032174899747175,BARB0737502,Axis Bank,Savings,0010013385,,,Active,1,2024-03-08 17:48:26,2024-03-12 04:07:26,Internet Banking
47,Nathaniel Chaudhry,Mom,1207633128213523,UBIN0249802,Kotak Mahindra Bank,Savings,2349259154,nathaniel.chaudhry350@example.com,nathanielchaudhry6484@paytm,Active,1,2026-04-20 17:50:27,2026-04-20 23:28:27,Mobile App
919,Samesh Subramaniam,Home,611658674712269,UBIN0652542,Bank of Baroda,Savings,6639965264,,sameshsubramaniam1290@oksbi,Active,0,2025-05-07 08:52:16,,Mobile App
165,Chameli Guha,Dad,4591537122195409,ICIC0217751,IDFC First Bank,Savings,0557427307,,,Active,1,2024-01-25 06:24:50,2024-01-30 16:35:50,Internet Banking
36,Yashasvi Chada,Business,5668449274867142,PUNB0209375,Kotak Mahindra Bank,Savings,0297946160,yashasvi.chada809@example.com,yashasvichada206@ybl,Active,1,2025-12-16 02:03:52,2025-12-17 17:26:52,Mobile App
546,Naksh Chand,Personal,3599527278461048,INDB0738949,ICICI Bank,Savings,,,nakshchand611@oksbi,Active,1,2025-03-01 05:44:22,2025-03-05 08:23:22,Internet Banking
451,Lipika Pall,Mom,2797530167482861,INDB0842503,Axis Bank,Savings,1244486040,lipika.pall898@example.com,lipikapall3169@okhdfcbank,Active,1,2026-04-14 00:46:59,2026-04-17 07:43:59,Internet Banking
122,Zaid Palla,Home,5453326565100626,IDFB0496645,Punjab National Bank,Savings,1423629352,zaid.palla749@example.com,zaidpalla5438@paytm,Active,1,2025-10-22 18:45:14,2025-10-25 05:13:14,Mobile App
971,Falguni Soman,Office,4554658078115197,ICIC0497765,Bank of Baroda,Savings,2764563708,falguni.soman883@example.com,falgunisoman6619@okicici,Inactive,1,2025-11-03 07:19:18,2025-11-04 21:50:18,Branch
134,Laksh Salvi,Office,8375892357966592,IDFB0032603,Yes Bank,Savings,3325558419,laksh.salvi291@example.com,lakshsalvi2861@okaxis,Blocked,1,2025-11-04 18:19:36,2025-11-10 02:53:36,Internet Banking
327,Simon Deshmukh,Office,6889042107215883,HDFC0624735,Punjab National Bank,Current,,,simondeshmukh4458@ybl,Active,1,2024-04-22 13:23:00,2024-04-24 10:51:00,Internet Banking
974,Varenya Virk,Sister,539283990156780,SBIN0346115,IDFC First Bank,Current,4778893026,varenya.virk156@example.com,varenyavirk19@oksbi,Active,1,2024-01-02 11:02:18,2024-01-06 06:57:18,Internet Banking
34,Onkar Oza,,3329006751503609,HDFC0537852,Canara Bank,Savings,7403125901,,,Inactive,0,2025-02-17 01:07:53,,Branch
775,Zaitra Thaker,Friend,366925997583456,CNRB0228458,HDFC Bank,Savings,0903903487,zaitra.thaker970@example.com,zaitrathaker7765@oksbi,Active,0,2025-04-24 01:33:30,,Internet Banking
612,Nilima Prasad,Vendor,3231228412987102,UBIN0279808,Kotak Mahindra Bank,Savings,5828893474,nilima.prasad231@example.com,nilimaprasad2182@okicici,Active,1,2026-05-05 06:47:18,2026-05-09 04:38:18,Internet Banking
541,Anita Khalsa,Friend,6373663911779575,HDFC0292227,Punjab National Bank,Savings,,,anitakhalsa1839@ybl,Active,0,2025-06-13 23:50:40,,Mobile App
710,Widisha Dara,Business,6715596170068261,IDFB0527580,Axis Bank,Savings,3825575682,widisha.dara787@example.com,,Active,1,2024-04-23 16:25:01,2024-04-26 10:36:01,Internet Banking
896,Vanya Singhal,Sister,6406351564287509,YESB0995513,Kotak Mahindra Bank,Savings,5093730505,vanya.singhal37@example.com,vanyasinghal4513@okicici,Active,1,2024-07-23 04:52:32,2024-07-26 08:20:32,Internet Banking
923,Vinaya Handa,,2293219236716051,BARB0988165,Union Bank of India,Savings,7301550515,vinaya.handa871@example.com,vinayahanda8307@okicici,Active,1,2024-07-07 20:59:47,2024-07-11 00:09:47,Mobile App
449,Michael Manne,,4936354104343890,YESB0945703,Axis Bank,Savings,7436543639,michael.manne899@example.com,,Active,1,2026-01-15 13:07:11,2026-01-20 22:06:11,Mobile App
90,Kai Murthy,Personal,8075480233713108,BARB0639707,State Bank of India,Savings,6764008147,kai.murthy981@example.com,kaimurthy5583@paytm,Active,1,2025-06-25 05:28:05,2025-06-27 11:25:05,Mobile App
187,Praneel Sanghvi,Business,2153127910753765,PUNB0373786,Yes Bank,Savings,3057364505,praneel.sanghvi571@example.com,,Inactive,1,2024-03-28 06:59:48,2024-04-02 09:40:48,Mobile App
720,Ishaan Sidhu,,1272668197359708,SBIN0895038,Union Bank of India,Current,4943245239,ishaan.sidhu355@example.com,,Blocked,1,2024-12-21 20:59:05,2024-12-24 03:20:05,Mobile App
53,Daksha Ben,Mom,5179316561524657,ICIC0196475,Yes Bank,Savings,9610287831,daksha.ben613@example.com,dakshaben3980@okaxis,Active,0,2024-03-22 09:32:31,,Internet Banking
580,Yashica Singhal,Friend,5814635953923524,HDFC0784042,ICICI Bank,Current,5488653118,yashica.singhal746@example.com,yashicasinghal4259@ybl,Active,1,2026-05-28 07:44:01,2026-06-03 18:51:01,Internet Banking
67,Vinaya Khatri,Office,5542411236700009,PUNB0173430,Kotak Mahindra Bank,Savings,4204246062,vinaya.khatri71@example.com,,Active,1,2024-12-04 07:26:04,2024-12-05 21:06:04,Mobile App
388,Arunima Jaggi,Home,2275106730420070,CNRB0625428,HDFC Bank,Current,,arunima.jaggi489@example.com,,Active,1,2026-06-20 08:26:21,2026-06-26 02:51:21,Internet Banking
667,Robert Dhar,Brother,5600229202713337,UBIN0609841,IDFC First Bank,Savings,6702890847,robert.dhar703@example.com,robertdhar7078@okhdfcbank,Active,1,2025-10-03 04:58:49,2025-10-06 17:41:49,Internet Banking
905,Ayaan Kale,,715179867490452,PUNB0183195,ICICI Bank,Savings,8007113552,,ayaankale7813@paytm,Active,1,2026-04-07 07:33:17,2026-04-08 08:52:17,Mobile App
173,Bhavna Srivastava,Office,2522066014394060,BARB0394788,Canara Bank,Current,9144065052,,bhavnasrivastava6122@okicici,Inactive,1,2025-03-30 14:57:21,2025-04-01 12:49:21,Mobile App
667,Jagdish Som,,6573408754442869,UBIN0426242,Punjab National Bank,Savings,4703563761,jagdish.som231@example.com,jagdishsom2488@paytm,Active,1,2025-11-06 07:50:55,2025-11-08 23:21:55,Branch
889,Nidhi Shukla,,9660685898396781,CNRB0933838,HDFC Bank,Current,7826024491,nidhi.shukla239@example.com,nidhishukla5570@okicici,Inactive,1,2025-05-09 08:53:39,2025-05-11 15:43:39,Internet Banking
129,Sudiksha Wali,Office,9076205158774532,IDFB0333171,Axis Bank,Savings,1340148227,sudiksha.wali969@example.com,sudikshawali9609@paytm,Inactive,1,2024-04-24 17:28:44,2024-04-29 18:57:44,Mobile App
278,Diya Sandal,,4887885297193602,YESB0041718,Punjab National Bank,Savings,4060268308,diya.sandal257@example.com,,Inactive,0,2026-06-21 01:19:49,,Mobile App
919,Siya Ramaswamy,,6762129526995507,HDFC0790677,Axis Bank,Savings,5456517248,siya.ramaswamy545@example.com,siyaramaswamy5665@okaxis,Active,1,2026-05-08 01:38:44,2026-05-10 03:18:44,Mobile App
258,Nirja Dugal,Sister,185118897448009,KKBK0046452,Canara Bank,Savings,1738909794,nirja.dugal132@example.com,nirjadugal9885@okhdfcbank,Active,0,2024-02-07 17:18:26,,Mobile App
785,Vansha Wadhwa,Home,3418694784591662,ICIC0181585,Yes Bank,Savings,1369998897,vansha.wadhwa439@example.com,vanshawadhwa5854@okaxis,Active,1,2026-05-29 14:25:31,2026-06-03 14:27:31,Internet Banking
524,Nandini Krishnan,,4216573203706647,UTIB0979790,State Bank of India,Savings,8484253070,nandini.krishnan327@example.com,nandinikrishnan6199@oksbi,Active,1,2025-03-26 19:27:26,2025-03-31 19:04:26,Mobile App
533,Lakshmi Sankaran,Mom,8113829988449369,UTIB0636013,ICICI Bank,Savings,,,lakshmisankaran519@ybl,Active,1,2026-06-08 13:57:06,2026-06-10 14:31:06,Internet Banking
465,Charita Patel,Sister,5360961748670981,YESB0269782,Punjab National Bank,Savings,0735601838,charita.patel120@example.com,charitapatel2063@okaxis,Active,1,2026-03-24 16:57:47,2026-03-28 19:59:47,Mobile App
907,Aryan Parekh,Home,583194023879930,BARB0215929,HDFC Bank,Savings,,,,Active,1,2026-06-02 03:33:27,2026-06-05 11:24:27,Mobile App
634,Chatura Trivedi,Personal,8321532401056969,YESB0895162,Punjab National Bank,Savings,6499034365,chatura.trivedi187@example.com,,Inactive,0,2026-08-17 08:53:15,,Internet Banking
692,Aadi Chand,Office,1553238181912472,SBIN0651595,IDFC First Bank,Savings,,aadi.chand955@example.com,aadichand9689@okaxis,Active,1,2024-01-09 09:19:42,2024-01-10 01:36:42,Mobile App
370,Tanay Mallick,Home,8789509727883368,PUNB0217826,State Bank of India,Savings,4825312688,tanay.mallick246@example.com,tanaymallick4502@okaxis,Active,1,2024-05-02 17:55:28,2024-05-03 14:44:28,Branch
343,Balendra Kumer,Dad,320844294276242,UBIN0469768,Axis Bank,Savings,8530341079,,,Active,1,2025-06-08 10:19:14,2025-06-11 17:29:14,Mobile App
464,Agastya Cherian,Dad,7895235271380611,CNRB0123480,Canara Bank,Current,1047538280,agastya.cherian158@example.com,agastyacherian3218@okhdfcbank,Active,1,2025-03-25 06:39:42,2025-03-29 08:06:42,Mobile App
719,Yatin Chaudhary,,7839768292694007,KKBK0862861,IDFC First Bank,Savings,6423541001,,yatinchaudhary2405@okicici,Inactive,1,2024-02-10 18:07:37,2024-02-12 00:15:37,Internet Banking
351,Umang Thaman,,8465009754698927,IDFB0589732,State Bank of India,Savings,2120829542,umang.thaman287@example.com,umangthaman9463@ybl,Active,1,2024-05-20 23:09:22,2024-05-25 19:39:22,Mobile App
790,Anjali Ahuja,Office,7830842500381460,CNRB0563942,Yes Bank,Savings,2349968399,anjali.ahuja274@example.com,,Active,1,2025-05-31 00:44:28,2025-06-06 02:50:28,Mobile App
873,Henry Purohit,,6198715114016475,INDB0934331,IDFC First Bank,Savings,2047406915,henry.purohit492@example.com,,Active,1,2025-06-05 17:47:18,2025-06-12 13:21:18,Internet Banking
296,Hemang Jain,Personal,6165509574225355,YESB0439236,Yes Bank,Savings,6995670581,hemang.jain403@example.com,hemangjain7627@paytm,Active,1,2024-04-05 05:39:43,2024-04-05 22:55:43,Internet Banking
936,Teerth Kota,Office,6650060571979139,BARB0244825,ICICI Bank,Savings,7938210427,teerth.kota300@example.com,teerthkota5344@paytm,Active,1,2025-11-05 11:20:10,2025-11-07 21:39:10,Internet Banking
831,Chandani Sachar,Vendor,4864438114184644,HDFC0655653,Yes Bank,Savings,6696422347,chandani.sachar230@example.com,,Active,1,2025-05-10 14:37:08,2025-05-13 22:35:08,Mobile App
730,Theodore Majumdar,,4031898835970935,INDB0767540,State Bank of India,Current,1581952914,theodore.majumdar594@example.com,theodoremajumdar177@ybl,Active,0,2025-01-23 09:01:35,,Internet Banking
503,Odika Sachdeva,Personal,7119233474183957,KKBK0121474,State Bank of India,Savings,8650013980,odika.sachdeva268@example.com,,Active,0,2026-07-20 23:37:11,,Mobile App
692,Oviya Hans,Sister,9383012568940819,PUNB0283325,ICICI Bank,Current,6440832523,oviya.hans637@example.com,oviyahans1269@oksbi,Blocked,1,2026-02-21 19:38:41,2026-02-28 18:13:41,Internet Banking
455,Anay Johal,Brother,5363134768518961,UBIN0017502,State Bank of India,Savings,5692790580,anay.johal610@example.com,,Active,1,2026-04-02 21:57:59,2026-04-07 19:14:59,Internet Banking
226,Orinder Jaggi,Brother,4826448616002506,IDFB0293583,Kotak Mahindra Bank,Current,7420587502,orinder.jaggi723@example.com,orinderjaggi7413@oksbi,Active,1,2025-06-14 01:32:54,2025-06-17 07:03:54,Mobile App
509,Akshay Srinivasan,Vendor,2102851609184495,CNRB0671128,State Bank of India,Savings,4422379958,,akshaysrinivasan6376@paytm,Inactive,1,2024-04-29 04:02:42,2024-05-01 02:33:42,Mobile App
948,Janya Buch,,9435051717046620,BARB0296264,Punjab National Bank,Savings,2306414460,,janyabuch4140@okhdfcbank,Active,0,2024-11-07 00:10:20,,Internet Banking
583,Siddharth Nagarajan,Brother,2393511338156167,INDB0066690,Bank of Baroda,Savings,5431531130,siddharth.nagarajan303@example.com,siddharthnagarajan8846@okaxis,Active,1,2024-09-17 20:14:40,2024-09-18 02:52:40,Mobile App
321,Isaac Baral,Dad,3148169225990077,SBIN0752834,Punjab National Bank,Current,1762832505,isaac.baral208@example.com,,Active,1,2025-07-31 05:43:43,2025-08-03 12:05:43,Internet Banking
496,Amara Mahajan,Vendor,3468037294843388,CNRB0105440,IndusInd Bank,Savings,0759849936,,,Active,1,2026-05-03 14:21:39,2026-05-09 18:13:39,Branch
470,Vanya Tak,,2823624173081526,UBIN0005361,State Bank of India,Savings,2439617147,vanya.tak228@example.com,,Active,1,2026-03-11 00:18:01,2026-03-15 12:37:01,Internet Banking
502,Ati Shah,,1960708597493587,PUNB0957218,Yes Bank,Current,7417737449,ati.shah877@example.com,atishah217@ybl,Active,1,2025-08-12 18:58:19,2025-08-17 17:09:19,Mobile App
944,Adya Garg,,3439404883781418,YESB0821076,IDFC First Bank,Savings,3151821924,adya.garg320@example.com,adyagarg6953@okaxis,Active,1,2026-01-09 17:49:48,2026-01-16 14:29:48,Internet Banking
998,Warhi Sarkar,,5425107147793180,UBIN0659774,IndusInd Bank,Savings,0659141867,warhi.sarkar281@example.com,,Active,0,2025-06-26 11:43:13,,Mobile App
375,Avni Rastogi,Mom,414379447534846,CNRB0709312,IDFC First Bank,Savings,8474987826,avni.rastogi218@example.com,avnirastogi8652@okhdfcbank,Active,1,2026-06-10 02:17:57,2026-06-14 02:25:57,Internet Banking
833,Jason Zachariah,Sister,4744748865064010,INDB0325719,Yes Bank,Savings,0023855471,jason.zachariah953@example.com,jasonzachariah5155@oksbi,Blocked,1,2025-07-17 04:05:19,2025-07-21 20:06:19,Mobile App
693,Bakhshi Agrawal,Business,1995900115030174,YESB0160740,IDFC First Bank,Savings,8293182620,bakhshi.agrawal199@example.com,bakhshiagrawal5548@paytm,Active,0,2024-07-13 20:40:45,,Internet Banking
134,Rachita Shah,Brother,4925594689099926,PUNB0084176,ICICI Bank,Savings,5020721092,rachita.shah154@example.com,rachitashah120@okhdfcbank,Active,1,2024-07-29 10:25:18,2024-08-03 22:30:18,Internet Banking
951,Patrick Khosla,Dad,9940123285443220,HDFC0363175,Axis Bank,Savings,7984424814,patrick.khosla126@example.com,patrickkhosla370@oksbi,Active,1,2025-05-03 11:51:29,2025-05-04 22:07:29,Mobile App
811,Krisha Kala,Office,3324936751537847,CNRB0272193,Canara Bank,Savings,1753970077,krisha.kala79@example.com,,Active,1,2026-04-14 01:11:53,2026-04-20 13:17:53,Mobile App
86,Luke Zacharia,Personal,4698950063525677,BARB0079875,Punjab National Bank,Savings,0446045392,luke.zacharia724@example.com,,Active,1,2024-07-22 18:00:43,2024-07-27 17:02:43,Internet Banking
205,Nikita Kala,Office,4859735010004901,SBIN0378975,HDFC Bank,Current,4353744898,nikita.kala108@example.com,nikitakala526@oksbi,Active,1,2026-07-30 17:43:16,2026-08-06 10:32:16,Mobile App
991,Varenya Bali,Brother,5423357128149162,UTIB0278718,IDFC First Bank,Savings,5559557557,varenya.bali589@example.com,,Inactive,0,2025-06-21 19:13:35,,Mobile App
673,Vrinda Rastogi,Mom,3824239139911185,KKBK0867074,IDFC First Bank,Savings,2134538595,vrinda.rastogi18@example.com,vrindarastogi1094@paytm,Blocked,1,2026-03-13 22:35:41,2026-03-15 06:42:41,Mobile App
902,Naksh Bala,Sister,5303788191027643,KKBK0819631,Punjab National Bank,Current,7304604014,naksh.bala772@example.com,nakshbala5512@paytm,Active,0,2026-01-21 19:34:57,,Internet Banking
833,Hema Loke,Sister,815343262813495,YESB0859745,Yes Bank,Savings,8926656100,,hemaloke9237@ybl,Active,0,2024-09-16 13:58:17,,Internet Banking
729,Ishani Zacharia,Business,9474307602708209,PUNB0134119,Punjab National Bank,Savings,,ishani.zacharia882@example.com,ishanizacharia2281@okicici,Inactive,1,2025-08-08 10:11:02,2025-08-14 07:09:02,Mobile App
689,Aradhana Mukherjee,Office,2471525194209597,HDFC0850910,Kotak Mahindra Bank,Savings,9371241048,,aradhanamukherjee7373@paytm,Inactive,0,2025-10-18 16:26:21,,Internet Banking
387,Anmol Badal,Dad,718650623030247,YESB0841841,State Bank of India,Savings,9559748365,,,Inactive,1,2025-10-08 20:03:30,2025-10-15 16:21:30,Branch
432,Maya Sunder,Mom,1099249800037540,ICIC0444170,Punjab National Bank,Savings,7085793881,maya.sunder224@example.com,,Active,1,2025-09-20 09:16:39,2025-09-20 10:30:39,Branch
784,Jagvi Dhar,Personal,3063803985388799,KKBK0010962,Union Bank of India,Savings,6127982239,jagvi.dhar643@example.com,jagvidhar1478@okhdfcbank,Active,1,2025-10-12 10:12:50,2025-10-15 16:14:50,Internet Banking
435,Guneet Kapur,,9510566925982309,IDFB0046298,Canara Bank,Savings,,guneet.kapur49@example.com,guneetkapur5109@okicici,Active,1,2025-10-04 03:43:14,2025-10-09 10:02:14,Mobile App
895,Gaurang Manne,Brother,7948761461170833,INDB0313374,HDFC Bank,Savings,9575442799,gaurang.manne982@example.com,,Active,1,2024-11-06 13:30:21,2024-11-07 10:16:21,Mobile App
143,Zansi Gera,,3076889386426180,CNRB0054993,Axis Bank,Savings,4358127357,zansi.gera607@example.com,zansigera2155@okicici,Active,1,2024-07-10 04:47:43,2024-07-11 22:16:43,Internet Banking
190,Vihaan Luthra,,2124201692747185,YESB0042353,Axis Bank,Savings,3797929926,vihaan.luthra304@example.com,vihaanluthra8225@paytm,Active,1,2026-05-23 00:00:45,2026-05-26 10:16:45,Internet Banking
173,Garima Garg,,5174073498860415,INDB0986107,Punjab National Bank,Savings,6901096137,garima.garg232@example.com,garimagarg7865@ybl,Active,0,2024-10-19 19:21:14,,Internet Banking
602,Robert Kata,,2893095269066566,IDFB0170716,Canara Bank,Savings,0860753405,robert.kata42@example.com,robertkata509@okhdfcbank,Inactive,1,2024-07-11 01:11:23,2024-07-12 01:08:23,Mobile App
933,Madhav Sandhu,Brother,4582943483284455,SBIN0210794,HDFC Bank,Current,4350803782,madhav.sandhu716@example.com,madhavsandhu2483@oksbi,Active,1,2024-01-26 08:18:18,2024-01-28 16:12:18,Internet Banking
227,Libni Sangha,Mom,6076089117878877,CNRB0820711,Axis Bank,Savings,4376542913,libni.sangha60@example.com,libnisangha6173@oksbi,Blocked,1,2026-04-08 02:29:35,2026-04-10 21:49:35,Branch
457,Nidhi Minhas,Sister,4555130686729339,YESB0098412,State Bank of India,Savings,5373582528,nidhi.minhas167@example.com,nidhiminhas7155@okhdfcbank,Active,0,2025-01-11 21:22:09,,Mobile App
207,Michael Mody,,5548046611892592,ICIC0344934,ICICI Bank,Savings,3337151927,michael.mody153@example.com,michaelmody2917@okicici,Active,1,2025-04-03 07:16:42,2025-04-06 04:24:42,Mobile App
302,Januja Bhatnagar,,2131355658346612,PUNB0234762,IndusInd Bank,Current,6525909730,,janujabhatnagar7465@ybl,Active,1,2026-04-26 03:06:15,2026-05-01 02:36:15,Mobile App
888,Wazir Parmer,Dad,5302030115096877,INDB0851315,Canara Bank,Savings,4343394767,,,Active,1,2024-01-23 22:42:00,2024-01-28 14:46:00,Mobile App
576,Arjun Mital,Office,9214571734656095,BARB0367623,Canara Bank,Savings,4176698034,arjun.mital452@example.com,arjunmital2506@okhdfcbank,Active,1,2024-10-26 03:02:46,2024-11-01 10:03:46,Internet Banking
366,Faris Palan,Sister,2057395083914317,SBIN0410686,Bank of Baroda,Savings,5346441822,faris.palan536@example.com,farispalan4049@paytm,Active,1,2025-09-18 03:55:16,2025-09-23 21:15:16,Internet Banking
529,Azaan Banik,Personal,9056109559122324,SBIN0172139,Axis Bank,Savings,1513491390,,azaanbanik4024@okhdfcbank,Active,1,2025-07-25 19:28:28,2025-07-28 10:28:28,Mobile App
964,Ayushman Sanghvi,Personal,4025922103877756,UTIB0276743,IndusInd Bank,Savings,8735201815,,ayushmansanghvi2989@okhdfcbank,Active,1,2024-08-19 15:59:36,2024-08-22 14:23:36,Internet Banking
624,Michael Devi,,1644653706245021,CNRB0512715,IDFC First Bank,Savings,8042583601,michael.devi743@example.com,michaeldevi5233@okicici,Active,0,2026-06-09 01:49:31,,Internet Banking
829,Zayan Chaudhary,Personal,7269158662492223,CNRB0094455,IndusInd Bank,Savings,0503012363,zayan.chaudhary970@example.com,,Active,1,2025-01-27 23:06:26,2025-02-01 06:48:26,Mobile App
767,Ira Dugar,Personal,8817888178237037,HDFC0312788,ICICI Bank,Savings,1067611044,,,Active,1,2026-01-17 00:53:54,2026-01-22 07:53:54,Mobile App
443,Deepa Virk,Personal,4829813326704306,HDFC0128903,State Bank of India,Savings,2493211812,deepa.virk573@example.com,deepavirk6009@ybl,Active,1,2025-08-02 01:59:55,2025-08-04 22:31:55,Internet Banking
327,Andrew Dash,,7596224488098623,UBIN0943449,HDFC Bank,Savings,9059418678,,,Active,1,2024-10-13 00:13:02,2024-10-17 17:08:02,Mobile App
319,Diya Rege,Home,1590530982751992,CNRB0439774,Union Bank of India,Savings,,diya.rege846@example.com,,Active,1,2025-10-16 22:17:13,2025-10-17 13:44:13,Mobile App
396,Gagan Kaul,Vendor,75915200655882,HDFC0039646,IDFC First Bank,Current,,gagan.kaul349@example.com,,Active,1,2024-04-03 09:37:40,2024-04-07 09:31:40,Mobile App
675,Pallavi Srinivasan,Office,1700334808929624,UTIB0195842,HDFC Bank,Current,3181018943,pallavi.srinivasan476@example.com,,Active,1,2024-03-14 01:01:55,2024-03-20 12:25:55,Mobile App
336,Vansha Dutta,Office,3069286451996924,KKBK0129754,IDFC First Bank,Current,7722698226,vansha.dutta712@example.com,vanshadutta8707@ybl,Active,1,2025-05-28 09:46:07,2025-06-02 00:16:07,Mobile App
366,Warhi Oza,Mom,9400396929775320,KKBK0867135,IndusInd Bank,Savings,2813069167,warhi.oza350@example.com,,Active,1,2026-01-29 11:50:24,2026-01-29 14:33:24,Mobile App
486,Zansi Bains,Mom,5228995380918787,IDFB0567327,State Bank of India,Savings,0886989395,,,Active,1,2024-01-31 09:05:02,2024-02-05 10:04:02,Mobile App
298,Jeet Mann,Brother,5362006376637681,BARB0240907,Axis Bank,Savings,,jeet.mann375@example.com,jeetmann5828@oksbi,Active,1,2024-02-15 06:39:52,2024-02-22 05:29:52,Mobile App
990,Anvi Pillai,Office,8916242881190182,HDFC0934240,State Bank of India,Savings,8947830489,,anvipillai734@ybl,Active,1,2024-01-05 12:29:29,2024-01-05 21:05:29,Mobile App
223,Aarnav Madan,Office,7422725495266110,UTIB0386813,Canara Bank,Savings,1639129159,,aarnavmadan4151@okaxis,Inactive,1,2024-06-22 17:51:39,2024-06-29 16:22:39,Internet Banking
110,Ishanvi Cherian,Personal,2882738886975342,BARB0689644,State Bank of India,Savings,6956744866,ishanvi.cherian930@example.com,ishanvicherian1572@oksbi,Active,1,2025-11-01 22:34:40,2025-11-03 20:49:40,Internet Banking
382,Gautami Pai,,4160019573215101,PUNB0966842,Union Bank of India,Savings,0306668522,gautami.pai867@example.com,gautamipai8401@okicici,Active,1,2025-08-07 19:00:59,2025-08-13 22:18:59,Branch
611,Divya Soman,Home,6850519747655251,CNRB0528209,Punjab National Bank,Savings,0334623320,divya.soman170@example.com,,Active,1,2024-10-29 08:25:11,2024-11-05 03:34:11,Internet Banking
565,Robert Bhatia,Home,6007398597042853,HDFC0307192,HDFC Bank,Current,0812932819,robert.bhatia571@example.com,,Inactive,1,2026-01-05 20:01:04,2026-01-06 13:04:04,Mobile App
53,Chakradhar Kakar,Brother,3371839270704271,UBIN0787572,IndusInd Bank,Current,3628661237,chakradhar.kakar36@example.com,,Active,1,2026-08-08 02:23:36,2026-08-13 15:49:36,Internet Banking
509,Abhimanyu Mohanty,Vendor,4943140599894495,PUNB0397025,Union Bank of India,Savings,2663017813,abhimanyu.mohanty238@example.com,abhimanyumohanty6031@paytm,Active,1,2024-02-23 19:08:36,2024-03-01 19:03:36,Mobile App
208,Januja Sundaram,,8932096615394462,UTIB0837480,Union Bank of India,Savings,7498166236,januja.sundaram567@example.com,,Active,1,2026-06-27 04:19:38,2026-07-03 05:22:38,Internet Banking
191,Veer Khatri,Sister,6570238238167808,UTIB0961952,HDFC Bank,Savings,9736091951,veer.khatri789@example.com,veerkhatri4335@paytm,Active,1,2025-11-16 03:35:38,2025-11-19 17:01:38,Mobile App
43,Tejas Bir,Office,5829473744259252,UBIN0797212,Yes Bank,Current,2717992702,tejas.bir590@example.com,tejasbir6418@oksbi,Active,1,2024-07-17 01:09:26,2024-07-20 14:33:26,Internet Banking
103,Falan Ranganathan,Home,2817771166636118,INDB0206335,Union Bank of India,Current,0840553058,,falanranganathan3464@paytm,Active,1,2025-08-28 14:28:02,2025-08-30 17:35:02,Mobile App
305,Oeshi Khare,,921412793027910,BARB0373047,Kotak Mahindra Bank,Savings,,oeshi.khare32@example.com,,Active,1,2024-08-16 03:29:18,2024-08-22 02:10:18,Mobile App
878,Madhav Puri,,8633616966878970,INDB0934550,Yes Bank,Savings,1417692417,,,Blocked,1,2026-06-06 05:47:08,2026-06-06 15:57:08,Internet Banking
24,Nandini Chacko,Sister,9711987280235688,ICIC0686006,HDFC Bank,Savings,1764217503,nandini.chacko836@example.com,nandinichacko3141@oksbi,Active,1,2025-12-21 05:03:56,2025-12-24 21:20:56,Internet Banking
431,Osha Wali,,2824183351471675,SBIN0882967,IndusInd Bank,Current,,osha.wali942@example.com,oshawali1308@oksbi,Active,1,2026-06-11 18:57:27,2026-06-13 13:55:27,Mobile App
134,Harish Shenoy,Brother,6551303553547874,ICIC0982120,Bank of Baroda,Savings,2271327009,harish.shenoy935@example.com,,Active,1,2025-06-10 05:39:50,2025-06-14 16:05:50,Mobile App
798,Chanchal Saraf,,6682005862576891,SBIN0403085,Canara Bank,Savings,8763373234,,chanchalsaraf2022@paytm,Active,1,2024-10-28 18:33:29,2024-11-04 07:33:29,Mobile App
648,Rishi Rajagopalan,Brother,3476823173829571,HDFC0508711,IDFC First Bank,Savings,3468125097,rishi.rajagopalan602@example.com,,Inactive,0,2024-02-15 09:41:10,,Mobile App
280,Fiyaz Bansal,Sister,8002491639291202,KKBK0291735,HDFC Bank,Current,9722106688,fiyaz.bansal371@example.com,fiyazbansal6870@okicici,Active,1,2026-06-06 05:18:52,2026-06-06 15:41:52,Internet Banking
628,Edhitha Merchant,,6579263058657368,PUNB0431167,Bank of Baroda,Savings,0908833690,edhitha.merchant221@example.com,edhithamerchant7562@okhdfcbank,Active,1,2025-01-21 08:23:19,2025-01-23 23:29:19,Mobile App
781,Urvi Bajaj,Brother,2915959388357195,IDFB0918356,State Bank of India,Savings,5221393663,urvi.bajaj867@example.com,urvibajaj4404@okicici,Active,0,2024-07-19 10:42:23,,Mobile App
716,Sathvik Saran,Personal,880021398234368,CNRB0995427,Axis Bank,Savings,5386017007,sathvik.saran450@example.com,sathviksaran4410@oksbi,Active,1,2024-04-19 11:48:40,2024-04-19 17:06:40,Internet Banking
262,Yachana Kurian,,2309019153774798,INDB0654451,State Bank of India,Current,4513295657,,,Active,0,2025-12-20 01:44:45,,Mobile App
931,Aahana Upadhyay,Home,8430797167046919,KKBK0750140,State Bank of India,Savings,5942520027,aahana.upadhyay165@example.com,,Active,1,2026-03-03 04:55:45,2026-03-04 11:03:45,Branch
559,Harshil Bassi,Friend,9793931144984621,PUNB0478947,ICICI Bank,Savings,0637572451,harshil.bassi617@example.com,,Active,1,2024-12-17 21:42:32,2024-12-23 00:07:32,Mobile App
253,Unni Kade,Mom,547707553797446,UTIB0932277,Union Bank of India,Savings,7439011253,,unnikade240@okicici,Active,1,2025-08-11 14:58:22,2025-08-16 10:57:22,Internet Banking
814,Ridhi Sachar,,7358777848039187,UTIB0214311,ICICI Bank,Savings,,ridhi.sachar85@example.com,ridhisachar5009@okaxis,Active,1,2025-08-03 11:23:43,2025-08-09 04:57:43,Internet Banking
692,Nandini Pai,Personal,847608925442042,IDFB0818789,Yes Bank,Savings,7780758764,nandini.pai936@example.com,nandinipai5235@ybl,Active,1,2025-08-06 07:46:38,2025-08-06 14:26:38,Mobile App
482,Max Char,Personal,6329625416083571,ICIC0963771,Canara Bank,Current,7798253143,max.char768@example.com,,Active,1,2024-06-02 22:35:53,2024-06-08 01:14:53,Mobile App
560,Pooja Banik,,2496580840451750,ICIC0722213,Kotak Mahindra Bank,Savings,6256619851,pooja.banik879@example.com,poojabanik780@paytm,Active,1,2026-02-18 02:09:45,2026-02-23 02:39:45,Mobile App
161,Jackson Deol,Home,2067691740690811,UTIB0256277,Axis Bank,Savings,4635456558,jackson.deol996@example.com,jacksondeol5413@ybl,Active,1,2024-06-29 02:28:17,2024-07-02 19:41:17,Mobile App
222,Dalbir Kade,Brother,8321543944506725,PUNB0986221,IDFC First Bank,Savings,1361804149,dalbir.kade175@example.com,dalbirkade3963@okicici,Active,1,2025-12-05 11:08:40,2025-12-12 05:51:40,Mobile App
618,Ayush Dubey,Business,9362694124313325,UBIN0633801,Axis Bank,Savings,3669709634,ayush.dubey664@example.com,ayushdubey1217@okaxis,Active,1,2024-05-19 03:29:37,2024-05-20 17:17:37,Mobile App
891,Reva Bhakta,Mom,333797659030672,IDFB0508497,ICICI Bank,Current,7981619295,,,Active,1,2026-04-26 16:38:26,2026-04-30 09:11:26,Mobile App
856,Faras Sahota,Office,8973525313753506,INDB0872740,Axis Bank,Current,,faras.sahota597@example.com,,Active,1,2026-03-15 19:29:40,2026-03-20 10:49:40,Mobile App
517,Siya Bedi,Friend,5136774619074627,IDFB0848848,ICICI Bank,Savings,7683525768,siya.bedi365@example.com,,Active,1,2024-07-11 12:53:23,2024-07-15 21:10:23,Branch
175,Harini Sami,Brother,6835401571652335,KKBK0044926,Bank of Baroda,Savings,,harini.sami541@example.com,harinisami6957@okaxis,Active,1,2025-11-24 04:14:45,2025-11-24 08:00:45,Mobile App
894,Nachiket Dara,,1209503107997113,HDFC0090716,Axis Bank,Savings,4115178761,nachiket.dara465@example.com,nachiketdara456@paytm,Active,1,2024-01-17 20:26:11,2024-01-19 00:23:11,Mobile App
509,Wahab Dutta,Brother,872166088440459,YESB0623993,Axis Bank,Savings,9970465413,wahab.dutta623@example.com,wahabdutta6582@ybl,Active,1,2025-01-10 09:13:25,2025-01-11 20:34:25,Internet Banking
163,Falak Merchant,Dad,6213003340414999,YESB0405626,IDFC First Bank,Savings,0154651246,falak.merchant944@example.com,,Active,1,2025-04-02 14:44:42,2025-04-05 19:46:42,Mobile App
43,Timothy Nath,Personal,9114958671230164,PUNB0866650,IDFC First Bank,Savings,4563825747,,,Active,0,2024-11-09 01:40:12,,Mobile App
436,Osha Sule,Mom,8316875769411146,ICIC0265465,Union Bank of India,Savings,7162928118,osha.sule746@example.com,oshasule1015@okaxis,Active,0,2025-08-11 01:01:50,,Mobile App
139,Panini Chaudry,Sister,7572427113805622,ICIC0079777,HDFC Bank,Savings,3423764618,panini.chaudry248@example.com,paninichaudry4945@oksbi,Active,1,2026-02-28 20:29:55,2026-03-02 12:32:55,Mobile App
302,Sarthak Bath,Office,633171178200873,ICIC0633187,Punjab National Bank,Savings,2086873106,sarthak.bath949@example.com,sarthakbath877@okaxis,Active,1,2025-05-30 19:45:16,2025-06-05 01:10:16,Mobile App
723,Yatin Modi,Personal,9906567983747583,KKBK0929269,HDFC Bank,Current,4858259283,yatin.modi489@example.com,,Active,1,2024-09-19 07:14:00,2024-09-21 03:29:00,Mobile App
14,Chatresh Ranganathan,Brother,1144473553546868,BARB0325465,Yes Bank,Savings,,,,Inactive,0,2024-05-25 04:58:10,,Branch
278,Dayamai Mannan,,9093968279709476,ICIC0195572,Kotak Mahindra Bank,Savings,,dayamai.mannan475@example.com,,Active,1,2024-10-06 09:51:15,2024-10-08 12:05:15,Mobile App
75,Chandran Yadav,,2547146592079146,UTIB0869211,State Bank of India,Savings,5696324632,chandran.yadav812@example.com,chandranyadav8141@paytm,Active,1,2025-03-03 20:56:01,2025-03-06 02:37:01,Mobile App
975,Yagnesh Toor,Mom,2498469368743332,ICIC0723428,Bank of Baroda,Savings,6854911626,yagnesh.toor789@example.com,yagneshtoor7345@ybl,Active,1,2025-06-29 05:23:40,2025-07-04 11:50:40,Internet Banking
173,Qarin Kothari,Friend,2221986488382336,UTIB0446188,ICICI Bank,Savings,4976455322,qarin.kothari331@example.com,,Active,1,2026-01-30 20:18:21,2026-01-31 03:56:21,Mobile App
755,Aachal Mammen,,792824209980108,KKBK0788189,State Bank of India,Savings,1088369585,aachal.mammen968@example.com,,Active,1,2025-01-01 16:54:45,2025-01-08 14:35:45,Internet Banking
810,Ekantika Brar,,1455186116076848,PUNB0818602,Punjab National Bank,Savings,8172948422,,ekantikabrar2352@oksbi,Active,1,2026-06-08 06:18:05,2026-06-10 18:44:05,Internet Banking
947,Jyoti Kumer,,9071439190596602,INDB0270043,IndusInd Bank,Savings,8138318012,jyoti.kumer826@example.com,jyotikumer6690@ybl,Active,0,2025-10-28 19:29:56,,Internet Banking
366,Nimrat Bhalla,Dad,2192138236414494,BARB0354461,ICICI Bank,Savings,0544172295,nimrat.bhalla704@example.com,nimratbhalla2492@okaxis,Inactive,0,2024-05-02 19:31:33,,Internet Banking
124,Ekaja Bath,Personal,6220689544909097,SBIN0334355,Canara Bank,Savings,5962444047,ekaja.bath340@example.com,,Active,1,2025-05-01 01:41:29,2025-05-06 11:10:29,Mobile App
881,Bhavna Soman,Dad,7905123079128564,UTIB0812093,Bank of Baroda,Savings,7687211106,,bhavnasoman9266@ybl,Inactive,0,2025-12-29 13:25:08,,Mobile App
467,Hardik Ahluwalia,,8013489764720908,KKBK0339158,Axis Bank,Savings,0710769766,hardik.ahluwalia459@example.com,hardikahluwalia8050@ybl,Blocked,1,2026-03-20 04:24:08,2026-03-24 16:11:08,Mobile App
449,Dakshesh Dugar,,3858602938838162,PUNB0195804,State Bank of India,Current,3012985568,dakshesh.dugar539@example.com,,Inactive,0,2024-05-25 18:21:53,,Mobile App
316,Gaurang Iyer,Personal,8173621140957590,INDB0751876,State Bank of India,Savings,9329113170,,gaurangiyer8974@okicici,Active,1,2026-08-10 18:56:29,2026-08-16 01:37:29,Mobile App
600,Gavin Badami,,3215638598111211,HDFC0136893,Union Bank of India,Savings,,gavin.badami31@example.com,,Active,1,2025-04-26 20:27:20,2025-04-26 20:34:20,Internet Banking
933,Ekaraj Butala,Mom,3340022210501372,KKBK0350585,IndusInd Bank,Savings,4511033730,ekaraj.butala326@example.com,,Active,0,2024-11-14 03:08:04,,Internet Banking
791,Bhavika Doctor,Personal,7756456997530751,YESB0680894,Yes Bank,Savings,2505803656,,bhavikadoctor6751@okaxis,Inactive,1,2025-12-16 03:11:56,2025-12-18 08:48:56,Internet Banking
385,Falguni Zacharia,,5589976773881921,UTIB0053451,IDFC First Bank,Savings,1967637405,falguni.zacharia264@example.com,falgunizacharia1366@okhdfcbank,Active,1,2025-05-22 11:24:16,2025-05-24 17:51:16,Mobile App
917,Samuel Om,Business,9251765775056299,HDFC0681393,Bank of Baroda,Savings,6281592875,samuel.om896@example.com,,Active,1,2025-02-20 08:23:44,2025-02-20 15:55:44,Mobile App
154,Ladli Chokshi,Personal,8127937961035270,INDB0800435,Yes Bank,Savings,4930377985,ladli.chokshi528@example.com,ladlichokshi7234@ybl,Active,1,2024-09-07 22:02:15,2024-09-12 03:15:15,Internet Banking
261,Widisha Dash,Office,1590527687744130,UBIN0340553,Yes Bank,Current,4279027302,widisha.dash126@example.com,,Active,1,2024-11-07 17:46:05,2024-11-13 06:51:05,Internet Banking
142,Aditya Rastogi,Home,3708476013219450,HDFC0212444,Punjab National Bank,Savings,5009594306,aditya.rastogi30@example.com,adityarastogi3696@ybl,Active,1,2025-03-15 23:49:09,2025-03-17 18:33:09,Mobile App
992,Patrick Tank,Business,5159864712848073,INDB0824018,HDFC Bank,Savings,3985872140,patrick.tank793@example.com,patricktank1781@okaxis,Active,0,2025-10-26 09:04:07,,Mobile App
808,Saanvi Dora,Mom,6823614665251814,IDFB0413820,HDFC Bank,Savings,0493086633,saanvi.dora550@example.com,saanvidora6562@ybl,Active,0,2026-06-22 02:54:28,,Mobile App
97,Harinakshi Munshi,Business,7457143572326225,BARB0027258,Axis Bank,Savings,5735812008,harinakshi.munshi151@example.com,harinakshimunshi9666@oksbi,Active,1,2025-09-10 01:12:29,2025-09-10 12:22:29,Internet Banking
269,Bhavani Palla,Home,1964952390537741,SBIN0651220,Axis Bank,Savings,6229962913,bhavani.palla68@example.com,bhavanipalla679@okaxis,Active,1,2026-06-21 06:50:00,2026-06-25 03:31:00,Internet Banking
998,Karan Deep,Friend,5833177887745591,UTIB0802813,ICICI Bank,Savings,,karan.deep406@example.com,,Active,1,2025-05-30 21:13:46,2025-06-04 10:15:46,Mobile App
938,Tejas Savant,Office,7866833735104686,UTIB0646134,Union Bank of India,Current,2020475475,tejas.savant574@example.com,,Inactive,1,2024-10-13 05:37:02,2024-10-18 12:00:02,Branch
129,Ansh Parmer,,844218019280699,IDFB0582220,IndusInd Bank,Savings,1121988338,,anshparmer4887@okaxis,Active,1,2026-04-21 14:40:54,2026-04-25 21:17:54,Mobile App
549,Veer Seshadri,Mom,2856596453708121,HDFC0495855,Bank of Baroda,Savings,6720647892,veer.seshadri802@example.com,,Active,0,2025-05-14 06:08:49,,Internet Banking
172,Abeer Banik,Office,8775957951590904,BARB0715976,IDFC First Bank,Savings,4918169511,abeer.banik189@example.com,abeerbanik5390@okaxis,Active,1,2025-12-08 10:36:54,2025-12-12 20:17:54,Internet Banking
587,Janani Sandal,Friend,8291472230635122,CNRB0039553,ICICI Bank,Current,2585882060,janani.sandal820@example.com,,Active,1,2025-08-04 23:12:17,2025-08-06 11:37:17,Mobile App
106,Zinal Mani,Office,6829116028993305,IDFB0486927,Axis Bank,Savings,8901956464,zinal.mani118@example.com,zinalmani6798@paytm,Inactive,1,2024-11-11 17:24:03,2024-11-11 20:09:03,Branch
784,Nachiket Sheth,Friend,8482629762195291,KKBK0021376,Canara Bank,Savings,6332192857,nachiket.sheth832@example.com,nachiketsheth1357@okhdfcbank,Active,1,2025-09-22 17:31:20,2025-09-24 18:18:20,Mobile App
517,Rehaan Nagar,Business,5836261220480032,UBIN0436118,State Bank of India,Savings,4330529586,rehaan.nagar864@example.com,rehaannagar239@ybl,Active,1,2024-06-11 20:15:40,2024-06-18 00:15:40,Internet Banking
871,Harini Pandit,Personal,6819946464727940,BARB0767984,Bank of Baroda,Current,9427001042,,harinipandit3986@ybl,Active,1,2025-05-06 14:00:32,2025-05-09 15:29:32,Internet Banking
60,Joshua Raju,Business,5025018858879802,INDB0222504,IndusInd Bank,Current,5975346074,joshua.raju370@example.com,joshuaraju2286@okhdfcbank,Active,0,2024-06-27 03:26:42,,Internet Banking
24,Ekbal Bawa,Business,1994584523118629,IDFB0177062,IDFC First Bank,Savings,4697181911,ekbal.bawa833@example.com,ekbalbawa4903@okhdfcbank,Active,1,2026-06-04 00:29:01,2026-06-06 03:56:01,Internet Banking
483,Teerth Ganesan,Personal,6316179047612236,INDB0502168,Yes Bank,Savings,0851884354,teerth.ganesan734@example.com,teerthganesan1805@okhdfcbank,Active,1,2024-04-26 10:26:08,2024-04-28 04:36:08,Internet Banking
366,Xiti Bhatti,Brother,404230863933889,UBIN0431196,ICICI Bank,Current,7262725604,,,Active,1,2024-07-21 22:59:22,2024-07-22 16:53:22,Mobile App
809,Jyoti Amble,Home,5635388256580404,CNRB0141196,Punjab National Bank,Current,1205566271,jyoti.amble907@example.com,jyotiamble76@oksbi,Active,1,2025-09-26 16:54:16,2025-09-28 02:35:16,Mobile App
200,Anita Seth,Home,632836361802147,UTIB0334932,ICICI Bank,Savings,3423957626,anita.seth208@example.com,,Active,1,2026-03-23 23:38:56,2026-03-25 00:53:56,Branch
984,Krishna Dhar,,4238417633339349,KKBK0167247,Kotak Mahindra Bank,Savings,,krishna.dhar330@example.com,krishnadhar6128@okaxis,Inactive,0,2024-07-31 20:30:27,,Internet Banking
529,Chandresh Deo,Home,1289017824473645,PUNB0435361,IDFC First Bank,Savings,7416983234,chandresh.deo689@example.com,chandreshdeo806@ybl,Inactive,1,2025-06-07 20:08:52,2025-06-11 17:35:52,Mobile App
826,Prisha Ramachandran,Personal,9778104934195593,SBIN0406154,State Bank of India,Savings,,,,Active,0,2025-06-01 03:57:46,,Internet Banking
590,Nitara Butala,Home,8174963658528976,BARB0845919,IDFC First Bank,Savings,6610845643,nitara.butala398@example.com,nitarabutala2580@okaxis,Active,1,2024-07-02 22:38:53,2024-07-08 12:04:53,Mobile App
854,Edhitha Wable,Brother,1276326918632024,IDFB0367444,Axis Bank,Savings,3681731497,,,Inactive,1,2024-04-05 07:11:32,2024-04-10 02:57:32,Mobile App
809,Warjas Sahota,,4580043187588697,ICIC0616777,Bank of Baroda,Current,0417674728,warjas.sahota854@example.com,warjassahota1287@ybl,Active,1,2025-02-26 02:15:10,2025-03-01 18:34:10,Branch
263,Sara Raval,Home,268292426620312,ICIC0196339,HDFC Bank,Savings,7326195615,sara.raval736@example.com,sararaval4381@ybl,Active,1,2024-06-18 05:17:39,2024-06-20 17:35:39,Mobile App
385,Nakul Singh,Dad,5197596900858815,PUNB0819384,Canara Bank,Savings,2708833067,nakul.singh384@example.com,nakulsingh2705@okaxis,Active,1,2024-03-15 17:47:40,2024-03-17 19:03:40,Mobile App
268,Widisha Bahri,Vendor,6311347729278931,UBIN0947625,Canara Bank,Current,5655769220,widisha.bahri450@example.com,,Active,1,2025-03-09 09:48:40,2025-03-11 17:17:40,Internet Banking
470,Jagdish Pandey,Mom,9057850770258666,HDFC0486200,Punjab National Bank,Savings,2970377705,jagdish.pandey957@example.com,,Active,1,2024-11-08 07:22:15,2024-11-08 22:37:15,Branch
626,Theodore Pant,,4789114460819773,KKBK0490524,Punjab National Bank,Current,3780845162,theodore.pant984@example.com,theodorepant3149@oksbi,Active,1,2025-04-12 09:19:41,2025-04-12 12:41:41,Internet Banking
457,Devika Dash,,767647054794621,PUNB0360926,Bank of Baroda,Savings,0899652495,devika.dash518@example.com,devikadash4353@oksbi,Active,1,2026-04-03 21:38:06,2026-04-06 13:48:06,Internet Banking
203,Chaaya Som,Sister,1728685707689341,SBIN0774312,Yes Bank,Savings,0997702405,chaaya.som772@example.com,,Inactive,1,2025-04-12 00:50:38,2025-04-17 08:05:38,Mobile App
661,Vasudha Merchant,,3118330454494264,SBIN0831568,Axis Bank,Savings,3675583661,vasudha.merchant961@example.com,vasudhamerchant5649@okaxis,Active,0,2024-06-25 02:36:00,,Branch
38,Benjamin Choudhry,,4587748952210818,PUNB0727621,IndusInd Bank,Savings,5766846492,benjamin.choudhry340@example.com,,Active,1,2026-04-26 20:21:20,2026-05-02 23:04:20,Internet Banking
399,Yahvi Lanka,Home,5040844529884341,SBIN0937920,Bank of Baroda,Savings,1944904499,yahvi.lanka902@example.com,yahvilanka269@ybl,Active,1,2025-08-16 15:24:18,2025-08-18 02:21:18,Mobile App
339,Harrison Sanghvi,Office,7477222873248429,HDFC0023387,Union Bank of India,Savings,0514847277,,harrisonsanghvi2940@okaxis,Active,1,2025-12-24 13:39:27,2025-12-29 07:39:27,Internet Banking
641,Sarthak Deep,Personal,3572267044230728,UTIB0137686,Union Bank of India,Savings,6582454409,,,Active,1,2024-10-31 17:36:58,2024-11-02 14:55:58,Mobile App
532,Mason Kari,Business,9700827783263589,IDFB0693292,Axis Bank,Savings,,,masonkari9717@okicici,Active,1,2024-06-06 02:11:14,2024-06-11 02:42:14,Internet Banking
787,Samar Mannan,Sister,8931019850846468,PUNB0050303,ICICI Bank,Savings,0604877559,samar.mannan392@example.com,,Inactive,1,2026-04-24 11:12:58,2026-04-26 03:17:58,Mobile App
152,Ishanvi Ganesan,,9527206721150569,PUNB0212850,Kotak Mahindra Bank,Savings,,,,Active,1,2025-03-05 23:02:24,2025-03-08 20:51:24,Mobile App
237,Jyoti Manne,Vendor,8742590109122184,PUNB0367489,Kotak Mahindra Bank,Current,2020132657,jyoti.manne534@example.com,,Active,1,2024-09-06 01:51:30,2024-09-11 20:04:30,Mobile App
794,Upma Lalla,,220656801640571,UBIN0991408,Kotak Mahindra Bank,Current,4665961996,,upmalalla3635@ybl,Inactive,0,2025-09-21 00:14:53,,Internet Banking
861,Yahvi Thaker,,9247506313068699,SBIN0371970,Punjab National Bank,Savings,8139742073,yahvi.thaker34@example.com,,Active,1,2025-09-02 11:33:54,2025-09-06 22:04:54,Branch
987,Bachittar Ravi,Brother,856093743382396,HDFC0702927,Bank of Baroda,Savings,7045433454,bachittar.ravi486@example.com,bachittarravi51@okhdfcbank,Active,1,2024-10-31 02:44:53,2024-11-06 09:43:53,Mobile App
858,Anmol Varkey,Mom,481346663616087,INDB0822242,Axis Bank,Savings,9800185614,,,Active,1,2024-01-04 18:16:41,2024-01-08 22:27:41,Mobile App
287,Aadhya Deol,Office,8786744750280642,ICIC0177618,Punjab National Bank,Savings,7358257227,aadhya.deol478@example.com,aadhyadeol659@ybl,Active,1,2026-03-30 05:07:50,2026-03-31 11:45:50,Mobile App
66,Zilmil Sha,,5860304818230023,HDFC0480697,State Bank of India,Savings,6784059478,zilmil.sha79@example.com,,Active,1,2025-01-20 01:43:23,2025-01-26 01:30:23,Internet Banking
432,Orinder Raghavan,,4857414682713107,UBIN0835283,ICICI Bank,Savings,8798569035,orinder.raghavan857@example.com,,Active,1,2024-01-14 16:46:10,2024-01-20 23:54:10,Mobile App
183,Yashica Sathe,Office,5235197375634491,UBIN0682746,Punjab National Bank,Current,2321087734,yashica.sathe574@example.com,yashicasathe176@oksbi,Active,1,2024-05-15 01:07:27,2024-05-19 13:00:27,Internet Banking
678,Eiravati Pandey,Friend,5046686068048749,UBIN0445109,Union Bank of India,Savings,5012295154,,eiravatipandey9986@okhdfcbank,Active,1,2024-10-17 09:54:25,2024-10-22 18:17:25,Mobile App
892,Charita Mahajan,,3647661661207494,SBIN0752930,IndusInd Bank,Current,5217432812,charita.mahajan233@example.com,charitamahajan7070@oksbi,Active,1,2024-04-09 18:12:25,2024-04-14 15:07:25,Internet Banking
615,Nakul Bajaj,Mom,6525422812512288,YESB0035043,Union Bank of India,Savings,3120347196,nakul.bajaj850@example.com,nakulbajaj84@okaxis,Active,0,2024-01-02 16:38:52,,Mobile App
991,Yadavi Dora,Dad,8091851725737127,HDFC0257867,State Bank of India,Current,,,yadavidora3186@okaxis,Active,1,2024-06-20 12:53:11,2024-06-20 20:19:11,Internet Banking
338,Xalak Zachariah,,8122880979528590,INDB0607899,HDFC Bank,Current,7477440580,xalak.zachariah749@example.com,xalakzachariah5604@paytm,Active,1,2025-09-16 04:49:18,2025-09-22 09:21:18,Internet Banking
328,Abhimanyu Edwin,,7997448945721848,CNRB0672228,ICICI Bank,Savings,0096530369,,abhimanyuedwin2481@okhdfcbank,Active,1,2024-12-08 13:01:47,2024-12-14 06:37:47,Internet Banking
257,Zaid Balakrishnan,,2668502433017963,HDFC0357678,Canara Bank,Savings,1539946609,zaid.balakrishnan797@example.com,zaidbalakrishnan9558@ybl,Inactive,0,2024-05-17 23:25:52,,Mobile App
688,Tanvi Doctor,Sister,9270329232933211,ICIC0946906,State Bank of India,Savings,4656566192,tanvi.doctor870@example.com,tanvidoctor3448@okaxis,Active,1,2026-03-03 17:44:43,2026-03-06 18:35:43,Mobile App
542,Faqid Kale,Home,6737237049702207,CNRB0989033,ICICI Bank,Savings,2825776152,faqid.kale152@example.com,faqidkale4258@paytm,Active,0,2024-06-01 02:47:39,,Mobile App
481,Rachit Patil,,9891980643500319,UTIB0033103,ICICI Bank,Savings,1225004838,rachit.patil515@example.com,rachitpatil6617@oksbi,Active,1,2024-08-20 10:57:11,2024-08-21 18:33:11,Mobile App
819,Bhavya Basu,,8878552427750117,UTIB0633701,IDFC First Bank,Current,0493440930,bhavya.basu59@example.com,,Active,1,2025-10-20 17:16:22,2025-10-23 03:50:22,Mobile App
421,Jacob Ganesan,,4592535598135681,BARB0237916,Bank of Baroda,Current,6726921566,jacob.ganesan838@example.com,jacobganesan3690@oksbi,Active,1,2025-01-11 10:47:56,2025-01-14 18:38:56,Mobile App
711,Gopal Ray,,5074072860292840,YESB0676779,Union Bank of India,Savings,6557785425,gopal.ray271@example.com,gopalray1219@okicici,Active,1,2024-12-27 13:59:20,2025-01-02 09:26:20,Internet Banking
732,Raghav Mall,Brother,2017306293485902,UTIB0771497,Punjab National Bank,Savings,7044073732,raghav.mall372@example.com,raghavmall7025@okaxis,Active,1,2024-11-26 10:43:11,2024-11-30 11:37:11,Mobile App
112,Ijaya Sood,Personal,343095486912299,PUNB0179584,Yes Bank,Savings,3826771550,ijaya.sood336@example.com,ijayasood8524@okhdfcbank,Active,1,2025-10-04 21:47:39,2025-10-09 13:47:39,Internet Banking
736,Darika Hegde,Office,7150259772425031,KKBK0762451,ICICI Bank,Savings,6303917637,darika.hegde824@example.com,,Active,1,2025-01-13 15:15:42,2025-01-14 12:13:42,Mobile App
650,Aryan Palla,Vendor,838853275559249,UTIB0185873,Punjab National Bank,Savings,,aryan.palla886@example.com,aryanpalla256@okhdfcbank,Active,1,2026-06-26 15:50:59,2026-07-02 14:50:59,Mobile App
577,Vrinda Thakur,Sister,5464174662957975,INDB0078688,Yes Bank,Savings,4999361245,vrinda.thakur860@example.com,,Active,1,2026-03-27 00:18:49,2026-03-31 05:41:49,Mobile App
369,Janaki Chawla,Personal,5373731301593572,CNRB0851276,Yes Bank,Current,,,,Active,0,2025-05-15 18:12:31,,Mobile App
7,Nandini Mohanty,,6426029449911814,PUNB0270616,Canara Bank,Savings,8324005379,nandini.mohanty506@example.com,nandinimohanty8336@okhdfcbank,Active,1,2025-07-31 13:08:48,2025-08-02 09:48:48,Branch
559,Turvi Badal,Office,3336607004347539,HDFC0613981,IDFC First Bank,Savings,7023472850,turvi.badal979@example.com,turvibadal892@paytm,Active,1,2024-04-15 13:06:24,2024-04-18 23:36:24,Mobile App
880,Fitan Iyengar,Sister,1490514722678515,UTIB0731527,HDFC Bank,Savings,8891474356,fitan.iyengar536@example.com,fitaniyengar4802@oksbi,Active,1,2024-05-18 04:32:01,2024-05-24 14:21:01,Branch
156,Upkaar Parmar,Sister,6615556790895639,UTIB0965646,IDFC First Bank,Savings,5161364745,upkaar.parmar510@example.com,upkaarparmar7310@ybl,Active,1,2024-01-05 13:48:55,2024-01-09 04:52:55,Mobile App
755,Pooja Bhagat,Dad,7950566298158446,CNRB0310105,Axis Bank,Savings,4406758598,pooja.bhagat636@example.com,poojabhagat3135@okhdfcbank,Active,1,2025-10-13 23:41:17,2025-10-18 08:16:17,Mobile App
302,Chanchal Prakash,Brother,413267061236054,INDB0412745,HDFC Bank,Savings,0096635106,chanchal.prakash648@example.com,chanchalprakash213@oksbi,Active,1,2025-06-04 10:24:56,2025-06-05 05:04:56,Internet Banking
818,Turvi Bhasin,Vendor,1648715134254247,IDFB0032353,Kotak Mahindra Bank,Savings,7186622844,turvi.bhasin212@example.com,,Active,1,2025-03-13 19:45:51,2025-03-17 19:42:51,Internet Banking
238,Baljiwan Nigam,Office,9056823545729057,BARB0458931,HDFC Bank,Savings,4981665103,baljiwan.nigam315@example.com,baljiwannigam591@paytm,Active,1,2026-02-16 19:30:27,2026-02-21 16:42:27,Branch
535,Jack Hora,,6895807830511517,KKBK0018063,Kotak Mahindra Bank,Savings,8726279540,jack.hora771@example.com,,Active,0,2025-09-30 01:26:24,,Mobile App
557,Triya Kohli,Vendor,3563310671303437,CNRB0426723,Bank of Baroda,Savings,6688276397,triya.kohli290@example.com,triyakohli3134@okhdfcbank,Active,1,2025-07-03 13:06:27,2025-07-09 00:46:27,Mobile App
797,Girish Konda,Home,7791704114233605,PUNB0971819,ICICI Bank,Savings,9964752564,girish.konda796@example.com,,Active,1,2025-09-05 10:18:46,2025-09-08 15:25:46,Mobile App
787,Varsha Handa,Office,2632688694515565,IDFB0557597,Punjab National Bank,Savings,3648944330,varsha.handa172@example.com,varshahanda8926@okicici,Active,1,2024-09-14 22:02:05,2024-09-18 01:24:05,Mobile App
646,Parth Ramanathan,Brother,4492298999103332,KKBK0241917,IndusInd Bank,Savings,7929642548,parth.ramanathan24@example.com,parthramanathan4750@paytm,Active,1,2024-03-16 19:01:15,2024-03-22 03:46:15,Branch
493,Urmi Borah,,13641487861576,KKBK0937811,Union Bank of India,Current,4939516993,urmi.borah788@example.com,urmiborah605@okicici,Active,1,2025-07-07 17:58:09,2025-07-12 02:20:09,Mobile App
403,Omaja Lalla,Home,2213100223321529,YESB0874250,Kotak Mahindra Bank,Savings,7915744268,omaja.lalla185@example.com,,Active,1,2025-04-03 13:23:03,2025-04-05 06:18:03,Internet Banking
599,Amara Guha,,255113931760979,UTIB0344454,ICICI Bank,Savings,8014152589,amara.guha442@example.com,,Inactive,0,2025-04-25 11:30:49,,Internet Banking
990,Viraj Nori,,5863474562944199,UTIB0238265,IndusInd Bank,Savings,8267415421,viraj.nori606@example.com,,Active,0,2024-10-06 01:23:08,,Mobile App
545,Imaran Sabharwal,Office,5787691609386735,UTIB0136125,Yes Bank,Savings,,imaran.sabharwal202@example.com,imaransabharwal3694@oksbi,Active,1,2025-07-22 23:44:31,2025-07-24 17:49:31,Mobile App
733,Kala Shankar,Vendor,266722253390929,HDFC0312431,Kotak Mahindra Bank,Savings,4887555339,kala.shankar821@example.com,kalashankar5487@okhdfcbank,Active,1,2025-11-14 09:57:51,2025-11-15 22:40:51,Mobile App
922,Ria Sama,Friend,1542231341995001,SBIN0831180,IndusInd Bank,Savings,3488044267,,riasama6224@ybl,Active,1,2026-04-26 12:02:58,2026-05-02 06:03:58,Mobile App
1000,Panini Ahluwalia,Personal,1194366299258673,UTIB0355332,Yes Bank,Savings,7368555665,panini.ahluwalia784@example.com,paniniahluwalia7274@okhdfcbank,Active,1,2025-07-07 12:23:45,2025-07-14 08:02:45,Internet Banking
740,Ridhi Chanda,Office,2052496042789152,ICIC0710982,HDFC Bank,Savings,4695161049,,ridhichanda6329@paytm,Active,1,2026-01-05 17:19:15,2026-01-06 09:35:15,Mobile App
835,Henry Pillay,Brother,2947238780171770,HDFC0609078,Union Bank of India,Current,6145594954,,henrypillay6560@okhdfcbank,Active,1,2024-05-23 04:24:03,2024-05-24 17:34:03,Internet Banking
586,Owen Ganesan,,7834390199032705,CNRB0513928,IDFC First Bank,Savings,9790250486,owen.ganesan390@example.com,owenganesan3564@okicici,Active,1,2025-05-09 05:54:55,2025-05-13 12:06:55,Branch
441,Bhanumati Jha,Office,8620900166735539,UTIB0507687,Punjab National Bank,Current,9883872218,bhanumati.jha999@example.com,bhanumatijha3884@okicici,Active,1,2024-12-16 16:34:01,2024-12-16 20:34:01,Mobile App
930,Mohini Gulati,Vendor,1884523694666326,UTIB0603493,IndusInd Bank,Savings,8831853913,mohini.gulati761@example.com,mohinigulati5130@okicici,Active,0,2024-11-27 13:41:02,,Mobile App
34,Nachiket Mittal,Home,5817197767301248,BARB0603517,Bank of Baroda,Savings,0056214859,nachiket.mittal795@example.com,,Active,1,2025-04-04 04:15:06,2025-04-04 20:14:06,Branch
495,Ishwar Ravi,Brother,1520846973752845,UTIB0610395,Axis Bank,Savings,8505809666,ishwar.ravi992@example.com,ishwarravi946@paytm,Active,1,2026-06-12 14:14:56,2026-06-14 21:16:56,Mobile App
100,Abhiram Ganguly,Personal,3258724474305396,KKBK0831920,Kotak Mahindra Bank,Savings,9543867907,abhiram.ganguly951@example.com,,Active,1,2024-05-08 08:35:43,2024-05-13 16:40:43,Internet Banking
654,Yauvani Bala,,2755540061766677,HDFC0705285,Kotak Mahindra Bank,Savings,8777566280,,yauvanibala6469@okicici,Active,0,2024-01-23 05:41:44,,Branch
454,Pratyush Sachar,Home,4412874815917996,PUNB0922132,IndusInd Bank,Savings,1913679868,pratyush.sachar958@example.com,,Active,1,2024-11-25 12:15:21,2024-11-28 07:09:21,Mobile App
573,Ganga D’Alia,Office,9472587393212388,KKBK0429578,IDFC First Bank,Current,,ganga.d’alia590@example.com,gangad’alia3628@paytm,Active,1,2024-11-28 18:32:22,2024-11-30 13:33:22,Mobile App
732,Raghav Divan,Personal,5957562072531421,UBIN0945115,Punjab National Bank,Savings,2528336189,raghav.divan756@example.com,raghavdivan4983@okhdfcbank,Active,1,2025-08-21 21:56:26,2025-08-22 17:24:26,Internet Banking
471,Girik Thaman,Vendor,9145233285663978,ICIC0362432,IDFC First Bank,Savings,2502187756,girik.thaman279@example.com,,Active,1,2026-08-17 08:59:32,2026-08-17 23:59:59,Internet Banking
863,Suhani Biswas,,7946007806592020,SBIN0257952,Union Bank of India,Savings,3555733053,suhani.biswas814@example.com,suhanibiswas5443@okicici,Active,1,2024-09-11 07:37:02,2024-09-15 09:08:02,Internet Banking
246,Chaitaly Naidu,Brother,989728006240577,INDB0942701,Bank of Baroda,Savings,1765004727,chaitaly.naidu963@example.com,,Active,1,2024-07-19 10:33:12,2024-07-22 17:56:12,Internet Banking
659,Barkha Suri,Friend,3772613732410230,SBIN0370221,Axis Bank,Savings,1276457434,barkha.suri29@example.com,barkhasuri7161@oksbi,Active,1,2025-10-16 13:23:25,2025-10-21 02:44:25,Mobile App
139,Advay Comar,,7859938591004616,KKBK0338612,Yes Bank,Savings,5882294330,advay.comar340@example.com,,Active,1,2025-07-23 01:29:48,2025-07-23 03:08:48,Branch
798,Robert Tella,Office,8113897193778130,IDFB0658981,Canara Bank,Savings,5228684732,robert.tella957@example.com,roberttella1000@okhdfcbank,Active,1,2025-06-02 03:38:25,2025-06-06 05:49:25,Mobile App
585,Ekalinga Chandra,Office,9288746509381928,ICIC0767695,ICICI Bank,Savings,7814155803,,,Inactive,0,2025-11-28 10:00:36,,Mobile App
319,Nihal Madan,,9388141038760290,INDB0087251,ICICI Bank,Current,1994861851,nihal.madan979@example.com,nihalmadan1155@okhdfcbank,Active,1,2025-02-03 20:46:11,2025-02-04 19:09:11,Mobile App
67,Bishakha Shah,,3179699916991795,IDFB0363363,IDFC First Bank,Savings,8783784214,,bishakhashah7965@paytm,Active,1,2024-12-15 04:20:31,2024-12-19 09:35:31,Mobile App
145,Yutika Thakur,Home,1821484665048661,PUNB0213962,Punjab National Bank,Savings,3404135981,yutika.thakur218@example.com,yutikathakur9031@ybl,Active,0,2025-01-24 09:08:17,,Internet Banking
873,Gagan Ratti,Personal,2192950531770126,ICIC0291957,Yes Bank,Savings,1280449419,gagan.ratti730@example.com,gaganratti714@oksbi,Inactive,0,2025-01-20 09:58:45,,Internet Banking
914,Kala Bava,Home,1513744849678136,SBIN0938272,IDFC First Bank,Savings,2914862550,kala.bava730@example.com,kalabava42@okicici,Active,1,2024-10-31 10:14:26,2024-11-05 23:28:26,Internet Banking
773,Rajeshri Tella,,4952525247271721,KKBK0200812,Kotak Mahindra Bank,Current,7571475920,rajeshri.tella337@example.com,rajeshritella5989@okicici,Active,1,2024-10-13 00:56:00,2024-10-18 04:50:00,Internet Banking
764,Samesh Mand,,2185324641389067,UTIB0129853,IndusInd Bank,Savings,4554648365,samesh.mand588@example.com,,Active,1,2024-03-17 15:44:16,2024-03-19 09:24:16,Mobile App
594,Upadhriti Goswami,Home,1328603008638513,SBIN0289074,HDFC Bank,Savings,2889948907,upadhriti.goswami735@example.com,upadhritigoswami4711@ybl,Active,1,2025-05-03 09:28:03,2025-05-05 21:17:03,Mobile App
415,Jeremiah Rama,Brother,3140380513719817,CNRB0672819,Kotak Mahindra Bank,Savings,,jeremiah.rama325@example.com,jeremiahrama875@okicici,Active,1,2025-09-01 21:39:03,2025-09-04 13:15:03,Internet Banking
306,Vivaan Dewan,Vendor,1121763794766201,UBIN0074179,State Bank of India,Savings,2255052479,,,Active,1,2026-02-08 10:22:55,2026-02-12 08:02:55,Mobile App
388,Ekaraj Shroff,Friend,5535935914677320,HDFC0822953,Bank of Baroda,Savings,9557108643,ekaraj.shroff816@example.com,ekarajshroff7394@okhdfcbank,Active,1,2026-04-29 14:54:54,2026-04-30 19:38:54,Internet Banking
569,Sathvik Dara,Personal,7107603713729775,UBIN0580050,Union Bank of India,Savings,0850533550,sathvik.dara200@example.com,sathvikdara5026@okicici,Active,1,2025-09-14 23:21:03,2025-09-21 15:59:03,Internet Banking
190,Charan Bose,Mom,9103456373239133,PUNB0551627,ICICI Bank,Savings,4667115552,charan.bose806@example.com,charanbose5173@okaxis,Active,1,2025-05-21 20:40:35,2025-05-28 06:11:35,Mobile App
577,Rachit Om,,2048699043916605,IDFB0459523,IDFC First Bank,Savings,6767351428,rachit.om742@example.com,,Inactive,0,2024-08-26 15:27:23,,Internet Banking
467,Samuel Amble,,8311715739815571,CNRB0575453,Punjab National Bank,Savings,8132884205,,samuelamble6397@okhdfcbank,Active,1,2026-07-16 11:22:22,2026-07-19 06:49:22,Mobile App
314,William Rajan,Personal,9253626066945773,UBIN0342041,IndusInd Bank,Current,5412328699,william.rajan807@example.com,williamrajan1047@paytm,Inactive,0,2025-03-11 15:26:47,,Mobile App
171,Nakul Mitra,,7755409911968402,ICIC0053011,Canara Bank,Savings,9482178104,,,Active,1,2026-06-07 06:00:28,2026-06-09 23:30:28,Internet Banking
523,Liam Zacharia,,2603133271689229,YESB0779272,HDFC Bank,Savings,3582721625,liam.zacharia644@example.com,liamzacharia4569@paytm,Active,0,2025-03-13 07:24:37,,Internet Banking
52,Idika Gaba,Friend,8927831169691761,ICIC0954891,IDFC First Bank,Savings,2257856805,,,Active,1,2025-06-19 17:07:01,2025-06-23 08:53:01,Internet Banking
637,Lopa Jha,Friend,6008891655877096,CNRB0855355,Union Bank of India,Savings,1270320268,lopa.jha557@example.com,lopajha2195@okaxis,Active,1,2026-06-06 19:10:26,2026-06-09 22:42:26,Mobile App
703,Chaitaly Buch,Business,998465623658664,PUNB0926282,HDFC Bank,Savings,6652101568,chaitaly.buch805@example.com,chaitalybuch6621@ybl,Inactive,0,2026-05-04 10:43:04,,Internet Banking
579,Krish Vaidya,Sister,5848179007235929,SBIN0739324,Bank of Baroda,Savings,2178903840,krish.vaidya723@example.com,krishvaidya7457@okhdfcbank,Active,1,2026-02-04 07:12:30,2026-02-09 05:23:30,Internet Banking
385,Amara Kapoor,Mom,358876310897828,ICIC0805376,Kotak Mahindra Bank,Savings,9454320916,amara.kapoor360@example.com,,Active,1,2025-05-17 01:24:44,2025-05-20 06:36:44,Mobile App
878,Niharika Dar,Sister,8513842943828305,HDFC0822711,Axis Bank,Savings,7788725031,niharika.dar779@example.com,niharikadar6708@oksbi,Blocked,1,2024-06-18 15:09:10,2024-06-23 19:36:10,Mobile App
852,Tripti Narasimhan,,7582981648407630,HDFC0763036,Union Bank of India,Current,1072229438,tripti.narasimhan106@example.com,,Active,1,2024-09-03 12:41:08,2024-09-09 01:31:08,Mobile App
914,Pratyush Bora,Vendor,7465932673062494,PUNB0335128,HDFC Bank,Savings,,pratyush.bora983@example.com,,Active,0,2024-04-22 02:06:59,,Internet Banking
886,Megha Deo,Office,7436449071228793,PUNB0138569,Canara Bank,Savings,5347797430,megha.deo507@example.com,,Inactive,1,2025-12-07 05:16:50,2025-12-10 07:40:50,Internet Banking
198,Nachiket Shah,,1203087111069736,HDFC0867761,ICICI Bank,Savings,1697485818,,nachiketshah8648@okaxis,Active,1,2025-12-12 05:38:25,2025-12-15 02:32:25,Mobile App
937,Bahadurjit Deol,Office,1681034391583475,BARB0203136,Yes Bank,Savings,8942475475,,,Active,1,2025-08-15 05:51:08,2025-08-21 09:08:08,Mobile App
322,Azad Gala,,1311065171651769,BARB0562493,Kotak Mahindra Bank,Savings,,azad.gala549@example.com,azadgala5602@okaxis,Active,1,2025-12-13 15:36:42,2025-12-15 08:56:42,Mobile App
379,Frederick Mangal,Vendor,8620129803694977,IDFB0190638,State Bank of India,Savings,9934203663,frederick.mangal600@example.com,frederickmangal3234@oksbi,Active,0,2026-06-23 14:43:48,,Mobile App
210,Avni Pai,Friend,7566408200665135,BARB0696959,HDFC Bank,Savings,9074374051,avni.pai479@example.com,avnipai851@ybl,Active,0,2026-07-12 08:01:01,,Mobile App
721,Upadhriti Baria,Friend,8790844023407695,IDFB0255576,HDFC Bank,Current,5815249638,,upadhritibaria8325@okicici,Active,1,2025-11-19 18:19:31,2025-11-22 09:50:31,Internet Banking
829,Zayan Pillai,,6712931137289628,UTIB0332914,IDFC First Bank,Savings,5163834563,,zayanpillai6409@oksbi,Active,1,2024-09-20 19:40:33,2024-09-22 10:25:33,Internet Banking
746,Dalbir Sinha,Brother,5569078454974223,YESB0495585,IndusInd Bank,Savings,8034058680,,,Inactive,0,2026-04-03 10:46:27,,Internet Banking
531,Yug Ganesan,,6827930232045236,HDFC0582234,Bank of Baroda,Savings,9936500956,yug.ganesan207@example.com,yugganesan5453@okhdfcbank,Active,1,2026-06-17 19:39:27,2026-06-19 01:52:27,Mobile App
621,Amruta Ramachandran,Vendor,4522249640819752,HDFC0263236,State Bank of India,Savings,,amruta.ramachandran914@example.com,amrutaramachandran4868@okhdfcbank,Active,0,2026-02-13 10:02:14,,Internet Banking
46,Lohit Biswas,,8431009703091783,UBIN0260492,Canara Bank,Savings,1851765574,lohit.biswas832@example.com,lohitbiswas8900@okicici,Active,0,2024-02-26 10:03:25,,Mobile App
513,Nakul Bhavsar,,8035598199655361,UBIN0242141,Axis Bank,Current,,nakul.bhavsar185@example.com,,Active,1,2024-10-12 18:44:52,2024-10-17 06:45:52,Internet Banking
649,Peter Wable,Personal,3612068488882282,IDFB0334548,State Bank of India,Current,6053903376,peter.wable718@example.com,peterwable462@ybl,Active,1,2025-11-02 02:05:29,2025-11-03 14:15:29,Internet Banking
966,Banjeet Bajaj,,5152325970359545,UTIB0977902,ICICI Bank,Savings,4956360682,banjeet.bajaj293@example.com,banjeetbajaj1335@oksbi,Active,0,2026-05-23 07:08:33,,Internet Banking
921,Udarsh Prakash,Dad,3562264809037467,UTIB0478351,Axis Bank,Savings,,udarsh.prakash14@example.com,,Active,1,2024-04-18 02:21:42,2024-04-22 04:23:42,Mobile App
858,Kashvi Joshi,Friend,3532871235646065,IDFB0633051,Yes Bank,Savings,3645127144,kashvi.joshi122@example.com,kashvijoshi8618@okhdfcbank,Active,0,2026-05-02 23:29:05,,Internet Banking
286,Osha Chand,Home,3967870548694332,INDB0131726,HDFC Bank,Savings,4027434209,,oshachand7824@okaxis,Active,1,2024-04-18 16:53:59,2024-04-21 18:05:59,Mobile App
489,Vasana Dewan,Dad,6951337303037295,PUNB0794911,Union Bank of India,Savings,2993799002,vasana.dewan219@example.com,vasanadewan3187@okicici,Active,1,2026-05-04 11:01:03,2026-05-10 07:01:03,Internet Banking
994,Wishi More,Brother,3326887306350705,ICIC0531683,State Bank of India,Savings,9779753781,,wishimore1996@okicici,Active,1,2025-06-28 18:32:26,2025-07-05 11:35:26,Internet Banking
839,Advik Mukhopadhyay,Personal,1631294143129005,SBIN0011039,HDFC Bank,Savings,1818774734,advik.mukhopadhyay168@example.com,advikmukhopadhyay3909@ybl,Active,1,2025-07-04 17:24:15,2025-07-05 21:53:15,Internet Banking
1,Vidhi Bera,,1295557252472251,HDFC0640527,Punjab National Bank,Savings,8832942213,,vidhibera5930@ybl,Active,1,2025-09-10 12:19:13,2025-09-13 01:19:13,Internet Banking
21,Qasim Kapadia,Mom,5460591644975859,BARB0619375,State Bank of India,Savings,,,qasimkapadia1882@okhdfcbank,Active,1,2026-07-14 23:55:56,2026-07-21 11:17:56,Mobile App
764,Yadavi Subramanian,Brother,2005743850327968,BARB0118774,IDFC First Bank,Savings,6766562736,,yadavisubramanian2371@okhdfcbank,Active,1,2025-07-17 22:13:31,2025-07-19 09:36:31,Mobile App
995,Aditya Chawla,Home,7808169220937044,UTIB0091823,Axis Bank,Current,9969292868,aditya.chawla105@example.com,adityachawla7830@okhdfcbank,Active,0,2025-10-15 02:17:09,,Internet Banking
230,Sai Om,Personal,152675317063751,SBIN0992164,Axis Bank,Savings,0573875103,sai.om686@example.com,saiom5220@ybl,Active,0,2025-09-10 08:09:44,,Mobile App
827,Andrew Lalla,Friend,9721994868726735,HDFC0666790,Bank of Baroda,Savings,8825178123,andrew.lalla631@example.com,andrewlalla82@oksbi,Active,1,2025-12-11 15:43:08,2025-12-13 10:29:08,Mobile App
119,Priya Choudhury,Home,3706054475646084,BARB0977287,Yes Bank,Savings,4097350352,,priyachoudhury1097@ybl,Active,1,2026-03-30 10:52:09,2026-04-04 03:27:09,Mobile App
238,Kala Karan,,1620191849199324,BARB0662702,Punjab National Bank,Savings,5242040106,kala.karan869@example.com,kalakaran1071@okhdfcbank,Active,1,2024-01-19 08:50:05,2024-01-21 18:59:05,Mobile App
766,Hamsini Subramaniam,Personal,2263839292981511,PUNB0820537,IndusInd Bank,Savings,4671092143,hamsini.subramaniam863@example.com,,Inactive,0,2025-09-21 15:54:13,,Mobile App
970,Chakrika Bhakta,,8973906805256845,INDB0986977,Punjab National Bank,Savings,1826154924,chakrika.bhakta125@example.com,chakrikabhakta3025@ybl,Active,1,2024-06-25 15:52:34,2024-06-26 03:59:34,Mobile App
579,Urishilla Pant,Mom,8454352784553212,ICIC0194238,Bank of Baroda,Savings,9022301227,urishilla.pant366@example.com,urishillapant2503@okicici,Active,1,2024-05-03 21:18:21,2024-05-04 03:41:21,Mobile App
253,Dalbir Parmer,Brother,66544660386297,UBIN0827907,Union Bank of India,Savings,8405297961,,dalbirparmer4516@oksbi,Active,1,2024-08-12 17:36:35,2024-08-14 23:27:35,Internet Banking
477,Sara Acharya,Office,7167510045465922,INDB0620718,Axis Bank,Savings,5416295305,sara.acharya133@example.com,saraacharya4954@okaxis,Active,1,2025-08-13 00:17:24,2025-08-17 01:49:24,Internet Banking
631,Harshil Dhar,Friend,8815554624948108,UBIN0957186,Union Bank of India,Savings,2776326041,,harshildhar251@okhdfcbank,Blocked,1,2025-05-27 02:01:19,2025-05-29 04:27:19,Mobile App
289,Divya Mistry,,951235995003611,PUNB0377947,ICICI Bank,Savings,4458410059,divya.mistry784@example.com,divyamistry9917@okicici,Active,1,2024-11-25 01:11:09,2024-11-30 22:32:09,Mobile App
902,Avi Mohan,Dad,1086512440357027,ICIC0874621,IndusInd Bank,Savings,2979041590,avi.mohan845@example.com,,Active,1,2024-10-18 16:15:40,2024-10-18 17:09:40,Mobile App
673,Aishani Krish,,5108418902400813,KKBK0160422,Axis Bank,Savings,7644484154,,aishanikrish3518@ybl,Active,0,2024-07-05 03:37:31,,Mobile App
881,Chaman Jain,Dad,1765686391570487,SBIN0595983,IDFC First Bank,Savings,4316854339,,chamanjain7045@okaxis,Active,1,2024-11-29 07:48:01,2024-11-30 02:12:01,Branch
302,Lopa Parmer,,6776690039073753,CNRB0440518,Kotak Mahindra Bank,Savings,1353560792,lopa.parmer857@example.com,,Active,0,2025-11-03 04:07:08,,Branch
601,Orinder Suri,,1664180106469588,SBIN0864357,Union Bank of India,Current,2604197175,orinder.suri139@example.com,orindersuri2291@okhdfcbank,Active,1,2024-05-10 10:27:09,2024-05-17 00:18:09,Internet Banking
778,Alka Bail,,7681075383863086,IDFB0293258,HDFC Bank,Current,1808782241,alka.bail459@example.com,,Active,1,2024-01-26 19:48:54,2024-01-30 08:59:54,Mobile App
508,Faris Kurian,Personal,4354450420229174,KKBK0548837,HDFC Bank,Savings,7726322238,faris.kurian59@example.com,fariskurian5468@okaxis,Active,1,2026-05-29 22:42:54,2026-05-31 16:07:54,Internet Banking
922,Nilima Sur,Mom,1518278635251915,HDFC0256875,Kotak Mahindra Bank,Savings,,,nilimasur5919@paytm,Active,1,2026-01-28 20:22:08,2026-01-31 23:31:08,Mobile App
343,Gabriel Mangal,Friend,1689131481592920,SBIN0712343,State Bank of India,Savings,6412469577,gabriel.mangal587@example.com,gabrielmangal9276@okaxis,Active,1,2024-02-25 04:13:46,2024-03-01 13:45:46,Branch
558,Suhani Chana,Mom,2247282229144911,BARB0651182,Bank of Baroda,Current,,suhani.chana411@example.com,suhanichana6029@paytm,Active,1,2025-03-24 12:04:25,2025-03-27 06:24:25,Mobile App
284,Tanvi Das,Friend,9852996976403292,KKBK0439247,State Bank of India,Savings,2213996880,tanvi.das823@example.com,tanvidas7854@paytm,Active,0,2026-02-24 01:27:58,,Mobile App
940,Pranit Vohra,Vendor,5612371961014839,CNRB0215160,State Bank of India,Current,7638106446,pranit.vohra942@example.com,pranitvohra7228@okicici,Active,1,2025-01-11 02:11:47,2025-01-14 16:51:47,Mobile App
950,Fiyaz Kapoor,Home,1139154334517266,PUNB0232281,Axis Bank,Savings,0332611228,fiyaz.kapoor985@example.com,,Inactive,0,2025-07-08 19:09:26,,Internet Banking
642,Janya Venkataraman,,7201263183505275,IDFB0471761,Axis Bank,Savings,0144608426,janya.venkataraman92@example.com,janyavenkataraman8962@paytm,Active,1,2025-05-11 14:16:24,2025-05-14 04:06:24,Mobile App
674,George Talwar,Office,7721970710636659,INDB0116251,ICICI Bank,Savings,9212712347,george.talwar772@example.com,georgetalwar3888@oksbi,Active,1,2024-05-02 11:11:34,2024-05-04 07:08:34,Internet Banking
397,Arya Wali,Home,6484835896211815,UTIB0309005,Canara Bank,Savings,5757522558,arya.wali234@example.com,aryawali7123@okicici,Active,1,2024-08-27 11:06:30,2024-08-30 16:45:30,Mobile App
314,Abhimanyu Dixit,,1864612833627958,YESB0575039,Bank of Baroda,Savings,9706158767,abhimanyu.dixit117@example.com,abhimanyudixit3474@okhdfcbank,Active,1,2025-04-04 03:14:40,2025-04-06 22:23:40,Mobile App
484,Pavani Solanki,Dad,7907113929382799,UTIB0973047,IDFC First Bank,Savings,7076531422,,,Active,0,2025-12-29 22:36:38,,Mobile App
10,Umang Jaggi,Business,7612586976914153,PUNB0177035,Punjab National Bank,Savings,5586733768,umang.jaggi507@example.com,,Active,1,2026-01-13 02:23:42,2026-01-14 17:03:42,Mobile App
143,Abha Memon,Mom,7649011332521469,YESB0963267,IDFC First Bank,Savings,1637832751,abha.memon257@example.com,,Active,1,2026-05-02 02:51:33,2026-05-07 09:48:33,Mobile App
772,Harini Chowdhury,Office,3988943686075259,PUNB0798005,Bank of Baroda,Savings,1924573264,harini.chowdhury763@example.com,,Active,0,2026-01-05 05:42:06,,Internet Banking
198,Arya Tak,Dad,8764711360979196,INDB0774035,State Bank of India,Current,5268813724,arya.tak404@example.com,,Active,1,2026-04-01 08:09:12,2026-04-03 03:21:12,Internet Banking
517,Aishani Bir,Friend,9185782721377504,BARB0777513,State Bank of India,Savings,0814394137,,aishanibir7219@ybl,Active,1,2026-04-25 23:19:31,2026-04-28 21:03:31,Branch
862,Chatura Ram,,271011534654617,UTIB0709084,Bank of Baroda,Current,1242836064,chatura.ram514@example.com,,Active,1,2024-12-04 09:22:25,2024-12-06 04:55:25,Internet Banking
209,Arin Jani,Brother,2265501352398566,UBIN0041125,Axis Bank,Current,4507797980,arin.jani60@example.com,arinjani7478@okicici,Active,1,2024-09-18 05:52:03,2024-09-18 09:24:03,Internet Banking
513,Udant Dada,Brother,8516201299222740,IDFB0406291,IDFC First Bank,Savings,,udant.dada500@example.com,udantdada6933@paytm,Active,1,2024-02-21 07:19:09,2024-02-27 05:08:09,Branch
60,Naksh Goswami,,7894874381457469,UBIN0460293,HDFC Bank,Savings,4593276081,naksh.goswami271@example.com,,Blocked,1,2025-11-16 18:49:33,2025-11-18 17:29:33,Mobile App
959,Robert Mittal,Vendor,116513829780055,ICIC0650160,Bank of Baroda,Savings,8447826899,robert.mittal484@example.com,,Active,1,2024-02-08 02:38:37,2024-02-12 01:57:37,Mobile App
386,Chakradhar Walla,,5768148989977820,CNRB0137619,Axis Bank,Current,4589912081,chakradhar.walla846@example.com,,Active,1,2026-03-26 13:58:40,2026-03-27 06:16:40,Mobile App
407,Ekiya Gill,,4031915046787273,PUNB0368420,ICICI Bank,Savings,9556398011,,ekiyagill1092@okhdfcbank,Active,1,2024-10-18 16:21:03,2024-10-24 12:06:03,Branch
195,Aradhana Pradhan,Business,4867363668439601,ICIC0976442,Canara Bank,Savings,3278811347,,aradhanapradhan3000@oksbi,Active,1,2025-02-12 16:34:24,2025-02-13 17:29:24,Mobile App
271,Chandani Krishna,Office,5882711328438740,IDFB0318920,Punjab National Bank,Savings,2761788829,chandani.krishna598@example.com,,Blocked,1,2026-02-20 16:41:28,2026-02-24 21:46:28,Mobile App
471,Kavya Dash,Mom,70281082714428,ICIC0806244,IndusInd Bank,Savings,6973553166,kavya.dash493@example.com,kavyadash9711@okaxis,Inactive,1,2026-05-08 23:42:16,2026-05-11 10:21:16,Internet Banking
561,Gaurav Sibal,Mom,6565926492102701,BARB0979076,Kotak Mahindra Bank,Savings,5934190651,gaurav.sibal206@example.com,,Active,1,2024-05-19 17:29:27,2024-05-23 15:56:27,Internet Banking
564,Dalbir Ghose,Business,1342097799065391,ICIC0427803,Bank of Baroda,Savings,,dalbir.ghose44@example.com,dalbirghose9440@ybl,Blocked,1,2025-04-25 07:52:38,2025-05-01 03:41:38,Mobile App
544,Nicholas Doctor,Vendor,1540763343542427,ICIC0770008,IndusInd Bank,Savings,8669255578,nicholas.doctor579@example.com,nicholasdoctor8231@oksbi,Active,1,2024-01-18 21:15:31,2024-01-24 01:09:31,Mobile App
286,Ayushman Swaminathan,Sister,3971920761063312,HDFC0036662,Bank of Baroda,Savings,6645086028,ayushman.swaminathan656@example.com,ayushmanswaminathan5096@paytm,Active,1,2025-11-12 18:23:47,2025-11-16 22:43:47,Internet Banking
474,Qadim Issac,Mom,7326412809623775,UTIB0228609,Axis Bank,Current,3812402725,qadim.issac558@example.com,qadimissac150@okaxis,Inactive,1,2025-04-26 05:46:53,2025-04-30 02:58:53,Mobile App
912,Abeer Panchal,Personal,6750709851476253,INDB0795221,State Bank of India,Savings,4612797907,abeer.panchal557@example.com,,Active,1,2026-02-13 08:19:09,2026-02-15 02:57:09,Internet Banking
355,Chaitanya Sabharwal,Brother,4169661619687325,KKBK0307941,IndusInd Bank,Savings,6847138763,chaitanya.sabharwal156@example.com,chaitanyasabharwal5931@oksbi,Active,0,2026-08-07 23:48:53,,Mobile App
310,Urvashi Kapadia,Business,9136079317616518,UTIB0221572,Canara Bank,Savings,7137413935,urvashi.kapadia120@example.com,urvashikapadia8607@ybl,Active,0,2024-08-28 01:35:25,,Mobile App
533,Netra Sen,Business,6584786839570173,UTIB0664486,Yes Bank,Savings,1679296219,netra.sen103@example.com,netrasen1813@okaxis,Active,1,2024-10-12 00:04:26,2024-10-15 22:24:26,Branch
786,Aachal Gopal,Personal,6481188198845360,SBIN0965521,Yes Bank,Savings,5126076731,aachal.gopal464@example.com,,Active,1,2026-05-22 04:47:00,2026-05-28 06:57:00,Mobile App
297,Megha Ramaswamy,,4788566557516778,UTIB0975554,Canara Bank,Savings,9677234440,megha.ramaswamy493@example.com,megharamaswamy1146@paytm,Active,1,2025-12-25 21:50:24,2025-12-27 21:58:24,Mobile App
557,Hemal Savant,Dad,1921967479649574,IDFB0155657,State Bank of India,Savings,6806721842,,,Active,1,2025-05-25 18:23:19,2025-05-30 08:28:19,Internet Banking
900,Chameli Bassi,Vendor,909408855302068,YESB0240228,State Bank of India,Savings,,,chamelibassi6897@okhdfcbank,Inactive,1,2024-04-20 13:22:16,2024-04-24 13:49:16,Internet Banking
540,Fiyaz Vyas,Personal,6179753374353311,PUNB0127932,State Bank of India,Savings,3417426162,fiyaz.vyas625@example.com,fiyazvyas5447@okhdfcbank,Active,0,2025-05-19 03:13:56,,Mobile App
399,Brijesh Dubey,,7909374430224177,UTIB0390538,Bank of Baroda,Savings,4665725602,brijesh.dubey718@example.com,,Active,1,2025-02-14 02:08:36,2025-02-15 10:17:36,Mobile App
387,Odika Sule,Sister,782287005895960,INDB0671126,ICICI Bank,Current,9068631044,odika.sule221@example.com,odikasule4732@oksbi,Active,1,2026-05-30 19:16:30,2026-06-05 17:18:30,Branch
65,Janya Babu,Sister,5111745800253494,UBIN0477065,IndusInd Bank,Savings,7674763932,janya.babu701@example.com,janyababu4096@okaxis,Active,1,2024-09-24 16:47:03,2024-09-25 21:12:03,Mobile App
762,Warda Pradhan,Sister,8068299111644396,BARB0541452,Bank of Baroda,Current,1288436671,warda.pradhan922@example.com,,Active,1,2025-07-03 09:07:36,2025-07-03 18:09:36,Mobile App
421,Frado Minhas,Office,9832448113683130,IDFB0465548,Punjab National Bank,Savings,8164524426,frado.minhas217@example.com,,Inactive,1,2024-03-09 11:50:03,2024-03-13 08:18:03,Mobile App
39,Garima Merchant,,7635605278242299,PUNB0665595,IDFC First Bank,Savings,1728965219,garima.merchant353@example.com,garimamerchant1132@paytm,Active,1,2025-06-20 20:47:16,2025-06-22 04:35:16,Internet Banking
385,Girindra Prabhu,,7590146934084375,KKBK0677266,Axis Bank,Savings,2310732853,girindra.prabhu749@example.com,,Active,1,2025-11-27 13:58:10,2025-11-30 19:31:10,Mobile App
872,Tejas Pau,,2127556743101715,ICIC0722226,IndusInd Bank,Savings,9299019927,tejas.pau651@example.com,tejaspau2750@okhdfcbank,Active,1,2026-03-13 06:47:15,2026-03-17 09:48:15,Internet Banking
782,Chaaya Bhalla,Business,2236499246769082,UTIB0601844,Yes Bank,Savings,8124470552,,chaayabhalla8351@ybl,Inactive,0,2024-07-16 03:01:04,,Internet Banking
873,Anjali Chad,Vendor,4254875424951860,INDB0275457,Yes Bank,Savings,3608034018,,anjalichad2354@paytm,Active,1,2024-11-22 14:05:09,2024-11-25 01:31:09,Internet Banking
506,Ojasvi Khalsa,,2186936837201576,ICIC0883121,HDFC Bank,Savings,5104567748,ojasvi.khalsa143@example.com,ojasvikhalsa7713@paytm,Active,0,2026-06-02 22:01:47,,Mobile App
30,Rachita Subramanian,Business,8745380865506583,ICIC0407833,Axis Bank,Savings,9560434225,rachita.subramanian151@example.com,,Active,1,2024-05-27 00:06:46,2024-05-31 19:29:46,Internet Banking
24,Shravya Minhas,Business,6555766917059956,IDFB0380634,HDFC Bank,Savings,,shravya.minhas896@example.com,shravyaminhas984@paytm,Active,1,2025-07-29 03:43:35,2025-07-31 05:44:35,Internet Banking
597,Samuel Malhotra,Brother,6999905082075110,HDFC0800935,Kotak Mahindra Bank,Savings,9661629780,samuel.malhotra305@example.com,samuelmalhotra36@ybl,Active,1,2026-03-04 08:20:58,2026-03-11 07:36:58,Mobile App
472,Praneel Gala,,3627545452960216,SBIN0112708,Axis Bank,Current,,praneel.gala678@example.com,praneelgala8315@okhdfcbank,Active,1,2024-10-01 23:10:09,2024-10-04 10:40:09,Mobile App
369,Jagdish Rau,Vendor,4089271002479881,ICIC0512517,Kotak Mahindra Bank,Savings,6328878864,jagdish.rau675@example.com,,Active,1,2024-04-23 03:25:47,2024-04-23 15:00:47,Mobile App
792,Urishilla Bhatia,Friend,7291608889104817,PUNB0718734,Canara Bank,Savings,9665182336,,urishillabhatia2617@okhdfcbank,Active,1,2026-03-05 20:04:56,2026-03-07 05:44:56,Mobile App
770,Frederick Tiwari,,3547072705513915,HDFC0759119,Kotak Mahindra Bank,Savings,8156356948,frederick.tiwari849@example.com,fredericktiwari790@paytm,Inactive,1,2025-05-06 18:03:40,2025-05-11 19:41:40,Internet Banking
294,Daksh Keer,Dad,6584665318880589,BARB0495305,Union Bank of India,Current,5081055966,daksh.keer863@example.com,dakshkeer8705@okicici,Blocked,1,2024-01-08 18:26:36,2024-01-15 08:05:36,Mobile App
901,Falan Chacko,Dad,6101424837199691,INDB0110501,Punjab National Bank,Savings,5190715497,falan.chacko133@example.com,,Inactive,1,2025-10-15 06:47:56,2025-10-20 05:13:56,Internet Banking
456,Warhi Chada,Personal,3297751723875565,KKBK0581227,Axis Bank,Savings,8401504795,warhi.chada551@example.com,warhichada9010@ybl,Active,1,2025-06-03 06:32:35,2025-06-09 10:34:35,Internet Banking
173,Chavvi Memon,Vendor,767777807968758,IDFB0176494,Axis Bank,Savings,4749788668,chavvi.memon377@example.com,chavvimemon4097@okhdfcbank,Active,1,2026-01-18 01:45:23,2026-01-24 19:13:23,Mobile App
612,Krish Arora,Vendor,7571446462888034,UTIB0733408,Punjab National Bank,Savings,5305412310,krish.arora104@example.com,,Active,1,2024-10-09 22:04:39,2024-10-12 10:00:39,Mobile App
273,Saumya Chadha,Home,7230173041779696,CNRB0173982,Union Bank of India,Savings,8347077470,saumya.chadha86@example.com,saumyachadha4911@okicici,Active,1,2026-03-02 08:50:44,2026-03-03 21:51:44,Internet Banking
44,Krisha Kale,Home,5767470582163435,KKBK0487255,Union Bank of India,Current,3490079577,krisha.kale524@example.com,krishakale2651@paytm,Active,1,2024-06-12 00:10:14,2024-06-17 16:24:14,Branch
841,Benjamin Batra,,3509666701619532,INDB0521677,State Bank of India,Savings,8174682357,,,Active,0,2024-10-21 04:44:27,,Internet Banking
765,Alexander Sabharwal,Business,2047404452559255,PUNB0669203,State Bank of India,Savings,7346765786,alexander.sabharwal445@example.com,alexandersabharwal4392@ybl,Active,1,2025-07-05 11:32:18,2025-07-08 10:57:18,Internet Banking
432,Faraj Sarraf,Vendor,5372178247695011,SBIN0112721,Yes Bank,Current,,faraj.sarraf920@example.com,,Inactive,1,2025-06-01 12:04:10,2025-06-05 04:03:10,Mobile App
792,Neha Kulkarni,Dad,9931814392502873,INDB0220945,IDFC First Bank,Savings,5451448696,neha.kulkarni429@example.com,nehakulkarni5832@ybl,Active,1,2026-05-28 14:16:07,2026-06-02 12:06:07,Internet Banking
95,Bachittar Ganesh,Home,5166549371946166,UTIB0848290,HDFC Bank,Current,8504002795,bachittar.ganesh403@example.com,,Active,1,2026-03-16 00:59:30,2026-03-17 10:46:30,Internet Banking
430,Hardik Baria,Friend,6605025132568755,BARB0672439,Punjab National Bank,Current,3636274506,hardik.baria420@example.com,hardikbaria2705@okhdfcbank,Active,1,2024-05-10 15:26:02,2024-05-14 07:45:02,Internet Banking
740,Vedika Deshpande,Vendor,5351772580258199,INDB0683231,ICICI Bank,Savings,9061973706,,vedikadeshpande3920@paytm,Active,1,2024-08-25 03:05:47,2024-08-26 07:16:47,Mobile App
997,Tanish D’Alia,Home,7208968992782311,UTIB0849306,State Bank of India,Savings,2770376277,,,Active,1,2025-12-27 08:57:12,2025-12-31 16:20:12,Internet Banking
244,Bhavini Doshi,Home,1993846026882838,IDFB0857668,Canara Bank,Savings,2579307031,bhavini.doshi568@example.com,bhavinidoshi1962@oksbi,Active,0,2026-05-10 19:41:30,,Mobile App
552,Baghyawati Sen,Dad,530358305052204,HDFC0899923,Axis Bank,Savings,0591698802,baghyawati.sen508@example.com,,Active,0,2026-03-22 22:07:23,,Mobile App
266,Varsha Nayar,,2030878159015163,INDB0575433,Yes Bank,Current,8370300530,varsha.nayar716@example.com,varshanayar7776@paytm,Active,1,2025-04-07 16:46:04,2025-04-14 10:41:04,Branch
739,Kevin Kalla,,9318063887162804,PUNB0003444,Bank of Baroda,Savings,5898699955,kevin.kalla70@example.com,kevinkalla1914@ybl,Active,1,2025-03-28 13:02:43,2025-04-04 06:57:43,Internet Banking
797,Sara Narayanan,Business,3095234624440866,BARB0102964,Punjab National Bank,Savings,7147491611,,saranarayanan9376@oksbi,Active,1,2026-03-20 13:21:15,2026-03-26 01:56:15,Mobile App
442,Balendra Rege,Personal,9215384471669574,BARB0273259,Kotak Mahindra Bank,Savings,2565446756,balendra.rege552@example.com,balendrarege641@okaxis,Active,1,2025-01-13 09:42:36,2025-01-15 13:07:36,Mobile App
204,Urvi Mishra,Dad,5002673998496349,CNRB0110320,Bank of Baroda,Savings,5092744673,urvi.mishra23@example.com,,Active,1,2024-09-10 18:58:25,2024-09-14 06:55:25,Internet Banking
296,Urvi Shere,Mom,9197949093451500,BARB0861783,Punjab National Bank,Savings,9090264304,urvi.shere836@example.com,,Active,1,2026-05-05 13:57:49,2026-05-09 01:05:49,Mobile App
181,Kiaan Chana,Sister,1094980243551362,HDFC0269194,ICICI Bank,Current,,kiaan.chana91@example.com,kiaanchana6508@paytm,Active,0,2025-10-29 03:40:37,,Branch
595,Vritti Jaggi,,3959568913134832,KKBK0485776,Punjab National Bank,Savings,3459785567,,,Active,1,2025-11-14 09:40:05,2025-11-18 16:21:05,Mobile App
498,Mason Chand,,9199470228927580,INDB0099850,Canara Bank,Savings,0781323553,mason.chand827@example.com,masonchand2984@paytm,Inactive,1,2025-10-11 14:33:27,2025-10-14 03:40:27,Internet Banking
774,Eta Sabharwal,,6036155361228262,CNRB0401911,HDFC Bank,Savings,,eta.sabharwal373@example.com,,Inactive,1,2024-12-15 06:17:36,2024-12-18 09:24:36,Mobile App
489,Vrishti Deol,,2456085722840669,INDB0691996,ICICI Bank,Savings,6535745351,vrishti.deol903@example.com,vrishtideol3418@okhdfcbank,Inactive,0,2025-08-15 23:00:13,,Mobile App
260,Jeevika Bhavsar,,8181187142708328,YESB0613138,Canara Bank,Current,8254454401,jeevika.bhavsar112@example.com,,Active,1,2025-07-22 17:38:44,2025-07-23 16:31:44,Internet Banking
320,Nidra Hora,,488357232051119,CNRB0622445,IDFC First Bank,Savings,5174450968,nidra.hora864@example.com,nidrahora1222@oksbi,Active,1,2026-07-17 10:15:28,2026-07-24 08:15:28,Internet Banking
170,Ikbal Mukherjee,,9738238255087607,CNRB0889812,Bank of Baroda,Savings,7885081172,ikbal.mukherjee26@example.com,ikbalmukherjee3971@okhdfcbank,Active,1,2025-04-17 22:11:01,2025-04-24 03:14:01,Internet Banking
958,Jack Kumar,Dad,1156643585885305,UBIN0828193,Yes Bank,Current,8214977162,jack.kumar337@example.com,jackkumar2272@okhdfcbank,Active,1,2026-02-17 05:24:33,2026-02-23 05:47:33,Branch
937,Michael Dugal,Dad,3431898708065808,PUNB0165555,Union Bank of India,Savings,8189063935,michael.dugal469@example.com,michaeldugal9897@paytm,Active,1,2024-12-30 13:02:13,2024-12-31 08:01:13,Internet Banking
217,Krishna Sathe,Office,658215980766193,HDFC0720503,Axis Bank,Current,1576935383,,krishnasathe466@okaxis,Active,1,2026-04-11 19:40:25,2026-04-18 07:50:25,Internet Banking
72,Qushi Bhagat,Office,2549398379466180,YESB0985809,Kotak Mahindra Bank,Savings,1322137877,qushi.bhagat232@example.com,qushibhagat2019@paytm,Active,0,2024-05-06 20:12:11,,Mobile App
57,Daniel Barman,,4511386764770052,CNRB0961883,Bank of Baroda,Savings,9923125662,daniel.barman164@example.com,danielbarman180@okaxis,Active,1,2025-08-13 12:43:26,2025-08-14 18:11:26,Mobile App
292,Nakul Biswas,,5419161971546557,ICIC0529793,Punjab National Bank,Savings,0957019970,,nakulbiswas5413@okicici,Active,1,2025-03-04 22:38:29,2025-03-10 08:15:29,Branch
780,Naveen Warrior,Dad,4740730999883025,ICIC0872597,Canara Bank,Savings,,naveen.warrior796@example.com,naveenwarrior1881@ybl,Active,1,2025-11-17 23:48:41,2025-11-18 00:18:41,Internet Banking
869,Maanas Goel,Business,9525069973382259,KKBK0032671,IndusInd Bank,Current,8418220481,maanas.goel85@example.com,maanasgoel4331@ybl,Active,1,2025-01-12 11:53:27,2025-01-18 22:31:27,Internet Banking
595,Samaksh Mistry,,8815633918779147,UTIB0145814,Yes Bank,Savings,6805402271,samaksh.mistry412@example.com,,Active,1,2024-03-24 22:38:34,2024-03-30 11:15:34,Mobile App
276,Ucchal Ganguly,,5509092669889891,SBIN0325184,ICICI Bank,Savings,9129221113,ucchal.ganguly745@example.com,ucchalganguly2315@okicici,Active,1,2024-02-17 04:25:01,2024-02-23 04:27:01,Mobile App
549,Tanmayi Suresh,,5833116701449209,HDFC0409842,Punjab National Bank,Current,6682316292,tanmayi.suresh820@example.com,,Active,1,2025-10-11 01:30:10,2025-10-17 15:20:10,Branch
137,Leena Thaman,,5285280173285663,KKBK0384669,Yes Bank,Savings,8717977418,leena.thaman248@example.com,leenathaman5051@okhdfcbank,Active,1,2024-01-22 19:09:32,2024-01-23 06:12:32,Internet Banking
613,Shivansh Boase,,1817260432176821,UTIB0699375,State Bank of India,Savings,4243443972,,shivanshboase8900@okhdfcbank,Active,0,2024-09-01 08:25:18,,Internet Banking
316,Avi Chaudhuri,Business,3130371510098000,SBIN0960659,Punjab National Bank,Savings,1183817451,avi.chaudhuri755@example.com,avichaudhuri6392@okaxis,Active,1,2026-03-06 17:07:52,2026-03-08 07:01:52,Mobile App
720,Yadavi Ramesh,,3349277805669037,PUNB0339319,IndusInd Bank,Savings,7337530312,yadavi.ramesh545@example.com,yadaviramesh2417@ybl,Active,0,2024-09-25 22:25:45,,Internet Banking
456,Yauvani Chahal,Brother,2761839917636719,KKBK0415076,Punjab National Bank,Savings,8358866442,yauvani.chahal666@example.com,yauvanichahal7720@okicici,Active,1,2025-02-08 23:06:04,2025-02-14 09:25:04,Internet Banking
636,Utkarsh Vaidya,Friend,6637106956725307,CNRB0354550,IndusInd Bank,Savings,0457582310,,,Active,1,2024-05-06 20:37:18,2024-05-12 18:32:18,Mobile App
396,Benjamin Tailor,Mom,8687612201989253,SBIN0259626,Canara Bank,Savings,7148980130,benjamin.tailor323@example.com,benjamintailor9901@ybl,Inactive,1,2026-01-03 21:43:46,2026-01-07 12:06:46,Mobile App
832,Nirja Subramaniam,Office,4439058786495042,UTIB0124816,Canara Bank,Savings,7101955477,,nirjasubramaniam2465@okhdfcbank,Active,0,2025-06-25 10:32:28,,Internet Banking
496,Brijesh Solanki,,3625910829016262,SBIN0941101,Punjab National Bank,Savings,4618313535,,,Active,1,2025-08-06 05:34:21,2025-08-09 13:51:21,Internet Banking
415,Advik Seth,Sister,2462926085734736,BARB0719233,Kotak Mahindra Bank,Savings,0146410983,advik.seth158@example.com,advikseth7076@oksbi,Active,1,2025-09-14 14:22:48,2025-09-20 09:46:48,Mobile App
680,Ganga Sankaran,,7695309552051772,BARB0103117,Axis Bank,Savings,8307874965,,gangasankaran8552@ybl,Active,1,2025-06-28 15:22:50,2025-07-01 16:35:50,Internet Banking
42,Leena Dar,Personal,5858447092640927,UTIB0172623,Axis Bank,Savings,,leena.dar530@example.com,leenadar313@okaxis,Active,1,2025-01-13 10:35:59,2025-01-19 23:42:59,Mobile App
360,Hritik Jayaraman,Office,4846959737438394,ICIC0863499,HDFC Bank,Savings,2870543147,,hritikjayaraman7614@oksbi,Active,1,2024-07-04 12:08:48,2024-07-06 08:06:48,Mobile App
888,Ronith Bobal,Sister,2308568950336314,HDFC0913072,HDFC Bank,Savings,0657843753,ronith.bobal982@example.com,ronithbobal4241@okicici,Inactive,0,2024-06-09 15:15:19,,Mobile App
826,Aradhana Padmanabhan,Home,6585718892527434,INDB0799908,Punjab National Bank,Savings,,aradhana.padmanabhan787@example.com,,Active,0,2024-03-28 04:05:00,,Mobile App
513,Charan Pandya,Brother,7652768761383651,KKBK0191282,Kotak Mahindra Bank,Savings,2321166632,,charanpandya9326@okaxis,Active,1,2024-04-15 03:47:05,2024-04-15 22:53:05,Branch
753,Jonathan Baral,Vendor,2738678611390042,BARB0180052,Yes Bank,Savings,3745713378,jonathan.baral991@example.com,jonathanbaral5180@okaxis,Active,1,2024-03-25 10:41:30,2024-04-01 02:45:30,Internet Banking
835,Vincent Pai,,7900609458596543,CNRB0589747,Canara Bank,Savings,0697917547,vincent.pai258@example.com,,Blocked,1,2025-07-01 20:40:19,2025-07-08 08:03:19,Internet Banking
980,Zayyan Sandhu,,9901760316917620,CNRB0727977,Union Bank of India,Savings,3892548783,zayyan.sandhu571@example.com,,Active,0,2026-03-29 23:42:01,,Mobile App
121,Chaaya Minhas,Vendor,3260452624601035,IDFB0419643,State Bank of India,Savings,9512387994,chaaya.minhas675@example.com,chaayaminhas4420@paytm,Active,1,2024-10-15 14:29:15,2024-10-16 20:49:15,Mobile App
726,Zaitra Mander,Friend,1116146168103710,YESB0606864,IDFC First Bank,Current,7072213840,zaitra.mander346@example.com,zaitramander9813@okhdfcbank,Active,0,2024-08-17 03:14:29,,Internet Banking
456,Upma Kale,,3945478012630477,CNRB0081829,Kotak Mahindra Bank,Savings,6590810110,upma.kale126@example.com,upmakale5926@okicici,Active,0,2025-07-01 01:25:10,,Branch
572,Arunima Yohannan,Business,4178341192008743,BARB0197302,Axis Bank,Current,8286197459,arunima.yohannan518@example.com,,Inactive,1,2024-03-30 01:57:08,2024-04-05 05:39:08,Internet Banking
483,Bakhshi Basak,,8789063208389100,UBIN0005290,Union Bank of India,Savings,2460230075,,bakhshibasak1187@okaxis,Active,1,2025-05-23 12:12:02,2025-05-27 04:52:02,Mobile App
810,Neel Sane,Office,1123005415881613,ICIC0447309,Canara Bank,Savings,6782326044,neel.sane705@example.com,neelsane9759@okicici,Active,1,2025-07-03 00:38:21,2025-07-04 22:00:21,Mobile App
954,Indira Barad,,5850972770394444,INDB0350077,Kotak Mahindra Bank,Savings,4231262123,indira.barad743@example.com,indirabarad6486@okicici,Active,1,2025-04-09 02:03:04,2025-04-14 07:12:04,Internet Banking
440,Vasatika Comar,Vendor,3888295468358030,INDB0593345,Union Bank of India,Savings,5974351355,vasatika.comar769@example.com,vasatikacomar4806@ybl,Active,1,2024-07-12 02:44:24,2024-07-14 09:18:24,Mobile App
152,Viraj Naidu,Home,39636308559487,HDFC0910462,Canara Bank,Savings,4534728798,,virajnaidu6350@okicici,Inactive,1,2025-12-02 00:56:15,2025-12-02 21:33:15,Mobile App
235,Max Kumer,,5373849352349364,PUNB0417457,Yes Bank,Current,9531072162,,maxkumer1228@paytm,Active,0,2025-08-28 18:17:24,,Mobile App
730,Alka Chokshi,,8744922621281629,UTIB0625468,Canara Bank,Savings,9354008623,alka.chokshi582@example.com,,Active,1,2024-12-15 23:57:49,2024-12-19 04:25:49,Mobile App
446,Charles Saraf,Sister,7561959563099558,YESB0139212,Punjab National Bank,Savings,3751810421,charles.saraf237@example.com,,Active,1,2026-02-14 12:30:08,2026-02-20 20:26:08,Mobile App
815,Shravya Rattan,Home,4131470486371654,YESB0626844,Union Bank of India,Savings,6917819439,shravya.rattan752@example.com,shravyarattan4829@paytm,Inactive,1,2026-06-23 22:11:22,2026-06-25 03:02:22,Mobile App
831,Lohit Thakkar,Personal,6523465833328543,KKBK0921798,Canara Bank,Savings,5978240310,lohit.thakkar403@example.com,,Active,1,2025-04-16 05:10:14,2025-04-20 14:19:14,Mobile App
678,Radhika Venkataraman,Dad,4485696679055210,YESB0274665,Kotak Mahindra Bank,Savings,8462340069,radhika.venkataraman611@example.com,,Active,1,2024-05-05 08:37:09,2024-05-10 08:30:09,Mobile App
603,Girindra Narain,Business,4008289864150241,IDFB0828180,Punjab National Bank,Savings,5202585492,girindra.narain44@example.com,girindranarain7760@okhdfcbank,Active,1,2026-03-06 07:54:24,2026-03-07 09:26:24,Branch
967,Triveni Dave,,8093830033771356,HDFC0538400,Union Bank of India,Savings,2346916559,,,Active,1,2026-03-06 01:59:31,2026-03-12 06:47:31,Mobile App
240,Vidhi Saraf,Brother,5810974115996763,HDFC0238583,Punjab National Bank,Savings,8169326677,,vidhisaraf5227@okhdfcbank,Active,1,2026-07-18 09:45:06,2026-07-21 03:08:06,Internet Banking
383,Tanay Konda,Friend,2990755236359660,BARB0375015,IndusInd Bank,Savings,5428231064,tanay.konda998@example.com,tanaykonda7377@okhdfcbank,Active,0,2024-11-29 01:58:02,,Mobile App
504,Nandini Sant,Dad,5944739618177875,IDFB0673014,Axis Bank,Current,4300804882,,nandinisant2749@oksbi,Active,1,2024-11-24 10:10:01,2024-11-27 11:36:01,Mobile App
734,Aashi Sathe,,9731825446667921,HDFC0969445,IDFC First Bank,Current,7059112572,,aashisathe5449@okhdfcbank,Active,1,2024-04-08 22:16:46,2024-04-10 08:27:46,Mobile App
988,Samaksh Muni,Business,9925708242792399,CNRB0070835,ICICI Bank,Savings,9740050711,samaksh.muni751@example.com,samakshmuni8364@paytm,Inactive,0,2025-12-30 09:19:21,,Mobile App
82,Guneet Prashad,Dad,6662182126269431,KKBK0866358,Punjab National Bank,Savings,6800724889,,guneetprashad7854@okhdfcbank,Active,0,2024-05-18 04:16:53,,Mobile App
173,Bimala Sheth,Brother,5500258757228815,YESB0709248,HDFC Bank,Savings,4073889335,bimala.sheth92@example.com,bimalasheth7731@okaxis,Inactive,1,2024-01-03 00:21:56,2024-01-08 19:52:56,Internet Banking
269,Nihal Ghosh,Dad,4283025777867834,PUNB0790876,Kotak Mahindra Bank,Current,0156106774,nihal.ghosh20@example.com,,Active,1,2024-05-20 19:00:43,2024-05-22 04:59:43,Internet Banking
614,Bimala Tara,Personal,2381386211834407,ICIC0702730,Punjab National Bank,Savings,,,,Active,1,2025-06-23 02:34:48,2025-06-26 13:42:48,Mobile App
70,Aahana Bala,Vendor,4339625053968778,ICIC0440266,Yes Bank,Current,0713910351,aahana.bala932@example.com,aahanabala4933@okaxis,Active,1,2024-04-07 11:57:08,2024-04-13 11:23:08,Mobile App
194,Qadim Patla,Sister,3781868700955073,HDFC0656187,State Bank of India,Savings,0387582947,,qadimpatla8769@paytm,Active,0,2024-11-28 00:27:58,,Mobile App
751,Nisha Oommen,Vendor,6208015107529851,YESB0510939,Kotak Mahindra Bank,Savings,0946374020,nisha.oommen359@example.com,,Active,1,2026-06-25 02:06:29,2026-06-25 15:06:29,Internet Banking
381,Zarna Bala,Friend,3682105796656253,BARB0613552,ICICI Bank,Savings,2693828664,zarna.bala130@example.com,,Active,1,2024-11-03 14:23:14,2024-11-03 22:25:14,Internet Banking
67,Pratyush Golla,Business,4747358584149163,PUNB0978782,State Bank of India,Savings,4130133680,pratyush.golla478@example.com,pratyushgolla372@okaxis,Inactive,1,2024-02-01 05:36:57,2024-02-05 02:31:57,Mobile App
502,Onveer Ramakrishnan,,286375697378460,YESB0411756,Kotak Mahindra Bank,Savings,1169639452,onveer.ramakrishnan891@example.com,onveerramakrishnan6227@okaxis,Active,1,2026-04-16 23:05:31,2026-04-20 13:25:31,Branch
1,Vaishnavi Lal,Brother,5729381763909562,PUNB0120389,ICICI Bank,Savings,9782844610,,,Active,0,2025-01-31 15:56:52,,Mobile App
281,Kalpit Hora,,5375298771554320,INDB0171210,ICICI Bank,Savings,1090320743,,kalpithora2548@oksbi,Active,1,2026-05-12 19:26:30,2026-05-17 04:48:30,Internet Banking
350,Chatura Mohanty,Sister,3013620867102732,CNRB0956081,Union Bank of India,Savings,3619810119,chatura.mohanty636@example.com,,Active,1,2024-12-02 12:23:51,2024-12-07 20:04:51,Internet Banking
985,Leena Grover,,1303488747481214,INDB0839574,Axis Bank,Current,7079041653,,leenagrover9052@oksbi,Active,0,2025-06-28 10:42:21,,Internet Banking
957,Ijaya Zachariah,,8845458999787392,KKBK0918536,HDFC Bank,Savings,8211364249,ijaya.zachariah371@example.com,ijayazachariah4865@paytm,Active,1,2026-01-23 06:59:49,2026-01-24 23:56:49,Mobile App
277,Bhavini Ray,Mom,3541065722753251,KKBK0289964,IDFC First Bank,Savings,0601204191,bhavini.ray999@example.com,bhaviniray1590@okicici,Inactive,0,2024-12-31 07:28:49,,Mobile App
553,Vansha Agarwal,Personal,1194702399625104,UTIB0543515,State Bank of India,Savings,2972939306,vansha.agarwal649@example.com,,Active,1,2026-06-16 23:48:26,2026-06-20 08:59:26,Internet Banking
120,Udyati Deep,,8663572328660729,PUNB0528477,Canara Bank,Savings,0868023609,udyati.deep825@example.com,udyatideep9948@okicici,Active,1,2025-06-19 04:27:30,2025-06-25 19:34:30,Branch
868,Ranbir Sami,,5674858103315412,BARB0865268,IndusInd Bank,Savings,2222633645,ranbir.sami741@example.com,ranbirsami2205@okhdfcbank,Inactive,0,2024-06-10 08:01:58,,Internet Banking
620,Radha Biswas,,1165584568965328,BARB0022862,State Bank of India,Savings,0814988973,,radhabiswas3981@okhdfcbank,Inactive,1,2026-07-08 00:12:47,2026-07-10 05:49:47,Internet Banking
53,David Ramachandran,,7216367218215208,INDB0177813,HDFC Bank,Current,9195267360,david.ramachandran313@example.com,,Active,0,2024-01-07 23:49:37,,Mobile App
170,Mahika Tripathi,Friend,9893855320251303,KKBK0987820,ICICI Bank,Savings,1829205410,mahika.tripathi884@example.com,mahikatripathi3130@okhdfcbank,Active,1,2024-08-11 17:46:16,2024-08-12 13:19:16,Mobile App
13,Pranit Devi,Personal,9302076422156801,UBIN0956099,Kotak Mahindra Bank,Savings,7540521457,,pranitdevi6642@okicici,Active,1,2024-11-02 06:13:06,2024-11-04 08:06:06,Mobile App
820,Naveen Kadakia,,9603001777540096,UBIN0810609,Canara Bank,Current,2777538267,,,Active,1,2025-01-04 07:25:30,2025-01-08 19:42:30,Mobile App
273,Isha Sule,,2958698115698573,YESB0811087,Canara Bank,Savings,3219377424,,ishasule9930@okhdfcbank,Active,1,2024-01-20 17:18:19,2024-01-21 05:30:19,Mobile App
58,Neelima Cheema,Dad,7534131586707405,KKBK0944088,State Bank of India,Savings,5224752011,neelima.cheema956@example.com,,Active,1,2025-10-24 14:04:07,2025-10-30 02:25:07,Mobile App
434,Ganga Hegde,Brother,3330603476200380,YESB0841251,IndusInd Bank,Savings,2736558384,ganga.hegde34@example.com,gangahegde5286@paytm,Active,1,2024-04-27 22:56:39,2024-04-30 17:24:39,Internet Banking
9,Onkar Soman,Friend,1633688526658902,CNRB0199356,Axis Bank,Savings,,onkar.soman935@example.com,onkarsoman180@okaxis,Active,0,2024-08-19 06:47:50,,Internet Banking
75,Rajata Bava,Vendor,4797989474498563,SBIN0404770,IndusInd Bank,Savings,6351230358,rajata.bava750@example.com,rajatabava500@paytm,Active,1,2025-12-26 07:20:18,2025-12-29 12:59:18,Internet Banking
482,Nidra Sethi,Sister,5645274443990775,UBIN0001239,Punjab National Bank,Savings,9910558436,nidra.sethi14@example.com,,Active,0,2025-04-07 17:37:11,,Internet Banking
837,Leena Ghosh,Personal,9202062999317923,PUNB0100706,Axis Bank,Savings,7709137610,leena.ghosh526@example.com,,Active,1,2025-07-18 13:47:01,2025-07-18 17:32:01,Branch
973,Ekavir Bhatia,Home,3856406568003489,IDFB0525051,Kotak Mahindra Bank,Savings,7276825291,ekavir.bhatia839@example.com,,Active,1,2025-01-09 21:51:58,2025-01-10 03:25:58,Mobile App
167,Yatan Tata,Sister,3169007854233730,YESB0665634,Kotak Mahindra Bank,Savings,8932212281,yatan.tata143@example.com,yatantata2044@ybl,Active,1,2026-03-16 19:50:05,2026-03-19 15:25:05,Internet Banking
1000,Arya Bal,,8895813873623158,INDB0369865,State Bank of India,Savings,7261811084,arya.bal61@example.com,,Active,1,2024-03-30 00:45:45,2024-04-04 00:48:45,Internet Banking
30,Champak Vohra,,5456901239580440,IDFB0389250,ICICI Bank,Current,3681485286,champak.vohra63@example.com,champakvohra2550@oksbi,Active,1,2025-03-26 16:59:11,2025-03-30 03:22:11,Internet Banking
742,Chakradhar Rao,Home,8271036861863502,KKBK0695723,ICICI Bank,Savings,1843884103,chakradhar.rao171@example.com,,Active,1,2025-11-15 11:34:55,2025-11-17 14:53:55,Branch
63,Ekantika Gade,Brother,9468821551857266,PUNB0943577,Axis Bank,Savings,7892327556,,,Active,0,2024-03-06 03:53:56,,Internet Banking
353,Aryan Srivastava,,8516576117657788,HDFC0710812,Axis Bank,Savings,,,aryansrivastava5792@okicici,Active,1,2024-01-03 22:06:39,2024-01-10 03:53:39,Internet Banking
520,Radha Borra,Dad,4558574282263264,INDB0947617,IndusInd Bank,Savings,8926672264,radha.borra548@example.com,,Active,1,2026-03-19 14:56:00,2026-03-26 10:32:00,Internet Banking
840,Faraj Srivastava,,2884232926775037,CNRB0786115,Union Bank of India,Savings,7923201344,,,Inactive,1,2024-10-01 01:27:05,2024-10-02 18:00:05,Internet Banking
195,Gabriel Brahmbhatt,,2654134818709700,HDFC0968454,State Bank of India,Savings,0825812452,gabriel.brahmbhatt544@example.com,,Active,1,2025-03-03 13:09:31,2025-03-08 23:32:31,Mobile App
202,Arya Johal,,558453566454093,INDB0741057,Union Bank of India,Savings,9396054397,,,Active,1,2024-11-12 14:26:27,2024-11-14 11:09:27,Mobile App
473,Wazir Virk,Business,4285922718297521,SBIN0536655,State Bank of India,Savings,7790188651,wazir.virk847@example.com,,Active,1,2026-05-21 21:45:45,2026-05-24 19:56:45,Branch
932,Chakradhar Gade,,8521742791282266,KKBK0594997,Punjab National Bank,Savings,9548893068,chakradhar.gade401@example.com,chakradhargade7380@okaxis,Inactive,1,2025-04-07 08:08:32,2025-04-13 01:25:32,Internet Banking
318,Madhav Mani,Sister,1957618218528735,UTIB0787146,HDFC Bank,Savings,8351291926,madhav.mani897@example.com,madhavmani252@ybl,Active,0,2025-12-18 21:03:26,,Internet Banking
949,Upadhriti Bhat,Brother,5329179249081970,BARB0040993,Bank of Baroda,Current,3480194179,,upadhritibhat8486@paytm,Active,0,2024-01-20 11:35:21,,Branch
708,Ayush Wable,,7291544169549459,YESB0720529,Canara Bank,Current,9038457718,ayush.wable837@example.com,ayushwable1973@okhdfcbank,Active,1,2024-08-31 09:08:10,2024-09-07 05:36:10,Branch
693,Priya Gola,Personal,3213645898931531,PUNB0762580,Canara Bank,Savings,4579366862,priya.gola646@example.com,priyagola5775@okhdfcbank,Active,1,2025-01-26 00:39:13,2025-01-30 01:17:13,Internet Banking
140,Geetika Soman,,8167344962503787,BARB0167590,Yes Bank,Savings,6230192209,geetika.soman20@example.com,,Inactive,1,2024-04-19 00:36:38,2024-04-22 00:16:38,Mobile App
915,Wazir Pant,,9088628859110216,ICIC0214728,Axis Bank,Savings,7607424699,wazir.pant291@example.com,wazirpant1593@okicici,Inactive,0,2026-04-07 18:54:16,,Mobile App
711,Prisha Dugal,Home,404433632175839,HDFC0431152,HDFC Bank,Savings,4145255959,prisha.dugal412@example.com,prishadugal4040@ybl,Active,1,2025-06-29 02:13:38,2025-06-29 03:58:38,Mobile App
224,Yuvraj Kale,Mom,1665648741520919,KKBK0068435,Canara Bank,Savings,4399086675,yuvraj.kale21@example.com,,Inactive,0,2025-06-19 09:02:24,,Internet Banking
194,Ikbal Savant,Office,529839319984475,BARB0088662,ICICI Bank,Savings,7678127021,ikbal.savant865@example.com,,Active,0,2024-01-29 07:52:13,,Mobile App
149,Chatura Tank,Dad,6218437057299620,UBIN0170940,ICICI Bank,Savings,,,chaturatank5326@okhdfcbank,Active,1,2025-05-21 00:52:03,2025-05-23 22:56:03,Internet Banking
542,Gopal Singhal,Vendor,7786678568951874,UBIN0622513,IDFC First Bank,Savings,7357416488,gopal.singhal187@example.com,gopalsinghal9852@okaxis,Active,1,2025-05-08 09:03:42,2025-05-08 17:14:42,Mobile App
112,Anika Dada,,8919256664496574,HDFC0654156,Yes Bank,Savings,3763137620,,,Active,1,2024-07-10 06:59:37,2024-07-14 08:27:37,Mobile App
3,Yashodhara Mahajan,Friend,9839066216099282,CNRB0128581,State Bank of India,Savings,9358802212,yashodhara.mahajan524@example.com,yashodharamahajan9195@paytm,Active,0,2025-12-07 15:52:59,,Mobile App
308,Wridesh Bir,Mom,3282146043669334,CNRB0144887,ICICI Bank,Savings,6409958934,wridesh.bir762@example.com,wrideshbir5067@okhdfcbank,Active,1,2024-05-02 17:01:15,2024-05-04 22:57:15,Internet Banking
525,Gagan Gade,Personal,1897577468915063,UBIN0521402,Punjab National Bank,Savings,,gagan.gade200@example.com,,Inactive,0,2024-10-16 04:50:48,,Mobile App
754,Eiravati Zacharia,Vendor,8995491283804559,YESB0764646,Bank of Baroda,Savings,6735385200,eiravati.zacharia10@example.com,,Active,1,2026-04-25 20:46:27,2026-05-02 00:39:27,Internet Banking
92,Meghana Koshy,Personal,9184790519175066,KKBK0830408,Bank of Baroda,Current,9700288603,meghana.koshy352@example.com,meghanakoshy541@okaxis,Active,1,2026-04-23 01:17:57,2026-04-28 06:00:57,Mobile App
180,Eshana Sama,Home,4230856929503650,INDB0698667,HDFC Bank,Current,4889453295,eshana.sama248@example.com,eshanasama4038@okicici,Active,1,2025-03-15 14:25:21,2025-03-17 22:43:21,Mobile App
244,Qasim Chawla,Personal,6176160536877329,CNRB0966115,Union Bank of India,Savings,4032070210,qasim.chawla754@example.com,,Active,1,2024-02-02 04:59:22,2024-02-04 05:14:22,Mobile App
321,Ronith Gill,Mom,5261725940747308,PUNB0952076,IDFC First Bank,Current,,,ronithgill6742@oksbi,Active,1,2026-03-18 10:47:06,2026-03-21 11:56:06,Internet Banking
736,Udarsh Kala,Personal,9576404303914448,UBIN0921281,Yes Bank,Savings,3554335732,,,Active,1,2024-05-07 06:54:08,2024-05-07 21:24:08,Internet Banking
248,Madhavi Raman,,2180955387698420,IDFB0840403,IndusInd Bank,Savings,5102676516,,,Active,1,2026-05-31 06:59:47,2026-06-03 19:21:47,Mobile App
685,Ishita Balan,,1109249596636683,HDFC0564941,Punjab National Bank,Savings,6820768259,ishita.balan883@example.com,ishitabalan8698@okaxis,Active,1,2024-04-12 10:37:56,2024-04-15 03:21:56,Internet Banking
954,Faqid Dhillon,Office,9329801650490199,SBIN0175848,HDFC Bank,Savings,1067103836,,,Active,0,2024-09-02 06:42:10,,Internet Banking
967,Aayush Date,,2977802862939373,KKBK0598951,HDFC Bank,Savings,0808915726,aayush.date426@example.com,aayushdate9182@ybl,Active,1,2026-04-21 10:21:50,2026-04-27 13:45:50,Internet Banking
836,Aradhana Bail,Vendor,709583925772165,UTIB0727806,IndusInd Bank,Savings,3282147898,aradhana.bail139@example.com,aradhanabail3345@okhdfcbank,Active,1,2024-12-13 02:05:46,2024-12-19 13:39:46,Internet Banking
944,Triya Arora,Sister,6806701294617020,ICIC0137249,Yes Bank,Current,5054653205,triya.arora843@example.com,,Active,0,2024-09-24 07:37:10,,Mobile App
454,Indira Bhat,Mom,3089946113267546,UBIN0873374,Yes Bank,Savings,0683903399,indira.bhat103@example.com,,Active,0,2025-10-17 21:19:28,,Mobile App
774,Harinakshi Bandi,Vendor,6046880879570742,UTIB0299007,IndusInd Bank,Savings,,harinakshi.bandi811@example.com,harinakshibandi4904@okaxis,Active,1,2024-05-11 12:13:20,2024-05-16 03:46:20,Mobile App
208,Mohini Goyal,Business,9398124071713978,INDB0472768,Punjab National Bank,Savings,1328488115,mohini.goyal121@example.com,mohinigoyal2329@ybl,Active,1,2025-08-01 13:54:28,2025-08-04 23:35:28,Mobile App
66,Victor Devan,Vendor,9995857394037706,IDFB0046478,State Bank of India,Savings,6386049497,victor.devan724@example.com,victordevan9479@okhdfcbank,Active,0,2025-10-07 14:25:50,,Mobile App
134,Jasmit Sandhu,Office,9503626273457549,HDFC0696890,HDFC Bank,Savings,,jasmit.sandhu77@example.com,,Inactive,0,2024-11-22 14:24:03,,Branch
783,Logan Prashad,Home,2486183826958401,BARB0770463,ICICI Bank,Savings,0416048926,logan.prashad368@example.com,loganprashad4002@paytm,Active,1,2025-10-09 01:58:46,2025-10-13 08:43:46,Mobile App
312,Aarna Kumar,Office,8500483152032449,UTIB0086680,Canara Bank,Savings,,aarna.kumar978@example.com,aarnakumar186@okaxis,Active,1,2024-09-02 04:47:46,2024-09-08 04:51:46,Mobile App
988,Bhavya Setty,,2281983507805708,KKBK0994467,Kotak Mahindra Bank,Savings,,bhavya.setty952@example.com,bhavyasetty3878@okicici,Active,1,2026-01-18 16:57:44,2026-01-23 04:50:44,Internet Banking
428,Eta Nadig,Friend,4297919946399756,KKBK0584109,Union Bank of India,Savings,6219747912,,,Active,1,2026-03-04 23:18:31,2026-03-09 09:48:31,Mobile App
108,Lavanya Sastry,Brother,1350469627755392,SBIN0161077,IDFC First Bank,Savings,,,lavanyasastry2168@okaxis,Active,1,2026-06-16 13:42:16,2026-06-18 08:55:16,Internet Banking
928,Kiaan Sharaf,,6823973097929481,HDFC0438269,Canara Bank,Current,3937088452,,kiaansharaf7583@ybl,Active,0,2025-07-19 23:08:32,,Internet Banking
534,Yoshita Gopal,Dad,5751992918787942,CNRB0309765,State Bank of India,Savings,1130530828,,,Active,1,2025-01-17 13:54:21,2025-01-22 23:23:21,Mobile App
317,Frederick Kakar,,6554491746291400,IDFB0865596,Canara Bank,Current,9523408513,,,Active,1,2024-03-14 08:57:08,2024-03-15 09:21:08,Mobile App
563,Hema Butala,Sister,8017440250375120,SBIN0549320,Yes Bank,Savings,4595550635,hema.butala325@example.com,,Active,1,2024-08-09 13:24:54,2024-08-13 20:37:54,Mobile App
32,Radha Pandey,Vendor,9971742828557254,SBIN0686197,Axis Bank,Savings,0179202737,radha.pandey284@example.com,,Inactive,0,2024-07-17 00:53:43,,Mobile App
78,Neelima Bhavsar,Personal,5222934802126353,CNRB0309726,Yes Bank,Savings,7800722030,neelima.bhavsar191@example.com,,Active,1,2024-06-16 21:48:54,2024-06-21 11:08:54,Internet Banking
106,Tamanna Sandhu,,4457113528899768,PUNB0946496,Punjab National Bank,Savings,0239979131,,tamannasandhu3521@okaxis,Active,1,2026-01-09 12:18:26,2026-01-10 06:22:26,Mobile App
180,Bachittar Reddy,,4571186128736133,UTIB0347562,Bank of Baroda,Savings,9425727164,bachittar.reddy825@example.com,bachittarreddy3250@okhdfcbank,Active,0,2026-06-19 23:38:32,,Mobile App
430,Suhani Rao,,5147942588927749,BARB0859773,IDFC First Bank,Savings,,suhani.rao802@example.com,,Active,1,2026-07-31 04:26:02,2026-08-02 12:20:02,Internet Banking
115,Falguni Loke,,4133443493522701,HDFC0056451,Union Bank of India,Savings,8596563101,falguni.loke407@example.com,falguniloke2917@okhdfcbank,Active,0,2024-10-04 04:13:34,,Mobile App
885,Jackson Dhingra,Personal,8787362029191608,INDB0839367,ICICI Bank,Savings,3042424124,,jacksondhingra1275@okicici,Inactive,1,2025-05-20 07:38:02,2025-05-25 05:05:02,Mobile App
285,Nisha Bhavsar,Mom,3653656166496719,YESB0170290,HDFC Bank,Savings,6149597498,nisha.bhavsar877@example.com,nishabhavsar6597@okaxis,Active,1,2024-07-24 21:34:25,2024-07-27 13:40:25,Branch
688,Janaki Tara,,2151064403067286,IDFB0669584,HDFC Bank,Savings,3541836574,,janakitara2617@oksbi,Active,1,2024-04-16 07:30:48,2024-04-21 18:09:48,Internet Banking
375,Chandran Sethi,,8899028560669060,UTIB0943567,Bank of Baroda,Savings,7752030374,chandran.sethi526@example.com,,Inactive,1,2024-08-17 08:45:58,2024-08-24 00:35:58,Internet Banking
126,Arunima Manda,Personal,4363692484351319,UTIB0894246,IndusInd Bank,Savings,7471961580,arunima.manda768@example.com,,Active,0,2024-06-17 04:03:50,,Branch
410,Falguni Rajagopal,Vendor,2941028823769395,PUNB0367952,Yes Bank,Savings,7897787122,falguni.rajagopal812@example.com,,Active,1,2025-09-16 05:05:15,2025-09-16 08:58:15,Mobile App
684,Lavanya Varughese,,682676384032159,KKBK0184044,Punjab National Bank,Savings,6032269460,lavanya.varughese745@example.com,lavanyavarughese301@okicici,Active,1,2024-05-31 11:04:01,2024-06-03 20:38:01,Internet Banking
674,Forum Devi,Office,2219487262886903,UTIB0607143,ICICI Bank,Savings,1892283669,forum.devi584@example.com,forumdevi6460@oksbi,Active,1,2025-11-20 02:54:07,2025-11-26 15:08:07,Mobile App
940,Theodore Rajan,Home,6247082172555444,HDFC0833182,Kotak Mahindra Bank,Savings,3073241264,,,Active,1,2024-12-26 18:10:49,2024-12-31 15:44:49,Branch
916,Utkarsh Nadig,Sister,2259539144980245,UBIN0524180,Canara Bank,Current,5273675070,,utkarshnadig6747@okaxis,Active,1,2026-06-23 00:41:17,2026-06-26 09:27:17,Mobile App
687,Abeer Dube,Dad,2757041262860594,PUNB0533744,Yes Bank,Savings,9423422375,abeer.dube603@example.com,abeerdube856@ybl,Active,1,2024-02-14 02:32:45,2024-02-20 05:13:45,Internet Banking
386,Yamini Baral,Mom,2771202961559662,UTIB0143778,Bank of Baroda,Current,7972300765,yamini.baral58@example.com,,Active,1,2026-08-12 15:38:12,2026-08-16 10:32:12,Mobile App
373,Vasatika Chana,Brother,3374793988167329,KKBK0927972,IDFC First Bank,Savings,5142024608,,,Inactive,0,2026-03-17 02:03:03,,Mobile App
469,Sudiksha Kota,Office,5381459691835782,SBIN0580919,Kotak Mahindra Bank,Current,,,sudikshakota856@okicici,Active,1,2026-06-09 16:57:32,2026-06-16 06:08:32,Internet Banking
480,Daksh Pradhan,Business,8764497571193395,SBIN0020437,ICICI Bank,Current,1730457550,daksh.pradhan250@example.com,,Active,1,2024-01-17 03:43:31,2024-01-17 23:53:31,Internet Banking
46,Tamanna Ramachandran,Business,4489414747054115,IDFB0591074,Axis Bank,Savings,4771068621,tamanna.ramachandran504@example.com,tamannaramachandran7797@okicici,Active,1,2024-11-15 21:21:41,2024-11-18 01:15:41,Mobile App
321,Ganga Seth,Office,9462524900577020,CNRB0711916,Bank of Baroda,Savings,2305217274,ganga.seth820@example.com,gangaseth4269@ybl,Active,1,2026-03-19 16:45:39,2026-03-22 21:54:39,Mobile App
684,Baljiwan Sant,Personal,3740201127217902,UTIB0405311,Punjab National Bank,Savings,0386751120,,,Active,1,2024-03-13 06:10:12,2024-03-14 06:11:12,Mobile App
532,Azaan Tailor,Home,8136927198288445,KKBK0240933,State Bank of India,Savings,,,,Active,1,2024-06-02 23:54:31,2024-06-08 13:04:31,Mobile App
719,Tripti Randhawa,Brother,1073948998521499,UBIN0312323,Canara Bank,Current,5082222754,tripti.randhawa134@example.com,,Active,1,2025-04-15 19:22:42,2025-04-21 09:10:42,Internet Banking
499,Tripti Tailor,Personal,5376737163731142,YESB0945203,Kotak Mahindra Bank,Current,0947518430,,,Active,1,2025-12-11 20:15:43,2025-12-13 17:04:43,Internet Banking
177,Chaman Bath,Vendor,9947761664034153,INDB0717680,Bank of Baroda,Savings,1746901555,chaman.bath724@example.com,chamanbath7014@paytm,Blocked,1,2024-04-19 16:08:38,2024-04-21 06:45:38,Mobile App
692,Gayathri Soni,Home,9468852288992475,PUNB0168901,Axis Bank,Savings,3728422281,gayathri.soni234@example.com,,Active,1,2025-10-11 14:39:41,2025-10-13 12:28:41,Internet Banking
825,Lajita Vohra,Sister,1604210532005697,SBIN0490158,Canara Bank,Savings,0638537024,lajita.vohra13@example.com,lajitavohra2859@okicici,Active,1,2026-05-19 00:32:55,2026-05-22 09:29:55,Mobile App
938,Kamala Sastry,Home,9834862993878527,KKBK0731556,IndusInd Bank,Savings,2895371618,kamala.sastry489@example.com,kamalasastry5890@okicici,Inactive,1,2024-08-11 11:06:52,2024-08-18 08:17:52,Mobile App
293,Faraj Rastogi,Personal,8875445651905612,ICIC0802529,ICICI Bank,Savings,0492557165,faraj.rastogi916@example.com,farajrastogi75@okaxis,Active,1,2024-07-05 08:04:47,2024-07-05 20:06:47,Internet Banking
207,Gaurav Swaminathan,Sister,5788312421638041,IDFB0854914,Yes Bank,Savings,0245586197,gaurav.swaminathan650@example.com,gauravswaminathan9493@paytm,Inactive,0,2025-06-15 04:54:04,,Mobile App
185,Saumya Bhattacharyya,Friend,8637728616632871,SBIN0158365,Axis Bank,Savings,7817585032,saumya.bhattacharyya299@example.com,,Active,1,2026-06-14 03:47:18,2026-06-16 14:59:18,Mobile App
347,Laban Saha,Dad,2442721668989864,PUNB0866602,ICICI Bank,Savings,8195078696,laban.saha11@example.com,,Blocked,1,2025-01-24 07:16:16,2025-01-27 08:43:16,Mobile App
417,Harshil Solanki,Vendor,9919166482833075,YESB0248319,IndusInd Bank,Savings,,harshil.solanki829@example.com,harshilsolanki353@okicici,Active,1,2025-07-10 00:10:39,2025-07-16 02:37:39,Mobile App
53,Max Sen,,1177864039546420,HDFC0039488,Bank of Baroda,Savings,2147368511,max.sen510@example.com,maxsen5641@ybl,Active,1,2026-06-03 07:04:39,2026-06-06 18:47:39,Internet Banking
855,Jai Magar,,5475049635604732,UBIN0443418,Union Bank of India,Savings,4657469199,jai.magar48@example.com,jaimagar7166@okicici,Active,1,2026-04-14 17:49:02,2026-04-16 14:02:02,Internet Banking
678,Waida Kapur,Personal,5757034905160036,UBIN0380515,HDFC Bank,Current,3479964399,waida.kapur801@example.com,waidakapur606@oksbi,Active,0,2024-05-09 19:08:54,,Branch
632,Raksha Borde,,6853139284057618,INDB0194150,Kotak Mahindra Bank,Savings,5407888923,raksha.borde402@example.com,rakshaborde7954@paytm,Inactive,0,2024-12-27 22:18:53,,Mobile App
887,Bhavna Sama,Personal,3156497665702767,ICIC0333281,Axis Bank,Savings,5976995770,bhavna.sama930@example.com,bhavnasama407@okhdfcbank,Active,0,2024-03-05 10:48:08,,Internet Banking
815,Shaurya Din,Vendor,2435929079450519,PUNB0851061,Kotak Mahindra Bank,Current,5697969498,shaurya.din754@example.com,,Active,1,2024-01-06 04:51:08,2024-01-08 11:43:08,Mobile App
389,Thomas Saha,Sister,4742190185397864,HDFC0609012,ICICI Bank,Savings,9630130153,thomas.saha118@example.com,thomassaha2697@paytm,Active,1,2026-01-11 22:34:46,2026-01-17 13:04:46,Mobile App
795,Chandani Mammen,Friend,400665507165006,INDB0500743,ICICI Bank,Savings,3167113350,chandani.mammen645@example.com,chandanimammen3482@okicici,Active,1,2025-01-24 09:56:31,2025-01-26 06:42:31,Mobile App
181,Jyoti Chawla,,8471053373565012,UTIB0993441,HDFC Bank,Savings,9689523590,,,Inactive,0,2025-09-10 17:49:10,,Mobile App
348,Joshua Sen,Dad,4175038114178520,YESB0098545,IndusInd Bank,Savings,2157950014,joshua.sen355@example.com,joshuasen8307@paytm,Active,1,2026-05-01 22:39:03,2026-05-06 12:53:03,Internet Banking
948,Ekalinga Shetty,Mom,795519954012861,KKBK0903902,IDFC First Bank,Savings,2480707478,ekalinga.shetty467@example.com,ekalingashetty6397@ybl,Active,1,2025-07-09 18:13:48,2025-07-13 10:44:48,Mobile App
8,Anirudh Chand,Personal,312020579290789,UBIN0033564,Axis Bank,Current,7814013381,anirudh.chand710@example.com,,Active,1,2024-11-11 12:18:38,2024-11-12 14:01:38,Mobile App
853,Chameli Hayre,,6112969310932113,INDB0790321,Kotak Mahindra Bank,Savings,4202526781,chameli.hayre947@example.com,chamelihayre6743@paytm,Active,1,2026-02-06 18:21:44,2026-02-07 23:01:44,Internet Banking
829,Radha Bajwa,Sister,1384192606546951,KKBK0315816,Axis Bank,Savings,3808722619,radha.bajwa139@example.com,,Active,1,2025-08-28 12:26:58,2025-09-03 22:16:58,Mobile App
302,Nitesh Patla,,1027811368688518,UTIB0991412,ICICI Bank,Savings,8726142963,,niteshpatla6342@okicici,Active,1,2025-02-27 01:21:13,2025-03-01 00:25:13,Mobile App
263,Isaiah Patla,,7708421667609362,YESB0331439,Bank of Baroda,Current,2786408083,isaiah.patla12@example.com,isaiahpatla9240@oksbi,Active,1,2025-04-13 18:49:42,2025-04-16 05:40:42,Internet Banking
291,Yasti Atwal,,6433332393902753,IDFB0961942,Union Bank of India,Savings,1870780077,,,Inactive,0,2024-06-20 00:03:28,,Mobile App
465,Jacob Mukhopadhyay,Office,7942185687261203,ICIC0710501,IDFC First Bank,Savings,2025007317,jacob.mukhopadhyay269@example.com,jacobmukhopadhyay7802@okicici,Active,1,2026-03-02 02:22:21,2026-03-05 02:50:21,Mobile App
679,Tripti Lad,Home,4514691992031607,CNRB0743896,ICICI Bank,Savings,4382979941,tripti.lad535@example.com,triptilad3817@oksbi,Active,0,2025-10-30 03:22:15,,Mobile App
260,Nitara Yogi,Business,5832428114792931,SBIN0690821,Punjab National Bank,Savings,6155389460,nitara.yogi789@example.com,nitarayogi3480@ybl,Active,1,2025-10-04 03:37:12,2025-10-05 18:16:12,Branch
350,Reyansh Atwal,,8297685335818223,UTIB0348152,Kotak Mahindra Bank,Savings,5386619605,reyansh.atwal352@example.com,reyanshatwal4948@ybl,Active,1,2024-02-26 12:37:27,2024-02-26 13:09:27,Mobile App
618,Guneet Chandra,,8550259979678193,PUNB0499350,ICICI Bank,Savings,1752034249,guneet.chandra914@example.com,guneetchandra321@paytm,Active,1,2024-04-21 02:28:12,2024-04-21 10:20:12,Mobile App
658,Raagini Balay,Office,3398654759872995,SBIN0222523,HDFC Bank,Savings,0353914034,,raaginibalay3030@oksbi,Active,1,2025-07-28 16:29:49,2025-07-30 21:30:49,Internet Banking
191,Vihaan Patel,Dad,5210925319963197,ICIC0122217,ICICI Bank,Current,1559493855,,,Active,1,2024-08-28 11:11:42,2024-09-02 13:14:42,Internet Banking
735,Jalsa Gaba,Brother,4076262075866245,UBIN0132290,Yes Bank,Savings,4507524886,jalsa.gaba950@example.com,jalsagaba7555@okicici,Active,1,2025-08-29 04:01:27,2025-08-30 14:51:27,Mobile App
122,Upma Acharya,Friend,4449741527896014,IDFB0418549,Canara Bank,Savings,2522982120,upma.acharya641@example.com,upmaacharya733@oksbi,Active,1,2025-11-27 22:06:58,2025-12-03 23:35:58,Internet Banking
368,Qasim Shan,Brother,8239877543977466,CNRB0484094,ICICI Bank,Savings,6404859671,qasim.shan433@example.com,qasimshan630@okaxis,Active,1,2025-11-06 11:29:21,2025-11-07 13:04:21,Mobile App
950,Udyati Wason,Vendor,7523713640435293,UTIB0127407,Union Bank of India,Savings,0819478879,udyati.wason870@example.com,,Active,0,2024-11-01 04:22:28,,Mobile App
764,Hitesh Lad,,1652114205393932,IDFB0983522,State Bank of India,Savings,6784279157,hitesh.lad841@example.com,hiteshlad6203@oksbi,Active,1,2026-08-16 21:15:22,2026-08-17 23:59:59,Internet Banking
542,Yash Dara,Business,3347934235889443,UBIN0788192,Punjab National Bank,Current,5827760691,,,Active,1,2025-01-15 16:15:39,2025-01-19 02:41:39,Mobile App
101,Sanya Bava,Home,6097819141035299,HDFC0865709,IDFC First Bank,Savings,8911689824,sanya.bava474@example.com,,Active,1,2024-03-07 14:37:41,2024-03-09 11:13:41,Mobile App
672,Mohini Tripathi,Brother,5756292852246251,UBIN0213312,Kotak Mahindra Bank,Savings,8016409201,,mohinitripathi5252@oksbi,Active,1,2024-12-13 08:07:41,2024-12-19 20:15:41,Mobile App
448,Vasana Nori,Brother,1867427614442585,ICIC0752588,Canara Bank,Savings,9299958298,vasana.nori405@example.com,,Active,1,2025-10-21 07:42:19,2025-10-25 11:21:19,Internet Banking
745,Brinda Sani,Brother,2230235131615475,INDB0945641,Kotak Mahindra Bank,Savings,8499641778,brinda.sani984@example.com,brindasani8841@oksbi,Active,1,2025-02-21 16:56:37,2025-02-22 19:48:37,Mobile App
103,Raghav Sachar,Brother,1492714414675972,SBIN0421415,Axis Bank,Savings,4783968331,raghav.sachar483@example.com,raghavsachar1221@ybl,Active,0,2026-03-25 23:30:45,,Mobile App
356,Ekansh Nagar,Friend,5802221625005499,PUNB0794467,ICICI Bank,Savings,1365059361,ekansh.nagar333@example.com,ekanshnagar9352@oksbi,Inactive,0,2024-01-23 03:01:26,,Mobile App
997,Yashodhara Gade,,217326612184342,KKBK0367183,Kotak Mahindra Bank,Savings,,yashodhara.gade889@example.com,yashodharagade8413@okaxis,Active,1,2025-04-30 07:37:13,2025-05-02 21:51:13,Mobile App
784,Naveen Thaker,Vendor,8381452020978773,YESB0048614,IndusInd Bank,Current,0929063744,naveen.thaker580@example.com,naveenthaker1293@ybl,Active,1,2024-01-29 10:22:13,2024-01-30 03:32:13,Mobile App
548,Kamala Naik,Sister,9125546226964366,UTIB0038463,Canara Bank,Savings,,kamala.naik799@example.com,,Active,1,2026-05-09 09:26:33,2026-05-13 14:01:33,Internet Banking
975,Chakradhar Reddy,,2319615035142541,BARB0884328,State Bank of India,Savings,4082976342,,chakradharreddy5998@paytm,Active,1,2026-02-21 16:06:03,2026-02-25 07:47:03,Internet Banking
811,Timothy Chaudhary,,9997222607729560,ICIC0585779,Bank of Baroda,Savings,2279231022,timothy.chaudhary328@example.com,timothychaudhary390@okhdfcbank,Active,1,2024-10-19 13:48:29,2024-10-20 21:23:29,Branch
292,Zehaan Lad,,3157741462268106,YESB0311395,Bank of Baroda,Savings,5004260733,zehaan.lad112@example.com,zehaanlad9275@oksbi,Active,1,2025-04-01 11:51:53,2025-04-06 19:36:53,Internet Banking
845,Ucchal Bajaj,Dad,5530559908905878,BARB0369128,Punjab National Bank,Current,5578507935,ucchal.bajaj545@example.com,ucchalbajaj2530@okaxis,Active,0,2025-01-16 11:40:42,,Branch
80,Eesha Shan,,9910411561769097,UBIN0268240,IndusInd Bank,Savings,8336760733,,,Blocked,1,2024-06-06 14:00:07,2024-06-11 12:15:07,Mobile App
674,Nihal Hans,,7476693226452215,PUNB0698081,IDFC First Bank,Savings,3501457398,nihal.hans305@example.com,nihalhans2533@oksbi,Active,0,2026-01-30 06:05:02,,Internet Banking
171,Umang Deshmukh,Personal,6271726723653660,UBIN0457043,Kotak Mahindra Bank,Current,6436440556,umang.deshmukh133@example.com,umangdeshmukh168@okhdfcbank,Active,1,2024-04-06 12:31:54,2024-04-06 20:44:54,Internet Banking
256,Chanakya Khare,,3264089905894621,ICIC0278613,Axis Bank,Savings,2513282796,chanakya.khare100@example.com,,Active,1,2026-03-01 16:33:03,2026-03-03 03:00:03,Mobile App
529,Indali Mangal,Vendor,3002327198367358,CNRB0176665,HDFC Bank,Savings,,indali.mangal143@example.com,,Active,1,2024-11-01 11:04:16,2024-11-04 12:33:16,Internet Banking
16,Ishwar Borde,Sister,7551380934486787,YESB0518672,Bank of Baroda,Savings,4296642501,,,Inactive,0,2025-11-29 05:31:35,,Mobile App
970,Kalpit Agarwal,,447457770313991,IDFB0155973,Union Bank of India,Savings,6522652740,kalpit.agarwal428@example.com,,Active,1,2024-02-14 00:44:11,2024-02-18 18:42:11,Mobile App
215,Guneet Kohli,Friend,8841716335968167,IDFB0267388,Yes Bank,Savings,8993268556,guneet.kohli248@example.com,guneetkohli6502@ybl,Inactive,1,2024-04-09 11:43:48,2024-04-13 16:01:48,Internet Banking
802,Balvan Saraf,Personal,7419058172599706,UTIB0448673,Canara Bank,Savings,0060199697,balvan.saraf555@example.com,balvansaraf611@okhdfcbank,Active,0,2024-10-02 08:43:59,,Mobile App
639,Jyoti Dube,Sister,5724118331811533,CNRB0177688,Bank of Baroda,Savings,7961855270,jyoti.dube930@example.com,jyotidube2530@okicici,Active,1,2024-04-22 15:46:05,2024-04-28 22:17:05,Mobile App
101,Devansh Nagarajan,,812241090174176,HDFC0430569,State Bank of India,Savings,1004896768,,,Active,1,2024-04-05 01:46:26,2024-04-06 02:03:26,Internet Banking
525,Zayan Issac,Mom,314752483361213,IDFB0396632,Canara Bank,Savings,9712693282,zayan.issac964@example.com,zayanissac4012@oksbi,Active,1,2024-10-09 22:29:26,2024-10-10 16:32:26,Branch
794,Vrinda Mangal,Friend,9720736825805742,IDFB0865925,Yes Bank,Savings,5162321240,vrinda.mangal403@example.com,vrindamangal6500@okicici,Active,0,2026-02-01 10:15:44,,Mobile App
397,Bakhshi Nayar,Friend,5563033306258163,INDB0751689,State Bank of India,Savings,3669321484,bakhshi.nayar565@example.com,,Active,1,2024-06-20 04:40:09,2024-06-25 09:21:09,Mobile App
229,Girik Pandey,Personal,1077753660148279,SBIN0278825,Punjab National Bank,Savings,3753559444,,girikpandey7571@ybl,Active,0,2024-05-11 13:24:05,,Mobile App
524,Vanya Grover,Personal,4374142385149918,HDFC0219155,Kotak Mahindra Bank,Savings,7285070126,vanya.grover40@example.com,vanyagrover3314@okicici,Active,1,2026-04-18 01:55:34,2026-04-20 06:33:34,Mobile App
519,Leela Garde,Home,3972031990173605,CNRB0511065,IDFC First Bank,Savings,8899429219,,leelagarde7297@okaxis,Active,1,2026-08-06 23:26:10,2026-08-12 10:57:10,Internet Banking
702,Wridesh Iyengar,,3445120780992697,UBIN0608045,HDFC Bank,Savings,4470863644,wridesh.iyengar67@example.com,wrideshiyengar6723@ybl,Active,0,2026-02-13 11:10:59,,Internet Banking
780,Faris Sehgal,Friend,8504278594349312,PUNB0842263,Punjab National Bank,Savings,,faris.sehgal185@example.com,farissehgal7538@paytm,Inactive,0,2025-01-19 02:57:05,,Internet Banking
225,Rohan Devan,Friend,9123820902441110,SBIN0091801,Canara Bank,Savings,2572854920,rohan.devan236@example.com,rohandevan7101@okicici,Inactive,1,2025-10-25 07:59:36,2025-10-28 05:18:36,Mobile App
115,Nachiket Bala,Personal,5505114162089774,YESB0548819,HDFC Bank,Current,6642773365,nachiket.bala322@example.com,nachiketbala3309@oksbi,Active,1,2024-01-18 22:14:54,2024-01-23 15:54:54,Internet Banking
151,Samesh Ravi,Sister,1650856095855991,PUNB0385933,Bank of Baroda,Savings,9302194866,samesh.ravi119@example.com,sameshravi8279@okaxis,Active,1,2026-02-09 00:49:18,2026-02-10 17:18:18,Mobile App
254,Netra Arya,,5484138088068075,YESB0913172,ICICI Bank,Current,9917273649,netra.arya529@example.com,netraarya8241@oksbi,Active,0,2025-04-24 14:37:03,,Mobile App
298,Azaan Bumb,Home,7899790869616990,IDFB0857174,ICICI Bank,Savings,9861540062,azaan.bumb993@example.com,,Active,1,2025-03-28 21:14:42,2025-04-02 21:06:42,Internet Banking
42,Hamsini Bhatt,,6497907031160563,INDB0111333,Yes Bank,Savings,1739740330,hamsini.bhatt86@example.com,hamsinibhatt4572@paytm,Active,1,2024-03-31 18:21:02,2024-04-05 22:56:02,Mobile App
442,Jyoti Johal,,1751680690389977,UBIN0439160,Axis Bank,Savings,7982751103,,jyotijohal4011@oksbi,Active,1,2024-04-04 06:51:20,2024-04-08 06:14:20,Mobile App
964,Anirudh Sangha,Friend,5182304793444181,IDFB0488531,Yes Bank,Savings,4440095499,anirudh.sangha150@example.com,anirudhsangha6129@okicici,Active,1,2024-07-26 19:09:17,2024-07-27 05:25:17,Mobile App
5,Balhaar Peri,Friend,5622837644936107,IDFB0042687,State Bank of India,Savings,3081700167,balhaar.peri390@example.com,,Active,1,2025-10-31 09:02:01,2025-11-02 15:36:01,Internet Banking
445,Diya Bhagat,Business,9878674497567706,INDB0310205,IndusInd Bank,Savings,8508103037,diya.bhagat787@example.com,diyabhagat9718@oksbi,Active,1,2026-02-14 15:06:27,2026-02-16 14:03:27,Internet Banking
552,Kevin Chana,Personal,6169739541733203,ICIC0497071,Kotak Mahindra Bank,Savings,7680089379,kevin.chana312@example.com,,Active,1,2026-06-19 19:38:06,2026-06-22 20:34:06,Internet Banking
822,Hemal Tripathi,Mom,2671127200153441,UTIB0540719,HDFC Bank,Savings,7619022613,,,Inactive,0,2025-08-24 08:12:46,,Internet Banking
957,Upasna Shanker,Business,5219235796277958,BARB0614689,HDFC Bank,Savings,7972529606,,,Active,1,2025-02-17 11:04:49,2025-02-20 00:45:49,Mobile App
762,Yochana Saxena,Brother,1565234675557470,IDFB0557124,HDFC Bank,Savings,5858293235,yochana.saxena166@example.com,yochanasaxena6170@okaxis,Active,1,2024-12-17 16:58:56,2024-12-21 09:25:56,Mobile App
449,Fitan Sandal,Brother,7421937973288597,PUNB0567543,IndusInd Bank,Savings,1420219795,fitan.sandal462@example.com,fitansandal9381@okicici,Active,1,2025-12-18 21:21:33,2025-12-21 13:32:33,Mobile App
509,Barkha Tata,,7310842173086745,PUNB0695844,Union Bank of India,Savings,,barkha.tata648@example.com,,Active,1,2026-06-24 11:52:35,2026-06-28 20:26:35,Mobile App
865,Finn Majumdar,Friend,2422096669514785,UBIN0410202,Yes Bank,Current,2894451478,finn.majumdar29@example.com,finnmajumdar6315@okhdfcbank,Active,1,2025-03-13 05:56:35,2025-03-14 07:18:35,Branch
246,Ijaya Prakash,Friend,6019946560540183,KKBK0765884,Canara Bank,Savings,0146679219,ijaya.prakash657@example.com,,Active,1,2025-07-09 16:55:14,2025-07-14 21:57:14,Mobile App
418,Maanas Sharaf,Personal,3228578712351184,INDB0637119,IndusInd Bank,Savings,5788935959,maanas.sharaf338@example.com,maanassharaf6613@okhdfcbank,Active,1,2026-02-14 06:45:10,2026-02-16 06:41:10,Internet Banking
167,Vaishnavi Raval,Dad,6771420238440888,UTIB0943249,Kotak Mahindra Bank,Savings,2133883050,,vaishnaviraval183@okicici,Active,1,2024-02-15 07:23:22,2024-02-21 23:02:22,Internet Banking
173,Girish Krishna,Sister,4040725283574542,ICIC0720222,Kotak Mahindra Bank,Savings,,girish.krishna826@example.com,girishkrishna2125@oksbi,Active,0,2025-12-18 11:45:24,,Mobile App
202,Unnati Pradhan,Dad,1585881276868793,IDFB0599564,Union Bank of India,Savings,0367146517,unnati.pradhan683@example.com,unnatipradhan9255@ybl,Inactive,1,2026-02-10 05:07:21,2026-02-11 23:51:21,Internet Banking
977,Dalbir Sarma,Business,5576736540161104,PUNB0081701,IndusInd Bank,Savings,1041168351,dalbir.sarma54@example.com,,Active,1,2024-03-19 18:52:48,2024-03-26 17:29:48,Internet Banking
51,Warinder Cherian,Business,50858223711235,SBIN0357232,IDFC First Bank,Savings,7644366602,warinder.cherian934@example.com,warindercherian2287@okhdfcbank,Active,1,2026-07-03 04:30:56,2026-07-06 07:50:56,Mobile App
566,Kamala Mammen,Office,2281162084379975,HDFC0841797,HDFC Bank,Savings,4975878514,kamala.mammen762@example.com,,Active,0,2024-06-05 18:24:48,,Mobile App
533,Shivansh Tank,Business,8655513039161501,ICIC0098780,Punjab National Bank,Savings,4854700341,,shivanshtank1449@ybl,Active,1,2025-08-21 19:03:19,2025-08-25 01:07:19,Internet Banking
487,Ekansh Chad,Vendor,6873068320872835,UTIB0780975,Punjab National Bank,Savings,4874338388,ekansh.chad448@example.com,ekanshchad4038@ybl,Active,1,2024-10-25 09:10:02,2024-10-30 03:47:02,Mobile App
954,Netra Deol,Brother,2953088453351611,SBIN0639026,Axis Bank,Savings,6253191067,netra.deol164@example.com,netradeol4149@okhdfcbank,Inactive,1,2025-01-23 14:01:05,2025-01-27 20:40:05,Mobile App
837,Tripti Ganesh,,429992850322495,INDB0092534,Bank of Baroda,Savings,1102843119,tripti.ganesh47@example.com,,Active,0,2024-03-31 08:04:27,,Mobile App
68,Lakshit Din,Vendor,7817026693511102,UTIB0864333,Canara Bank,Savings,0372937493,lakshit.din16@example.com,,Active,1,2025-07-15 00:49:34,2025-07-16 21:09:34,Internet Banking
608,Abhimanyu Sundaram,Sister,6968422890149649,CNRB0694518,Yes Bank,Savings,0664208580,abhimanyu.sundaram733@example.com,abhimanyusundaram7515@okhdfcbank,Inactive,1,2025-08-07 13:44:36,2025-08-10 14:34:36,Mobile App
554,Jagat Saini,Mom,1286384118766147,YESB0051165,Yes Bank,Current,6818045541,jagat.saini296@example.com,jagatsaini5079@okhdfcbank,Active,1,2024-05-29 04:09:10,2024-05-31 05:11:10,Branch
61,Vinaya Nagar,Brother,5498211390089366,BARB0817251,Kotak Mahindra Bank,Savings,7660764334,vinaya.nagar829@example.com,vinayanagar3337@ybl,Active,1,2026-03-18 04:38:14,2026-03-24 22:08:14,Branch
25,Logan Khurana,Dad,318511475292336,UBIN0919642,Axis Bank,Savings,6266426713,logan.khurana32@example.com,logankhurana7811@paytm,Active,0,2026-07-19 18:52:08,,Mobile App
866,Bhavika Bhardwaj,Personal,6888878188445640,KKBK0656497,IndusInd Bank,Savings,,bhavika.bhardwaj718@example.com,,Inactive,1,2025-10-04 08:56:32,2025-10-07 02:08:32,Mobile App
336,Bhavya Konda,Home,7514688251555800,BARB0210810,State Bank of India,Savings,6915431440,bhavya.konda265@example.com,,Active,1,2025-12-08 05:35:40,2025-12-08 20:19:40,Mobile App
28,Jonathan Kulkarni,Friend,1824857890706366,CNRB0281331,Yes Bank,Savings,2648846641,jonathan.kulkarni931@example.com,jonathankulkarni4821@okicici,Active,1,2025-11-09 15:08:40,2025-11-12 06:20:40,Internet Banking
306,Dalbir Talwar,Dad,1309439329516824,SBIN0808311,ICICI Bank,Savings,0392347529,dalbir.talwar772@example.com,dalbirtalwar4256@oksbi,Active,1,2026-07-16 09:50:45,2026-07-22 05:57:45,Mobile App
618,Netra Rajan,,8993694292334857,CNRB0866814,Punjab National Bank,Savings,5105170791,netra.rajan670@example.com,netrarajan7027@okicici,Active,1,2024-01-10 19:49:40,2024-01-11 05:55:40,Branch
118,Gauri Chaudhari,Dad,5033797131735228,ICIC0615744,HDFC Bank,Savings,,gauri.chaudhari590@example.com,gaurichaudhari5191@oksbi,Blocked,1,2025-06-08 16:07:48,2025-06-09 12:40:48,Internet Banking
971,Atharv Bakshi,Dad,1576322768792937,UTIB0819378,Kotak Mahindra Bank,Savings,0468101246,atharv.bakshi576@example.com,atharvbakshi5709@okhdfcbank,Active,1,2025-04-10 01:55:44,2025-04-14 20:45:44,Internet Banking
476,Patrick Swamy,Sister,9831600195936913,KKBK0259536,Kotak Mahindra Bank,Savings,9107468700,patrick.swamy57@example.com,patrickswamy3945@oksbi,Active,1,2025-12-16 06:33:38,2025-12-20 07:22:38,Mobile App
250,Chanchal Mangal,Brother,3306383094806587,INDB0503620,Bank of Baroda,Savings,3464372489,chanchal.mangal750@example.com,chanchalmangal2842@ybl,Active,1,2024-01-13 11:36:36,2024-01-17 19:02:36,Internet Banking
300,Maanav Dugar,,8030526323744554,YESB0310587,Bank of Baroda,Savings,5930869001,maanav.dugar423@example.com,maanavdugar6459@paytm,Active,0,2024-05-11 22:06:21,,Internet Banking
813,William Tripathi,,4536152981666521,CNRB0974142,Bank of Baroda,Current,4628908014,william.tripathi840@example.com,williamtripathi5649@oksbi,Active,1,2026-04-22 07:37:14,2026-04-22 19:41:14,Internet Banking
192,Urishilla Balasubramanian,Vendor,8705206506574604,CNRB0761709,HDFC Bank,Savings,3850960412,urishilla.balasubramanian565@example.com,urishillabalasubramanian5853@okaxis,Active,1,2025-05-17 23:54:28,2025-05-22 11:22:28,Internet Banking
634,Lila Bath,,3548905895243628,PUNB0683513,IndusInd Bank,Savings,2838393719,,lilabath382@okicici,Active,1,2024-02-23 03:09:02,2024-02-28 05:24:02,Mobile App
629,Avi Thakur,Office,5594958992225332,HDFC0930189,ICICI Bank,Current,9517403159,avi.thakur416@example.com,,Active,0,2026-02-25 14:40:15,,Internet Banking
776,Tanveer Maharaj,Sister,1850489321661692,CNRB0603959,Yes Bank,Savings,1174158755,,,Blocked,1,2025-07-03 08:54:38,2025-07-04 01:43:38,Internet Banking
575,Eshana Comar,Brother,6077332126461818,HDFC0501145,Kotak Mahindra Bank,Current,0870069147,eshana.comar565@example.com,eshanacomar6268@ybl,Active,1,2026-01-19 15:40:47,2026-01-23 04:17:47,Internet Banking
983,Libni Bhavsar,Office,549612482857266,INDB0809078,Punjab National Bank,Savings,3893860126,,libnibhavsar6875@oksbi,Inactive,1,2024-07-31 11:58:00,2024-08-05 19:12:00,Mobile App
652,Balhaar Seshadri,Home,479557032989583,HDFC0619978,Punjab National Bank,Savings,7958456947,balhaar.seshadri531@example.com,,Active,1,2024-06-22 22:48:45,2024-06-29 02:08:45,Mobile App
377,Praneel Banik,Personal,7403909840351911,ICIC0458835,Canara Bank,Savings,,praneel.banik377@example.com,praneelbanik3234@paytm,Active,1,2025-08-02 11:41:57,2025-08-04 12:12:57,Mobile App
263,Bachittar Minhas,,4984094925529656,UBIN0911768,Punjab National Bank,Savings,0515745913,,bachittarminhas8897@okicici,Active,1,2025-02-01 19:12:34,2025-02-03 16:22:34,Mobile App
524,Liam Cheema,Sister,7857991845021012,KKBK0140745,Kotak Mahindra Bank,Savings,0207887656,liam.cheema780@example.com,liamcheema9149@okicici,Active,1,2026-04-19 15:14:12,2026-04-22 04:42:12,Mobile App
729,Manthan Sabharwal,Office,4038028009790266,IDFB0338008,Yes Bank,Savings,9213943202,manthan.sabharwal433@example.com,manthansabharwal6875@paytm,Active,1,2025-02-09 12:46:59,2025-02-13 06:10:59,Branch
933,Benjamin Dutt,,2173661627920500,HDFC0962601,Union Bank of India,Savings,5978315749,benjamin.dutt489@example.com,,Active,0,2026-02-09 02:56:55,,Mobile App
476,Vihaan Varghese,,5440026794885709,BARB0938513,Bank of Baroda,Savings,5146218106,,vihaanvarghese4142@ybl,Active,0,2024-02-01 12:50:43,,Mobile App
86,Damini Sem,Vendor,9362365396963753,INDB0429117,IndusInd Bank,Savings,5873803679,damini.sem979@example.com,daminisem5948@okaxis,Active,1,2024-09-21 06:47:22,2024-09-25 11:12:22,Internet Banking
375,Urishilla Jani,Mom,716887256208239,IDFB0299333,IndusInd Bank,Savings,3236206369,,,Active,1,2025-11-20 10:42:54,2025-11-23 18:35:54,Mobile App
37,Arin Magar,,285021082754736,IDFB0880869,Bank of Baroda,Savings,2369467618,arin.magar936@example.com,arinmagar3119@paytm,Active,1,2024-04-06 12:13:15,2024-04-07 11:21:15,Mobile App
7,Anika Merchant,Sister,893015333765712,ICIC0183829,Punjab National Bank,Savings,8338273808,anika.merchant243@example.com,,Active,1,2025-01-31 04:49:00,2025-02-03 06:48:00,Internet Banking
99,Ekansh Chacko,Friend,2791218431525836,CNRB0806055,Axis Bank,Savings,1108411107,ekansh.chacko588@example.com,,Inactive,0,2025-10-25 23:19:06,,Branch
185,Manan Biswas,,3811175365311287,INDB0728880,Punjab National Bank,Savings,4332557270,manan.biswas347@example.com,,Active,1,2024-03-09 16:26:45,2024-03-11 06:04:45,Mobile App
847,Lekha Chahal,Sister,6917458800791346,CNRB0286693,Bank of Baroda,Savings,8877945435,lekha.chahal219@example.com,,Active,1,2024-10-19 14:49:15,2024-10-26 03:34:15,Mobile App
196,Kashish Boase,Home,2157572031594055,KKBK0609978,Yes Bank,Savings,8910969449,kashish.boase172@example.com,,Inactive,1,2025-01-21 07:47:12,2025-01-21 13:59:12,Internet Banking
629,Vyanjana Rao,Personal,6185000396703433,PUNB0048976,ICICI Bank,Savings,4267483745,vyanjana.rao21@example.com,,Active,1,2025-04-11 07:39:54,2025-04-13 01:25:54,Mobile App
812,Laban Dugar,Business,4838537303946190,HDFC0120824,Punjab National Bank,Savings,2175383460,laban.dugar855@example.com,labandugar3219@ybl,Active,1,2026-05-14 16:13:25,2026-05-15 17:12:25,Mobile App
328,Sudiksha Rastogi,,5734544388608418,INDB0743054,Union Bank of India,Savings,0128876103,sudiksha.rastogi315@example.com,sudiksharastogi4085@paytm,Active,1,2025-08-31 01:39:39,2025-09-05 15:25:39,Mobile App
404,Aahana Ramanathan,Sister,4511413404342228,SBIN0110606,Canara Bank,Savings,2196318410,aahana.ramanathan465@example.com,,Inactive,1,2024-03-26 19:31:02,2024-03-31 18:25:02,Branch
11,Leena Kakar,Office,3981048948195270,UBIN0059841,HDFC Bank,Savings,,leena.kakar240@example.com,leenakakar6468@ybl,Active,1,2026-08-06 02:16:25,2026-08-12 11:40:25,Mobile App
646,Samar Dass,Office,2814010168155580,IDFB0615038,Union Bank of India,Savings,7052812138,samar.dass691@example.com,samardass211@ybl,Inactive,1,2024-11-20 05:14:08,2024-11-24 09:31:08,Mobile App
666,Ria Sachdev,Friend,1491160925124814,UBIN0998060,HDFC Bank,Savings,,ria.sachdev611@example.com,,Active,1,2025-06-03 13:28:25,2025-06-10 03:52:25,Internet Banking
900,Wazir Mody,,7975019217537264,KKBK0681945,IDFC First Bank,Savings,,wazir.mody923@example.com,wazirmody3635@ybl,Inactive,0,2024-01-14 16:19:59,,Internet Banking
6,George Devi,Home,877277134337736,INDB0360607,Axis Bank,Savings,0767240113,george.devi413@example.com,georgedevi2734@paytm,Active,1,2024-10-11 07:10:09,2024-10-12 13:46:09,Internet Banking
531,Ikshita Muni,Mom,1481870373363828,SBIN0661472,ICICI Bank,Savings,,ikshita.muni823@example.com,,Active,1,2026-03-30 14:28:05,2026-04-04 12:17:05,Internet Banking
821,Jonathan Kara,Office,7787283739118825,KKBK0257141,ICICI Bank,Savings,0515179823,jonathan.kara824@example.com,jonathankara6483@oksbi,Active,1,2025-07-08 14:11:23,2025-07-15 11:06:23,Mobile App
204,Kritika Dada,,3808773439190557,ICIC0175431,HDFC Bank,Savings,6259571901,kritika.dada743@example.com,,Inactive,1,2026-07-05 22:38:12,2026-07-08 05:09:12,Mobile App
320,Krish Minhas,Dad,4187171990823812,ICIC0410228,Yes Bank,Savings,8884063107,krish.minhas416@example.com,krishminhas2208@okaxis,Active,1,2025-04-24 01:47:23,2025-04-25 14:58:23,Internet Banking
371,Adya Morar,Friend,5412429503678401,ICIC0474982,Bank of Baroda,Savings,6885338635,adya.morar780@example.com,,Active,1,2026-03-14 18:09:41,2026-03-21 07:26:41,Mobile App
508,Ucchal Nagarajan,Personal,6504855383744627,UBIN0155316,Punjab National Bank,Savings,4952577828,ucchal.nagarajan652@example.com,,Active,1,2026-06-29 10:00:56,2026-07-04 08:09:56,Mobile App
978,Vincent Dhaliwal,Vendor,3953056346742099,BARB0400479,IndusInd Bank,Savings,6132520299,vincent.dhaliwal325@example.com,,Active,1,2025-02-26 10:08:55,2025-03-03 14:10:55,Internet Banking
514,Elijah Oak,Business,3520463433877625,ICIC0776981,Canara Bank,Current,2106783225,elijah.oak307@example.com,elijahoak167@paytm,Active,1,2025-04-21 20:58:47,2025-04-25 06:26:47,Mobile App
151,Ikshita Kala,Home,9791145743088959,SBIN0275921,State Bank of India,Savings,3743855232,ikshita.kala129@example.com,,Active,1,2026-05-16 13:25:10,2026-05-19 15:41:10,Mobile App
725,Rehaan Parmer,,1755785584017665,HDFC0180196,Kotak Mahindra Bank,Savings,,,rehaanparmer5241@okhdfcbank,Active,1,2025-12-17 23:31:54,2025-12-24 21:56:54,Internet Banking
