customer_id,account_id,loan_type,loan_amount,interest_rate,tenure_months,emi_amount,loan_start_date,loan_end_date,loan_status,approved_by,approved_date,created_at,outstanding_balance,paid_emi_count,next_emi_date,rejection_reason
585,230,Education Loan,1767000,9.05,72,31894.99,2024-12-08,2030-12-08,Pending,,,2024-12-08,1767000,0,,
288,271,Home Loan,4800000,7.26,204,41025.75,2021-10-19,2038-10-19,Defaulted,58,2021-10-09,2021-10-19,5989759.50,58,2026-09-19,
455,783,Education Loan,1398000,7.9,168,13779.37,2024-11-24,2038-11-24,Active,96,2024-11-01,2024-11-24,2025567.39,21,2026-09-24,
6,951,Home Loan,5593000,8.72,204,52667.0,2023-06-29,2040-06-29,Closed,31,2023-06-12,2023-06-29,0.00,204,,
767,3,Car Loan,1800000,9.73,72,33101.95,2025-09-01,2031-09-01,Approved,98,2025-08-28,2025-09-01,2019218.95,11,2026-09-01,
547,121,Car Loan,316000,10.57,84,5339.51,2023-11-11,2030-11-11,Defaulted,84,2023-10-19,2023-11-11,272315.01,33,2026-09-11,
489,930,Home Loan,7282000,7.65,168,70748.32,2026-01-27,2040-01-27,Active,84,2026-01-22,2026-01-27,11390479.52,7,2026-09-27,
990,147,Personal Loan,374000,13.78,60,8659.73,2025-04-12,2030-04-12,Active,18,2025-03-22,2025-04-12,381028.12,16,2026-09-12,
93,668,Home Loan,5016000,7.82,204,44520.16,2023-11-07,2040-11-07,Active,60,2023-10-14,2023-11-07,7612947.36,33,2026-09-07,
25,1344,Gold Loan,959000,12.3,12,85340.64,2022-12-30,2023-12-30,Active,68,2022-12-11,2022-12-30,0.00,12,2024-01-30,
304,816,Gold Loan,367000,10.71,48,9433.7,2025-10-15,2029-10-15,Closed,34,2025-09-25,2025-10-15,0.00,48,,
402,329,Business Loan,4800000,12.48,48,127536.61,2022-12-20,2026-12-20,Active,44,2022-12-02,2022-12-20,510146.44,44,2026-09-20,
370,961,Home Loan,2787000,7.2,204,23723.49,2024-12-15,2041-12-15,Rejected,,,2024-12-15,0.00,0,,High existing liabilities
516,245,Gold Loan,643000,12.88,36,21628.06,2022-06-08,2025-06-08,Active,34,2022-06-01,2022-06-08,0.00,36,2025-07-08,
974,866,Education Loan,488000,7.92,72,8537.17,2024-01-17,2030-01-17,Approved,74,2024-01-08,2024-01-17,350023.97,31,2026-09-17,
804,142,Education Loan,1137000,9.17,84,18391.53,2023-04-10,2030-04-10,Closed,77,2023-03-25,2023-04-10,0.00,84,,
722,1100,Education Loan,1754000,6.71,72,29660.31,2022-02-03,2028-02-03,Pending,,,2022-02-03,1754000,0,,
592,1107,Education Loan,1936000,8.88,108,26096.1,2025-03-14,2034-03-14,Active,34,2025-03-06,2025-03-14,2374745.10,17,2026-09-14,
120,789,Education Loan,1656000,10.33,180,18131.27,2024-09-11,2039-09-11,Closed,65,2024-08-12,2024-09-11,0.00,180,,
78,772,Education Loan,1494000,8.61,132,17549.22,2024-11-27,2035-11-27,Approved,8,2024-11-20,2024-11-27,1947963.42,21,2026-09-27,
201,1113,Education Loan,226000,7.69,168,2200.79,2025-04-03,2039-04-03,Active,47,2025-03-28,2025-04-03,334520.08,16,2026-09-03,
872,82,Personal Loan,1180000,14.82,48,32732.72,2022-10-04,2026-10-04,Active,29,2022-09-20,2022-10-04,65465.44,46,2026-09-04,
511,1497,Home Loan,3867000,9.49,228,36666.74,2022-02-16,2041-02-16,Pending,,,2022-02-16,3867000,0,,
751,869,Education Loan,828000,9.64,120,10777.69,2026-04-02,2036-04-02,Active,26,2026-04-01,2026-04-02,1250212.04,4,2026-09-02,
328,1486,Education Loan,1483000,6.73,168,13652.52,2025-07-28,2039-07-28,Pending,,,2025-07-28,1483000,0,,
399,1484,Business Loan,2670000,10.64,48,68541.69,2023-07-15,2027-07-15,Active,38,2023-07-06,2023-07-15,753958.59,37,2026-09-15,
578,1070,Home Loan,1044000,8.32,168,10539.95,2022-03-28,2036-03-28,Rejected,,,2022-03-28,0.00,0,,High existing liabilities
963,793,Education Loan,1917000,7.32,108,24286.41,2021-08-24,2030-08-24,Pending,,,2021-08-24,1917000,0,,
18,1186,Personal Loan,429000,17.22,60,10712.57,2022-07-16,2027-07-16,Active,77,2022-07-12,2022-07-16,117838.27,49,2026-09-16,
344,1418,Personal Loan,645000,14.39,48,17752.02,2023-10-15,2027-10-15,Defaulted,61,2023-09-20,2023-10-15,248528.28,34,2026-09-15,
730,767,Home Loan,5748000,7.3,168,54720.62,2024-06-11,2038-06-11,Closed,11,2024-05-21,2024-06-11,0.00,168,,
958,904,Personal Loan,851000,11.65,12,75471.05,2025-03-11,2026-03-11,Active,79,2025-03-10,2025-03-11,0.00,12,2026-04-11,
632,38,Personal Loan,1206000,13.35,48,32563.85,2023-12-28,2027-12-28,Closed,3,2023-12-22,2023-12-28,0.00,48,,
604,855,Home Loan,7561000,8.79,192,73481.59,2022-12-29,2038-12-29,Closed,99,2022-12-18,2022-12-29,0.00,192,,
159,718,Education Loan,238000,6.64,108,2933.28,2024-12-06,2033-12-06,Active,87,2024-11-26,2024-12-06,258128.64,20,2026-09-06,
188,1402,Home Loan,5034000,9.27,180,51869.88,2024-05-28,2039-05-28,Closed,25,2024-04-29,2024-05-28,0.00,180,,
729,670,Personal Loan,1147000,17.55,36,41208.33,2025-01-30,2028-01-30,Active,70,2025-01-11,2025-01-30,700541.61,19,2026-09-30,
917,659,Education Loan,1616000,10.48,84,27230.0,2022-03-23,2029-03-23,Closed,94,2022-03-21,2022-03-23,0.00,84,,
39,1425,Personal Loan,751000,15.97,48,21272.01,2022-05-16,2026-05-16,Active,6,2022-05-14,2022-05-16,0.00,48,2026-06-16,
692,340,Home Loan,2702000,9.13,180,27614.83,2025-02-19,2040-02-19,Active,68,2025-02-18,2025-02-19,4473602.46,18,2026-09-19,
777,1147,Home Loan,1007000,7.81,228,8487.79,2024-04-03,2043-04-03,Defaulted,73,2024-03-25,2024-04-03,1697558.00,28,2026-09-03,
928,779,Car Loan,1932000,9.47,72,35277.71,2024-04-05,2030-04-05,Pending,,,2024-04-05,1932000,0,,
398,400,Gold Loan,452000,11.43,12,40039.23,2025-09-08,2026-09-08,Approved,9,2025-08-29,2025-09-08,40039.23,11,2026-09-08,
18,1186,Home Loan,2206000,8.55,240,19214.05,2026-01-29,2046-01-29,Approved,56,2026-01-19,2026-01-29,4476873.65,7,2026-09-29,
107,1297,Business Loan,976000,9.89,84,16147.34,2025-10-29,2032-10-29,Closed,60,2025-10-12,2025-10-29,0.00,84,,
661,40,Gold Loan,349000,13.5,36,11843.42,2025-08-20,2028-08-20,Pending,,,2025-08-20,349000,0,,
417,1030,Personal Loan,1073000,16.25,60,26236.02,2023-10-28,2028-10-28,Active,78,2023-10-16,2023-10-28,682136.52,34,2026-09-28,
621,320,Education Loan,1457000,6.7,72,24631.05,2025-03-29,2031-03-29,Active,36,2025-03-27,2025-03-29,1354707.75,17,2026-09-29,
821,178,Home Loan,4664000,7.88,240,38663.97,2024-01-13,2044-01-13,Active,31,2023-12-28,2024-01-13,8080769.73,31,2026-09-13,
983,1335,Education Loan,113000,7.97,120,1369.21,2023-05-03,2033-05-03,Active,56,2023-04-29,2023-05-03,110906.01,39,2026-09-03,
184,98,Personal Loan,464000,15.6,48,13055.03,2022-12-18,2026-12-18,Pending,,,2022-12-18,464000,0,,
155,1450,Personal Loan,625000,12.42,72,12355.81,2024-04-13,2030-04-13,Approved,75,2024-04-02,2024-04-13,543655.64,28,2026-09-13,
17,884,Business Loan,3558000,11.03,24,165880.25,2024-09-17,2026-09-17,Closed,70,2024-09-08,2024-09-17,0.00,24,,
483,1470,Car Loan,553000,9.9,36,17817.8,2025-10-03,2028-10-03,Active,21,2025-09-04,2025-10-03,463262.80,10,2026-09-03,
612,1014,Car Loan,1493000,10.09,36,48238.02,2025-03-06,2028-03-06,Approved,83,2025-02-10,2025-03-06,916522.38,17,2026-09-06,
674,355,Gold Loan,185000,12.76,36,6212.02,2022-07-22,2025-07-22,Pending,,,2022-07-22,185000,0,,
882,1074,Gold Loan,897000,10.39,36,29108.19,2023-01-21,2026-01-21,Active,43,2023-01-03,2023-01-21,0.00,36,2026-02-21,
459,602,Home Loan,6148000,8.93,204,58682.91,2021-10-05,2038-10-05,Defaulted,43,2021-09-09,2021-10-05,8567704.86,58,2026-09-05,
472,1181,Education Loan,201000,7.12,72,3438.44,2024-05-17,2030-05-17,Closed,15,2024-05-16,2024-05-17,0.00,72,,
61,223,Personal Loan,335000,13.92,12,30066.08,2025-05-10,2026-05-10,Pending,,,2025-05-10,335000,0,,
507,531,Home Loan,1793000,9.45,132,21893.8,2026-07-13,2037-07-13,Closed,67,2026-06-16,2026-07-13,0.00,132,,
492,1038,Personal Loan,941000,13.92,48,25676.47,2023-02-25,2027-02-25,Defaulted,10,2023-01-31,2023-02-25,154058.82,42,2026-09-25,
390,16,Gold Loan,727000,10.78,36,23725.38,2025-04-05,2028-04-05,Active,91,2025-03-18,2025-04-05,474507.60,16,2026-09-05,
822,744,Business Loan,4751000,15.73,48,133988.61,2023-07-13,2027-07-13,Defaulted,84,2023-06-24,2023-07-13,1473874.71,37,2026-09-13,
175,1206,Personal Loan,603000,12.55,72,11961.94,2023-03-22,2029-03-22,Active,36,2023-03-14,2023-03-22,370820.14,41,2026-09-22,
8,1064,Personal Loan,1307000,14.15,24,62845.49,2025-03-28,2027-03-28,Closed,24,2025-03-26,2025-03-28,0.00,24,,
758,787,Personal Loan,911000,14.54,84,17345.06,2023-01-16,2030-01-16,Active,68,2023-01-13,2023-01-16,711147.46,43,2026-09-16,
565,506,Home Loan,7718000,9.44,168,82954.21,2022-05-12,2036-05-12,Pending,,,2022-05-12,7718000,0,,
146,475,Education Loan,481000,7.75,72,8374.89,2025-08-01,2031-08-01,Closed,67,2025-07-23,2025-08-01,0.00,72,,
987,210,Gold Loan,263000,12.82,12,23468.24,2023-08-12,2024-08-12,Active,81,2023-07-30,2023-08-12,0.00,12,2024-09-12,
184,693,Gold Loan,235000,10.46,24,10894.02,2022-08-15,2024-08-15,Pending,,,2022-08-15,235000,0,,
643,889,Home Loan,7091000,7.69,228,59250.77,2025-04-12,2044-04-12,Active,75,2025-03-22,2025-04-12,12561163.24,16,2026-09-12,
179,135,Gold Loan,620000,8.14,36,19468.61,2022-07-07,2025-07-07,Active,41,2022-06-13,2022-07-07,0.00,36,2025-08-07,
691,84,Business Loan,4373000,11.52,72,84405.37,2025-04-05,2031-04-05,Active,37,2025-03-31,2025-04-05,4726700.72,16,2026-09-05,
148,1213,Home Loan,1272000,8.49,156,13491.0,2025-06-29,2038-06-29,Pending,,,2025-06-29,1272000,0,,
880,1208,Education Loan,1053000,9.79,96,15861.63,2021-09-24,2029-09-24,Closed,99,2021-09-20,2021-09-24,0.00,96,,
288,843,Personal Loan,1002000,13.94,84,18744.3,2023-11-20,2030-11-20,Active,74,2023-10-27,2023-11-20,955959.30,33,2026-09-20,
447,1033,Car Loan,1099000,10.46,48,28116.89,2022-10-29,2026-10-29,Active,48,2022-10-10,2022-10-29,56233.78,46,2026-09-29,
629,1112,Personal Loan,574000,12.48,72,11365.6,2024-08-15,2030-08-15,Active,94,2024-08-11,2024-08-15,545548.80,24,2026-09-15,
497,80,Gold Loan,488000,11.25,48,12671.94,2026-02-09,2030-02-09,Active,81,2026-01-27,2026-02-09,532221.48,6,2026-09-09,
986,1480,Business Loan,2740000,11.22,60,59875.3,2023-09-08,2028-09-08,Active,99,2023-09-02,2023-09-08,1496882.50,35,2026-09-08,
552,833,Gold Loan,767000,12.98,60,17443.76,2026-05-04,2031-05-04,Pending,,,2026-05-04,767000,0,,
651,596,Home Loan,2595000,7.19,132,28503.39,2024-01-12,2035-01-12,Pending,,,2024-01-12,2595000,0,,
146,475,Home Loan,4566000,7.67,120,54605.21,2025-02-13,2035-02-13,Defaulted,33,2025-01-31,2025-02-13,5569731.42,18,2026-09-13,
917,1415,Personal Loan,96000,10.23,60,2050.6,2025-10-21,2030-10-21,Closed,79,2025-09-25,2025-10-21,0.00,60,,
189,1475,Gold Loan,171000,8.69,48,4230.22,2026-03-13,2030-03-13,Defaulted,72,2026-02-28,2026-03-13,181899.46,5,2026-09-13,
955,1221,Gold Loan,321000,8.3,24,14561.92,2023-10-13,2025-10-13,Active,83,2023-09-26,2023-10-13,0.00,24,2025-11-13,
146,475,Personal Loan,1109000,17.86,72,25206.15,2025-07-01,2031-07-01,Pending,,,2025-07-01,1109000,0,,
525,1498,Business Loan,2949000,13.35,120,44642.61,2024-04-15,2034-04-15,Active,31,2024-03-16,2024-04-15,4107120.12,28,2026-09-15,
828,377,Education Loan,1043000,9.48,72,19050.07,2024-02-19,2030-02-19,Active,53,2024-02-18,2024-02-19,800102.94,30,2026-09-19,
77,160,Personal Loan,1445000,15.91,60,35070.53,2024-03-28,2029-03-28,Active,85,2024-03-13,2024-03-28,1087186.43,29,2026-09-28,
838,770,Personal Loan,979000,10.03,72,18151.61,2026-01-24,2032-01-24,Pending,,,2026-01-24,979000,0,,
683,286,Personal Loan,1341000,15.38,36,46736.14,2021-11-16,2024-11-16,Active,90,2021-10-24,2021-11-16,0.00,36,2024-12-16,
618,353,Car Loan,2127000,11.21,84,36654.7,2024-04-16,2031-04-16,Active,16,2024-04-13,2024-04-16,2052663.20,28,2026-09-16,
541,878,Gold Loan,324000,10.48,24,15022.84,2021-10-28,2023-10-28,Active,58,2021-10-05,2021-10-28,0.00,24,2023-11-28,
212,492,Business Loan,1832000,11.06,48,47402.4,2023-10-14,2027-10-14,Active,85,2023-10-01,2023-10-14,663633.60,34,2026-09-14,
309,1140,Education Loan,334000,7.88,180,3168.78,2025-11-16,2040-11-16,Active,55,2025-11-05,2025-11-16,541861.38,9,2026-09-16,
155,1084,Gold Loan,706000,10.99,60,15346.63,2023-01-26,2028-01-26,Active,12,2023-01-12,2023-01-26,260892.71,43,2026-09-26,
332,993,Personal Loan,758000,16.02,72,16450.76,2025-12-13,2031-12-13,Approved,67,2025-11-19,2025-12-13,1052848.64,8,2026-09-13,
238,1236,Gold Loan,452000,10.63,60,9744.38,2022-10-09,2027-10-09,Active,20,2022-09-17,2022-10-09,136421.32,46,2026-09-09,
115,444,Car Loan,1415000,11.36,72,27194.85,2024-03-02,2030-03-02,Defaulted,69,2024-02-17,2024-03-02,1169378.55,29,2026-09-02,
931,987,Car Loan,1714000,10.16,60,36552.52,2023-06-09,2028-06-09,Active,10,2023-06-01,2023-06-09,804155.44,38,2026-09-09,
321,734,Home Loan,4283000,8.72,228,38513.7,2026-05-21,2045-05-21,Closed,24,2026-05-19,2026-05-21,0.00,228,,
255,894,Gold Loan,574000,13.57,60,13228.36,2021-12-02,2026-12-02,Pending,,,2021-12-02,574000,0,,
467,1190,Education Loan,1709000,7.85,144,18358.85,2024-10-24,2036-10-24,Approved,35,2024-09-29,2024-10-24,2239779.70,22,2026-09-24,
128,875,Gold Loan,50000,13.41,12,4475.49,2021-12-16,2022-12-16,Active,72,2021-11-22,2021-12-16,0.00,12,2023-01-16,
718,1032,Home Loan,7450000,7.68,228,62205.26,2024-10-30,2043-10-30,Closed,37,2024-10-15,2024-10-30,0.00,228,,
107,191,Home Loan,4562000,7.82,144,48932.35,2022-07-08,2034-07-08,Approved,73,2022-06-25,2022-07-08,4648573.25,49,2026-09-08,
116,1008,Personal Loan,1447000,14.39,72,30119.53,2025-06-08,2031-06-08,Active,37,2025-05-30,2025-06-08,1746932.74,14,2026-09-08,
756,114,Personal Loan,668000,14.87,60,15846.13,2026-02-26,2031-02-26,Active,39,2026-02-19,2026-02-26,855691.02,6,2026-09-26,
478,652,Business Loan,1189000,11.53,60,26167.12,2025-07-03,2030-07-03,Active,62,2025-06-26,2025-07-03,1229854.64,13,2026-09-03,
496,1231,Personal Loan,284000,13.64,60,6555.3,2023-02-07,2028-02-07,Active,42,2023-01-11,2023-02-07,117995.40,42,2026-09-07,
769,906,Car Loan,741000,8.34,36,23336.65,2023-09-09,2026-09-09,Closed,50,2023-08-20,2023-09-09,0.00,36,,
395,777,Home Loan,1837000,9.22,168,19505.94,2024-09-21,2038-09-21,Active,40,2024-09-19,2024-09-21,2828361.30,23,2026-09-21,
583,1382,Home Loan,3247000,7.32,204,27865.55,2022-01-07,2039-01-07,Active,47,2021-12-14,2022-01-07,4151966.95,55,2026-09-07,
298,1268,Home Loan,5986000,7.89,228,50747.1,2025-04-20,2044-04-20,Active,96,2025-03-24,2025-04-20,10758385.20,16,2026-09-20,
17,884,Gold Loan,531000,8.74,12,46372.74,2024-09-30,2025-09-30,Defaulted,23,2024-09-02,2024-09-30,139118.22,9,2025-07-30,
663,1133,Personal Loan,1327000,14.62,36,45754.34,2023-07-02,2026-07-02,Active,19,2023-06-21,2023-07-02,0.00,36,2026-08-02,
609,690,Car Loan,1233000,9.06,72,22262.22,2024-12-01,2030-12-01,Closed,44,2024-11-20,2024-12-01,0.00,72,,
185,405,Home Loan,7700000,9.26,192,77023.62,2023-07-21,2039-07-21,Pending,,,2023-07-21,7700000,0,,
56,1272,Gold Loan,448000,8.48,24,20360.04,2022-04-25,2024-04-25,Defaulted,76,2022-04-05,2022-04-25,61080.12,21,2024-02-25,
332,735,Home Loan,1245000,9.26,204,12136.94,2024-08-26,2041-08-26,Approved,37,2024-08-18,2024-08-26,2184649.20,24,2026-09-26,
422,495,Business Loan,2012000,9.5,96,30000.71,2023-08-23,2031-08-23,Active,38,2023-08-13,2023-08-23,1800042.60,36,2026-09-23,
418,994,Personal Loan,132000,13.99,48,3606.43,2022-08-16,2026-08-16,Approved,81,2022-07-29,2022-08-16,0.00,48,2026-09-16,
201,1113,Gold Loan,65000,13.61,12,5824.24,2024-09-04,2025-09-04,Pending,,,2024-09-04,65000,0,,
340,559,Gold Loan,118000,10.19,36,3818.06,2025-10-29,2028-10-29,Active,57,2025-10-24,2025-10-29,99269.56,10,2026-09-29,
611,896,Personal Loan,1010000,11.05,84,17320.22,2023-01-30,2030-01-30,Closed,11,2023-01-09,2023-01-30,0.00,84,,
675,1355,Business Loan,2125000,15.83,24,103874.08,2023-12-28,2025-12-28,Active,31,2023-11-28,2023-12-28,0.00,24,2026-01-28,
598,908,Education Loan,534000,10.26,72,9962.96,2023-06-29,2029-06-29,Approved,9,2023-06-24,2023-06-29,338740.64,38,2026-09-29,
301,1082,Gold Loan,175000,8.5,48,4313.45,2023-05-02,2027-05-02,Defaulted,79,2023-04-08,2023-05-02,38821.05,39,2026-09-02,
706,533,Home Loan,2925000,9.43,120,37736.77,2022-09-05,2032-09-05,Approved,87,2022-08-22,2022-09-05,2754784.21,47,2026-09-05,
993,52,Education Loan,231000,8.1,72,4061.47,2022-08-15,2028-08-15,Active,67,2022-07-16,2022-08-15,97475.28,48,2026-09-15,
776,11,Education Loan,1102000,9.65,180,11607.31,2026-01-06,2041-01-06,Pending,,,2026-01-06,1102000,0,,
317,1087,Education Loan,1155000,6.79,120,13285.86,2023-09-28,2033-09-28,Approved,4,2023-09-03,2023-09-28,1129298.10,35,2026-09-28,
120,789,Car Loan,376000,10.23,84,6286.82,2026-04-07,2033-04-07,Active,95,2026-04-01,2026-04-07,502945.60,4,2026-09-07,
464,99,Education Loan,108000,7.9,120,1304.64,2026-03-16,2036-03-16,Active,67,2026-02-24,2026-03-16,150033.60,5,2026-09-16,
72,1013,Car Loan,2167000,11.43,36,71386.88,2022-11-10,2025-11-10,Approved,93,2022-11-05,2022-11-10,0.00,36,2025-12-10,
335,945,Personal Loan,979000,11.94,24,46057.5,2021-11-01,2023-11-01,Active,47,2021-10-07,2021-11-01,0.00,24,2023-12-01,
906,655,Home Loan,1577000,9.26,132,19089.36,2022-08-15,2033-08-15,Active,31,2022-07-21,2022-08-15,1603506.24,48,2026-09-15,
384,192,Personal Loan,1255000,17.51,60,31535.17,2023-04-16,2028-04-16,Rejected,,,2023-04-16,0.00,0,,Incomplete documentation
949,1078,Home Loan,1656000,7.61,216,14101.29,2026-05-12,2044-05-12,Active,97,2026-04-21,2026-05-12,3003574.77,3,2026-09-12,
495,918,Car Loan,1525000,8.85,48,37841.16,2024-07-12,2028-07-12,Active,38,2024-07-09,2024-07-12,870346.68,25,2026-09-12,
641,55,Business Loan,1516000,14.73,24,73311.43,2022-11-03,2024-11-03,Closed,57,2022-10-19,2022-11-03,0.00,24,,
285,815,Personal Loan,167000,14.72,48,4624.07,2025-10-01,2029-10-01,Defaulted,31,2025-09-07,2025-10-01,175714.66,10,2026-09-01,
288,271,Gold Loan,657000,8.73,48,16265.37,2026-07-13,2030-07-13,Active,11,2026-06-24,2026-07-13,764472.39,1,2026-09-13,
422,495,Education Loan,883000,8.97,132,10546.77,2024-11-24,2035-11-24,Active,37,2024-11-16,2024-11-24,1170691.47,21,2026-09-24,
184,886,Gold Loan,887000,11.87,12,78754.94,2025-01-19,2026-01-19,Active,58,2025-01-03,2025-01-19,0.00,12,2026-02-19,
324,469,Gold Loan,339000,8.94,12,29636.62,2024-05-14,2025-05-14,Rejected,,,2024-05-14,0.00,0,,Low credit score
745,42,Home Loan,6619000,7.17,132,72633.13,2023-07-21,2034-07-21,Closed,1,2023-07-17,2023-07-21,0.00,132,,
491,294,Car Loan,2492000,8.51,60,51139.21,2025-07-28,2030-07-28,Defaulted,45,2025-07-25,2025-07-28,2403542.87,13,2026-09-28,
923,741,Business Loan,758000,9.13,36,24150.09,2024-08-28,2027-08-28,Active,3,2024-08-06,2024-08-28,289801.08,24,2026-09-28,
928,779,Education Loan,1846000,8.68,132,21754.71,2022-04-07,2033-04-07,Pending,,,2022-04-07,1846000,0,,
528,20,Personal Loan,634000,13.48,12,56770.03,2022-03-08,2023-03-08,Active,77,2022-02-24,2022-03-08,0.00,12,2023-04-08,
819,859,Gold Loan,450000,9.22,36,14356.0,2024-05-04,2027-05-04,Closed,7,2024-04-23,2024-05-04,0.00,36,,
51,522,Personal Loan,206000,12.77,84,3721.83,2022-09-28,2029-09-28,Active,56,2022-09-12,2022-09-28,137707.71,47,2026-09-28,
712,554,Gold Loan,934000,11.21,60,20405.38,2026-01-17,2031-01-17,Rejected,,,2026-01-17,0.00,0,,Unstable employment history
202,704,Personal Loan,51000,16.35,12,4635.72,2023-02-15,2024-02-15,Active,83,2023-01-31,2023-02-15,0.00,12,2024-03-15,
269,940,Gold Loan,324000,9.27,12,28374.86,2023-12-21,2024-12-21,Defaulted,92,2023-11-22,2023-12-21,85124.58,9,2024-10-21,
120,853,Home Loan,7225000,8.94,180,73023.1,2022-01-26,2037-01-26,Active,63,2022-01-12,2022-01-26,9127887.50,55,2026-09-26,
456,986,Business Loan,4200000,11.91,60,93235.78,2022-02-06,2027-02-06,Active,81,2022-02-03,2022-02-06,559414.68,54,2026-09-06,
834,374,Home Loan,7198000,9.31,216,68805.58,2025-08-03,2043-08-03,Pending,,,2025-08-03,7198000,0,,
659,1264,Personal Loan,1221000,11.7,60,26975.73,2023-12-31,2028-12-31,Closed,34,2023-12-14,2023-12-31,0.00,60,,
938,18,Gold Loan,435000,11.21,12,38488.64,2024-11-25,2025-11-25,Active,80,2024-11-05,2024-11-25,0.00,12,2025-12-25,
600,1092,Personal Loan,1306000,11.95,48,34359.94,2025-04-16,2029-04-16,Closed,55,2025-03-29,2025-04-16,0.00,48,,
303,560,Education Loan,298000,8.71,144,3342.84,2025-05-24,2037-05-24,Active,78,2025-05-18,2025-05-24,431226.36,15,2026-09-24,
340,559,Home Loan,4093000,7.43,168,39261.41,2022-01-26,2036-01-26,Active,31,2022-01-24,2022-01-26,4436539.33,55,2026-09-26,
419,786,Car Loan,1744000,11.08,48,45142.38,2022-10-23,2026-10-23,Closed,3,2022-10-02,2022-10-23,0.00,48,,
390,16,Personal Loan,1158000,14.6,48,31993.69,2026-01-29,2030-01-29,Approved,80,2026-01-06,2026-01-29,1311741.29,7,2026-09-29,
513,92,Gold Loan,375000,9.13,60,7808.06,2022-12-14,2027-12-14,Active,2,2022-11-16,2022-12-14,124928.96,44,2026-09-14,
924,118,Home Loan,4362000,9.35,192,43873.04,2026-02-26,2042-02-26,Approved,76,2026-01-29,2026-02-26,8160385.44,6,2026-09-26,
268,1196,Education Loan,1910000,6.7,96,25756.17,2024-04-02,2032-04-02,Closed,41,2024-03-22,2024-04-02,0.00,96,,
507,702,Personal Loan,1025000,13.09,12,91593.49,2026-03-08,2027-03-08,Active,50,2026-02-07,2026-03-08,641154.43,5,2026-09-08,
930,1110,Education Loan,333000,6.65,180,2928.32,2025-03-25,2040-03-25,Active,47,2025-02-28,2025-03-25,477316.16,17,2026-09-25,
208,573,Gold Loan,847000,9.08,24,38726.07,2026-05-01,2028-05-01,Active,93,2026-04-16,2026-05-01,813247.47,3,2026-09-01,
958,904,Home Loan,6399000,8.05,204,57670.26,2023-12-25,2040-12-25,Closed,62,2023-12-21,2023-12-25,0.00,204,,
295,623,Home Loan,7545000,8.33,132,87475.82,2022-03-08,2033-03-08,Pending,,,2022-03-08,7545000,0,,
592,442,Home Loan,3292000,8.0,216,28803.77,2023-09-12,2041-09-12,Rejected,,,2023-09-12,0.00,0,,Eligibility criteria not met
152,1451,Business Loan,4498000,11.7,96,72365.89,2025-01-26,2033-01-26,Closed,33,2025-01-13,2025-01-26,0.00,96,,
255,756,Education Loan,1639000,7.7,72,28497.49,2025-03-27,2031-03-27,Active,71,2025-03-07,2025-03-27,1567361.95,17,2026-09-27,
768,1061,Business Loan,2831000,14.89,24,137117.79,2023-12-25,2025-12-25,Closed,99,2023-12-06,2023-12-25,0.00,24,,
681,22,Personal Loan,363000,14.14,48,9945.02,2023-03-20,2027-03-20,Active,28,2023-02-27,2023-03-20,69615.14,41,2026-09-20,
785,640,Business Loan,1553000,15.19,84,30133.65,2023-09-21,2030-09-21,Pending,,,2023-09-21,1553000,0,,
950,1296,Gold Loan,713000,8.5,36,22507.65,2021-12-02,2024-12-02,Active,85,2021-11-10,2021-12-02,0.00,36,2025-01-02,
590,754,Gold Loan,94000,9.94,12,8261.47,2025-01-07,2026-01-07,Approved,6,2024-12-16,2025-01-07,0.00,12,2026-02-07,
859,344,Gold Loan,105000,13.76,24,5029.46,2026-04-24,2028-04-24,Defaulted,23,2026-03-29,2026-04-24,100589.20,4,2026-09-24,
151,1060,Home Loan,3071000,7.47,180,28416.22,2025-03-05,2040-03-05,Closed,85,2025-02-26,2025-03-05,0.00,180,,
250,315,Education Loan,1276000,8.67,180,12692.75,2026-04-05,2041-04-05,Approved,8,2026-03-07,2026-04-05,2233924.00,4,2026-09-05,
456,287,Gold Loan,503000,8.84,36,15957.84,2026-06-09,2029-06-09,Active,33,2026-05-11,2026-06-09,542566.56,2,2026-09-09,
394,365,Home Loan,2294000,9.18,144,26339.52,2024-11-13,2036-11-13,Closed,47,2024-10-24,2024-11-13,0.00,144,,
783,255,Education Loan,574000,8.89,84,9203.12,2023-12-09,2030-12-09,Defaulted,55,2023-12-07,2023-12-09,478562.24,32,2026-09-09,
383,1199,Education Loan,742000,9.82,180,7892.06,2024-02-09,2039-02-09,Active,5,2024-02-04,2024-02-09,1183809.00,30,2026-09-09,
419,786,Personal Loan,1443000,14.37,60,33853.53,2026-04-29,2031-04-29,Active,21,2026-04-03,2026-04-29,1895797.68,4,2026-09-29,
684,538,Gold Loan,793000,11.66,48,20750.6,2025-11-13,2029-11-13,Active,65,2025-10-28,2025-11-13,809273.40,9,2026-09-13,
177,590,Business Loan,1114000,15.45,72,23828.63,2024-07-30,2030-07-30,Pending,,,2024-07-30,1114000,0,,
492,576,Home Loan,6046000,9.17,156,66473.36,2022-03-30,2035-03-30,Closed,45,2022-03-05,2022-03-30,0.00,156,,
822,131,Car Loan,1414000,9.99,84,23466.77,2023-08-20,2030-08-20,Pending,,,2023-08-20,1414000,0,,
884,1283,Gold Loan,711000,9.65,12,62392.52,2024-11-18,2025-11-18,Closed,8,2024-11-13,2024-11-18,0.00,12,,
349,1024,Personal Loan,972000,11.06,24,45329.9,2026-03-05,2028-03-05,Active,36,2026-02-26,2026-03-05,861268.10,5,2026-09-05,
638,525,Car Loan,1772000,10.38,72,33168.36,2025-02-28,2031-02-28,Active,74,2025-02-08,2025-02-28,1791091.44,18,2026-09-28,
10,862,Personal Loan,1297000,15.25,72,27601.48,2022-11-26,2028-11-26,Closed,88,2022-11-08,2022-11-26,0.00,72,,
158,610,Business Loan,2520000,14.96,108,42589.29,2023-07-26,2032-07-26,Closed,41,2023-07-08,2023-07-26,0.00,108,,
296,409,Education Loan,1370000,7.84,120,16506.28,2026-04-19,2036-04-19,Approved,79,2026-03-21,2026-04-19,1914728.48,4,2026-09-19,
693,1066,Business Loan,3083000,12.28,60,69016.65,2023-08-02,2028-08-02,Approved,21,2023-07-24,2023-08-02,1656399.60,36,2026-09-02,
142,1327,Home Loan,5141000,7.04,240,39981.65,2025-06-14,2045-06-14,Defaulted,85,2025-06-09,2025-06-14,9035852.90,14,2026-09-14,
275,457,Education Loan,1109000,7.79,108,14317.33,2025-10-27,2034-10-27,Defaulted,6,2025-10-24,2025-10-27,1403098.34,10,2026-09-27,
896,348,Car Loan,946000,9.73,60,19974.26,2022-10-25,2027-10-25,Active,74,2022-10-01,2022-10-25,279639.64,46,2026-09-25,
534,752,Education Loan,618000,10.33,156,7214.39,2026-06-13,2039-06-13,Pending,,,2026-06-13,618000,0,,
909,813,Home Loan,4798000,8.53,192,45882.3,2026-04-17,2042-04-17,Active,13,2026-04-14,2026-04-17,8625872.40,4,2026-09-17,
265,773,Car Loan,2141000,8.08,60,43493.78,2026-05-09,2031-05-09,Closed,56,2026-04-11,2026-05-09,0.00,60,,
867,765,Car Loan,2486000,9.61,72,45567.81,2024-11-13,2030-11-13,Approved,90,2024-11-08,2024-11-13,2323958.31,21,2026-09-13,
664,385,Home Loan,4972000,8.88,180,50075.02,2022-07-05,2037-07-05,Active,86,2022-06-11,2022-07-05,6559827.62,49,2026-09-05,
259,917,Education Loan,624000,10.02,120,8253.12,2024-01-31,2034-01-31,Closed,10,2024-01-13,2024-01-31,0.00,120,,
746,1342,Car Loan,2466000,10.52,60,53028.39,2022-10-21,2027-10-21,Pending,,,2022-10-21,2466000,0,,
82,206,Home Loan,3580000,7.57,144,37912.74,2023-12-01,2035-12-01,Approved,55,2023-11-20,2023-12-01,4246226.88,32,2026-09-01,
660,1260,Home Loan,1169000,7.03,120,13591.16,2022-11-27,2032-11-27,Closed,96,2022-11-08,2022-11-27,0.00,120,,
16,1435,Home Loan,7143000,7.08,216,58585.62,2022-10-13,2040-10-13,Pending,,,2022-10-13,7143000,0,,
126,683,Car Loan,651000,8.36,72,11528.91,2021-12-15,2027-12-15,Active,66,2021-12-14,2021-12-15,184462.56,56,2026-09-15,
99,88,Business Loan,4930000,15.07,84,95326.72,2025-09-24,2032-09-24,Defaulted,16,2025-09-18,2025-09-24,6958850.56,11,2026-09-24,
545,187,Car Loan,1719000,11.47,48,44821.83,2026-01-01,2030-01-01,Active,99,2025-12-19,2026-01-01,1837695.03,7,2026-09-01,
267,1169,Personal Loan,767000,10.6,36,24965.56,2025-09-25,2028-09-25,Active,97,2025-09-15,2025-09-25,624139.00,11,2026-09-25,
336,910,Car Loan,2319000,8.23,36,72915.34,2025-09-01,2028-09-01,Pending,,,2025-09-01,2319000,0,,
290,478,Home Loan,1340000,9.25,180,13791.18,2026-04-29,2041-04-29,Active,95,2026-03-31,2026-04-29,2427247.68,4,2026-09-29,
429,1321,Home Loan,6845000,9.25,132,82819.7,2024-11-13,2035-11-13,Active,78,2024-11-04,2024-11-13,9192986.70,21,2026-09-13,
403,1442,Car Loan,549000,9.3,84,8916.72,2025-03-25,2032-03-25,Active,98,2025-02-26,2025-03-25,597420.24,17,2026-09-25,
52,323,Car Loan,676000,8.08,36,21208.34,2025-08-20,2028-08-20,Rejected,,,2025-08-20,0.00,0,,Low credit score
874,941,Business Loan,3529000,11.13,48,91431.8,2026-03-30,2030-03-30,Approved,76,2026-03-10,2026-03-30,3931567.40,5,2026-09-30,
43,581,Business Loan,3869000,14.4,96,68094.07,2022-06-22,2030-06-22,Approved,94,2022-06-06,2022-06-22,3132327.22,50,2026-09-22,
287,497,Business Loan,1294000,9.43,24,59371.68,2023-03-08,2025-03-08,Active,91,2023-02-08,2023-03-08,0.00,24,2025-04-08,
151,1060,Home Loan,6694000,7.21,204,57019.47,2022-08-10,2039-08-10,Defaulted,73,2022-07-30,2022-08-10,8895037.32,48,2026-09-10,
362,1083,Personal Loan,1132000,16.36,12,102900.28,2022-08-27,2023-08-27,Active,73,2022-08-01,2022-08-27,0.00,12,2023-09-27,
556,64,Car Loan,2081000,10.97,84,35598.97,2023-06-20,2030-06-20,Defaulted,78,2023-06-01,2023-06-20,1637552.62,38,2026-09-20,
638,525,Home Loan,7470000,8.79,216,68975.81,2024-07-17,2042-07-17,Active,66,2024-07-09,2024-07-17,13174379.71,25,2026-09-17,
804,123,Gold Loan,620000,10.79,12,54735.91,2026-06-05,2027-06-05,Rejected,,,2026-06-05,0.00,0,,High existing liabilities
327,251,Home Loan,6744000,8.98,120,85357.16,2025-01-22,2035-01-22,Pending,,,2025-01-22,6744000,0,,
765,804,Education Loan,1723000,8.83,180,17302.0,2024-05-22,2039-05-22,Active,44,2024-05-02,2024-05-22,2647206.00,27,2026-09-22,
730,767,Personal Loan,567000,10.54,12,49990.82,2025-10-15,2026-10-15,Approved,45,2025-09-20,2025-10-15,99981.64,10,2026-09-15,
43,581,Education Loan,1319000,6.83,96,17871.49,2024-01-27,2032-01-27,Active,98,2024-01-21,2024-01-27,1161646.85,31,2026-09-27,
366,1174,Business Loan,543000,14.83,36,18778.1,2022-03-19,2025-03-19,Pending,,,2022-03-19,543000,0,,
532,436,Business Loan,1657000,11.56,120,23353.58,2021-09-26,2031-09-26,Active,78,2021-09-14,2021-09-26,1424568.38,59,2026-09-26,
860,134,Gold Loan,645000,11.05,12,57021.21,2025-09-27,2026-09-27,Closed,29,2025-09-15,2025-09-27,0.00,12,,
666,61,Gold Loan,613000,10.56,36,19941.35,2021-12-19,2024-12-19,Active,86,2021-12-03,2021-12-19,0.00,36,2025-01-19,
938,333,Gold Loan,182000,12.55,12,16217.34,2023-07-12,2024-07-12,Pending,,,2023-07-12,182000,0,,
71,760,Home Loan,4925000,7.32,192,43609.35,2024-06-15,2040-06-15,Active,97,2024-05-26,2024-06-15,7239152.10,26,2026-09-15,
600,1434,Gold Loan,751000,9.94,36,24211.51,2024-02-10,2027-02-10,Active,85,2024-01-25,2024-02-10,145269.06,30,2026-09-10,
289,161,Gold Loan,745000,11.44,36,24545.87,2025-05-27,2028-05-27,Active,26,2025-04-29,2025-05-27,515463.27,15,2026-09-27,
375,1329,Education Loan,759000,9.3,180,7834.32,2022-12-30,2037-12-30,Rejected,,,2022-12-30,0.00,0,,Unstable employment history
487,128,Personal Loan,1161000,17.62,36,41751.95,2025-10-27,2028-10-27,Active,75,2025-10-10,2025-10-27,1085550.70,10,2026-09-27,
651,1116,Education Loan,1001000,9.66,180,10549.55,2024-01-13,2039-01-13,Pending,,,2024-01-13,1001000,0,,
699,962,Car Loan,1553000,8.14,72,27335.41,2026-04-29,2032-04-29,Rejected,,,2026-04-29,0.00,0,,Unstable employment history
178,1316,Education Loan,503000,8.7,144,5639.64,2022-11-07,2034-11-07,Pending,,,2022-11-07,503000,0,,
500,290,Personal Loan,1468000,15.35,72,31320.58,2021-12-27,2027-12-27,Active,76,2021-12-12,2021-12-27,501129.28,56,2026-09-27,
593,530,Car Loan,1651000,8.88,84,26462.63,2022-01-05,2029-01-05,Approved,83,2021-12-06,2022-01-05,767416.27,55,2026-09-05,
892,719,Car Loan,1087000,9.04,36,34586.55,2023-07-12,2026-07-12,Rejected,,,2023-07-12,0.00,0,,Low credit score
322,395,Education Loan,239000,9.7,60,5042.84,2022-10-11,2027-10-11,Active,92,2022-09-27,2022-10-11,70599.76,46,2026-09-11,
894,1466,Car Loan,738000,8.02,36,23133.05,2025-02-25,2028-02-25,Closed,23,2025-02-08,2025-02-25,0.00,36,,
887,747,Education Loan,1246000,7.7,168,12140.55,2024-04-17,2038-04-17,Defaulted,8,2024-04-07,2024-04-17,1699677.00,28,2026-09-17,
271,1098,Personal Loan,1011000,13.69,60,23362.03,2023-09-20,2028-09-20,Closed,23,2023-09-02,2023-09-20,0.00,60,,
24,903,Business Loan,1155000,11.74,72,22424.61,2021-09-02,2027-09-02,Active,48,2021-08-19,2021-09-02,291519.93,59,2026-09-02,
333,1137,Business Loan,2364000,13.29,24,112711.15,2022-05-22,2024-05-22,Active,61,2022-04-22,2022-05-22,0.00,24,2024-06-22,
932,10,Personal Loan,359000,10.3,72,6705.22,2021-09-14,2027-09-14,Pending,,,2021-09-14,359000,0,,
821,433,Car Loan,635000,10.95,84,10856.06,2023-09-07,2030-09-07,Active,27,2023-08-21,2023-09-07,531946.94,35,2026-09-07,
455,783,Business Loan,3979000,15.66,60,96044.2,2022-09-24,2027-09-24,Closed,65,2022-09-14,2022-09-24,0.00,60,,
819,859,Education Loan,1820000,8.37,108,24044.58,2026-01-30,2035-01-30,Active,40,2026-01-12,2026-01-30,2428502.58,7,2026-09-30,
765,804,Business Loan,2987000,15.07,120,48318.88,2024-10-05,2034-10-05,Closed,10,2024-09-28,2024-10-05,0.00,120,,
330,239,Personal Loan,551000,16.28,60,13481.36,2022-07-24,2027-07-24,Active,9,2022-07-16,2022-07-24,148294.96,49,2026-09-24,
837,616,Gold Loan,124000,11.71,24,5820.33,2024-02-21,2026-02-21,Closed,13,2024-02-06,2024-02-21,0.00,24,,
821,1339,Car Loan,1731000,8.94,36,54997.01,2025-01-08,2028-01-08,Rejected,,,2025-01-08,0.00,0,,Unstable employment history
141,1175,Gold Loan,768000,11.18,12,67941.61,2025-12-14,2026-12-14,Closed,25,2025-11-23,2025-12-14,0.00,12,,
319,1469,Personal Loan,974000,17.66,12,89138.79,2023-09-03,2024-09-03,Active,3,2023-08-26,2023-09-03,0.00,12,2024-10-03,
930,1110,Education Loan,1865000,9.39,132,22710.53,2024-09-12,2035-09-12,Pending,,,2024-09-12,1865000,0,,
767,3,Car Loan,2039000,8.92,60,42247.16,2024-08-11,2029-08-11,Pending,,,2024-08-11,2039000,0,,
636,881,Car Loan,796000,9.62,60,16764.2,2022-02-28,2027-02-28,Active,24,2022-02-07,2022-02-28,100585.20,54,2026-09-28,
286,1473,Business Loan,4729000,15.59,48,133030.26,2023-03-31,2027-03-31,Active,37,2023-03-01,2023-03-31,931211.82,41,2026-09-30,
950,925,Education Loan,1671000,9.4,180,17348.31,2021-10-17,2036-10-17,Active,50,2021-10-08,2021-10-17,2116493.82,58,2026-09-17,
749,1410,Car Loan,2287000,8.93,48,56836.11,2022-07-13,2026-07-13,Active,50,2022-06-27,2022-07-13,0.00,48,2026-08-13,
224,988,Car Loan,1391000,10.67,60,30015.29,2023-08-05,2028-08-05,Defaulted,37,2023-07-06,2023-08-05,720366.96,36,2026-09-05,
4,1011,Personal Loan,1203000,11.46,24,56326.5,2025-02-01,2027-02-01,Rejected,,,2025-02-01,0.00,0,,High existing liabilities
357,1163,Personal Loan,1460000,10.1,12,128425.11,2025-11-20,2026-11-20,Defaulted,83,2025-11-05,2025-11-20,385275.33,9,2026-09-20,
488,157,Business Loan,1216000,14.97,108,20558.26,2025-03-25,2034-03-25,Approved,1,2025-03-01,2025-03-25,1870801.66,17,2026-09-25,
695,1209,Education Loan,1065000,8.4,120,13147.58,2023-12-05,2033-12-05,Active,79,2023-11-21,2023-12-05,1156987.04,32,2026-09-05,
237,1363,Personal Loan,1112000,14.39,48,30605.04,2024-08-14,2028-08-14,Closed,95,2024-08-11,2024-08-14,0.00,48,,
321,1224,Home Loan,2594000,7.87,216,22493.0,2024-01-23,2042-01-23,Closed,82,2024-01-11,2024-01-23,0.00,216,,
565,539,Business Loan,1012000,12.33,108,15555.37,2022-04-12,2031-04-12,Closed,1,2022-04-05,2022-04-12,0.00,108,,
893,968,Personal Loan,333000,11.88,60,7387.22,2023-01-08,2028-01-08,Active,98,2022-12-20,2023-01-08,125582.74,43,2026-09-08,
152,1451,Education Loan,1127000,9.6,156,12671.95,2021-11-30,2034-11-30,Closed,30,2021-11-23,2021-11-30,0.00,156,,
12,337,Gold Loan,357000,8.69,12,31168.88,2022-01-04,2023-01-04,Pending,,,2022-01-04,357000,0,,
466,604,Education Loan,1471000,7.62,60,29559.78,2023-01-05,2028-01-05,Pending,,,2023-01-05,1471000,0,,
621,208,Car Loan,1568000,8.2,84,24595.72,2026-06-13,2033-06-13,Active,26,2026-05-29,2026-06-13,2016849.04,2,2026-09-13,
416,599,Car Loan,1732000,8.07,84,27055.77,2024-05-31,2031-05-31,Active,43,2024-05-21,2024-05-31,1542178.89,27,2026-09-30,
670,363,Car Loan,2090000,10.95,36,68374.44,2021-09-01,2024-09-01,Active,71,2021-08-29,2021-09-01,0.00,36,2024-10-01,
582,1255,Car Loan,1788000,8.13,36,56136.71,2025-03-24,2028-03-24,Approved,39,2025-03-07,2025-03-24,1066597.49,17,2026-09-24,
846,662,Education Loan,1383000,9.28,180,14258.6,2025-01-07,2040-01-07,Closed,51,2024-12-10,2025-01-07,0.00,180,,
114,696,Home Loan,2025000,9.0,216,18963.01,2026-05-18,2044-05-18,Active,52,2026-05-11,2026-05-18,4039121.13,3,2026-09-18,
878,477,Business Loan,2600000,14.33,72,54035.43,2023-11-23,2029-11-23,Defaulted,42,2023-10-25,2023-11-23,2107381.77,33,2026-09-23,
156,194,Home Loan,3009000,8.18,132,34641.37,2026-06-29,2037-06-29,Pending,,,2026-06-29,3009000,0,,
292,1384,Gold Loan,278000,9.06,36,8848.09,2022-04-07,2025-04-07,Closed,12,2022-03-25,2022-04-07,0.00,36,,
408,185,Education Loan,1644000,7.43,96,22767.24,2026-04-05,2034-04-05,Active,83,2026-03-31,2026-04-05,2094586.08,4,2026-09-05,
42,1437,Personal Loan,221000,10.62,36,7195.55,2022-07-26,2025-07-26,Active,16,2022-06-28,2022-07-26,0.00,36,2025-08-26,
24,903,Gold Loan,907000,12.06,36,30151.38,2024-07-07,2027-07-07,Active,31,2024-06-29,2024-07-07,331665.18,25,2026-09-07,
438,626,Education Loan,1949000,6.73,60,38344.74,2026-03-25,2031-03-25,Approved,70,2026-02-25,2026-03-25,2108960.70,5,2026-09-25,
462,213,Car Loan,1221000,9.53,36,39129.36,2024-02-07,2027-02-07,Pending,,,2024-02-07,1221000,0,,
524,547,Education Loan,1658000,9.28,132,20088.29,2025-07-10,2036-07-10,Rejected,,,2025-07-10,0.00,0,,High existing liabilities
157,1247,Gold Loan,909000,13.6,36,30891.16,2025-02-12,2028-02-12,Closed,26,2025-01-25,2025-02-12,0.00,36,,
735,370,Car Loan,1883000,10.67,48,48365.9,2024-01-31,2028-01-31,Defaulted,96,2024-01-15,2024-01-31,822220.30,31,2026-09-30,
600,1092,Home Loan,1552000,7.15,156,15306.13,2026-03-02,2039-03-02,Active,68,2026-02-05,2026-03-02,2311225.63,5,2026-09-02,
755,782,Car Loan,2471000,7.79,84,38255.52,2024-03-20,2031-03-20,Active,42,2024-02-25,2024-03-20,2104053.60,29,2026-09-20,
259,1182,Education Loan,1288000,8.0,132,14703.1,2024-02-21,2035-02-21,Active,68,2024-02-19,2024-02-21,1499716.20,30,2026-09-21,
804,1322,Personal Loan,345000,10.93,24,16068.49,2025-10-07,2027-10-07,Closed,76,2025-09-09,2025-10-07,0.00,24,,
423,78,Education Loan,1513000,8.78,132,17913.37,2022-02-04,2033-02-04,Rejected,,,2022-02-04,0.00,0,,High existing liabilities
332,993,Car Loan,581000,11.16,36,19065.25,2025-07-29,2028-07-29,Active,3,2025-07-02,2025-07-29,438500.75,13,2026-09-29,
720,111,Car Loan,995000,10.33,84,16688.33,2021-11-30,2028-11-30,Active,92,2021-11-12,2021-11-30,450584.91,57,2026-09-30,
786,106,Home Loan,6682000,8.2,156,69777.99,2025-10-14,2038-10-14,Defaulted,83,2025-10-03,2025-10-14,10187586.54,10,2026-09-14,
321,1257,Gold Loan,241000,10.15,48,6129.76,2024-01-02,2028-01-02,Pending,,,2024-01-02,241000,0,,
996,1448,Business Loan,3828000,12.78,120,56660.5,2025-04-04,2035-04-04,Closed,82,2025-03-10,2025-04-04,0.00,120,,
435,737,Home Loan,4078000,8.69,120,50976.7,2025-02-07,2035-02-07,Pending,,,2025-02-07,4078000,0,,
106,1131,Car Loan,1636000,8.87,84,26213.92,2022-05-06,2029-05-06,Closed,30,2022-04-29,2022-05-06,0.00,84,,
922,977,Personal Loan,533000,13.91,72,10957.19,2022-05-03,2028-05-03,Defaulted,39,2022-04-14,2022-05-03,230100.99,51,2026-09-03,
149,1259,Home Loan,4130000,7.82,120,49716.35,2022-06-24,2032-06-24,Active,71,2022-05-29,2022-06-24,3480144.50,50,2026-09-24,
979,936,Business Loan,1299000,13.7,24,62184.79,2026-01-09,2028-01-09,Active,91,2026-01-08,2026-01-09,1057141.43,7,2026-09-09,
906,655,Gold Loan,914000,13.76,24,43780.22,2025-01-28,2027-01-28,Closed,63,2025-01-21,2025-01-28,0.00,24,,
713,790,Personal Loan,294000,15.1,48,8197.15,2023-12-27,2027-12-27,Approved,86,2023-12-15,2023-12-27,131154.40,32,2026-09-27,
493,844,Education Loan,588000,7.07,84,8894.63,2026-06-23,2033-06-23,Defaulted,82,2026-06-16,2026-06-23,729359.66,2,2026-09-23,
958,814,Personal Loan,564000,13.02,72,11327.75,2025-06-29,2031-06-29,Active,30,2025-06-05,2025-06-29,657009.50,14,2026-09-29,
129,499,Home Loan,6458000,8.45,204,59753.74,2024-04-27,2041-04-27,Rejected,,,2024-04-27,0.00,0,,Eligibility criteria not met
447,1033,Car Loan,1220000,8.11,60,24801.48,2023-02-14,2028-02-14,Active,55,2023-01-16,2023-02-14,446426.64,42,2026-09-14,
283,453,Car Loan,414000,10.49,60,8896.42,2026-06-05,2031-06-05,Active,23,2026-05-30,2026-06-05,515992.36,2,2026-09-05,
674,450,Home Loan,4490000,7.86,216,38906.48,2026-05-06,2044-05-06,Closed,93,2026-04-15,2026-05-06,0.00,216,,
128,875,Education Loan,511000,8.31,144,5618.56,2024-04-28,2036-04-28,Active,90,2024-04-06,2024-04-28,651752.96,28,2026-09-28,
507,419,Home Loan,4158000,7.24,240,32838.64,2024-11-05,2044-11-05,Pending,,,2024-11-05,4158000,0,,
332,993,Business Loan,2640000,10.31,84,44251.15,2023-10-09,2030-10-09,Active,34,2023-09-14,2023-10-09,2212557.50,34,2026-09-09,
917,1491,Education Loan,1858000,6.85,156,18021.96,2023-10-03,2036-10-03,Active,80,2023-09-03,2023-10-03,2198679.12,34,2026-09-03,
865,755,Business Loan,1990000,11.26,120,27705.95,2026-05-26,2036-05-26,Pending,,,2026-05-26,1990000,0,,
126,29,Home Loan,6783000,7.33,144,70953.98,2023-08-19,2035-08-19,Active,84,2023-08-12,2023-08-19,7663029.84,36,2026-09-19,
151,1060,Home Loan,7679000,8.85,240,68350.9,2024-08-01,2044-08-01,Defaulted,77,2024-07-31,2024-08-01,14763794.40,24,2026-09-01,
124,1433,Business Loan,3757000,12.36,60,84257.47,2024-07-21,2029-07-21,Pending,,,2024-07-21,3757000,0,,
933,394,Education Loan,997000,8.64,72,17793.84,2022-01-19,2028-01-19,Active,3,2022-01-03,2022-01-19,302495.28,55,2026-09-19,
786,221,Home Loan,2210000,7.71,132,24884.38,2022-04-21,2033-04-21,Closed,85,2022-03-29,2022-04-21,0.00,132,,
903,1407,Personal Loan,422000,17.3,12,38548.51,2025-08-28,2026-08-28,Active,56,2025-08-10,2025-08-28,0.00,12,2026-09-28,
259,729,Home Loan,6235000,8.23,228,54161.69,2021-09-23,2040-09-23,Active,58,2021-09-17,2021-09-23,9153325.61,59,2026-09-23,
965,1126,Car Loan,1545000,11.36,48,40201.98,2025-07-16,2029-07-16,Closed,78,2025-06-28,2025-07-16,0.00,48,,
585,230,Car Loan,1710000,7.53,60,34289.27,2026-01-19,2031-01-19,Rejected,,,2026-01-19,0.00,0,,Insufficient income
737,282,Business Loan,2960000,12.29,24,139738.68,2022-10-31,2024-10-31,Closed,61,2022-10-26,2022-10-31,0.00,24,,
765,1012,Business Loan,2449000,14.79,48,67897.09,2023-01-19,2027-01-19,Active,98,2022-12-31,2023-01-19,339485.45,43,2026-09-19,
268,1103,Business Loan,4952000,10.2,48,126071.68,2022-06-30,2026-06-30,Closed,55,2022-06-23,2022-06-30,0.00,48,,
857,1330,Education Loan,1455000,6.71,156,14003.37,2021-12-06,2034-12-06,Approved,23,2021-12-03,2021-12-06,1400337.00,56,2026-09-06,
148,1213,Business Loan,1572000,9.22,120,20101.08,2022-01-02,2032-01-02,Closed,99,2021-12-11,2022-01-02,0.00,120,,
34,958,Education Loan,513000,8.32,60,10480.53,2021-09-06,2026-09-06,Active,24,2021-08-17,2021-09-06,10480.53,59,2026-09-06,
804,1322,Education Loan,1096000,9.49,84,17907.39,2025-05-09,2032-05-09,Active,66,2025-05-07,2025-05-09,1235609.91,15,2026-09-09,
939,1006,Home Loan,4833000,7.55,168,46683.95,2024-11-08,2038-11-08,Active,96,2024-10-19,2024-11-08,6862540.65,21,2026-09-08,
534,1144,Home Loan,7089000,7.23,192,62405.4,2024-09-16,2040-09-16,Rejected,,,2024-09-16,0.00,0,,Insufficient income
662,1145,Gold Loan,446000,10.43,60,9570.82,2022-10-26,2027-10-26,Defaulted,68,2022-10-22,2022-10-26,133991.48,46,2026-09-26,
43,28,Gold Loan,875000,12.94,36,29456.93,2026-06-20,2029-06-20,Active,21,2026-06-19,2026-06-20,1001535.62,2,2026-09-20,
487,1374,Personal Loan,602000,13.39,84,11079.61,2024-08-28,2031-08-28,Closed,59,2024-08-25,2024-08-28,0.00,84,,
299,463,Education Loan,264000,8.55,168,2700.2,2025-02-06,2039-02-06,Approved,84,2025-02-05,2025-02-06,405030.00,18,2026-09-06,
43,28,Home Loan,7027000,9.44,156,78357.01,2022-06-24,2035-06-24,Closed,40,2022-06-01,2022-06-24,0.00,156,,
693,1066,Personal Loan,1195000,16.81,12,108881.96,2022-10-21,2023-10-21,Defaulted,35,2022-10-02,2022-10-21,326645.88,9,2023-08-21,
973,77,Personal Loan,262000,13.07,84,4776.27,2022-09-04,2029-09-04,Closed,41,2022-08-19,2022-09-04,0.00,84,,
642,465,Car Loan,1337000,10.55,36,43487.3,2026-06-17,2029-06-17,Closed,44,2026-06-13,2026-06-17,0.00,36,,
322,1253,Home Loan,7844000,8.27,120,96292.14,2021-11-10,2031-11-10,Active,100,2021-10-25,2021-11-10,6066404.82,57,2026-09-10,
851,25,Gold Loan,399000,12.12,48,10530.72,2022-11-20,2026-11-20,Closed,5,2022-11-18,2022-11-20,0.00,48,,
586,575,Education Loan,1362000,10.14,60,29032.39,2023-08-28,2028-08-28,Active,9,2023-07-30,2023-08-28,696777.36,36,2026-09-28,
735,220,Gold Loan,636000,9.59,48,16005.66,2022-10-11,2026-10-11,Pending,,,2022-10-11,636000,0,,
77,160,Personal Loan,1353000,11.14,36,44385.24,2022-09-25,2025-09-25,Active,3,2022-09-01,2022-09-25,0.00,36,2025-10-25,
158,610,Gold Loan,545000,11.15,48,14125.54,2025-07-05,2029-07-05,Active,57,2025-07-02,2025-07-05,494393.90,13,2026-09-05,
693,1115,Business Loan,2739000,13.13,36,92459.33,2025-01-27,2028-01-27,Active,24,2025-01-23,2025-01-27,1571808.61,19,2026-09-27,
714,1261,Business Loan,4651000,13.34,72,94201.35,2025-02-08,2031-02-08,Rejected,,,2025-02-08,0.00,0,,Eligibility criteria not met
404,1021,Business Loan,1198000,10.47,120,16145.1,2025-07-03,2035-07-03,Pending,,,2025-07-03,1198000,0,,
654,159,Personal Loan,1137000,13.57,24,54359.96,2026-01-28,2028-01-28,Active,68,2026-01-26,2026-01-28,924119.32,7,2026-09-28,
141,1471,Home Loan,7635000,7.2,180,69482.07,2022-10-20,2037-10-20,Rejected,,,2022-10-20,0.00,0,,Unstable employment history
392,1109,Personal Loan,226000,15.71,12,20474.17,2025-02-28,2026-02-28,Rejected,,,2025-02-28,0.00,0,,Low credit score
799,1222,Personal Loan,400000,14.31,72,8308.84,2025-04-04,2031-04-04,Active,45,2025-03-18,2025-04-04,465295.04,16,2026-09-04,
16,625,Home Loan,1209000,8.26,144,13259.82,2022-01-10,2034-01-10,Defaulted,9,2022-01-07,2022-01-10,1180123.98,55,2026-09-10,
323,1146,Business Loan,2258000,15.85,72,48793.89,2025-06-19,2031-06-19,Pending,,,2025-06-19,2258000,0,,
926,1235,Gold Loan,144000,8.03,36,4514.43,2025-08-02,2028-08-02,Closed,5,2025-07-19,2025-08-02,0.00,36,,
112,631,Home Loan,1334000,7.55,132,14906.9,2024-07-08,2035-07-08,Active,34,2024-06-30,2024-07-08,1595038.30,25,2026-09-08,
64,983,Personal Loan,1377000,10.11,72,25586.53,2025-04-22,2031-04-22,Rejected,,,2025-04-22,0.00,0,,Low credit score
491,964,Personal Loan,286000,17.74,48,8362.44,2023-10-19,2027-10-19,Pending,,,2023-10-19,286000,0,,
120,789,Home Loan,3186000,8.93,144,36132.17,2023-02-26,2035-02-26,Approved,100,2023-02-08,2023-02-26,3685481.34,42,2026-09-26,
745,42,Business Loan,870000,11.02,96,13675.72,2024-10-16,2032-10-16,Approved,70,2024-10-11,2024-10-16,1012003.28,22,2026-09-16,
875,1423,Personal Loan,170000,11.71,72,3297.95,2021-12-14,2027-12-14,Active,26,2021-11-30,2021-12-14,52767.20,56,2026-09-14,
50,1052,Home Loan,7508000,7.97,228,64017.8,2025-05-07,2044-05-07,Closed,48,2025-04-10,2025-05-07,0.00,228,,
435,737,Home Loan,2838000,7.37,240,22637.67,2023-06-18,2043-06-18,Closed,46,2023-05-20,2023-06-18,0.00,240,,
884,19,Education Loan,799000,8.67,132,9411.66,2021-12-22,2032-12-22,Active,23,2021-11-22,2021-12-22,715286.16,56,2026-09-22,
708,1381,Business Loan,4217000,11.8,60,93379.2,2025-02-19,2030-02-19,Approved,65,2025-01-24,2025-02-19,3921926.40,18,2026-09-19,
985,481,Car Loan,1019000,10.94,84,17415.63,2025-10-29,2032-10-29,Pending,,,2025-10-29,1019000,0,,
74,1057,Personal Loan,566000,11.11,36,18559.61,2024-04-08,2027-04-08,Active,56,2024-04-03,2024-04-08,148476.88,28,2026-09-08,
667,110,Education Loan,676000,10.48,72,12687.71,2025-01-24,2031-01-24,Closed,64,2025-01-14,2025-01-24,0.00,72,,
847,1378,Car Loan,1373000,9.2,60,28634.68,2025-07-27,2030-07-27,Active,2,2025-07-24,2025-07-27,1345829.96,13,2026-09-27,
531,911,Personal Loan,73000,13.11,24,3474.33,2023-06-12,2025-06-12,Active,10,2023-06-07,2023-06-12,0.00,24,2025-07-12,
495,416,Personal Loan,1280000,10.7,36,41723.94,2026-07-13,2029-07-13,Approved,71,2026-07-01,2026-07-13,1460337.90,1,2026-09-13,
609,690,Car Loan,2245000,8.66,36,71035.68,2024-12-17,2027-12-17,Defaulted,51,2024-12-01,2024-12-17,1136570.88,20,2026-09-17,
33,109,Gold Loan,377000,9.14,36,12013.08,2022-05-13,2025-05-13,Active,10,2022-04-13,2022-05-13,0.00,36,2025-06-13,
293,217,Business Loan,4067000,10.1,120,53971.17,2023-07-12,2033-07-12,Active,16,2023-06-27,2023-07-12,4479607.11,37,2026-09-12,
327,251,Personal Loan,468000,12.28,48,12388.67,2024-09-30,2028-09-30,Active,14,2024-09-25,2024-09-30,309716.75,23,2026-09-30,
768,1061,Gold Loan,404000,11.07,12,35719.38,2021-09-20,2022-09-20,Pending,,,2021-09-20,404000,0,,
338,1452,Home Loan,1473000,8.66,120,18389.38,2023-12-30,2033-12-30,Active,49,2023-12-22,2023-12-30,1618265.44,32,2026-09-30,
804,142,Education Loan,971000,9.26,108,13284.35,2023-02-17,2032-02-17,Closed,31,2023-02-03,2023-02-17,0.00,108,,
594,1274,Car Loan,2296000,10.76,84,39023.98,2022-11-19,2029-11-19,Closed,91,2022-11-03,2022-11-19,0.00,84,,
158,1323,Car Loan,2256000,8.76,72,40397.41,2021-09-08,2027-09-08,Active,10,2021-09-03,2021-09-08,525166.33,59,2026-09-08,
870,919,Education Loan,398000,8.68,96,5764.92,2024-08-23,2032-08-23,Active,16,2024-08-19,2024-08-23,415074.24,24,2026-09-23,
556,64,Business Loan,1283000,15.06,96,23068.52,2024-06-08,2032-06-08,Pending,,,2024-06-08,1283000,0,,
921,1360,Gold Loan,107000,8.06,60,2172.65,2023-02-11,2028-02-11,Active,26,2023-01-28,2023-02-11,39107.70,42,2026-09-11,
71,760,Education Loan,235000,7.46,108,2994.02,2022-02-14,2031-02-14,Active,48,2022-02-08,2022-02-14,161677.08,54,2026-09-14,
707,524,Home Loan,6238000,9.17,156,68584.33,2024-03-23,2037-03-23,Defaulted,6,2024-03-06,2024-03-23,8710209.91,29,2026-09-23,
375,1329,Business Loan,4084000,12.01,96,66399.05,2022-06-01,2030-06-01,Active,9,2022-05-27,2022-06-01,3054356.30,50,2026-09-01,
502,146,Personal Loan,643000,15.66,24,31378.92,2024-03-03,2026-03-03,Active,7,2024-02-05,2024-03-03,0.00,24,2026-04-03,
222,403,Personal Loan,1140000,12.54,48,30323.71,2024-09-24,2028-09-24,Active,31,2024-09-03,2024-09-24,758092.75,23,2026-09-24,
512,1010,Personal Loan,1273000,13.46,84,23477.91,2025-09-10,2032-09-10,Active,100,2025-09-02,2025-09-10,1713887.43,11,2026-09-10,
156,1337,Education Loan,297000,7.04,96,4055.13,2026-03-20,2034-03-20,Closed,29,2026-02-26,2026-03-20,0.00,96,,
184,886,Education Loan,122000,6.74,96,1647.57,2023-01-31,2031-01-31,Active,73,2023-01-28,2023-01-31,87321.21,43,2026-09-30,
651,751,Home Loan,6358000,8.27,132,73506.9,2024-04-30,2035-04-30,Closed,47,2024-04-02,2024-04-30,0.00,132,,
279,825,Gold Loan,925000,9.09,48,23058.21,2025-10-08,2029-10-08,Active,34,2025-09-19,2025-10-08,876211.98,10,2026-09-08,
590,754,Personal Loan,228000,11.83,12,20239.4,2025-03-29,2026-03-29,Pending,,,2025-03-29,228000,0,,
858,1130,Education Loan,1671000,10.44,108,23925.46,2021-11-19,2030-11-19,Active,43,2021-10-26,2021-11-19,1220198.46,57,2026-09-19,
43,1007,Education Loan,1778000,8.43,108,23545.5,2025-09-26,2034-09-26,Active,68,2025-09-10,2025-09-26,2283913.50,11,2026-09-26,
502,47,Home Loan,2390000,8.35,216,21420.53,2025-01-05,2043-01-05,Active,62,2024-12-08,2025-01-05,4219844.41,19,2026-09-05,
740,420,Business Loan,2135000,10.73,96,33227.36,2026-07-06,2034-07-06,Pending,,,2026-07-06,2135000,0,,
191,518,Personal Loan,1372000,17.09,24,67894.13,2021-12-12,2023-12-12,Approved,92,2021-12-07,2021-12-12,0.00,24,2024-01-12,
208,259,Business Loan,4415000,13.22,84,80846.52,2021-12-23,2028-12-23,Closed,82,2021-12-21,2021-12-23,0.00,84,,
153,805,Car Loan,313000,11.3,72,6005.87,2023-11-14,2029-11-14,Active,94,2023-10-28,2023-11-14,234228.93,33,2026-09-14,
475,622,Gold Loan,350000,10.8,36,11425.43,2024-04-18,2027-04-18,Active,37,2024-03-30,2024-04-18,91403.44,28,2026-09-18,
510,1455,Car Loan,1778000,11.21,72,34034.14,2022-05-12,2028-05-12,Active,17,2022-05-02,2022-05-12,714716.94,51,2026-09-12,
158,1323,Car Loan,399000,8.11,36,12523.47,2024-04-30,2027-04-30,Defaulted,72,2024-04-02,2024-04-30,100187.76,28,2026-09-30,
16,629,Business Loan,4076000,13.19,24,194144.43,2022-05-17,2024-05-17,Pending,,,2022-05-17,4076000,0,,
278,181,Education Loan,1701000,9.85,72,31383.93,2021-12-31,2027-12-31,Pending,,,2021-12-31,1701000,0,,
426,1422,Car Loan,1983000,10.44,72,37178.25,2024-04-19,2030-04-19,Defaulted,73,2024-04-10,2024-04-19,1635843.00,28,2026-09-19,
534,1144,Home Loan,7112000,9.31,216,67983.5,2023-09-03,2041-09-03,Closed,95,2023-08-30,2023-09-03,0.00,216,,
802,617,Gold Loan,597000,8.71,24,27194.42,2024-08-17,2026-08-17,Pending,,,2024-08-17,597000,0,,
658,1195,Education Loan,186000,9.66,60,3920.91,2022-02-06,2027-02-06,Pending,,,2022-02-06,186000,0,,
662,356,Business Loan,4687000,12.54,96,77574.51,2026-02-21,2034-02-21,Closed,89,2026-02-17,2026-02-21,0.00,96,,
863,1406,Home Loan,3913000,8.37,192,37046.69,2025-02-15,2041-02-15,Pending,,,2025-02-15,3913000,0,,
298,1353,Gold Loan,474000,12.33,24,22385.94,2022-07-20,2024-07-20,Pending,,,2022-07-20,474000,0,,
623,1315,Gold Loan,53000,13.49,48,1434.78,2023-05-04,2027-05-04,Active,38,2023-04-16,2023-05-04,12913.02,39,2026-09-04,
675,1355,Car Loan,1119000,9.54,48,28134.17,2024-05-11,2028-05-11,Closed,11,2024-04-16,2024-05-11,0.00,48,,
335,945,Education Loan,1642000,9.06,144,18741.99,2024-08-12,2036-08-12,Pending,,,2024-08-12,1642000,0,,
633,828,Personal Loan,178000,14.48,36,6125.2,2021-12-05,2024-12-05,Rejected,,,2021-12-05,0.00,0,,Low credit score
938,1138,Home Loan,1901000,8.78,144,21399.1,2026-04-08,2038-04-08,Rejected,,,2026-04-08,0.00,0,,Low credit score
426,1422,Gold Loan,742000,10.08,60,15794.53,2024-03-19,2029-03-19,Active,86,2024-03-15,2024-03-19,489630.43,29,2026-09-19,
943,984,Car Loan,2280000,8.85,72,40928.69,2025-02-15,2031-02-15,Active,18,2025-01-27,2025-02-15,2210149.26,18,2026-09-15,
897,851,Car Loan,1393000,9.35,36,44524.29,2022-07-15,2025-07-15,Active,83,2022-07-07,2022-07-15,0.00,36,2025-08-15,
669,562,Personal Loan,417000,15.19,36,14494.27,2024-11-03,2027-11-03,Active,9,2024-10-25,2024-11-03,217414.05,21,2026-09-03,
468,143,Car Loan,1631000,10.36,84,27380.88,2024-08-23,2031-08-23,Active,18,2024-08-22,2024-08-23,1642852.80,24,2026-09-23,
127,1424,Personal Loan,1231000,16.26,48,35051.02,2025-07-27,2029-07-27,Active,52,2025-07-19,2025-07-27,1226785.70,13,2026-09-27,
527,1165,Gold Loan,383000,12.79,48,10235.06,2024-09-10,2028-09-10,Active,95,2024-08-12,2024-09-10,255876.50,23,2026-09-10,
687,893,Business Loan,2458000,11.63,108,36811.85,2026-06-26,2035-06-26,Approved,13,2026-06-01,2026-06-26,3902056.10,2,2026-09-26,
372,890,Gold Loan,700000,11.71,60,15468.73,2024-04-16,2029-04-16,Active,74,2024-04-15,2024-04-16,494999.36,28,2026-09-16,
81,1240,Car Loan,582000,11.29,48,15124.19,2023-07-04,2027-07-04,Closed,21,2023-06-30,2023-07-04,0.00,48,,
303,125,Car Loan,784000,9.84,36,25238.62,2023-09-17,2026-09-17,Defaulted,76,2023-09-08,2023-09-17,75715.86,33,2026-07-17,
216,203,Home Loan,6998000,8.58,180,69240.63,2025-09-24,2040-09-24,Active,93,2025-09-17,2025-09-24,11701666.47,11,2026-09-24,
187,1444,Education Loan,485000,7.49,84,7436.67,2023-03-24,2030-03-24,Rejected,,,2023-03-24,0.00,0,,Eligibility criteria not met
399,1484,Business Loan,3789000,9.97,24,174790.67,2025-12-27,2027-12-27,Closed,82,2025-12-14,2025-12-27,0.00,24,,
1,342,Car Loan,470000,10.4,60,10078.87,2022-09-18,2027-09-18,Closed,37,2022-08-28,2022-09-18,0.00,60,,
529,1256,Business Loan,1198000,9.82,72,22085.36,2026-07-02,2032-07-02,Active,88,2026-06-23,2026-07-02,1568060.56,1,2026-09-02,
803,1354,Home Loan,6155000,9.19,132,74266.12,2026-04-18,2037-04-18,Approved,30,2026-04-17,2026-04-18,9506063.36,4,2026-09-18,
74,1057,Personal Loan,57000,15.2,72,1211.47,2023-11-21,2029-11-21,Closed,44,2023-11-16,2023-11-21,0.00,72,,
955,594,Business Loan,3362000,10.62,120,45591.35,2021-10-01,2031-10-01,Active,14,2021-09-30,2021-10-01,2826663.70,58,2026-09-01,
541,878,Personal Loan,654000,10.14,12,57539.58,2022-09-02,2023-09-02,Active,14,2022-08-07,2022-09-02,0.00,12,2023-10-02,
884,1312,Car Loan,1801000,9.82,72,33201.79,2025-04-06,2031-04-06,Approved,94,2025-03-15,2025-04-06,1859300.24,16,2026-09-06,
860,134,Personal Loan,663000,17.05,72,14767.69,2025-10-04,2031-10-04,Active,58,2025-09-06,2025-10-04,915596.78,10,2026-09-04,
872,82,Education Loan,773000,6.66,60,15182.63,2022-12-26,2027-12-26,Active,33,2022-12-21,2022-12-26,242922.08,44,2026-09-26,
579,582,Personal Loan,534000,17.79,48,15627.71,2023-05-27,2027-05-27,Closed,77,2023-04-30,2023-05-27,0.00,48,,
63,1051,Gold Loan,332000,11.76,24,15591.21,2022-01-19,2024-01-19,Closed,19,2022-01-01,2022-01-19,0.00,24,,
351,1167,Home Loan,5831000,8.21,240,49537.65,2025-05-25,2045-05-25,Active,34,2025-05-15,2025-05-25,11145971.25,15,2026-09-25,
505,460,Personal Loan,274000,17.63,24,13630.27,2023-11-25,2025-11-25,Active,22,2023-11-06,2023-11-25,0.00,24,2025-12-25,
532,436,Home Loan,1273000,9.12,144,14573.3,2023-03-15,2035-03-15,Closed,30,2023-02-13,2023-03-15,0.00,144,,
292,24,Education Loan,1002000,10.35,168,11315.82,2024-02-11,2038-02-11,Approved,13,2024-01-17,2024-02-11,1561583.16,30,2026-09-11,
182,598,Car Loan,1470000,7.98,72,25759.51,2022-03-17,2028-03-17,Closed,19,2022-02-25,2022-03-17,0.00,72,,
466,604,Car Loan,1325000,9.98,84,21982.88,2023-09-11,2030-09-11,Rejected,,,2023-09-11,0.00,0,,Low credit score
499,510,Business Loan,3937000,12.92,48,105463.6,2022-01-08,2026-01-08,Approved,11,2021-12-13,2022-01-08,0.00,48,2026-02-08,
563,341,Education Loan,1378000,10.37,120,18493.88,2025-02-08,2035-02-08,Active,82,2025-01-18,2025-02-08,1886375.76,18,2026-09-08,
632,1045,Education Loan,1843000,6.73,168,16966.68,2024-07-03,2038-07-03,Active,14,2024-06-18,2024-07-03,2426235.24,25,2026-09-03,
331,628,Business Loan,2836000,12.74,108,44254.39,2022-09-23,2031-09-23,Closed,72,2022-09-13,2022-09-23,0.00,108,,
756,114,Gold Loan,780000,11.15,60,17017.5,2021-09-05,2026-09-05,Active,72,2021-08-29,2021-09-05,17017.50,59,2026-09-05,
410,26,Home Loan,5346000,9.36,144,61928.09,2022-12-20,2034-12-20,Active,14,2022-12-18,2022-12-20,6192809.00,44,2026-09-20,
765,1012,Home Loan,5697000,7.75,144,60889.08,2026-02-19,2038-02-19,Active,80,2026-02-17,2026-02-19,8402693.04,6,2026-09-19,
301,1082,Education Loan,260000,7.35,120,3065.93,2022-09-17,2032-09-17,Approved,15,2022-08-19,2022-09-17,223812.89,47,2026-09-17,
273,811,Business Loan,950000,10.31,96,14571.76,2021-12-25,2029-12-25,Defaulted,3,2021-11-26,2021-12-25,582870.40,56,2026-09-25,
896,348,Education Loan,1044000,7.18,144,10836.73,2024-10-28,2036-10-28,Rejected,,,2024-10-28,0.00,0,,Low credit score
870,430,Education Loan,1752000,10.13,132,22063.9,2024-12-11,2035-12-11,Pending,,,2024-12-11,1752000,0,,
393,1226,Business Loan,3361000,14.84,96,60003.73,2023-08-25,2031-08-25,Closed,55,2023-08-19,2023-08-25,0.00,96,,
220,840,Car Loan,1962000,7.6,36,61120.55,2024-12-29,2027-12-29,Rejected,,,2024-12-29,0.00,0,,Insufficient income
77,1494,Personal Loan,794000,16.49,36,28107.14,2025-03-22,2028-03-22,Closed,92,2025-03-21,2025-03-22,0.00,36,,
375,1329,Car Loan,1555000,7.83,48,37838.13,2024-12-31,2028-12-31,Approved,28,2024-12-14,2024-12-31,1059467.64,20,2026-09-30,
994,445,Education Loan,815000,6.81,96,11034.58,2026-01-01,2034-01-01,Active,20,2025-12-09,2026-01-01,982077.62,7,2026-09-01,
336,366,Car Loan,599000,10.81,72,11343.21,2026-04-16,2032-04-16,Approved,68,2026-04-14,2026-04-16,771338.28,4,2026-09-16,
285,815,Home Loan,1947000,8.9,192,19050.9,2024-12-30,2040-12-30,Approved,16,2024-12-10,2024-12-30,3276754.80,20,2026-09-30,
636,881,Personal Loan,1059000,13.99,60,24635.59,2026-03-21,2031-03-21,Defaulted,88,2026-03-13,2026-03-21,1354957.45,5,2026-09-21,
43,1007,Gold Loan,732000,8.86,24,33394.23,2024-09-28,2026-09-28,Rejected,,,2024-09-28,0.00,0,,Eligibility criteria not met
407,1302,Education Loan,967000,10.5,132,12381.91,2026-03-27,2037-03-27,Pending,,,2026-03-27,967000,0,,
452,153,Business Loan,3227000,9.33,24,147913.74,2023-12-26,2025-12-26,Active,36,2023-11-28,2023-12-26,0.00,24,2026-01-26,
355,818,Personal Loan,1406000,15.39,24,68433.04,2022-09-09,2024-09-09,Active,46,2022-08-25,2022-09-09,0.00,24,2024-10-09,
684,238,Personal Loan,469000,11.13,36,15383.35,2025-11-28,2028-11-28,Active,39,2025-11-16,2025-11-28,415350.45,9,2026-09-28,
52,323,Education Loan,993000,9.74,168,10849.9,2024-02-02,2038-02-02,Closed,94,2024-01-29,2024-02-02,0.00,168,,
358,1392,Gold Loan,334000,13.04,48,8967.02,2024-05-05,2028-05-05,Defaulted,34,2024-05-03,2024-05-05,188307.42,27,2026-09-05,
548,978,Home Loan,6416000,9.4,156,71394.87,2025-04-05,2038-04-05,Active,16,2025-03-26,2025-04-05,9995281.80,16,2026-09-05,
563,371,Gold Loan,382000,9.23,36,12188.43,2023-04-13,2026-04-13,Defaulted,62,2023-03-19,2023-04-13,36565.29,33,2026-02-13,
783,1155,Personal Loan,770000,13.2,36,26018.58,2023-02-08,2026-02-08,Defaulted,58,2023-01-18,2023-02-08,78055.74,33,2025-12-08,
122,1395,Home Loan,4676000,8.95,132,55799.68,2025-01-19,2036-01-19,Approved,67,2024-12-27,2025-01-19,6305363.84,19,2026-09-19,
94,568,Gold Loan,178000,12.72,12,15875.1,2025-08-28,2026-08-28,Closed,20,2025-08-01,2025-08-28,0.00,12,,
382,1320,Car Loan,1716000,7.91,48,41820.12,2022-09-15,2026-09-15,Pending,,,2022-09-15,1716000,0,,
273,811,Business Loan,1882000,12.69,84,33920.89,2023-10-21,2030-10-21,Active,16,2023-10-04,2023-10-21,1696044.50,34,2026-09-21,
510,745,Car Loan,973000,8.19,84,15257.66,2023-05-13,2030-05-13,Closed,50,2023-05-10,2023-05-13,0.00,84,,
917,1415,Car Loan,1318000,9.79,36,42398.32,2022-03-30,2025-03-30,Active,31,2022-03-17,2022-03-30,0.00,36,2025-04-30,
768,261,Home Loan,1055000,8.18,228,9131.89,2025-08-30,2044-08-30,Closed,18,2025-08-24,2025-08-30,0.00,228,,
135,1153,Gold Loan,853000,13.09,36,28777.93,2023-09-19,2026-09-19,Approved,27,2023-09-13,2023-09-19,28777.93,35,2026-09-19,
974,21,Car Loan,1639000,10.95,36,53619.96,2024-12-15,2027-12-15,Active,65,2024-11-30,2024-12-15,857919.36,20,2026-09-15,
621,1223,Home Loan,2378000,9.29,192,23830.81,2023-09-09,2039-09-09,Approved,24,2023-09-08,2023-09-09,3741437.17,35,2026-09-09,
107,1297,Business Loan,3319000,9.56,60,69802.54,2025-09-12,2030-09-12,Pending,,,2025-09-12,3319000,0,,
612,1014,Home Loan,2686000,8.78,192,26087.75,2025-07-23,2041-07-23,Closed,72,2025-07-12,2025-07-23,0.00,192,,
639,1439,Gold Loan,366000,10.41,24,16958.39,2023-08-15,2025-08-15,Active,79,2023-07-23,2023-08-15,0.00,24,2025-09-15,
720,111,Car Loan,1137000,11.4,84,19708.16,2022-07-09,2029-07-09,Approved,34,2022-06-29,2022-07-09,689785.60,49,2026-09-09,
635,526,Personal Loan,747000,15.31,72,15921.35,2025-12-15,2031-12-15,Defaulted,38,2025-11-18,2025-12-15,1018966.40,8,2026-09-15,
834,374,Gold Loan,366000,9.28,36,11686.46,2025-08-14,2028-08-14,Active,83,2025-07-17,2025-08-14,280475.04,12,2026-09-14,
662,362,Education Loan,345000,9.95,120,4549.65,2024-04-20,2034-04-20,Defaulted,24,2024-04-05,2024-04-20,418567.80,28,2026-09-20,
90,926,Personal Loan,1234000,17.31,48,35805.34,2022-04-30,2026-04-30,Active,91,2022-04-03,2022-04-30,0.00,48,2026-05-30,
151,254,Personal Loan,835000,11.12,60,18204.93,2025-07-02,2030-07-02,Closed,20,2025-06-04,2025-07-02,0.00,60,,
126,683,Business Loan,4025000,11.47,48,104949.31,2024-04-27,2028-04-27,Closed,77,2024-04-20,2024-04-27,0.00,48,,
451,721,Business Loan,885000,10.48,24,41034.6,2022-01-22,2024-01-22,Active,37,2022-01-20,2022-01-22,0.00,24,2024-02-22,
952,464,Business Loan,4865000,9.45,120,62818.81,2025-12-24,2035-12-24,Closed,15,2025-12-19,2025-12-24,0.00,120,,
948,343,Personal Loan,189000,11.37,24,8841.38,2022-01-21,2024-01-21,Approved,17,2022-01-15,2022-01-21,0.00,24,2024-02-21,
528,145,Home Loan,7836000,9.45,156,87423.56,2022-02-16,2035-02-16,Closed,93,2022-02-08,2022-02-16,0.00,156,,
991,1275,Personal Loan,1461000,12.31,24,68986.04,2024-06-17,2026-06-17,Defaulted,15,2024-05-21,2024-06-17,206958.12,21,2026-04-17,
335,945,Personal Loan,140000,17.07,36,4996.26,2024-11-29,2027-11-29,Active,59,2024-11-04,2024-11-29,74943.90,21,2026-09-29,
583,1382,Education Loan,1078000,9.4,120,13890.1,2025-02-13,2035-02-13,Active,87,2025-02-03,2025-02-13,1416790.20,18,2026-09-13,
610,158,Education Loan,769000,9.6,72,14091.74,2024-01-05,2030-01-05,Defaulted,87,2023-12-18,2024-01-05,577761.34,31,2026-09-05,
145,707,Personal Loan,467000,17.31,24,23159.16,2021-09-02,2023-09-02,Active,8,2021-08-24,2021-09-02,0.00,24,2023-10-02,
765,804,Education Loan,1377000,7.7,156,13995.87,2026-07-14,2039-07-14,Closed,41,2026-06-17,2026-07-14,0.00,156,,
724,1305,Business Loan,2499000,11.95,36,82942.89,2025-06-11,2028-06-11,Closed,88,2025-06-01,2025-06-11,0.00,36,,
255,182,Personal Loan,851000,13.69,12,76284.76,2021-11-22,2022-11-22,Active,84,2021-10-26,2021-11-22,0.00,12,2022-12-22,
184,886,Gold Loan,979000,13.25,24,46658.49,2024-10-05,2026-10-05,Rejected,,,2024-10-05,0.00,0,,Unstable employment history
343,252,Car Loan,571000,8.81,60,11800.44,2023-06-19,2028-06-19,Active,17,2023-06-05,2023-06-19,259609.68,38,2026-09-19,
282,764,Home Loan,3811000,7.16,144,39517.4,2025-03-28,2037-03-28,Active,13,2025-03-16,2025-03-28,5018709.80,17,2026-09-28,
633,490,Home Loan,7228000,8.81,168,75016.62,2026-07-02,2040-07-02,Active,38,2026-06-22,2026-07-02,12527775.54,1,2026-09-02,
286,1473,Personal Loan,1318000,13.88,36,44969.34,2022-04-11,2025-04-11,Active,31,2022-03-23,2022-04-11,0.00,36,2025-05-11,
879,1200,Education Loan,317000,6.82,156,3069.66,2024-08-17,2037-08-17,Active,8,2024-08-01,2024-08-17,405195.12,24,2026-09-17,
511,980,Business Loan,538000,13.19,60,12293.54,2024-02-05,2029-02-05,Active,83,2024-01-22,2024-02-05,368806.20,30,2026-09-05,
42,799,Gold Loan,666000,8.95,36,21163.13,2024-08-20,2027-08-20,Closed,58,2024-07-27,2024-08-20,0.00,36,,
563,496,Home Loan,3741000,7.01,216,30529.79,2026-01-14,2044-01-14,Approved,39,2025-12-29,2026-01-14,6380726.11,7,2026-09-14,
955,780,Home Loan,4090000,8.17,180,39488.62,2024-02-01,2039-02-01,Approved,96,2024-01-29,2024-02-01,5923293.00,30,2026-09-01,
777,817,Gold Loan,576000,13.09,60,13132.32,2021-09-08,2026-09-08,Approved,99,2021-09-03,2021-09-08,13132.32,59,2026-09-08,
563,496,Car Loan,819000,11.37,48,21314.94,2023-11-06,2027-11-06,Active,66,2023-10-18,2023-11-06,319724.10,33,2026-09-06,
946,429,Business Loan,3782000,9.77,36,121626.52,2025-04-26,2028-04-26,Active,78,2025-04-09,2025-04-26,2432530.40,16,2026-09-26,
985,481,Car Loan,518000,10.95,48,13375.41,2022-04-11,2026-04-11,Pending,,,2022-04-11,518000,0,,
768,1121,Gold Loan,700000,10.22,24,32372.57,2021-12-23,2023-12-23,Active,36,2021-12-03,2021-12-23,0.00,24,2024-01-23,
727,995,Home Loan,7521000,7.1,180,68022.05,2023-03-09,2038-03-09,Active,40,2023-02-12,2023-03-09,9455064.95,41,2026-09-09,
870,426,Personal Loan,1146000,10.81,60,24808.37,2026-01-30,2031-01-30,Active,50,2026-01-07,2026-01-30,1314843.61,7,2026-09-30,
496,1341,Home Loan,3137000,8.52,216,28442.79,2024-12-12,2042-12-12,Active,56,2024-11-28,2024-12-12,5574786.84,20,2026-09-12,
692,391,Business Loan,4424000,13.18,60,101067.71,2023-06-15,2028-06-15,Approved,37,2023-06-01,2023-06-15,2223489.62,38,2026-09-15,
687,931,Gold Loan,79000,13.17,24,3762.12,2026-07-06,2028-07-06,Closed,9,2026-06-15,2026-07-06,0.00,24,,
6,162,Home Loan,1063000,9.04,168,11175.07,2023-04-06,2037-04-06,Closed,98,2023-03-12,2023-04-06,0.00,168,,
287,716,Business Loan,2555000,10.52,24,118514.44,2023-12-18,2025-12-18,Approved,3,2023-11-25,2023-12-18,0.00,24,2026-01-18,
289,161,Home Loan,4064000,8.36,120,50084.0,2021-09-20,2031-09-20,Rejected,,,2021-09-20,0.00,0,,Low credit score
99,437,Education Loan,1641000,7.43,168,15741.02,2024-03-24,2038-03-24,Pending,,,2024-03-24,1641000,0,,
275,457,Gold Loan,987000,11.23,36,32420.72,2022-05-15,2025-05-15,Active,31,2022-04-26,2022-05-15,0.00,36,2025-06-15,
751,869,Home Loan,7100000,9.35,204,69611.2,2022-09-22,2039-09-22,Defaulted,71,2022-09-03,2022-09-22,10928958.40,47,2026-09-22,
681,22,Personal Loan,1289000,13.02,60,29341.91,2024-11-02,2029-11-02,Rejected,,,2024-11-02,0.00,0,,High existing liabilities
858,1130,Personal Loan,206000,14.56,72,4306.8,2026-06-18,2032-06-18,Active,21,2026-06-01,2026-06-18,301476.00,2,2026-09-18,
456,393,Car Loan,693000,10.09,72,12869.88,2026-06-08,2032-06-08,Defaulted,96,2026-05-11,2026-06-08,900891.60,2,2026-09-08,
858,1130,Gold Loan,301000,13.27,60,6890.35,2025-07-10,2030-07-10,Active,22,2025-06-30,2025-07-10,323846.45,13,2026-09-10,
662,1145,Personal Loan,522000,11.06,24,24343.84,2022-05-27,2024-05-27,Closed,6,2022-05-20,2022-05-27,0.00,24,,
128,461,Gold Loan,470000,12.54,24,22243.24,2024-08-03,2026-08-03,Closed,32,2024-07-12,2024-08-03,0.00,24,,
429,1321,Personal Loan,858000,14.43,60,20155.95,2022-04-12,2027-04-12,Active,35,2022-03-21,2022-04-12,161247.60,52,2026-09-12,
339,891,Business Loan,965000,15.16,108,16424.11,2022-04-15,2031-04-15,Active,25,2022-03-21,2022-04-15,919750.16,52,2026-09-15,
803,1354,Business Loan,4471000,9.75,36,143742.39,2024-12-15,2027-12-15,Defaulted,24,2024-11-24,2024-12-15,2299878.24,20,2026-09-15,
159,718,Home Loan,6518000,8.38,156,68725.63,2025-07-20,2038-07-20,Active,64,2025-07-13,2025-07-20,9827765.09,13,2026-09-20,
641,55,Business Loan,1707000,12.22,48,45136.46,2022-04-02,2026-04-02,Pending,,,2022-04-02,1707000,0,,
633,490,Gold Loan,963000,9.11,48,24014.63,2025-05-10,2029-05-10,Defaulted,32,2025-04-13,2025-05-10,792482.79,15,2026-09-10,
658,839,Business Loan,2793000,15.08,24,135529.39,2022-01-01,2024-01-01,Active,59,2021-12-09,2022-01-01,0.00,24,2024-02-01,
781,548,Education Loan,1250000,8.43,168,12698.61,2025-12-13,2039-12-13,Pending,,,2025-12-13,1250000,0,,
822,744,Education Loan,243000,7.83,156,2487.37,2024-03-11,2037-03-11,Rejected,,,2024-03-11,0.00,0,,Incomplete documentation
422,1108,Car Loan,1961000,11.33,48,50997.91,2024-04-04,2028-04-04,Active,8,2024-03-30,2024-04-04,1019958.20,28,2026-09-04,
758,901,Business Loan,1124000,12.12,120,16204.2,2023-07-13,2033-07-13,Active,52,2023-06-23,2023-07-13,1344948.60,37,2026-09-13,
52,938,Personal Loan,570000,12.9,84,10338.46,2023-09-12,2030-09-12,Pending,,,2023-09-12,570000,0,,
582,1255,Business Loan,4577000,10.42,72,85765.36,2023-05-25,2029-05-25,Active,68,2023-05-18,2023-05-25,2830256.88,39,2026-09-25,
295,397,Business Loan,1835000,10.39,48,46884.78,2025-02-20,2029-02-20,Active,32,2025-02-17,2025-02-20,1406543.40,18,2026-09-20,
87,637,Education Loan,452000,9.87,60,9574.78,2023-01-06,2028-01-06,Active,36,2022-12-07,2023-01-06,162771.26,43,2026-09-06,
298,446,Home Loan,4281000,8.88,180,43115.68,2024-01-07,2039-01-07,Defaulted,35,2023-12-08,2024-01-07,6424236.32,31,2026-09-07,
679,1134,Education Loan,465000,8.69,84,7408.47,2022-03-29,2029-03-29,Closed,9,2022-03-25,2022-03-29,0.00,84,,
813,1245,Car Loan,910000,8.8,36,28853.13,2022-06-14,2025-06-14,Defaulted,68,2022-06-04,2022-06-14,86559.39,33,2025-04-14,
765,804,Personal Loan,1371000,15.39,84,26756.73,2025-08-11,2032-08-11,Rejected,,,2025-08-11,0.00,0,,Low credit score
33,698,Business Loan,3311000,12.08,84,58589.95,2026-05-25,2033-05-25,Closed,45,2026-05-20,2026-05-25,0.00,84,,
865,4,Education Loan,618000,8.13,144,6733.69,2022-07-01,2034-07-01,Defaulted,49,2022-06-26,2022-07-01,639700.55,49,2026-09-01,
498,226,Personal Loan,275000,11.88,72,5359.16,2026-07-15,2032-07-15,Active,47,2026-07-08,2026-07-15,380500.36,1,2026-09-15,
461,258,Car Loan,2497000,10.11,84,41595.22,2025-02-09,2032-02-09,Active,54,2025-01-20,2025-02-09,2745284.52,18,2026-09-09,
254,588,Business Loan,4999000,14.0,84,93681.32,2021-09-24,2028-09-24,Rejected,,,2021-09-24,0.00,0,,High existing liabilities
653,1303,Education Loan,240000,10.07,180,2589.34,2026-05-20,2041-05-20,Defaulted,97,2026-04-29,2026-05-20,458313.18,3,2026-09-20,
27,304,Car Loan,2185000,10.94,60,47441.84,2022-05-20,2027-05-20,Active,42,2022-04-25,2022-05-20,426976.56,51,2026-09-20,
970,376,Business Loan,3330000,13.15,48,89583.68,2025-07-17,2029-07-17,Defaulted,44,2025-06-17,2025-07-17,3135428.80,13,2026-09-17,
335,398,Car Loan,2457000,7.55,36,76484.41,2025-09-18,2028-09-18,Defaulted,68,2025-09-06,2025-09-18,1912110.25,11,2026-09-18,
372,593,Car Loan,1333000,8.51,60,27354.96,2025-06-04,2030-06-04,Defaulted,28,2025-05-08,2025-06-04,1258328.16,14,2026-09-04,
328,1122,Education Loan,1476000,8.75,84,23560.64,2024-08-04,2031-08-04,Defaulted,3,2024-07-28,2024-08-04,1413638.40,24,2026-09-04,
691,1073,Home Loan,3583000,7.78,204,31716.54,2025-12-21,2042-12-21,Active,79,2025-12-14,2025-12-21,6216441.84,8,2026-09-21,
456,986,Car Loan,2168000,8.01,36,67947.24,2026-02-04,2029-02-04,Closed,48,2026-01-28,2026-02-04,0.00,36,,
449,440,Car Loan,2393000,9.97,84,39689.55,2021-10-08,2028-10-08,Rejected,,,2021-10-08,0.00,0,,Unstable employment history
487,1374,Business Loan,1940000,13.36,48,52392.64,2025-09-18,2029-09-18,Active,60,2025-09-05,2025-09-18,1938527.68,11,2026-09-18,
989,914,Personal Loan,1117000,12.84,24,53020.31,2025-03-30,2027-03-30,Defaulted,49,2025-03-11,2025-03-30,371142.17,17,2026-09-30,
719,871,Gold Loan,396000,9.33,48,9916.64,2022-06-13,2026-06-13,Active,76,2022-05-27,2022-06-13,0.00,48,2026-07-13,
828,1162,Car Loan,2129000,8.56,72,37913.1,2024-05-03,2030-05-03,Closed,94,2024-04-22,2024-05-03,0.00,72,,
286,1473,Gold Loan,845000,9.25,60,17643.51,2025-08-03,2030-08-03,Pending,,,2025-08-03,845000,0,,
194,384,Car Loan,2341000,8.44,60,47961.53,2026-07-01,2031-07-01,Closed,86,2026-06-16,2026-07-01,0.00,60,,
351,1167,Business Loan,3890000,11.65,24,182480.64,2024-11-24,2026-11-24,Active,17,2024-11-02,2024-11-24,547441.92,21,2026-09-24,
570,1205,Education Loan,1477000,7.69,132,16615.1,2023-12-07,2034-12-07,Closed,54,2023-11-18,2023-12-07,0.00,132,,
28,1124,Home Loan,7763000,7.22,228,62668.79,2025-11-08,2044-11-08,Active,76,2025-10-28,2025-11-08,13724465.01,9,2026-09-08,
995,155,Education Loan,1559000,7.37,108,19790.72,2026-04-11,2035-04-11,Closed,86,2026-03-23,2026-04-11,0.00,108,,
409,725,Business Loan,4966000,10.73,36,161946.24,2022-06-16,2025-06-16,Pending,,,2022-06-16,4966000,0,,
80,829,Personal Loan,225000,17.82,60,5691.51,2025-12-10,2030-12-10,Active,56,2025-11-28,2025-12-10,295958.52,8,2026-09-10,
109,909,Gold Loan,83000,9.43,24,3808.23,2024-11-27,2026-11-27,Rejected,,,2024-11-27,0.00,0,,Incomplete documentation
289,202,Business Loan,3780000,10.01,60,80332.43,2022-04-02,2027-04-02,Active,73,2022-03-17,2022-04-02,642659.44,52,2026-09-02,
259,729,Business Loan,4316000,13.77,48,117443.72,2021-11-24,2025-11-24,Active,78,2021-11-18,2021-11-24,0.00,48,2025-12-24,
912,633,Gold Loan,367000,13.22,24,17485.8,2025-12-02,2027-12-02,Approved,66,2025-11-11,2025-12-02,279772.80,8,2026-09-02,
62,1396,Business Loan,4671000,10.9,72,88669.12,2022-06-20,2028-06-20,Closed,96,2022-06-03,2022-06-20,0.00,72,,
621,320,Business Loan,3256000,11.12,72,62175.27,2025-11-25,2031-11-25,Active,28,2025-11-17,2025-11-25,3917042.01,9,2026-09-25,
853,1404,Home Loan,3294000,8.85,228,29890.06,2024-08-01,2043-08-01,Active,80,2024-07-26,2024-08-01,6097572.24,24,2026-09-01,
27,304,Home Loan,1552000,7.82,192,14191.42,2024-09-09,2040-09-09,Active,34,2024-08-29,2024-09-09,2398349.98,23,2026-09-09,
563,1243,Personal Loan,1373000,13.86,36,46832.58,2022-06-22,2025-06-22,Active,75,2022-06-02,2022-06-22,0.00,36,2025-07-22,
845,214,Home Loan,3079000,7.49,132,34308.35,2025-09-18,2036-09-18,Pending,,,2025-09-18,3079000,0,,
989,914,Gold Loan,608000,12.9,60,13802.76,2023-06-30,2028-06-30,Closed,89,2023-06-21,2023-06-30,0.00,60,,
726,803,Car Loan,881000,8.88,36,27966.39,2025-09-02,2028-09-02,Closed,80,2025-08-11,2025-09-02,0.00,36,,
479,1394,Personal Loan,956000,12.87,12,85329.02,2025-12-04,2026-12-04,Active,15,2025-11-10,2025-12-04,341316.08,8,2026-09-04,
21,619,Business Loan,1931000,10.93,120,26523.07,2024-06-08,2034-06-08,Closed,93,2024-05-16,2024-06-08,0.00,120,,
268,1103,Gold Loan,788000,13.71,48,21418.81,2021-10-01,2025-10-01,Active,95,2021-09-21,2021-10-01,0.00,48,2025-11-01,
375,1329,Home Loan,3950000,8.45,240,34154.12,2021-11-24,2041-11-24,Defaulted,1,2021-11-05,2021-11-24,6250203.96,57,2026-09-24,
15,1387,Personal Loan,737000,15.81,36,25841.65,2025-02-02,2028-02-02,Active,23,2025-01-05,2025-02-02,465149.70,18,2026-09-02,
673,970,Car Loan,681000,8.76,36,21579.63,2021-08-20,2024-08-20,Closed,90,2021-07-26,2021-08-20,0.00,36,,
1000,172,Gold Loan,415000,10.27,36,13443.55,2022-02-18,2025-02-18,Closed,27,2022-01-27,2022-02-18,0.00,36,,
794,1426,Home Loan,3861000,8.73,240,34070.81,2022-08-09,2042-08-09,Approved,60,2022-07-17,2022-08-09,6541595.52,48,2026-09-09,
142,1327,Education Loan,273000,8.26,132,3154.76,2023-01-30,2034-01-30,Closed,20,2023-01-21,2023-01-30,0.00,132,,
62,1396,Personal Loan,1281000,16.57,48,36678.94,2024-09-24,2028-09-24,Approved,25,2024-08-30,2024-09-24,916973.50,23,2026-09-24,
21,619,Education Loan,1445000,7.92,132,16433.15,2024-07-09,2035-07-09,Active,48,2024-07-08,2024-07-09,1758347.05,25,2026-09-09,
219,53,Car Loan,948000,10.26,60,20263.69,2022-11-17,2027-11-17,Defaulted,85,2022-10-31,2022-11-17,303955.35,45,2026-09-17,
390,16,Education Loan,1186000,7.82,72,20690.34,2022-08-02,2028-08-02,Pending,,,2022-08-02,1186000,0,,
857,1330,Education Loan,1805000,9.64,72,33112.38,2021-10-31,2027-10-31,Closed,83,2021-10-13,2021-10-31,0.00,72,,
288,843,Business Loan,657000,11.87,120,9376.73,2025-10-29,2035-10-29,Defaulted,37,2025-10-17,2025-10-29,1031440.30,10,2026-09-29,
275,457,Business Loan,2200000,13.37,48,59425.3,2022-04-12,2026-04-12,Defaulted,58,2022-03-29,2022-04-12,178275.90,45,2026-02-12,
451,1096,Education Loan,1424000,8.7,96,20640.94,2023-06-11,2031-06-11,Active,2,2023-06-10,2023-06-11,1197174.52,38,2026-09-11,
820,928,Education Loan,1347000,9.06,132,16155.87,2021-11-23,2032-11-23,Closed,51,2021-11-04,2021-11-23,0.00,132,,
932,284,Education Loan,1334000,9.7,156,15077.36,2025-04-29,2038-04-29,Closed,3,2025-04-10,2025-04-29,0.00,156,,
508,1380,Home Loan,5726000,8.37,216,51389.76,2022-08-14,2040-08-14,Active,96,2022-08-08,2022-08-14,8633479.68,48,2026-09-14,
85,806,Business Loan,1853000,11.1,24,86450.38,2023-02-19,2025-02-19,Defaulted,76,2023-01-31,2023-02-19,259351.14,21,2024-12-19,
942,1079,Car Loan,1920000,10.4,48,49065.82,2024-08-13,2028-08-13,Closed,44,2024-07-15,2024-08-13,0.00,48,,
994,445,Business Loan,3162000,10.62,84,53511.44,2022-09-21,2029-09-21,Active,67,2022-09-06,2022-09-21,1979923.28,47,2026-09-21,
254,588,Education Loan,1003000,9.45,120,12951.13,2025-12-15,2035-12-15,Active,1,2025-11-27,2025-12-15,1450526.56,8,2026-09-15,
938,333,Education Loan,587000,7.38,132,6506.51,2023-01-10,2034-01-10,Closed,71,2023-01-04,2023-01-10,0.00,132,,
863,1143,Personal Loan,957000,10.05,12,84157.76,2025-09-09,2026-09-09,Pending,,,2025-09-09,957000,0,,
958,904,Gold Loan,715000,9.59,36,22933.65,2024-11-11,2027-11-11,Approved,61,2024-10-29,2024-11-11,344004.75,21,2026-09-11,
360,243,Business Loan,3648000,14.04,84,68444.2,2023-05-26,2030-05-26,Active,64,2023-05-02,2023-05-26,3079989.00,39,2026-09-26,
397,528,Car Loan,1722000,8.45,48,42403.74,2025-05-23,2029-05-23,Active,2,2025-05-22,2025-05-23,1399323.42,15,2026-09-23,
452,153,Car Loan,987000,8.43,48,24295.27,2026-07-03,2030-07-03,Defaulted,9,2026-06-27,2026-07-03,1141877.69,1,2026-09-03,
15,644,Business Loan,4287000,10.84,84,73043.73,2025-08-04,2032-08-04,Approved,36,2025-07-18,2025-08-04,5259148.56,12,2026-09-04,
481,857,Education Loan,1490000,6.73,72,25210.28,2025-08-19,2031-08-19,Defaulted,9,2025-07-30,2025-08-19,1512616.80,12,2026-09-19,
928,1071,Car Loan,501000,11.27,36,16466.23,2025-08-29,2028-08-29,Defaulted,12,2025-08-24,2025-08-29,395189.52,12,2026-09-29,
327,251,Home Loan,4711000,7.93,204,42120.61,2024-11-19,2041-11-19,Active,2,2024-11-15,2024-11-19,7708071.63,21,2026-09-19,
174,184,Car Loan,1416000,11.12,48,36679.83,2021-12-11,2025-12-11,Approved,93,2021-11-11,2021-12-11,0.00,48,2026-01-11,
588,536,Car Loan,627000,8.02,84,9778.81,2023-12-27,2030-12-27,Active,2,2023-12-02,2023-12-27,508498.12,32,2026-09-27,
796,578,Education Loan,197000,10.08,156,2270.56,2024-08-16,2037-08-16,Active,35,2024-07-23,2024-08-16,299713.92,24,2026-09-16,
295,397,Business Loan,1926000,10.68,48,49479.7,2023-03-26,2027-03-26,Active,37,2023-03-21,2023-03-26,346357.90,41,2026-09-26,
704,1219,Business Loan,3357000,15.23,48,93819.68,2025-08-10,2029-08-10,Active,62,2025-08-01,2025-08-10,3377508.48,12,2026-09-10,
301,1082,Car Loan,940000,9.32,72,17093.68,2023-02-05,2029-02-05,Approved,46,2023-01-21,2023-02-05,512810.40,42,2026-09-05,
296,727,Gold Loan,900000,12.35,12,80111.34,2025-06-07,2026-06-07,Defaulted,1,2025-05-15,2025-06-07,240334.02,9,2026-04-07,
653,1234,Business Loan,4739000,15.97,36,166539.0,2022-09-16,2025-09-16,Closed,41,2022-08-29,2022-09-16,0.00,36,,
728,1028,Personal Loan,82000,15.06,72,1736.56,2025-02-21,2031-02-21,Active,16,2025-02-03,2025-02-21,93774.24,18,2026-09-21,
926,517,Personal Loan,1403000,14.29,60,32856.68,2022-10-31,2027-10-31,Defaulted,44,2022-10-10,2022-10-31,459993.52,46,2026-09-30,
811,219,Car Loan,1221000,10.71,72,23059.65,2023-12-21,2029-12-21,Approved,10,2023-12-12,2023-12-21,922386.00,32,2026-09-21,
263,1373,Business Loan,544000,14.52,120,8617.41,2025-05-12,2035-05-12,Active,50,2025-04-24,2025-05-12,904828.05,15,2026-09-12,
392,1109,Education Loan,231000,9.46,84,3770.73,2023-09-10,2030-09-10,Active,33,2023-09-08,2023-09-10,184765.77,35,2026-09-10,
583,543,Car Loan,1278000,10.62,60,27545.24,2024-07-05,2029-07-05,Closed,9,2024-07-03,2024-07-05,0.00,60,,
586,94,Gold Loan,955000,8.28,36,30049.74,2021-09-08,2024-09-08,Defaulted,11,2021-08-21,2021-09-08,90149.22,33,2024-07-08,
203,308,Education Loan,710000,7.97,156,7322.94,2025-08-01,2038-08-01,Active,70,2025-07-16,2025-08-01,1054503.36,12,2026-09-01,
388,198,Personal Loan,732000,17.06,12,66782.72,2021-11-25,2022-11-25,Rejected,,,2021-11-25,0.00,0,,Eligibility criteria not met
735,220,Car Loan,390000,8.2,36,12257.2,2024-03-04,2027-03-04,Closed,44,2024-02-24,2024-03-04,0.00,36,,
51,522,Personal Loan,1320000,14.4,84,25029.41,2024-09-24,2031-09-24,Pending,,,2024-09-24,1320000,0,,
955,1221,Gold Loan,567000,12.51,36,18970.93,2023-12-21,2026-12-21,Active,6,2023-12-19,2023-12-21,75883.72,32,2026-09-21,
912,32,Home Loan,6504000,7.51,216,54995.75,2024-10-03,2042-10-03,Approved,18,2024-09-14,2024-10-03,10669175.50,22,2026-09-03,
241,730,Business Loan,2651000,15.42,84,51782.38,2024-10-09,2031-10-09,Closed,63,2024-10-03,2024-10-09,0.00,84,,
583,873,Home Loan,4813000,8.06,180,46162.4,2024-01-02,2039-01-02,Approved,48,2023-12-05,2024-01-02,6878197.60,31,2026-09-02,
31,1393,Gold Loan,380000,11.83,12,33732.33,2026-05-26,2027-05-26,Active,60,2026-05-10,2026-05-26,303590.97,3,2026-09-26,
97,171,Education Loan,815000,10.15,72,15160.28,2024-06-23,2030-06-23,Defaulted,24,2024-06-20,2024-06-23,697372.88,26,2026-09-23,
82,206,Business Loan,1583000,9.81,72,29174.96,2021-12-26,2027-12-26,Active,39,2021-12-05,2021-12-26,466799.36,56,2026-09-26,
452,711,Business Loan,1002000,13.83,96,17309.44,2024-05-03,2032-05-03,Defaulted,51,2024-04-16,2024-05-03,1194351.36,27,2026-09-03,
674,450,Personal Loan,717000,14.33,36,24620.44,2022-01-01,2025-01-01,Active,18,2021-12-31,2022-01-01,0.00,36,2025-02-01,
206,1220,Education Loan,236000,9.67,96,3540.03,2022-09-21,2030-09-21,Closed,56,2022-09-17,2022-09-21,0.00,96,,
955,780,Business Loan,2801000,14.33,120,44047.61,2022-10-20,2032-10-20,Active,77,2022-10-07,2022-10-20,3259523.14,46,2026-09-20,
938,441,Personal Loan,1333000,10.32,12,117390.36,2021-08-25,2022-08-25,Closed,84,2021-08-06,2021-08-25,0.00,12,,
851,25,Gold Loan,754000,9.53,48,18953.65,2025-07-14,2029-07-14,Active,97,2025-06-21,2025-07-14,663377.75,13,2026-09-14,
11,288,Business Loan,3071000,12.16,60,68561.26,2026-04-29,2031-04-29,Closed,66,2026-03-30,2026-04-29,0.00,60,,
339,891,Education Loan,1887000,8.0,156,19494.1,2024-03-24,2037-03-24,Active,3,2024-02-24,2024-03-24,2475750.70,29,2026-09-24,
185,1062,Business Loan,2684000,10.51,72,50416.4,2024-12-04,2030-12-04,Active,1,2024-11-16,2024-12-04,2621652.80,20,2026-09-04,
936,561,Car Loan,650000,10.64,48,16686.18,2025-07-05,2029-07-05,Approved,54,2025-06-12,2025-07-05,584016.30,13,2026-09-05,
496,1341,Car Loan,1317000,8.63,48,32542.71,2026-06-06,2030-06-06,Active,53,2026-06-03,2026-06-06,1496964.66,2,2026-09-06,
510,361,Car Loan,1556000,11.33,60,34087.85,2023-04-05,2028-04-05,Active,47,2023-03-17,2023-04-05,681757.00,40,2026-09-05,
710,1357,Education Loan,1192000,9.44,60,24999.28,2022-12-29,2027-12-29,Defaulted,98,2022-12-05,2022-12-29,399988.48,44,2026-09-29,
283,453,Business Loan,1473000,15.89,96,27197.7,2024-06-11,2032-06-11,Closed,56,2024-06-02,2024-06-11,0.00,96,,
586,94,Education Loan,1273000,9.28,120,16319.36,2024-03-29,2034-03-29,Closed,65,2024-02-28,2024-03-29,0.00,120,,
155,1009,Business Loan,3391000,11.38,108,50311.37,2024-05-06,2033-05-06,Approved,60,2024-04-22,2024-05-06,4075220.97,27,2026-09-06,
719,871,Home Loan,5502000,8.75,144,61842.31,2024-02-02,2036-02-02,Active,2,2024-01-08,2024-02-02,7050023.34,30,2026-09-02,
496,934,Gold Loan,131000,10.4,12,11541.37,2022-02-24,2023-02-24,Approved,42,2022-02-11,2022-02-24,0.00,12,2023-03-24,
974,866,Home Loan,6938000,7.95,120,83993.89,2024-09-03,2034-09-03,Active,43,2024-08-06,2024-09-03,8147407.33,23,2026-09-03,
666,61,Car Loan,2355000,8.22,48,57735.94,2024-06-23,2028-06-23,Active,35,2024-06-11,2024-06-23,1270190.68,26,2026-09-23,
339,766,Car Loan,728000,9.51,36,23323.39,2022-03-25,2025-03-25,Active,1,2022-03-10,2022-03-25,0.00,36,2025-04-25,
372,593,Personal Loan,399000,16.38,48,11385.58,2025-09-15,2029-09-15,Defaulted,53,2025-08-17,2025-09-15,421266.46,11,2026-09-15,
139,998,Business Loan,3474000,13.63,96,59619.38,2023-08-11,2031-08-11,Defaulted,41,2023-07-21,2023-08-11,3577162.80,36,2026-09-11,
57,850,Car Loan,729000,11.41,72,14029.41,2021-10-27,2027-10-27,Pending,,,2021-10-27,729000,0,,
654,1202,Car Loan,1576000,9.86,84,26049.6,2023-05-03,2030-05-03,Approved,72,2023-04-18,2023-05-03,1172232.00,39,2026-09-03,
724,415,Personal Loan,788000,12.15,36,26229.37,2023-03-22,2026-03-22,Rejected,,,2023-03-22,0.00,0,,Eligibility criteria not met
852,49,Home Loan,5359000,8.3,132,62044.34,2023-04-03,2034-04-03,Active,83,2023-03-06,2023-04-03,5708079.28,40,2026-09-03,
795,1267,Car Loan,1965000,9.38,72,35791.91,2023-08-05,2029-08-05,Active,48,2023-07-28,2023-08-05,1288508.76,36,2026-09-05,
889,30,Home Loan,3509000,7.38,144,36800.59,2026-06-14,2038-06-14,Pending,,,2026-06-14,3509000,0,,
951,1254,Business Loan,2616000,11.68,60,57769.34,2022-07-02,2027-07-02,Active,97,2022-06-18,2022-07-02,635462.74,49,2026-09-02,
609,690,Car Loan,852000,9.33,72,15497.67,2023-01-29,2029-01-29,Active,89,2023-01-07,2023-01-29,449432.43,43,2026-09-29,
61,449,Education Loan,934000,10.17,168,10446.2,2025-10-16,2039-10-16,Active,5,2025-09-23,2025-10-16,1650499.60,10,2026-09-16,
765,1012,Car Loan,1532000,9.44,48,38444.76,2025-03-23,2029-03-23,Pending,,,2025-03-23,1532000,0,,
448,67,Education Loan,1679000,9.66,60,35393.55,2023-07-09,2028-07-09,Closed,51,2023-06-14,2023-07-09,0.00,60,,
156,1337,Personal Loan,570000,12.12,72,11179.21,2022-08-09,2028-08-09,Approved,31,2022-07-10,2022-08-09,268301.04,48,2026-09-09,
429,1321,Home Loan,7220000,8.12,120,88057.0,2026-03-31,2036-03-31,Active,58,2026-03-17,2026-03-31,10126555.00,5,2026-09-30,
889,30,Business Loan,3591000,12.81,96,59973.85,2023-03-07,2031-03-07,Active,16,2023-03-04,2023-03-07,3298561.75,41,2026-09-07,
12,337,Car Loan,745000,10.2,72,13877.01,2024-03-26,2030-03-26,Active,73,2024-03-19,2024-03-26,596711.43,29,2026-09-26,
254,588,Education Loan,1757000,8.23,120,21531.39,2026-03-20,2036-03-20,Closed,5,2026-02-20,2026-03-20,0.00,120,,
185,405,Education Loan,845000,8.08,108,11035.89,2025-04-13,2034-04-13,Approved,33,2025-03-17,2025-04-13,1015301.88,16,2026-09-13,
129,499,Gold Loan,587000,13.65,60,13552.18,2025-12-26,2030-12-26,Active,99,2025-12-25,2025-12-26,704713.36,8,2026-09-26,
196,432,Business Loan,3229000,12.14,84,57242.71,2024-05-22,2031-05-22,Pending,,,2024-05-22,3229000,0,,
276,757,Car Loan,1116000,8.97,48,27755.81,2021-10-27,2025-10-27,Rejected,,,2021-10-27,0.00,0,,Eligibility criteria not met
935,1340,Gold Loan,675000,8.04,12,58729.67,2024-08-09,2025-08-09,Approved,32,2024-08-03,2024-08-09,0.00,12,2025-09-09,
170,250,Car Loan,2355000,9.61,84,38622.87,2025-10-15,2032-10-15,Closed,56,2025-09-25,2025-10-15,0.00,84,,
773,1298,Car Loan,1658000,8.11,60,33705.61,2023-01-04,2028-01-04,Pending,,,2023-01-04,1658000,0,,
838,770,Education Loan,736000,6.83,168,6815.86,2024-01-03,2038-01-03,Pending,,,2024-01-03,736000,0,,
942,1180,Education Loan,436000,8.13,108,5705.58,2026-02-24,2035-02-24,Approved,13,2026-02-13,2026-02-24,581969.16,6,2026-09-24,
375,1329,Personal Loan,1106000,11.5,36,36471.46,2026-07-07,2029-07-07,Closed,56,2026-06-18,2026-07-07,0.00,36,,
870,1091,Education Loan,865000,9.98,108,12168.7,2024-01-26,2033-01-26,Closed,66,2024-01-21,2024-01-26,0.00,108,,
64,897,Gold Loan,296000,9.08,12,25896.62,2024-07-28,2025-07-28,Active,49,2024-07-13,2024-07-28,0.00,12,2025-08-28,
114,845,Business Loan,2675000,10.96,60,58107.63,2023-07-16,2028-07-16,Active,60,2023-06-22,2023-07-16,1336475.49,37,2026-09-16,
286,975,Gold Loan,833000,8.34,24,37803.64,2024-12-12,2026-12-12,Closed,9,2024-11-27,2024-12-12,0.00,24,,
794,1426,Personal Loan,830000,12.73,24,39354.53,2023-11-16,2025-11-16,Closed,66,2023-11-06,2023-11-16,0.00,24,,
547,121,Gold Loan,479000,11.17,12,42372.81,2024-05-22,2025-05-22,Closed,59,2024-05-17,2024-05-22,0.00,12,,
275,1239,Car Loan,559000,9.1,72,10104.04,2026-01-14,2032-01-14,Pending,,,2026-01-14,559000,0,,
974,866,Home Loan,2766000,8.77,216,25506.12,2024-12-21,2042-12-21,Approved,60,2024-12-03,2024-12-21,4999199.52,20,2026-09-21,
972,291,Car Loan,983000,9.36,36,31424.1,2025-06-29,2028-06-29,Active,35,2025-06-16,2025-06-29,691330.20,14,2026-09-29,
472,133,Car Loan,452000,10.5,48,11572.73,2025-07-30,2029-07-30,Closed,64,2025-07-24,2025-07-30,0.00,48,,
760,166,Business Loan,3787000,13.59,36,128677.85,2023-08-11,2026-08-11,Active,85,2023-07-30,2023-08-11,0.00,36,2026-09-11,
653,1234,Personal Loan,1352000,16.52,60,33252.73,2024-06-29,2029-06-29,Active,27,2024-06-22,2024-06-29,1130592.82,26,2026-09-29,
586,94,Business Loan,3831000,15.33,96,69482.4,2024-07-14,2032-07-14,Active,82,2024-06-16,2024-07-14,4933250.40,25,2026-09-14,
262,516,Personal Loan,169000,10.63,12,14907.35,2024-05-19,2025-05-19,Closed,75,2024-04-29,2024-05-19,0.00,12,,
251,697,Home Loan,5156000,7.23,132,56742.07,2024-10-06,2035-10-06,Closed,14,2024-09-23,2024-10-06,0.00,132,,
304,1295,Education Loan,1216000,8.67,60,25047.85,2024-03-05,2029-03-05,Pending,,,2024-03-05,1216000,0,,
368,424,Home Loan,4730000,8.57,204,44108.92,2026-05-26,2043-05-26,Closed,52,2026-05-07,2026-05-26,0.00,204,,
232,231,Home Loan,5280000,8.67,180,52521.74,2024-10-18,2039-10-18,Active,58,2024-10-12,2024-10-18,8298434.92,22,2026-09-18,
621,681,Gold Loan,802000,9.74,48,20240.8,2025-02-22,2029-02-22,Closed,57,2025-02-05,2025-02-22,0.00,48,,
954,552,Home Loan,1578000,8.58,192,15137.19,2023-12-06,2039-12-06,Active,4,2023-11-07,2023-12-06,2421950.40,32,2026-09-06,
482,389,Personal Loan,1153000,17.19,24,57112.25,2025-09-27,2027-09-27,Defaulted,13,2025-09-14,2025-09-27,742459.25,11,2026-09-27,
200,201,Business Loan,543000,11.46,60,11931.08,2024-11-19,2029-11-19,Active,68,2024-11-02,2024-11-19,465312.12,21,2026-09-19,
443,1157,Car Loan,767000,7.82,36,23971.35,2022-12-03,2025-12-03,Active,77,2022-11-23,2022-12-03,0.00,36,2026-01-03,
239,849,Personal Loan,509000,17.27,24,25232.2,2022-02-23,2024-02-23,Pending,,,2022-02-23,509000,0,,
533,487,Education Loan,294000,7.54,180,2732.1,2024-04-16,2039-04-16,Pending,,,2024-04-16,294000,0,,
917,1491,Car Loan,1273000,9.71,72,23397.65,2023-05-26,2029-05-26,Rejected,,,2023-05-26,0.00,0,,Incomplete documentation
389,316,Business Loan,2945000,13.29,48,79431.52,2026-06-28,2030-06-28,Active,20,2026-06-24,2026-06-28,3653849.92,2,2026-09-28,
143,511,Personal Loan,1174000,13.2,72,23691.11,2022-11-23,2028-11-23,Active,95,2022-10-25,2022-11-23,639659.97,45,2026-09-23,
94,568,Education Loan,996000,6.73,144,10099.88,2025-08-16,2037-08-16,Pending,,,2025-08-16,996000,0,,
299,463,Car Loan,325000,11.38,48,8459.9,2021-08-27,2025-08-27,Active,2,2021-08-11,2021-08-27,0.00,48,2025-09-27,
726,803,Car Loan,1116000,10.71,48,28686.69,2023-03-20,2027-03-20,Pending,,,2023-03-20,1116000,0,,
71,1029,Car Loan,356000,10.6,84,6020.97,2021-11-26,2028-11-26,Active,100,2021-10-30,2021-11-26,162566.19,57,2026-09-26,
585,103,Education Loan,470000,10.49,156,5531.45,2024-09-05,2037-09-05,Active,79,2024-08-10,2024-09-05,735682.85,23,2026-09-05,
52,938,Education Loan,1883000,7.33,144,19697.23,2024-06-03,2036-06-03,Pending,,,2024-06-03,1883000,0,,
793,164,Personal Loan,1075000,17.81,48,31471.5,2023-07-17,2027-07-17,Closed,50,2023-06-27,2023-07-17,0.00,48,,
684,238,Car Loan,1836000,8.11,36,57626.78,2023-03-09,2026-03-09,Active,72,2023-03-01,2023-03-09,0.00,36,2026-04-09,
761,1311,Gold Loan,639000,10.95,24,29767.58,2022-06-18,2024-06-18,Approved,82,2022-06-02,2022-06-18,0.00,24,2024-07-18,
116,1008,Home Loan,1859000,7.04,180,16750.82,2025-08-03,2040-08-03,Active,92,2025-07-22,2025-08-03,2814137.76,12,2026-09-03,
650,1443,Home Loan,2742000,8.63,216,25047.27,2024-12-23,2042-12-23,Defaulted,45,2024-11-27,2024-12-23,4909264.92,20,2026-09-23,
882,412,Home Loan,6135000,9.01,156,66887.12,2025-08-01,2038-08-01,Active,94,2025-07-24,2025-08-01,9631745.28,12,2026-09-01,
874,941,Business Loan,4276000,10.74,24,198779.35,2023-07-31,2025-07-31,Pending,,,2023-07-31,4276000,0,,
165,350,Car Loan,655000,10.29,36,21224.3,2023-06-28,2026-06-28,Active,81,2023-05-31,2023-06-28,0.00,36,2026-07-28,
950,1296,Home Loan,1229000,8.89,192,12018.04,2025-10-19,2041-10-19,Approved,25,2025-09-26,2025-10-19,2187283.28,10,2026-09-19,
665,874,Business Loan,4028000,13.79,96,69491.87,2023-04-12,2031-04-12,Active,73,2023-03-16,2023-04-12,3891544.72,40,2026-09-12,
872,865,Home Loan,5901000,9.43,192,59641.21,2025-01-01,2041-01-01,Pending,,,2025-01-01,5901000,0,,
250,1104,Gold Loan,790000,12.72,48,21084.1,2024-09-29,2028-09-29,Approved,51,2024-09-11,2024-09-29,527102.50,23,2026-09-29,
872,82,Car Loan,622000,8.37,72,11018.39,2024-01-07,2030-01-07,Active,100,2024-01-06,2024-01-07,451753.99,31,2026-09-07,
141,1471,Car Loan,2402000,7.69,72,41752.2,2022-08-04,2028-08-04,Rejected,,,2022-08-04,0.00,0,,Insufficient income
635,526,Gold Loan,91000,13.98,36,3109.28,2024-07-28,2027-07-28,Pending,,,2024-07-28,91000,0,,
595,999,Education Loan,1433000,8.2,84,22478.1,2023-09-23,2030-09-23,Closed,55,2023-09-11,2023-09-23,0.00,84,,
765,1012,Personal Loan,880000,12.95,36,29629.49,2022-12-18,2025-12-18,Active,82,2022-11-21,2022-12-18,0.00,36,2026-01-18,
283,453,Car Loan,1206000,8.3,72,21322.18,2022-11-17,2028-11-17,Active,67,2022-10-26,2022-11-17,575698.86,45,2026-09-17,
428,347,Home Loan,7094000,7.54,192,63713.9,2021-12-18,2037-12-18,Active,79,2021-11-26,2021-12-18,8665090.40,56,2026-09-18,
239,68,Education Loan,1634000,9.56,180,17121.84,2025-02-27,2040-02-27,Pending,,,2025-02-27,1634000,0,,
393,1026,Business Loan,3442000,15.86,108,60030.25,2024-06-05,2033-06-05,Active,73,2024-05-21,2024-06-05,4922480.50,26,2026-09-05,
781,548,Car Loan,1026000,8.11,72,18044.26,2022-09-24,2028-09-24,Closed,81,2022-09-22,2022-09-24,0.00,72,,
321,1224,Car Loan,1173000,11.2,84,20208.18,2022-07-16,2029-07-16,Active,8,2022-06-17,2022-07-16,707286.30,49,2026-09-16,
847,1378,Education Loan,565000,8.43,180,5540.62,2023-08-13,2038-08-13,Active,96,2023-08-09,2023-08-13,797849.28,36,2026-09-13,
613,929,Business Loan,1309000,10.47,36,42527.18,2025-02-02,2028-02-02,Active,65,2025-01-20,2025-02-02,765489.24,18,2026-09-02,
461,1420,Gold Loan,607000,12.28,36,20242.36,2024-09-13,2027-09-13,Defaulted,94,2024-09-06,2024-09-13,263150.68,23,2026-09-13,
208,259,Home Loan,4194000,7.05,144,43242.17,2022-08-17,2034-08-17,Defaulted,99,2022-07-20,2022-08-17,4151248.32,48,2026-09-17,
208,259,Business Loan,753000,14.06,84,14136.2,2025-06-22,2032-06-22,Active,22,2025-06-14,2025-06-22,989534.00,14,2026-09-22,
657,278,Home Loan,7481000,7.61,192,67492.71,2024-07-04,2040-07-04,Active,65,2024-06-20,2024-07-04,11271282.57,25,2026-09-04,
59,1000,Personal Loan,831000,15.42,60,19953.11,2025-04-29,2030-04-29,Active,63,2025-04-03,2025-04-29,877936.84,16,2026-09-29,
928,1071,Personal Loan,418000,17.68,72,9458.2,2024-03-15,2030-03-15,Pending,,,2024-03-15,418000,0,,
837,616,Personal Loan,1137000,14.17,72,23532.35,2021-11-11,2027-11-11,Closed,68,2021-10-29,2021-11-11,0.00,72,,
82,1400,Gold Loan,318000,13.16,48,8556.42,2023-04-15,2027-04-15,Defaulted,43,2023-04-12,2023-04-15,68451.36,40,2026-09-15,
269,940,Education Loan,510000,8.63,84,8109.99,2022-07-13,2029-07-13,Active,45,2022-06-25,2022-07-13,283849.65,49,2026-09-13,
790,713,Personal Loan,1001000,13.8,72,20519.3,2025-09-02,2031-09-02,Active,15,2025-08-08,2025-09-02,1251677.30,11,2026-09-02,
85,806,Personal Loan,1122000,12.42,84,20059.26,2024-01-12,2031-01-12,Active,17,2023-12-28,2024-01-12,1063140.78,31,2026-09-12,
791,120,Home Loan,1904000,7.08,216,15616.27,2023-12-27,2041-12-27,Pending,,,2023-12-27,1904000,0,,
837,462,Home Loan,1608000,7.94,120,19458.53,2023-05-20,2033-05-20,Closed,14,2023-04-21,2023-05-20,0.00,120,,
868,1398,Education Loan,202000,7.05,144,2082.72,2024-08-08,2036-08-08,Pending,,,2024-08-08,202000,0,,
685,56,Personal Loan,1044000,17.39,12,95411.09,2022-01-21,2023-01-21,Active,6,2022-01-06,2022-01-21,0.00,12,2023-02-21,
539,113,Car Loan,2378000,8.4,84,37539.69,2023-03-17,2030-03-17,Active,59,2023-03-10,2023-03-17,1614206.67,41,2026-09-17,
26,1022,Personal Loan,1279000,14.37,72,26608.81,2024-02-18,2030-02-18,Active,7,2024-02-08,2024-02-18,1117570.02,30,2026-09-18,
145,707,Business Loan,2568000,10.84,120,35142.02,2022-02-18,2032-02-18,Pending,,,2022-02-18,2568000,0,,
903,1407,Car Loan,529000,8.24,36,16635.57,2025-11-17,2028-11-17,Closed,12,2025-10-29,2025-11-17,0.00,36,,
296,409,Business Loan,4885000,9.15,72,88418.86,2026-03-10,2032-03-10,Active,59,2026-02-22,2026-03-10,5924063.62,5,2026-09-10,
30,639,Car Loan,823000,10.45,48,21051.71,2024-11-07,2028-11-07,Pending,,,2024-11-07,823000,0,,
511,980,Gold Loan,200000,13.87,36,6822.9,2024-02-12,2027-02-12,Pending,,,2024-02-12,200000,0,,
464,99,Gold Loan,310000,13.87,48,8451.01,2024-12-04,2028-12-04,Closed,15,2024-11-19,2024-12-04,0.00,48,,
601,176,Education Loan,231000,10.29,60,4941.09,2022-09-08,2027-09-08,Closed,51,2022-08-13,2022-09-08,0.00,60,,
33,109,Home Loan,3713000,7.83,216,32106.64,2023-07-05,2041-07-05,Closed,31,2023-06-29,2023-07-05,0.00,216,,
556,64,Business Loan,2207000,9.66,84,36252.26,2025-11-08,2032-11-08,Active,14,2025-10-20,2025-11-08,2718919.50,9,2026-09-08,
116,1008,Personal Loan,644000,12.55,24,30480.99,2022-05-01,2024-05-01,Closed,69,2022-04-24,2022-05-01,0.00,24,,
790,1478,Car Loan,1071000,8.21,72,18888.11,2025-08-13,2031-08-13,Closed,38,2025-08-12,2025-08-13,0.00,72,,
384,192,Personal Loan,155000,13.27,36,5242.74,2023-06-05,2026-06-05,Pending,,,2023-06-05,155000,0,,
847,939,Gold Loan,443000,9.49,24,20338.08,2021-10-06,2023-10-06,Active,33,2021-10-04,2021-10-06,0.00,24,2023-11-06,
517,921,Car Loan,1636000,8.29,72,28916.59,2021-11-21,2027-11-21,Active,92,2021-11-13,2021-11-21,433748.85,57,2026-09-21,
167,451,Car Loan,2024000,7.87,48,49288.34,2022-02-18,2026-02-18,Approved,17,2022-01-20,2022-02-18,0.00,48,2026-03-18,
177,590,Car Loan,302000,10.05,48,7666.75,2025-05-20,2029-05-20,Pending,,,2025-05-20,302000,0,,
470,45,Car Loan,1841000,7.88,48,44840.56,2026-05-19,2030-05-19,Closed,36,2026-05-03,2026-05-19,0.00,48,,
170,1369,Home Loan,7396000,9.41,192,74660.52,2026-07-16,2042-07-16,Rejected,,,2026-07-16,0.00,0,,Incomplete documentation
468,642,Business Loan,2686000,9.39,96,39896.0,2025-01-14,2033-01-14,Defaulted,80,2025-01-12,2025-01-14,3071992.00,19,2026-09-14,
491,294,Gold Loan,405000,9.51,48,10176.8,2023-03-15,2027-03-15,Active,69,2023-02-23,2023-03-15,71237.60,41,2026-09-15,
40,1356,Business Loan,2732000,10.9,24,127205.81,2021-10-31,2023-10-31,Active,74,2021-10-13,2021-10-31,0.00,24,2023-11-30,
651,1116,Business Loan,2327000,13.56,96,39842.97,2023-11-30,2031-11-30,Active,5,2023-11-07,2023-11-30,2510107.11,33,2026-09-30,
29,557,Education Loan,466000,8.88,60,9646.28,2026-01-07,2031-01-07,Defaulted,2,2025-12-25,2026-01-07,511252.84,7,2026-09-07,
987,1136,Education Loan,1130000,8.33,84,17798.78,2022-10-02,2029-10-02,Active,45,2022-09-21,2022-10-02,676353.64,46,2026-09-02,
295,397,Gold Loan,864000,12.95,60,19636.55,2026-07-11,2031-07-11,Approved,70,2026-07-09,2026-07-11,1158556.45,1,2026-09-11,
980,1025,Gold Loan,221000,9.94,36,7124.82,2024-12-16,2027-12-16,Rejected,,,2024-12-16,0.00,0,,Insufficient income
1000,172,Education Loan,1816000,7.49,180,16824.23,2025-01-08,2040-01-08,Active,50,2024-12-29,2025-01-08,2708701.03,19,2026-09-08,
571,484,Education Loan,489000,10.16,144,5889.22,2025-02-21,2037-02-21,Active,97,2025-02-17,2025-02-21,742041.72,18,2026-09-21,
618,353,Business Loan,2669000,15.24,36,92835.75,2025-10-27,2028-10-27,Closed,57,2025-10-24,2025-10-27,0.00,36,,
304,816,Education Loan,1609000,9.46,60,33760.55,2022-04-29,2027-04-29,Active,1,2022-04-09,2022-04-29,270084.40,52,2026-09-29,
370,726,Education Loan,1571000,6.88,144,16055.55,2021-10-27,2033-10-27,Closed,47,2021-10-03,2021-10-27,0.00,144,,
354,527,Car Loan,860000,9.88,48,21762.29,2022-01-23,2026-01-23,Closed,11,2021-12-25,2022-01-23,0.00,48,,
555,66,Personal Loan,1252000,11.98,72,24463.82,2021-11-25,2027-11-25,Active,67,2021-11-01,2021-11-25,366957.30,57,2026-09-25,
846,662,Car Loan,2009000,11.37,60,44052.15,2022-06-04,2027-06-04,Closed,35,2022-05-31,2022-06-04,0.00,60,,
574,1440,Education Loan,218000,9.91,96,3297.6,2025-09-18,2033-09-18,Active,50,2025-08-20,2025-09-18,280296.00,11,2026-09-18,
393,1226,Education Loan,1006000,10.36,156,11761.76,2022-04-18,2035-04-18,Rejected,,,2022-04-18,0.00,0,,Incomplete documentation
15,1428,Gold Loan,875000,13.93,48,23879.95,2024-12-22,2028-12-22,Active,4,2024-12-18,2024-12-22,668638.60,20,2026-09-22,
1000,172,Car Loan,1238000,8.66,72,22107.28,2022-07-25,2028-07-25,Active,9,2022-07-20,2022-07-25,508467.44,49,2026-09-25,
597,379,Car Loan,2138000,8.07,36,67066.21,2023-05-28,2026-05-28,Active,91,2023-05-17,2023-05-28,0.00,36,2026-06-28,
303,560,Home Loan,6847000,8.81,144,77190.11,2022-04-20,2034-04-20,Closed,14,2022-04-19,2022-04-20,0.00,144,,
278,181,Personal Loan,1102000,11.17,72,21071.63,2024-01-01,2030-01-01,Rejected,,,2024-01-01,0.00,0,,Insufficient income
19,717,Gold Loan,945000,8.17,48,23145.7,2022-02-13,2026-02-13,Active,93,2022-02-04,2022-02-13,0.00,48,2026-03-13,
746,900,Personal Loan,83000,13.3,36,2808.61,2023-09-13,2026-09-13,Active,25,2023-08-30,2023-09-13,2808.61,35,2026-09-13,
146,475,Home Loan,1945000,8.15,240,16450.8,2024-12-06,2044-12-06,Active,100,2024-11-11,2024-12-06,3619176.00,20,2026-09-06,
286,975,Personal Loan,1276000,10.87,24,59394.62,2024-09-30,2026-09-30,Closed,14,2024-09-22,2024-09-30,0.00,24,,
212,492,Education Loan,1891000,9.0,168,19835.41,2024-11-20,2038-11-20,Defaulted,3,2024-10-29,2024-11-20,2915805.27,21,2026-09-20,
416,599,Personal Loan,734000,17.64,72,16591.89,2025-02-24,2031-02-24,Active,9,2025-02-17,2025-02-24,895962.06,18,2026-09-24,
643,889,Gold Loan,537000,9.48,12,47081.06,2022-03-04,2023-03-04,Active,63,2022-02-21,2022-03-04,0.00,12,2023-04-04,
503,1188,Car Loan,2328000,11.47,72,44873.77,2025-06-02,2031-06-02,Closed,72,2025-05-08,2025-06-02,0.00,72,,
955,1221,Education Loan,1353000,8.33,108,17846.62,2022-08-19,2031-08-19,Rejected,,,2022-08-19,0.00,0,,Low credit score
593,530,Home Loan,7001000,9.08,228,64547.47,2022-09-29,2041-09-29,Active,82,2022-08-30,2022-09-29,11683092.07,47,2026-09-29,
149,1259,Home Loan,1107000,9.25,180,11393.16,2023-12-31,2038-12-31,Active,97,2023-12-05,2023-12-31,1686187.68,32,2026-09-30,
419,141,Business Loan,4704000,13.01,96,79087.64,2023-11-17,2031-11-17,Active,77,2023-10-18,2023-11-17,4982521.32,33,2026-09-17,
309,1149,Home Loan,2567000,8.86,144,29011.22,2024-10-29,2036-10-29,Active,90,2024-10-19,2024-10-29,3539368.84,22,2026-09-29,
338,1452,Home Loan,7054000,8.91,132,84021.29,2025-08-23,2036-08-23,Closed,63,2025-08-07,2025-08-23,0.00,132,,
454,514,Car Loan,1898000,10.95,48,49008.73,2025-01-15,2029-01-15,Approved,3,2024-12-25,2025-01-15,1421253.17,19,2026-09-15,
847,732,Home Loan,4117000,8.88,180,41463.97,2024-09-16,2039-09-16,Closed,75,2024-09-11,2024-09-16,0.00,180,,
204,1338,Education Loan,295000,6.97,132,3206.17,2023-08-24,2034-08-24,Closed,17,2023-08-07,2023-08-24,0.00,132,,
283,1120,Gold Loan,224000,10.3,36,7259.44,2025-04-05,2028-04-05,Approved,81,2025-03-28,2025-04-05,145188.80,16,2026-09-05,
605,466,Education Loan,1654000,6.57,72,27858.78,2023-04-02,2029-04-02,Closed,2,2023-03-13,2023-04-02,0.00,72,,
648,1055,Home Loan,7719000,7.57,216,65545.19,2025-06-13,2043-06-13,Active,71,2025-05-28,2025-06-13,13240128.38,14,2026-09-13,
523,1114,Business Loan,3065000,12.77,24,145384.79,2022-11-20,2024-11-20,Active,62,2022-10-29,2022-11-20,0.00,24,2024-12-20,
847,939,Education Loan,834000,7.47,180,7717.07,2024-06-02,2039-06-02,Active,43,2024-05-21,2024-06-02,1188428.78,26,2026-09-02,
4,1011,Business Loan,2504000,14.64,96,44415.2,2023-09-10,2031-09-10,Defaulted,12,2023-09-01,2023-09-10,2709327.20,35,2026-09-10,
436,1350,Education Loan,1910000,9.76,180,20245.43,2025-05-27,2040-05-27,Rejected,,,2025-05-27,0.00,0,,Insufficient income
488,157,Personal Loan,1225000,10.36,36,39734.67,2025-05-20,2028-05-20,Active,92,2025-05-01,2025-05-20,834428.07,15,2026-09-20,
738,319,Gold Loan,543000,12.08,48,14320.61,2023-09-07,2027-09-07,Closed,63,2023-08-17,2023-09-07,0.00,48,,
324,469,Gold Loan,87000,9.13,24,3979.76,2021-12-01,2023-12-01,Approved,84,2021-11-28,2021-12-01,0.00,24,2024-01-01,
234,1490,Personal Loan,1094000,17.86,24,54542.99,2022-01-25,2024-01-25,Pending,,,2022-01-25,1094000,0,,
838,770,Home Loan,3470000,8.04,216,30445.22,2024-12-08,2042-12-08,Pending,,,2024-12-08,3470000,0,,
202,1431,Personal Loan,620000,13.44,12,55504.78,2023-05-31,2024-05-31,Closed,8,2023-05-13,2023-05-31,0.00,12,,
263,1373,Personal Loan,1128000,11.35,72,21673.2,2024-09-22,2030-09-22,Defaulted,78,2024-09-21,2024-09-22,1061986.80,23,2026-09-22,
410,107,Personal Loan,1385000,11.92,24,65145.03,2023-08-26,2025-08-26,Closed,49,2023-07-28,2023-08-26,0.00,24,,
634,1102,Car Loan,1132000,11.02,36,37070.95,2025-04-26,2028-04-26,Rejected,,,2025-04-26,0.00,0,,Unstable employment history
599,761,Gold Loan,860000,11.45,36,28338.92,2022-05-14,2025-05-14,Active,19,2022-04-25,2022-05-14,0.00,36,2025-06-14,
393,1226,Personal Loan,494000,14.26,24,23779.09,2025-04-27,2027-04-27,Pending,,,2025-04-27,494000,0,,
459,602,Business Loan,4986000,12.06,36,165749.47,2022-03-09,2025-03-09,Approved,26,2022-03-02,2022-03-09,0.00,36,2025-04-09,
410,107,Business Loan,4459000,12.99,36,150219.86,2025-02-28,2028-02-28,Active,16,2025-02-14,2025-02-28,2703957.48,18,2026-09-28,
400,989,Gold Loan,734000,8.29,60,14984.95,2024-06-20,2029-06-20,Active,59,2024-05-24,2024-06-20,509488.30,26,2026-09-20,
787,138,Home Loan,2490000,8.47,120,30832.5,2026-04-26,2036-04-26,Active,31,2026-04-15,2026-04-26,3576570.00,4,2026-09-26,
680,544,Gold Loan,983000,12.52,24,46512.29,2022-01-03,2024-01-03,Closed,77,2021-12-13,2022-01-03,0.00,24,,
370,961,Gold Loan,99000,13.45,36,3357.2,2026-01-28,2029-01-28,Active,79,2026-01-04,2026-01-28,97358.80,7,2026-09-28,
994,445,Gold Loan,780000,9.75,12,68483.73,2023-11-08,2024-11-08,Active,4,2023-10-22,2023-11-08,0.00,12,2024-12-08,
872,865,Car Loan,2097000,8.91,60,43438.73,2024-03-15,2029-03-15,Active,3,2024-02-19,2024-03-15,1346600.63,29,2026-09-15,
552,833,Business Loan,3954000,14.65,96,70157.61,2026-06-04,2034-06-04,Active,70,2026-06-03,2026-06-04,6594815.34,2,2026-09-04,
322,1119,Home Loan,2959000,7.63,240,24073.27,2024-01-20,2044-01-20,Active,84,2024-01-09,2024-01-20,5031313.43,31,2026-09-20,
836,303,Business Loan,1076000,14.81,96,19191.14,2022-04-24,2030-04-24,Pending,,,2022-04-24,1076000,0,,
950,925,Home Loan,1936000,9.03,144,22065.0,2021-10-28,2033-10-28,Closed,6,2021-10-09,2021-10-28,0.00,144,,
328,1486,Business Loan,1197000,11.76,84,20977.0,2023-01-10,2030-01-10,Active,94,2022-12-30,2023-01-10,860057.00,43,2026-09-10,
558,369,Gold Loan,819000,13.99,24,39318.68,2024-11-13,2026-11-13,Active,7,2024-10-16,2024-11-13,117956.04,21,2026-09-13,
168,981,Home Loan,6623000,8.19,156,69124.7,2021-12-01,2034-12-01,Active,8,2021-11-20,2021-12-01,6912470.00,56,2026-09-01,
636,645,Gold Loan,390000,10.61,36,12696.19,2025-12-23,2028-12-23,Closed,98,2025-12-19,2025-12-23,0.00,36,,
254,588,Home Loan,4065000,7.14,204,34460.77,2022-06-15,2039-06-15,Active,97,2022-05-31,2022-06-15,5306958.58,50,2026-09-15,
824,798,Gold Loan,387000,13.25,24,18444.16,2023-11-19,2025-11-19,Closed,84,2023-10-22,2023-11-19,0.00,24,,
393,1226,Home Loan,1728000,8.78,132,20458.89,2026-02-04,2037-02-04,Active,27,2026-01-17,2026-02-04,2577820.14,6,2026-09-04,
533,487,Car Loan,2457000,8.78,48,60886.2,2022-10-22,2026-10-22,Active,94,2022-10-20,2022-10-22,121772.40,46,2026-09-22,
326,483,Personal Loan,573000,11.79,48,15030.27,2024-10-26,2028-10-26,Active,64,2024-10-11,2024-10-26,390787.02,22,2026-09-26,
633,953,Home Loan,1177000,8.12,216,10383.91,2025-06-03,2043-06-03,Active,93,2025-05-12,2025-06-03,2097549.82,14,2026-09-03,
662,1145,Personal Loan,131000,11.17,60,2859.38,2023-03-09,2028-03-09,Active,32,2023-02-15,2023-03-09,54328.22,41,2026-09-09,
783,1155,Home Loan,6920000,8.16,180,66771.89,2022-12-05,2037-12-05,Active,65,2022-11-23,2022-12-05,9080977.04,44,2026-09-05,
54,1414,Education Loan,535000,9.02,156,5835.93,2023-09-24,2036-09-24,Closed,49,2023-09-22,2023-09-24,0.00,156,,
960,1161,Business Loan,646000,12.07,96,10524.2,2024-05-30,2032-05-30,Active,68,2024-05-05,2024-05-30,726169.80,27,2026-09-30,
428,507,Car Loan,1176000,8.87,72,21122.24,2023-01-22,2029-01-22,Active,79,2023-01-03,2023-01-22,612544.96,43,2026-09-22,
482,389,Home Loan,7402000,8.01,132,84537.0,2023-11-24,2034-11-24,Defaulted,91,2023-11-16,2023-11-24,8369163.00,33,2026-09-24,
987,1036,Personal Loan,1385000,10.8,60,29975.3,2025-07-11,2030-07-11,Active,91,2025-06-25,2025-07-11,1408839.10,13,2026-09-11,
491,1438,Personal Loan,1400000,15.68,84,27552.34,2024-09-20,2031-09-20,Active,94,2024-09-01,2024-09-20,1680692.74,23,2026-09-20,
396,279,Business Loan,4875000,11.28,48,126660.83,2025-02-01,2029-02-01,Active,24,2025-01-23,2025-02-01,3799824.90,18,2026-09-01,
255,894,Gold Loan,400000,11.47,24,18730.54,2024-07-13,2026-07-13,Closed,62,2024-07-09,2024-07-13,0.00,24,,
154,685,Gold Loan,337000,11.29,12,29830.22,2025-04-06,2026-04-06,Active,43,2025-03-15,2025-04-06,0.00,12,2026-05-06,
990,147,Education Loan,1814000,7.45,180,16764.5,2023-02-11,2038-02-11,Approved,83,2023-01-22,2023-02-11,2313501.00,42,2026-09-11,
114,696,Home Loan,1325000,7.98,132,15111.2,2023-04-23,2034-04-23,Pending,,,2023-04-23,1325000,0,,
882,1074,Personal Loan,472000,12.68,72,9395.45,2025-09-01,2031-09-01,Closed,7,2025-08-19,2025-09-01,0.00,72,,
628,1334,Education Loan,444000,9.58,60,9342.19,2025-08-07,2030-08-07,Closed,33,2025-07-13,2025-08-07,0.00,60,,
762,791,Home Loan,7906000,9.15,132,95218.27,2022-01-15,2033-01-15,Closed,73,2021-12-27,2022-01-15,0.00,132,,
249,960,Business Loan,2935000,9.29,24,134475.58,2022-07-01,2024-07-01,Closed,35,2022-06-11,2022-07-01,0.00,24,,
596,858,Education Loan,1799000,6.64,72,30361.12,2022-12-12,2028-12-12,Defaulted,32,2022-11-28,2022-12-12,850111.36,44,2026-09-12,
673,970,Gold Loan,839000,8.74,36,26578.57,2024-09-04,2027-09-04,Active,54,2024-08-17,2024-09-04,345521.41,23,2026-09-04,
938,333,Personal Loan,807000,17.86,60,20431.08,2022-04-04,2027-04-04,Rejected,,,2022-04-04,0.00,0,,Eligibility criteria not met
867,592,Car Loan,2033000,9.35,84,33071.36,2026-03-07,2033-03-07,Approved,37,2026-02-25,2026-03-07,2612637.44,5,2026-09-07,
77,160,Personal Loan,1276000,14.63,24,61644.89,2023-02-21,2025-02-21,Active,5,2023-01-22,2023-02-21,0.00,24,2025-03-21,
33,1351,Car Loan,588000,10.12,60,12528.01,2023-05-07,2028-05-07,Closed,43,2023-04-13,2023-05-07,0.00,60,,
383,1199,Personal Loan,690000,11.62,48,18041.88,2024-07-20,2028-07-20,Pending,,,2024-07-20,690000,0,,
681,1277,Car Loan,1590000,8.14,72,27986.67,2024-01-19,2030-01-19,Pending,,,2024-01-19,1590000,0,,
610,338,Business Loan,3147000,10.65,72,59337.61,2023-07-06,2029-07-06,Active,76,2023-07-03,2023-07-06,2076816.35,37,2026-09-06,
21,619,Home Loan,1474000,8.02,132,16842.24,2024-02-03,2035-02-03,Active,85,2024-01-19,2024-02-03,1717908.48,30,2026-09-03,
507,419,Gold Loan,169000,9.29,12,14802.04,2025-09-15,2026-09-15,Active,1,2025-09-02,2025-09-15,14802.04,11,2026-09-15,
417,1375,Education Loan,1159000,8.81,156,12503.33,2022-07-19,2035-07-19,Active,46,2022-07-02,2022-07-19,1337856.31,49,2026-09-19,
487,128,Personal Loan,1008000,16.97,60,25035.14,2023-01-01,2028-01-01,Defaulted,57,2022-12-11,2023-01-01,425597.38,43,2026-09-01,
149,1259,Car Loan,1781000,10.67,84,30186.91,2022-09-10,2029-09-10,Active,99,2022-09-06,2022-09-10,1116915.67,47,2026-09-10,
816,459,Gold Loan,809000,8.56,48,19963.4,2024-04-05,2028-04-05,Closed,63,2024-03-15,2024-04-05,0.00,48,,
595,999,Car Loan,1890000,9.63,48,47600.15,2026-04-10,2030-04-10,Active,81,2026-03-25,2026-04-10,2094406.60,4,2026-09-10,
339,891,Business Loan,3251000,14.06,108,53215.12,2025-10-18,2034-10-18,Defaulted,31,2025-10-17,2025-10-18,5215081.76,10,2026-09-18,
470,1325,Home Loan,4961000,7.4,240,39662.68,2025-09-04,2045-09-04,Closed,96,2025-08-17,2025-09-04,0.00,240,,
916,748,Personal Loan,1131000,14.57,24,54607.62,2025-09-10,2027-09-10,Approved,11,2025-08-25,2025-09-10,709899.06,11,2026-09-10,
287,716,Business Loan,4124000,14.11,36,141168.97,2023-02-20,2026-02-20,Closed,12,2023-02-18,2023-02-20,0.00,36,,
946,1046,Education Loan,1139000,9.89,60,24138.78,2021-09-03,2026-09-03,Active,75,2021-08-24,2021-09-03,24138.78,59,2026-09-03,
452,153,Business Loan,2516000,14.05,48,68816.54,2024-05-25,2028-05-25,Defaulted,55,2024-05-24,2024-05-25,1445147.34,27,2026-09-25,
33,368,Business Loan,2008000,10.85,48,51751.66,2025-01-16,2029-01-16,Active,65,2025-01-13,2025-01-16,1500798.14,19,2026-09-16,
320,952,Business Loan,2326000,13.98,96,40379.64,2023-03-13,2031-03-13,Active,89,2023-03-02,2023-03-13,2220880.20,41,2026-09-13,
996,1448,Business Loan,4571000,11.21,84,78772.28,2024-02-25,2031-02-25,Pending,,,2024-02-25,4571000,0,,
239,438,Education Loan,1715000,9.07,132,20579.14,2023-07-02,2034-07-02,Active,37,2023-06-02,2023-07-02,1955018.30,37,2026-09-02,
719,508,Education Loan,827000,9.18,120,10556.82,2026-04-23,2036-04-23,Closed,39,2026-03-31,2026-04-23,0.00,120,,
642,465,Personal Loan,1096000,13.02,24,52116.13,2022-12-09,2024-12-09,Active,79,2022-11-27,2022-12-09,0.00,24,2025-01-09,
666,61,Business Loan,2598000,12.09,96,42353.46,2023-07-08,2031-07-08,Active,22,2023-06-16,2023-07-08,2498854.14,37,2026-09-08,
172,129,Home Loan,6243000,7.16,192,54708.27,2026-04-08,2042-04-08,Approved,84,2026-03-16,2026-04-08,10285154.76,4,2026-09-08,
820,928,Car Loan,1709000,8.38,72,30282.4,2022-07-09,2028-07-09,Closed,93,2022-06-11,2022-07-09,0.00,72,,
661,40,Personal Loan,1474000,14.69,24,71252.41,2021-11-19,2023-11-19,Approved,41,2021-10-22,2021-11-19,0.00,24,2023-12-19,
936,1408,Gold Loan,801000,11.09,24,37366.36,2026-05-27,2028-05-27,Pending,,,2026-05-27,801000,0,,
321,1224,Home Loan,7934000,7.0,168,74214.68,2023-09-16,2037-09-16,Closed,2,2023-08-17,2023-09-16,0.00,168,,
74,614,Car Loan,1931000,10.86,72,36616.49,2022-03-15,2028-03-15,Closed,92,2022-03-08,2022-03-15,0.00,72,,
757,324,Personal Loan,560000,17.17,36,20012.94,2026-04-12,2029-04-12,Active,4,2026-03-14,2026-04-12,640414.08,4,2026-09-12,
44,613,Business Loan,4195000,10.18,84,70032.75,2022-06-22,2029-06-22,Active,38,2022-06-14,2022-06-22,2381113.50,50,2026-09-22,
472,1105,Education Loan,927000,8.31,180,9025.59,2023-10-01,2038-10-01,Approved,10,2023-09-05,2023-10-01,1317736.14,34,2026-09-01,
498,226,Car Loan,844000,9.1,84,13622.05,2024-11-22,2031-11-22,Active,75,2024-11-18,2024-11-22,858189.15,21,2026-09-22,
555,1269,Business Loan,2971000,10.48,84,50062.09,2023-01-12,2030-01-12,Closed,54,2023-01-11,2023-01-12,0.00,84,,
595,999,Car Loan,938000,9.69,60,19786.95,2024-07-18,2029-07-18,Active,14,2024-06-27,2024-07-18,692543.25,25,2026-09-18,
193,1481,Education Loan,1404000,7.44,132,15607.07,2024-07-13,2035-07-13,Active,48,2024-07-11,2024-07-13,1669956.49,25,2026-09-13,
648,1055,Gold Loan,545000,8.79,24,24845.71,2024-12-09,2026-12-09,Active,77,2024-12-06,2024-12-09,99382.84,20,2026-09-09,
208,573,Education Loan,1675000,8.98,108,22666.62,2025-09-19,2034-09-19,Pending,,,2025-09-19,1675000,0,,
288,843,Personal Loan,1440000,15.05,24,69854.99,2024-09-30,2026-09-30,Active,52,2024-09-03,2024-09-30,69854.99,23,2026-09-30,
613,929,Home Loan,4383000,7.08,216,35948.59,2024-02-05,2042-02-05,Closed,75,2024-01-29,2024-02-05,0.00,216,,
33,368,Education Loan,866000,7.66,156,8782.9,2022-03-03,2035-03-03,Closed,100,2022-02-16,2022-03-03,0.00,156,,
396,279,Gold Loan,82000,12.84,60,1859.04,2025-12-03,2030-12-03,Defaulted,33,2025-11-03,2025-12-03,96670.08,8,2026-09-03,
537,852,Home Loan,3388000,7.64,168,32897.11,2024-05-22,2038-05-22,Approved,15,2024-05-13,2024-05-22,4638492.51,27,2026-09-22,
55,360,Car Loan,940000,9.62,60,19796.92,2025-01-20,2030-01-20,Pending,,,2025-01-20,940000,0,,
953,1458,Gold Loan,750000,13.56,12,67185.17,2023-01-31,2024-01-31,Closed,8,2023-01-04,2023-01-31,0.00,12,,
248,838,Car Loan,760000,10.94,36,24859.84,2023-08-02,2026-08-02,Approved,98,2023-07-25,2023-08-02,0.00,36,2026-09-02,
498,226,Education Loan,648000,10.09,108,9154.6,2025-09-23,2034-09-23,Pending,,,2025-09-23,648000,0,,
975,1333,Gold Loan,807000,11.41,36,26577.11,2021-08-21,2024-08-21,Approved,58,2021-07-31,2021-08-21,0.00,36,2024-09-21,
50,151,Personal Loan,235000,11.17,84,4044.81,2022-09-02,2029-09-02,Pending,,,2022-09-02,235000,0,,
328,1486,Education Loan,334000,7.67,72,5802.43,2024-05-04,2030-05-04,Active,14,2024-04-27,2024-05-04,261109.35,27,2026-09-04,
958,814,Home Loan,1060000,8.78,156,11417.17,2023-05-13,2036-05-13,Defaulted,30,2023-04-16,2023-05-13,1335808.89,39,2026-09-13,
562,688,Car Loan,758000,8.8,36,24033.7,2025-08-20,2028-08-20,Defaulted,12,2025-08-18,2025-08-20,576808.80,12,2026-09-20,
523,650,Personal Loan,70000,14.8,48,1941.06,2024-05-11,2028-05-11,Active,48,2024-05-10,2024-05-11,40762.26,27,2026-09-11,
679,1134,Business Loan,2426000,12.4,108,37386.28,2023-10-02,2032-10-02,Active,58,2023-09-16,2023-10-02,2766584.72,34,2026-09-02,
178,471,Car Loan,432000,11.43,36,14231.26,2025-08-16,2028-08-16,Active,6,2025-08-10,2025-08-16,341550.24,12,2026-09-16,
33,368,Education Loan,860000,9.21,180,8830.45,2023-08-02,2038-08-02,Active,32,2023-07-10,2023-08-02,1271584.80,36,2026-09-02,
189,1475,Personal Loan,1051000,17.18,60,26221.89,2021-09-11,2026-09-11,Defaulted,34,2021-08-26,2021-09-11,78665.67,57,2026-07-11,
293,217,Business Loan,1742000,14.75,96,31009.4,2021-11-04,2029-11-04,Active,62,2021-10-26,2021-11-04,1209366.60,57,2026-09-04,
888,892,Home Loan,6518000,7.55,168,62960.07,2022-10-29,2036-10-29,Pending,,,2022-10-29,6518000,0,,
958,814,Car Loan,1129000,9.8,60,23876.96,2025-06-27,2030-06-27,Active,65,2025-06-10,2025-06-27,1098340.16,14,2026-09-27,
592,1107,Gold Loan,532000,8.11,36,16697.96,2024-03-31,2027-03-31,Active,91,2024-03-05,2024-03-31,116885.72,29,2026-09-30,
99,437,Home Loan,5961000,7.99,192,55099.82,2023-03-05,2039-03-05,Closed,14,2023-02-09,2023-03-05,0.00,192,,
842,636,Business Loan,2180000,12.0,48,57407.76,2024-10-03,2028-10-03,Active,5,2024-10-02,2024-10-03,1492601.76,22,2026-09-03,
206,1474,Education Loan,484000,8.69,132,5706.49,2022-05-03,2033-05-03,Pending,,,2022-05-03,484000,0,,
993,52,Car Loan,1822000,8.82,48,45184.98,2023-12-30,2027-12-30,Active,40,2023-12-13,2023-12-30,722959.68,32,2026-09-30,
122,54,Car Loan,2192000,10.74,72,41431.38,2023-11-15,2029-11-15,Active,55,2023-11-10,2023-11-15,1615823.82,33,2026-09-15,
501,349,Car Loan,764000,11.38,48,19887.26,2022-04-11,2026-04-11,Active,56,2022-04-04,2022-04-11,0.00,48,2026-05-11,
714,1037,Car Loan,2155000,8.42,48,53035.74,2021-11-18,2025-11-18,Defaulted,88,2021-10-21,2021-11-18,159107.22,45,2025-09-18,
410,91,Business Loan,749000,12.23,108,11470.35,2025-12-18,2034-12-18,Defaulted,88,2025-12-14,2025-12-18,1147035.00,8,2026-09-18,
719,871,Personal Loan,1119000,12.07,36,37204.24,2026-03-03,2029-03-03,Active,53,2026-02-06,2026-03-03,1153331.44,5,2026-09-03,
191,518,Personal Loan,335000,11.8,84,5877.89,2026-01-20,2033-01-20,Approved,64,2026-01-09,2026-01-20,452597.53,7,2026-09-20,
435,737,Education Loan,188000,6.82,156,1820.49,2021-12-20,2034-12-20,Active,30,2021-12-17,2021-12-20,182049.00,56,2026-09-20,
320,952,Business Loan,554000,11.81,72,10776.15,2023-11-26,2029-11-26,Approved,88,2023-11-18,2023-11-26,420269.85,33,2026-09-26,
145,660,Education Loan,1582000,7.87,72,27637.28,2025-06-27,2031-06-27,Active,92,2025-06-26,2025-06-27,1602962.24,14,2026-09-27,
495,1271,Personal Loan,1025000,15.96,60,24904.23,2023-07-14,2028-07-14,Active,84,2023-07-07,2023-07-14,572797.29,37,2026-09-14,
33,109,Education Loan,135000,9.34,60,2824.71,2025-12-04,2030-12-04,Closed,37,2025-11-27,2025-12-04,0.00,60,,
152,1451,Gold Loan,359000,13.68,36,12214.05,2026-04-26,2029-04-26,Rejected,,,2026-04-26,0.00,0,,Incomplete documentation
591,189,Home Loan,2605000,9.03,180,26468.15,2023-01-13,2038-01-13,Approved,16,2022-12-26,2023-01-13,3626136.55,43,2026-09-13,
822,1318,Business Loan,1356000,12.07,96,22091.04,2022-01-30,2030-01-30,Closed,66,2022-01-16,2022-01-30,0.00,96,,
915,1492,Gold Loan,128000,13.82,60,2966.4,2023-05-11,2028-05-11,Defaulted,15,2023-04-24,2023-05-11,62294.40,39,2026-09-11,
665,808,Home Loan,2905000,7.94,204,25990.6,2023-09-28,2040-09-28,Closed,24,2023-09-04,2023-09-28,0.00,204,,
217,27,Home Loan,3609000,8.66,204,33852.59,2025-01-21,2042-01-21,Closed,75,2025-01-10,2025-01-21,0.00,204,,
511,980,Personal Loan,76000,16.94,60,1886.34,2024-01-10,2029-01-10,Active,15,2024-01-05,2024-01-10,54703.86,31,2026-09-10,
17,884,Home Loan,6343000,7.91,228,53851.21,2025-04-11,2044-04-11,Closed,12,2025-03-28,2025-04-11,0.00,228,,
820,677,Gold Loan,350000,11.31,12,30984.21,2025-04-27,2026-04-27,Closed,76,2025-04-22,2025-04-27,0.00,12,,
393,1226,Car Loan,1704000,7.61,60,34233.81,2024-07-24,2029-07-24,Pending,,,2024-07-24,1704000,0,,
611,896,Car Loan,1650000,7.52,72,28544.67,2026-01-21,2032-01-21,Approved,72,2026-01-19,2026-01-21,1855403.55,7,2026-09-21,
107,724,Business Loan,1458000,11.3,60,31919.02,2021-08-31,2026-08-31,Pending,,,2021-08-31,1458000,0,,
490,236,Gold Loan,393000,8.44,60,8051.64,2023-11-02,2028-11-02,Active,80,2023-10-22,2023-11-02,217394.28,33,2026-09-02,
486,454,Business Loan,1076000,13.79,60,24919.65,2024-12-28,2029-12-28,Active,39,2024-12-05,2024-12-28,996786.00,20,2026-09-28,
675,1355,Business Loan,766000,11.4,48,19946.8,2026-06-23,2030-06-23,Closed,48,2026-06-03,2026-06-23,0.00,48,,
500,290,Gold Loan,362000,9.42,24,16607.72,2022-06-19,2024-06-19,Active,51,2022-05-28,2022-06-19,0.00,24,2024-07-19,
109,545,Personal Loan,1134000,10.82,48,29209.79,2025-02-21,2029-02-21,Closed,74,2025-02-20,2025-02-21,0.00,48,,
816,841,Home Loan,7855000,8.12,180,75611.64,2025-04-03,2040-04-03,Active,11,2025-03-29,2025-04-03,12400308.96,16,2026-09-03,
816,841,Personal Loan,1465000,10.38,24,67859.55,2023-04-21,2025-04-21,Pending,,,2023-04-21,1465000,0,,
16,1193,Personal Loan,353000,12.03,48,9301.04,2024-12-21,2028-12-21,Approved,47,2024-11-23,2024-12-21,260429.12,20,2026-09-21,
740,420,Education Loan,113000,7.02,96,1541.73,2026-06-12,2034-06-12,Active,65,2026-05-31,2026-06-12,144922.62,2,2026-09-12,
910,1139,Personal Loan,510000,13.69,72,10424.46,2022-04-16,2028-04-16,Active,62,2022-03-19,2022-04-16,208489.20,52,2026-09-16,
473,1348,Car Loan,1841000,9.89,84,30458.25,2021-11-28,2028-11-28,Closed,50,2021-11-10,2021-11-28,0.00,84,,
459,602,Home Loan,2901000,7.54,144,30674.9,2025-08-07,2037-08-07,Active,47,2025-07-20,2025-08-07,4049086.80,12,2026-09-07,
893,968,Car Loan,602000,8.53,36,19012.03,2021-12-13,2024-12-13,Active,77,2021-12-07,2021-12-13,0.00,36,2025-01-13,
102,585,Education Loan,397000,10.49,72,7453.23,2026-04-20,2032-04-20,Approved,16,2026-03-30,2026-04-20,506819.64,4,2026-09-20,
557,1250,Education Loan,1191000,10.4,72,22305.27,2025-06-24,2031-06-24,Closed,60,2025-06-11,2025-06-24,0.00,72,,
451,1096,Gold Loan,336000,13.77,24,16095.84,2025-01-15,2027-01-15,Active,11,2024-12-29,2025-01-15,80479.20,19,2026-09-15,
867,765,Car Loan,472000,7.88,72,8248.06,2021-10-10,2027-10-10,Active,9,2021-09-28,2021-10-10,115472.84,58,2026-09-10,
533,487,Education Loan,365000,6.92,180,3264.42,2026-02-23,2041-02-23,Active,23,2026-01-31,2026-02-23,568009.08,6,2026-09-23,
990,147,Personal Loan,167000,16.55,60,4110.08,2025-02-10,2030-02-10,Active,77,2025-02-09,2025-02-10,172623.36,18,2026-09-10,
191,611,Business Loan,3041000,14.34,24,146496.1,2023-08-12,2025-08-12,Closed,55,2023-08-02,2023-08-12,0.00,24,,
239,438,Business Loan,2304000,14.97,72,48680.58,2025-04-20,2031-04-20,Active,94,2025-04-14,2025-04-20,2726112.48,16,2026-09-20,
278,181,Personal Loan,647000,13.26,48,17441.0,2021-08-23,2025-08-23,Active,66,2021-08-17,2021-08-23,0.00,48,2025-09-23,
182,598,Education Loan,1511000,9.67,72,27741.74,2022-05-17,2028-05-17,Pending,,,2022-05-17,1511000,0,,
51,712,Home Loan,1690000,8.8,180,16940.62,2025-03-28,2040-03-28,Defaulted,16,2025-03-23,2025-03-28,2761321.06,17,2026-09-28,
204,1338,Business Loan,3170000,13.36,96,53919.35,2023-06-26,2031-06-26,Rejected,,,2023-06-26,0.00,0,,Insufficient income
938,18,Education Loan,1647000,9.16,72,29819.02,2024-12-08,2030-12-08,Rejected,,,2024-12-08,0.00,0,,Insufficient income
571,484,Home Loan,3219000,8.83,156,34763.46,2025-12-12,2038-12-12,Approved,2,2025-11-14,2025-12-12,5144992.08,8,2026-09-12,
841,1446,Personal Loan,151000,15.85,48,4267.79,2022-08-16,2026-08-16,Active,61,2022-07-20,2022-08-16,0.00,48,2026-09-16,
881,1279,Education Loan,1369000,8.66,156,14651.81,2022-07-04,2035-07-04,Active,53,2022-06-17,2022-07-04,1567743.67,49,2026-09-04,
690,703,Home Loan,1714000,8.25,168,17235.39,2026-02-17,2040-02-17,Active,79,2026-01-24,2026-02-17,2792133.18,6,2026-09-17,
10,862,Gold Loan,688000,13.31,36,23284.3,2022-05-27,2025-05-27,Active,38,2022-04-27,2022-05-27,0.00,36,2025-06-27,
846,346,Education Loan,634000,6.82,156,6139.33,2023-02-02,2036-02-02,Active,7,2023-01-18,2023-02-02,699883.62,42,2026-09-02,
644,1308,Business Loan,2177000,10.81,24,101273.33,2025-10-23,2027-10-23,Active,41,2025-09-28,2025-10-23,1417826.62,10,2026-09-23,
259,729,Business Loan,2423000,12.13,36,80628.8,2022-05-20,2025-05-20,Active,75,2022-04-29,2022-05-20,0.00,36,2025-06-20,
410,91,Home Loan,6111000,7.74,132,68907.26,2022-03-18,2033-03-18,Approved,93,2022-02-23,2022-03-18,5443673.54,53,2026-09-18,
298,1268,Home Loan,1568000,8.4,216,14101.32,2024-12-05,2042-12-05,Active,2,2024-11-21,2024-12-05,2763858.72,20,2026-09-05,
301,1082,Education Loan,1340000,8.79,168,13891.77,2023-07-15,2037-07-15,Pending,,,2023-07-15,1340000,0,,
155,1450,Home Loan,4944000,9.43,144,57468.23,2026-06-08,2038-06-08,Pending,,,2026-06-08,4944000,0,,
850,23,Education Loan,1054000,8.92,72,18957.09,2023-08-03,2029-08-03,Defaulted,84,2023-07-16,2023-08-03,682455.24,36,2026-09-03,
441,797,Home Loan,2093000,8.84,204,19862.34,2025-02-07,2042-02-07,Active,30,2025-01-25,2025-02-07,3694395.24,18,2026-09-07,
564,1228,Business Loan,1078000,13.7,48,29295.97,2025-01-23,2029-01-23,Active,56,2025-01-20,2025-01-23,849583.13,19,2026-09-23,
89,148,Personal Loan,273000,17.12,60,6802.38,2021-10-31,2026-10-31,Approved,38,2021-10-16,2021-10-31,13604.76,58,2026-09-30,
535,1185,Education Loan,1204000,6.67,84,17977.98,2022-10-04,2029-10-04,Pending,,,2022-10-04,1204000,0,,
61,392,Car Loan,971000,9.44,48,24366.75,2025-01-15,2029-01-15,Approved,45,2024-12-22,2025-01-15,706635.75,19,2026-09-15,
126,515,Business Loan,4253000,10.94,108,62062.81,2022-10-15,2031-10-15,Pending,,,2022-10-15,4253000,0,,
498,973,Education Loan,1487000,8.92,132,17720.08,2022-12-19,2033-12-19,Active,24,2022-11-27,2022-12-19,1559367.04,44,2026-09-19,
77,160,Home Loan,7043000,8.28,216,62822.03,2021-12-03,2039-12-03,Closed,8,2021-11-30,2021-12-03,0.00,216,,
860,134,Gold Loan,173000,10.46,36,5619.66,2025-10-02,2028-10-02,Active,24,2025-09-05,2025-10-02,146111.16,10,2026-09-02,
821,178,Education Loan,1969000,6.93,168,18342.25,2021-08-28,2035-08-28,Pending,,,2021-08-28,1969000,0,,
333,406,Business Loan,2317000,13.2,120,34869.16,2025-07-09,2035-07-09,Pending,,,2025-07-09,2317000,0,,
436,1173,Home Loan,6273000,9.12,240,56924.84,2023-08-09,2043-08-09,Active,14,2023-07-30,2023-08-09,11612667.36,36,2026-09-09,
106,1131,Business Loan,2133000,9.5,36,68326.28,2024-10-07,2027-10-07,Approved,46,2024-09-14,2024-10-07,956567.92,22,2026-09-07,
206,1377,Home Loan,3401000,7.13,216,27994.11,2023-04-24,2041-04-24,Closed,28,2023-04-08,2023-04-24,0.00,216,,
746,900,Gold Loan,343000,9.38,36,10968.07,2023-05-01,2026-05-01,Active,11,2023-04-11,2023-05-01,0.00,36,2026-06-01,
811,796,Car Loan,1871000,10.62,72,35249.67,2022-10-24,2028-10-24,Active,99,2022-10-20,2022-10-24,916491.42,46,2026-09-24,
916,386,Personal Loan,1283000,17.05,36,45774.38,2022-01-05,2025-01-05,Active,43,2021-12-16,2022-01-05,0.00,36,2025-02-05,
867,246,Gold Loan,839000,13.11,12,74980.5,2023-09-19,2024-09-19,Active,65,2023-09-17,2023-09-19,0.00,12,2024-10-19,
239,849,Gold Loan,168000,13.01,36,5661.39,2024-03-17,2027-03-17,Pending,,,2024-03-17,168000,0,,
125,627,Education Loan,1727000,9.93,156,19752.16,2023-05-04,2036-05-04,Approved,55,2023-04-09,2023-05-04,2311002.72,39,2026-09-04,
428,347,Personal Loan,898000,17.67,60,22642.4,2026-06-07,2031-06-07,Active,59,2026-05-09,2026-06-07,1313259.20,2,2026-09-07,
301,9,Home Loan,7390000,7.04,156,72439.94,2022-03-21,2035-03-21,Closed,75,2022-03-12,2022-03-21,0.00,156,,
50,1465,Car Loan,1886000,9.48,72,34447.2,2026-03-06,2032-03-06,Defaulted,83,2026-02-13,2026-03-06,2307962.40,5,2026-09-06,
692,391,Home Loan,2021000,8.64,240,17718.19,2023-06-22,2043-06-22,Closed,68,2023-06-05,2023-06-22,0.00,240,,
450,14,Car Loan,833000,8.94,72,14990.48,2024-12-18,2030-12-18,Active,72,2024-12-15,2024-12-18,779504.96,20,2026-09-18,
724,1305,Education Loan,819000,8.47,156,8677.15,2022-10-12,2035-10-12,Active,46,2022-09-30,2022-10-12,954486.50,46,2026-09-12,
562,688,Business Loan,2780000,13.21,84,50891.59,2026-04-25,2033-04-25,Closed,97,2026-04-05,2026-04-25,0.00,84,,
781,548,Business Loan,708000,11.26,108,10457.14,2023-03-08,2032-03-08,Approved,81,2023-03-06,2023-03-08,700628.38,41,2026-09-08,
804,123,Business Loan,974000,12.84,72,19470.02,2025-07-12,2031-07-12,Active,94,2025-06-29,2025-07-12,1148731.18,13,2026-09-12,
921,269,Business Loan,3914000,10.14,72,72786.76,2024-10-14,2030-10-14,Defaulted,8,2024-09-25,2024-10-14,3639338.00,22,2026-09-14,
628,1334,Gold Loan,722000,13.05,12,64504.01,2025-10-19,2026-10-19,Closed,86,2025-10-08,2025-10-19,0.00,12,,
904,212,Personal Loan,97000,12.49,48,2577.78,2025-09-25,2029-09-25,Active,76,2025-09-01,2025-09-25,95377.86,11,2026-09-25,
296,409,Personal Loan,740000,10.02,84,12292.52,2024-04-06,2031-04-06,Active,40,2024-03-25,2024-04-06,688381.12,28,2026-09-06,
765,1012,Education Loan,600000,8.27,72,10599.22,2025-08-17,2031-08-17,Active,34,2025-07-19,2025-08-17,635953.20,12,2026-09-17,
790,713,Car Loan,703000,7.81,36,21967.9,2021-11-16,2024-11-16,Pending,,,2021-11-16,703000,0,,
999,197,Car Loan,1347000,10.72,36,43920.66,2026-07-16,2029-07-16,Defaulted,17,2026-07-11,2026-07-16,1537223.10,1,2026-09-16,
834,374,Personal Loan,804000,13.71,12,72079.18,2022-10-13,2023-10-13,Active,29,2022-10-05,2022-10-13,0.00,12,2023-11-13,
338,1452,Home Loan,2413000,8.33,216,21597.15,2022-12-17,2040-12-17,Active,99,2022-12-08,2022-12-17,3714709.80,44,2026-09-17,
401,439,Car Loan,1717000,8.87,36,54496.32,2025-06-16,2028-06-16,Closed,72,2025-06-10,2025-06-16,0.00,36,,
705,46,Home Loan,6965000,8.79,192,67689.36,2024-04-09,2040-04-09,Active,31,2024-03-25,2024-04-09,11101055.04,28,2026-09-09,
507,1489,Education Loan,1144000,7.19,168,10821.0,2025-07-24,2039-07-24,Closed,39,2025-07-16,2025-07-24,0.00,168,,
339,891,Gold Loan,758000,13.09,48,20369.12,2026-01-31,2030-01-31,Active,86,2026-01-02,2026-01-31,835133.92,7,2026-09-30,
237,1017,Gold Loan,457000,9.39,60,9573.3,2021-08-20,2026-08-20,Active,7,2021-07-27,2021-08-20,0.00,60,2026-09-20,
429,1321,Home Loan,3653000,7.72,144,38983.32,2023-03-07,2035-03-07,Active,67,2023-02-09,2023-03-07,4015281.96,41,2026-09-07,
908,35,Gold Loan,148000,13.03,12,13221.04,2023-08-21,2024-08-21,Pending,,,2023-08-21,148000,0,,
803,922,Home Loan,4846000,7.0,192,42024.9,2024-10-02,2040-10-02,Closed,7,2024-09-28,2024-10-02,0.00,192,,
488,482,Business Loan,2401000,12.95,120,35778.74,2023-09-08,2033-09-08,Defaulted,25,2023-08-28,2023-09-08,3041192.90,35,2026-09-08,
999,197,Education Loan,1740000,8.84,96,25347.16,2022-10-05,2030-10-05,Defaulted,41,2022-09-18,2022-10-05,1267358.00,46,2026-09-05,
426,1422,Education Loan,1722000,9.09,180,17557.99,2023-01-06,2038-01-06,Closed,45,2022-12-18,2023-01-06,0.00,180,,
665,758,Business Loan,3949000,11.53,72,76241.93,2024-03-04,2030-03-04,Active,12,2024-02-22,2024-03-04,3278402.99,29,2026-09-04,
290,478,Home Loan,1258000,8.93,216,11725.53,2024-04-13,2042-04-13,Defaulted,29,2024-03-15,2024-04-13,2204399.64,28,2026-09-13,
996,1125,Gold Loan,984000,12.33,60,22052.98,2023-07-29,2028-07-29,Closed,73,2023-07-19,2023-07-29,0.00,60,,
221,72,Business Loan,2802000,12.05,60,62399.76,2024-09-08,2029-09-08,Closed,6,2024-08-22,2024-09-08,0.00,60,,
454,1212,Business Loan,1834000,10.42,108,26239.26,2022-06-01,2031-06-01,Closed,56,2022-05-04,2022-06-01,0.00,108,,
989,1349,Home Loan,7330000,8.14,156,76298.2,2025-06-21,2038-06-21,Closed,24,2025-05-31,2025-06-21,0.00,156,,
447,1033,Personal Loan,551000,10.58,60,11864.99,2022-07-26,2027-07-26,Active,22,2022-07-23,2022-07-26,130514.89,49,2026-09-26,
279,915,Education Loan,1961000,8.55,72,34911.7,2023-04-10,2029-04-10,Active,10,2023-03-16,2023-04-10,1117174.40,40,2026-09-10,
250,1104,Car Loan,353000,10.18,60,7531.51,2022-07-11,2027-07-11,Active,32,2022-06-28,2022-07-11,82846.61,49,2026-09-11,
237,1363,Gold Loan,341000,13.6,12,30553.27,2022-10-06,2023-10-06,Active,20,2022-09-16,2022-10-06,0.00,12,2023-11-06,
44,618,Car Loan,2315000,9.48,84,37812.61,2023-05-03,2030-05-03,Active,27,2023-04-25,2023-05-03,1701567.45,39,2026-09-03,
76,268,Business Loan,2684000,11.25,84,46310.18,2022-01-18,2029-01-18,Pending,,,2022-01-18,2684000,0,,
140,985,Business Loan,1494000,11.11,84,25667.41,2022-09-29,2029-09-29,Active,15,2022-09-22,2022-09-29,949694.17,47,2026-09-29,
775,1192,Personal Loan,96000,10.13,48,2440.81,2023-07-21,2027-07-21,Closed,18,2023-07-07,2023-07-21,0.00,48,,
563,496,Business Loan,545000,12.19,84,9676.2,2021-11-18,2028-11-18,Active,11,2021-11-05,2021-11-18,261257.40,57,2026-09-18,
860,134,Business Loan,1952000,10.91,96,30568.17,2026-01-16,2034-01-16,Active,98,2025-12-17,2026-01-16,2720567.13,7,2026-09-16,
583,543,Gold Loan,395000,8.74,48,9780.9,2022-11-19,2026-11-19,Approved,63,2022-11-13,2022-11-19,29342.70,45,2026-09-19,
364,1371,Car Loan,763000,10.76,84,12968.33,2026-05-26,2033-05-26,Closed,66,2026-04-28,2026-05-26,0.00,84,,
443,1157,Business Loan,4776000,11.25,24,223153.78,2021-09-14,2023-09-14,Closed,26,2021-08-18,2021-09-14,0.00,24,,
714,1261,Business Loan,2554000,14.3,48,70176.78,2025-01-21,2029-01-21,Defaulted,3,2024-12-27,2025-01-21,2035126.62,19,2026-09-21,
533,487,Gold Loan,257000,9.9,24,11847.39,2025-09-24,2027-09-24,Active,54,2025-09-05,2025-09-24,154016.07,11,2026-09-24,
194,1076,Home Loan,1593000,9.03,120,20205.32,2022-09-24,2032-09-24,Defaulted,7,2022-09-09,2022-09-24,1474988.36,47,2026-09-24,
320,952,Education Loan,425000,9.3,180,4386.81,2024-03-18,2039-03-18,Defaulted,63,2024-02-26,2024-03-18,662408.31,29,2026-09-18,
339,947,Personal Loan,404000,13.41,36,13692.28,2023-05-18,2026-05-18,Closed,89,2023-04-30,2023-05-18,0.00,36,,
488,1018,Personal Loan,1163000,10.47,36,37783.89,2025-07-27,2028-07-27,Active,30,2025-07-26,2025-07-27,869029.47,13,2026-09-27,
823,1058,Business Loan,1394000,15.51,60,33537.51,2026-04-19,2031-04-19,Defaulted,91,2026-04-03,2026-04-19,1878100.56,4,2026-09-19,
742,1141,Home Loan,4152000,8.55,132,48635.19,2023-11-08,2034-11-08,Closed,47,2023-10-16,2023-11-08,0.00,132,,
985,458,Home Loan,4442000,8.9,132,52884.88,2023-01-01,2034-01-01,Active,71,2022-12-23,2023-01-01,4706754.32,43,2026-09-01,
83,883,Car Loan,591000,8.06,36,18536.15,2026-03-01,2029-03-01,Closed,6,2026-02-27,2026-03-01,0.00,36,,
246,1488,Personal Loan,1288000,15.16,72,27346.82,2022-08-01,2028-08-01,Closed,24,2022-07-27,2022-08-01,0.00,72,,
1,342,Car Loan,2254000,9.59,36,72297.13,2026-01-22,2029-01-22,Defaulted,17,2026-01-09,2026-01-22,2096616.77,7,2026-09-22,
781,548,Gold Loan,734000,9.15,12,64240.45,2022-10-10,2023-10-10,Closed,76,2022-10-05,2022-10-10,0.00,12,,
836,303,Car Loan,487000,9.85,48,12316.53,2025-06-12,2029-06-12,Active,72,2025-05-16,2025-06-12,418762.02,14,2026-09-12,
206,1377,Car Loan,1836000,10.7,60,39644.95,2023-07-12,2028-07-12,Defaulted,46,2023-06-29,2023-07-12,911833.85,37,2026-09-12,
531,911,Car Loan,973000,9.56,84,15932.61,2026-02-05,2033-02-05,Active,63,2026-01-25,2026-02-05,1242743.58,6,2026-09-05,
986,1480,Education Loan,682000,6.85,84,10243.27,2022-10-04,2029-10-04,Active,98,2022-09-10,2022-10-04,389244.26,46,2026-09-04,
185,1062,Education Loan,1992000,7.73,72,34664.19,2023-01-08,2029-01-08,Approved,12,2022-12-11,2023-01-08,1005261.51,43,2026-09-08,
904,212,Car Loan,2172000,7.6,48,52618.0,2022-12-05,2026-12-05,Defaulted,19,2022-11-15,2022-12-05,210472.00,44,2026-09-05,
568,1306,Car Loan,1932000,10.78,60,41794.7,2024-11-07,2029-11-07,Active,39,2024-10-25,2024-11-07,1629993.30,21,2026-09-07,
637,1019,Gold Loan,428000,9.67,48,10787.48,2025-02-27,2029-02-27,Defaulted,74,2025-02-03,2025-02-27,323624.40,18,2026-09-27,
138,836,Car Loan,2028000,10.14,84,33814.08,2026-03-30,2033-03-30,Approved,7,2026-03-08,2026-03-30,2671312.32,5,2026-09-30,
874,1094,Gold Loan,671000,10.47,48,17170.15,2022-07-19,2026-07-19,Active,94,2022-07-05,2022-07-19,0.00,48,2026-08-19,
160,196,Personal Loan,705000,11.35,24,32973.2,2023-12-23,2025-12-23,Active,37,2023-12-01,2023-12-23,0.00,24,2026-01-23,
881,1279,Education Loan,756000,9.25,96,11173.85,2023-10-02,2031-10-02,Closed,77,2023-09-03,2023-10-02,0.00,96,,
828,44,Car Loan,1285000,11.11,84,22076.72,2025-02-24,2032-02-24,Approved,55,2025-02-16,2025-02-24,1457063.52,18,2026-09-24,
419,786,Gold Loan,914000,10.55,24,42408.86,2022-02-16,2024-02-16,Active,78,2022-01-23,2022-02-16,0.00,24,2024-03-16,
238,1236,Business Loan,1807000,10.5,36,58731.92,2023-02-27,2026-02-27,Closed,46,2023-02-13,2023-02-27,0.00,36,,
143,511,Education Loan,247000,6.51,144,2476.04,2025-10-18,2037-10-18,Active,71,2025-09-24,2025-10-18,331789.36,10,2026-09-18,
519,378,Gold Loan,258000,10.86,36,8429.49,2022-05-24,2025-05-24,Active,3,2022-05-14,2022-05-24,0.00,36,2025-06-24,
279,915,Business Loan,2153000,14.67,36,74286.99,2025-05-23,2028-05-23,Rejected,,,2025-05-23,0.00,0,,Unstable employment history
429,1321,Car Loan,480000,7.9,48,11695.68,2022-04-17,2026-04-17,Active,49,2022-03-30,2022-04-17,0.00,48,2026-05-17,
861,608,Car Loan,1518000,7.9,84,23584.32,2025-01-12,2032-01-12,Active,9,2025-01-09,2025-01-12,1532980.80,19,2026-09-12,
820,292,Home Loan,7238000,8.67,228,64858.48,2023-08-19,2042-08-19,Active,53,2023-07-30,2023-08-19,12452828.16,36,2026-09-19,
182,598,Business Loan,3426000,12.56,60,77182.53,2026-05-10,2031-05-10,Rejected,,,2026-05-10,0.00,0,,High existing liabilities
436,1350,Education Loan,150000,7.46,84,2297.78,2025-01-11,2032-01-11,Active,14,2024-12-24,2025-01-11,149355.70,19,2026-09-11,
496,488,Home Loan,7453000,7.64,240,60680.49,2024-04-15,2044-04-15,Approved,90,2024-03-29,2024-04-15,12864263.88,28,2026-09-15,
504,307,Gold Loan,425000,12.87,24,20179.33,2023-11-12,2025-11-12,Active,37,2023-10-26,2023-11-12,0.00,24,2025-12-12,
781,548,Home Loan,6539000,8.43,144,72332.37,2024-08-06,2036-08-06,Pending,,,2024-08-06,6539000,0,,
858,1130,Gold Loan,508000,13.9,36,17337.57,2024-12-24,2027-12-24,Defaulted,91,2024-12-15,2024-12-24,277401.12,20,2026-09-24,
30,639,Gold Loan,628000,9.88,12,55176.13,2024-10-03,2025-10-03,Approved,24,2024-09-23,2024-10-03,0.00,12,2025-11-03,
765,785,Car Loan,437000,8.87,60,9043.85,2025-07-30,2030-07-30,Closed,37,2025-07-04,2025-07-30,0.00,60,,
999,197,Business Loan,3873000,11.12,84,66559.82,2025-02-26,2032-02-26,Approved,7,2025-02-16,2025-02-26,4392948.12,18,2026-09-26,
246,1488,Home Loan,3524000,7.04,228,28070.89,2024-01-17,2043-01-17,Active,16,2023-12-30,2024-01-17,5529965.33,31,2026-09-17,
562,688,Business Loan,2387000,9.21,36,76139.47,2022-11-26,2025-11-26,Active,6,2022-10-28,2022-11-26,0.00,36,2025-12-26,
8,1064,Personal Loan,1108000,13.46,48,29978.46,2025-03-22,2029-03-22,Active,50,2025-03-07,2025-03-22,929332.26,17,2026-09-22,
872,455,Education Loan,1539000,9.81,96,23198.6,2022-06-08,2030-06-08,Pending,,,2022-06-08,1539000,0,,
590,754,Car Loan,1177000,9.67,84,19339.49,2024-01-01,2031-01-01,Pending,,,2024-01-01,1177000,0,,
872,455,Gold Loan,98000,10.7,12,8647.69,2025-11-15,2026-11-15,Active,4,2025-10-20,2025-11-15,25943.07,9,2026-09-15,
742,1141,Personal Loan,787000,15.21,72,16731.01,2026-05-14,2032-05-14,Defaulted,5,2026-04-20,2026-05-14,1154439.69,3,2026-09-14,
530,116,Car Loan,1096000,7.61,60,22018.93,2025-09-08,2030-09-08,Active,83,2025-08-21,2025-09-08,1078927.57,11,2026-09-08,
939,140,Education Loan,569000,9.85,168,6254.51,2024-08-02,2038-08-02,Closed,89,2024-07-18,2024-08-02,0.00,168,,
492,1038,Home Loan,7865000,8.24,132,90801.94,2023-03-31,2034-03-31,Active,81,2023-03-09,2023-03-31,8262976.54,41,2026-09-30,
621,1223,Gold Loan,65000,13.06,24,3092.05,2024-08-04,2026-08-04,Active,85,2024-07-28,2024-08-04,0.00,24,2026-09-04,
744,1401,Home Loan,5590000,8.91,180,56398.61,2022-06-27,2037-06-27,Active,46,2022-06-12,2022-06-27,7331819.30,50,2026-09-27,
329,966,Gold Loan,536000,13.55,36,18202.28,2022-10-16,2025-10-16,Active,73,2022-10-15,2022-10-16,0.00,36,2025-11-16,
61,392,Home Loan,7755000,7.41,180,71493.76,2021-11-23,2036-11-23,Defaulted,52,2021-11-06,2021-11-23,8793732.48,57,2026-09-23,
878,175,Home Loan,3788000,8.63,168,38918.8,2025-12-30,2039-12-30,Closed,91,2025-12-05,2025-12-30,0.00,168,,
461,1420,Education Loan,1101000,9.22,120,14078.43,2023-10-31,2033-10-31,Approved,94,2023-10-14,2023-10-31,1210744.98,34,2026-09-30,
562,688,Home Loan,7769000,8.87,216,72122.85,2026-02-01,2044-02-01,Active,21,2026-01-17,2026-02-01,15145798.50,6,2026-09-01,
785,640,Gold Loan,229000,9.78,48,5783.87,2023-03-19,2027-03-19,Closed,70,2023-03-16,2023-03-19,0.00,48,,
543,1278,Personal Loan,761000,11.2,72,14563.01,2021-10-27,2027-10-27,Active,22,2021-10-10,2021-10-27,203882.14,58,2026-09-27,
332,913,Education Loan,1318000,9.62,156,14834.93,2022-09-16,2035-09-16,Active,59,2022-08-30,2022-09-16,1617007.37,47,2026-09-16,
755,782,Home Loan,4667000,8.72,132,55101.91,2024-06-13,2035-06-13,Defaulted,50,2024-06-01,2024-06-13,5840802.46,26,2026-09-13,
208,573,Personal Loan,1221000,11.54,12,108221.8,2021-10-14,2022-10-14,Active,55,2021-09-14,2021-10-14,0.00,12,2022-11-14,
894,1217,Business Loan,2972000,10.91,96,46541.29,2024-01-19,2032-01-19,Active,45,2024-01-07,2024-01-19,3025183.85,31,2026-09-19,
835,34,Gold Loan,433000,11.74,12,38418.88,2023-06-10,2024-06-10,Active,70,2023-06-06,2023-06-10,0.00,12,2024-07-10,
621,882,Gold Loan,451000,11.05,48,11667.28,2022-02-21,2026-02-21,Rejected,,,2022-02-21,0.00,0,,High existing liabilities
586,575,Gold Loan,98000,10.07,12,8618.95,2025-04-24,2026-04-24,Closed,75,2025-04-09,2025-04-24,0.00,12,,
504,307,Car Loan,1849000,11.06,84,31717.75,2021-10-26,2028-10-26,Active,99,2021-10-21,2021-10-26,824661.50,58,2026-09-26,
800,1500,Gold Loan,380000,10.26,60,8122.58,2025-10-03,2030-10-03,Active,59,2025-09-07,2025-10-03,406129.00,10,2026-09-03,
794,218,Home Loan,6038000,8.75,156,64931.48,2025-08-01,2038-08-01,Closed,83,2025-07-21,2025-08-01,0.00,156,,
160,1170,Education Loan,896000,6.83,144,9133.3,2026-07-02,2038-07-02,Closed,92,2026-06-20,2026-07-02,0.00,144,,
332,735,Home Loan,4185000,9.14,156,45940.05,2022-02-27,2035-02-27,Active,47,2022-02-21,2022-02-27,4685885.10,54,2026-09-27,
598,908,Car Loan,1400000,8.52,48,34520.85,2022-02-11,2026-02-11,Active,75,2022-01-25,2022-02-11,0.00,48,2026-03-11,
783,255,Home Loan,2504000,7.62,156,25340.04,2025-11-05,2038-11-05,Closed,88,2025-10-07,2025-11-05,0.00,156,,
8,1064,Business Loan,2398000,13.8,24,114908.45,2024-09-21,2026-09-21,Active,55,2024-09-15,2024-09-21,114908.45,23,2026-09-21,
612,1014,Education Loan,173000,9.61,60,3642.63,2026-02-13,2031-02-13,Active,65,2026-01-28,2026-02-13,196702.02,6,2026-09-13,
321,1224,Car Loan,998000,11.06,72,19026.69,2025-04-29,2031-04-29,Active,59,2025-04-20,2025-04-29,1065494.64,16,2026-09-29,
662,1145,Car Loan,1258000,9.64,84,20651.04,2025-11-25,2032-11-25,Active,6,2025-11-16,2025-11-25,1548828.00,9,2026-09-25,
599,1463,Home Loan,3061000,7.62,192,27633.72,2024-11-14,2040-11-14,Closed,64,2024-10-31,2024-11-14,0.00,192,,
456,888,Home Loan,3037000,9.0,132,36324.96,2022-01-30,2033-01-30,Active,89,2022-01-01,2022-01-30,2797021.92,55,2026-09-30,
816,841,Home Loan,4509000,7.19,120,52795.92,2026-06-19,2036-06-19,Active,47,2026-06-03,2026-06-19,6229918.56,2,2026-09-19,
543,1278,Education Loan,1096000,6.54,108,13452.9,2023-05-07,2032-05-07,Rejected,,,2023-05-07,0.00,0,,Eligibility criteria not met
493,473,Business Loan,4983000,11.77,84,87351.84,2024-12-18,2031-12-18,Active,95,2024-11-19,2024-12-18,5590517.76,20,2026-09-18,
266,822,Business Loan,4666000,12.73,60,105522.04,2025-11-03,2030-11-03,Active,54,2025-10-12,2025-11-03,5381624.04,9,2026-09-03,
593,486,Education Loan,580000,7.36,84,8856.18,2023-04-08,2030-04-08,Pending,,,2023-04-08,580000,0,,
130,992,Business Loan,2055000,12.81,36,69053.16,2023-03-26,2026-03-26,Active,38,2023-03-13,2023-03-26,0.00,36,2026-04-26,
311,1044,Education Loan,1747000,6.75,84,26153.92,2025-07-23,2032-07-23,Approved,66,2025-07-09,2025-07-23,1856928.32,13,2026-09-23,
414,569,Car Loan,1550000,10.49,36,50371.48,2023-08-28,2026-08-28,Active,37,2023-08-13,2023-08-28,0.00,36,2026-09-28,
260,12,Car Loan,2334000,8.73,36,73927.63,2023-08-27,2026-08-27,Pending,,,2023-08-27,2334000,0,,
828,1093,Personal Loan,315000,16.48,60,7740.76,2022-04-08,2027-04-08,Approved,36,2022-03-16,2022-04-08,61926.08,52,2026-09-08,
601,176,Gold Loan,181000,12.46,36,6051.63,2025-03-23,2028-03-23,Closed,75,2025-03-08,2025-03-23,0.00,36,,
126,29,Gold Loan,826000,9.33,36,26393.63,2025-05-17,2028-05-17,Active,9,2025-04-20,2025-05-17,554266.23,15,2026-09-17,
168,75,Education Loan,880000,7.34,108,11157.68,2025-11-22,2034-11-22,Defaulted,42,2025-11-06,2025-11-22,1104610.32,9,2026-09-22,
322,1119,Home Loan,5014000,9.16,228,46483.08,2022-05-13,2041-05-13,Pending,,,2022-05-13,5014000,0,,
208,573,Home Loan,1470000,7.2,240,11574.03,2024-11-29,2044-11-29,Defaulted,13,2024-11-11,2024-11-29,2534712.57,21,2026-09-29,
313,944,Gold Loan,358000,9.56,48,9004.34,2023-09-20,2027-09-20,Closed,58,2023-09-03,2023-09-20,0.00,48,,
710,1357,Business Loan,3111000,12.38,60,69801.35,2025-08-12,2030-08-12,Active,73,2025-08-08,2025-08-12,3350464.80,12,2026-09-12,
120,853,Education Loan,153000,8.39,120,1887.99,2022-02-05,2032-02-05,Active,59,2022-01-20,2022-02-05,124607.34,54,2026-09-05,
502,47,Education Loan,1112000,7.75,180,10466.99,2025-05-01,2040-05-01,Active,88,2025-04-22,2025-05-01,1727053.35,15,2026-09-01,
726,551,Personal Loan,60000,17.85,48,1757.8,2024-11-02,2028-11-02,Active,23,2024-10-08,2024-11-02,47460.60,21,2026-09-02,
958,814,Gold Loan,659000,12.55,36,22061.75,2022-01-11,2025-01-11,Approved,89,2021-12-26,2022-01-11,0.00,36,2025-02-11,
141,1175,Car Loan,698000,9.66,72,12811.68,2022-03-27,2028-03-27,Closed,63,2022-03-01,2022-03-27,0.00,72,,
600,946,Gold Loan,554000,10.87,12,48929.85,2024-07-26,2025-07-26,Active,10,2024-07-13,2024-07-26,0.00,12,2025-08-26,
55,360,Car Loan,892000,9.88,36,28732.1,2022-07-08,2025-07-08,Active,49,2022-07-02,2022-07-08,0.00,36,2025-08-08,
203,687,Home Loan,3514000,7.8,132,39736.48,2023-07-06,2034-07-06,Active,81,2023-06-18,2023-07-06,3774965.60,37,2026-09-06,
51,529,Education Loan,667000,8.7,96,9668.19,2025-03-09,2033-03-09,Closed,24,2025-02-26,2025-03-09,0.00,96,,
737,282,Home Loan,4316000,8.7,180,43008.86,2024-12-05,2039-12-05,Active,51,2024-11-14,2024-12-05,6881417.60,20,2026-09-05,
251,1367,Personal Loan,232000,16.71,84,4702.31,2025-07-30,2032-07-30,Pending,,,2025-07-30,232000,0,,
621,681,Business Loan,3417000,9.56,96,51057.99,2025-07-10,2033-07-10,Approved,65,2025-06-13,2025-07-10,4237813.17,13,2026-09-10,
80,829,Education Loan,1568000,7.17,84,23795.84,2025-04-03,2032-04-03,Pending,,,2025-04-03,1568000,0,,
50,1052,Personal Loan,219000,13.88,24,10502.41,2026-04-22,2028-04-22,Active,60,2026-04-03,2026-04-22,210048.20,4,2026-09-22,
530,456,Gold Loan,323000,9.44,48,8105.52,2026-04-01,2030-04-01,Active,86,2026-03-09,2026-04-01,356642.88,4,2026-09-01,
654,1202,Home Loan,4788000,7.82,168,46976.31,2024-07-01,2038-07-01,Active,33,2024-06-10,2024-07-01,6717612.33,25,2026-09-01,
15,644,Home Loan,3953000,9.39,180,41016.22,2023-10-25,2038-10-25,Active,87,2023-10-08,2023-10-25,5988368.12,34,2026-09-25,
507,1489,Car Loan,423000,9.42,60,8867.26,2026-05-04,2031-05-04,Pending,,,2026-05-04,423000,0,,
172,129,Home Loan,4678000,8.37,204,43058.03,2023-06-02,2040-06-02,Approved,62,2023-05-23,2023-06-02,7147632.98,38,2026-09-02,
921,1360,Business Loan,1317000,10.7,60,28438.13,2023-10-19,2028-10-19,Active,67,2023-09-25,2023-10-19,739391.38,34,2026-09-19,
973,1142,Car Loan,1905000,7.54,60,38208.51,2023-05-19,2028-05-19,Active,85,2023-05-01,2023-05-19,802378.71,39,2026-09-19,
349,36,Home Loan,5919000,7.29,228,48030.34,2023-02-12,2042-02-12,Approved,53,2023-01-17,2023-02-12,8933643.24,42,2026-09-12,
622,542,Home Loan,6220000,7.52,168,59977.1,2024-03-16,2038-03-16,Rejected,,,2024-03-16,0.00,0,,Unstable employment history
305,880,Personal Loan,130000,14.58,72,2719.29,2022-04-03,2028-04-03,Defaulted,18,2022-03-05,2022-04-03,54385.80,52,2026-09-03,
937,452,Personal Loan,1485000,11.01,48,38387.81,2025-07-10,2029-07-10,Pending,,,2025-07-10,1485000,0,,
629,1112,Business Loan,2491000,14.97,48,69288.52,2025-09-28,2029-09-28,Active,16,2025-09-16,2025-09-28,2563675.24,11,2026-09-28,
222,468,Business Loan,776000,10.23,24,35890.9,2024-07-23,2026-07-23,Defaulted,20,2024-07-16,2024-07-23,107672.70,21,2026-05-23,
182,598,Business Loan,1903000,15.48,96,34680.76,2025-11-16,2033-11-16,Active,75,2025-11-06,2025-11-16,3017226.12,9,2026-09-16,
585,230,Personal Loan,1071000,17.99,36,38713.84,2024-08-03,2027-08-03,Active,83,2024-07-20,2024-08-03,464566.08,24,2026-09-03,
63,1051,Gold Loan,495000,10.9,60,10737.83,2022-06-24,2027-06-24,Defaulted,72,2022-06-10,2022-06-24,107378.30,50,2026-09-24,
82,206,Car Loan,1878000,11.37,48,48876.03,2023-12-30,2027-12-30,Active,26,2023-12-03,2023-12-30,782016.48,32,2026-09-30,
285,815,Education Loan,1875000,8.13,120,22877.93,2022-03-15,2032-03-15,Active,90,2022-02-15,2022-03-15,1532821.31,53,2026-09-15,
456,51,Personal Loan,480000,11.95,84,8460.48,2026-07-17,2033-07-17,Closed,17,2026-07-05,2026-07-17,0.00,84,,
746,1342,Business Loan,2740000,10.72,84,46513.06,2023-07-25,2030-07-25,Rejected,,,2023-07-25,0.00,0,,High existing liabilities
42,799,Personal Loan,1260000,13.22,72,25439.91,2025-09-11,2031-09-11,Closed,52,2025-08-20,2025-09-11,0.00,72,,
776,11,Car Loan,303000,8.52,48,7471.3,2023-10-08,2027-10-08,Active,81,2023-10-07,2023-10-08,104598.20,34,2026-09-08,
687,931,Personal Loan,737000,13.35,36,24956.87,2023-03-31,2026-03-31,Active,25,2023-03-16,2023-03-31,0.00,36,2026-04-30,
97,963,Personal Loan,1053000,17.65,84,21916.29,2025-05-26,2032-05-26,Defaulted,59,2025-05-12,2025-05-26,1512224.01,15,2026-09-26,
592,442,Gold Loan,546000,11.75,48,14311.35,2023-01-04,2027-01-04,Closed,67,2022-12-10,2023-01-04,0.00,48,,
186,676,Business Loan,3595000,9.1,108,48877.51,2021-12-14,2030-12-14,Approved,23,2021-12-06,2021-12-14,2541630.52,56,2026-09-14,
403,1442,Home Loan,3695000,8.37,204,34010.13,2026-06-09,2043-06-09,Approved,45,2026-05-27,2026-06-09,6870046.26,2,2026-09-09,
10,862,Car Loan,820000,7.61,84,12621.95,2022-12-25,2029-12-25,Closed,80,2022-12-04,2022-12-25,0.00,84,,
657,278,Business Loan,2878000,9.19,84,46582.36,2021-12-10,2028-12-10,Active,20,2021-11-29,2021-12-10,1304306.08,56,2026-09-10,
719,280,Business Loan,2886000,13.85,24,138360.76,2025-03-12,2027-03-12,Pending,,,2025-03-12,2886000,0,,
666,1189,Home Loan,4850000,7.5,144,51178.48,2023-10-01,2035-10-01,Closed,12,2023-09-28,2023-10-01,0.00,144,,
666,1097,Home Loan,7031000,7.34,240,55955.38,2021-12-28,2041-12-28,Active,62,2021-12-18,2021-12-28,10295789.92,56,2026-09-28,
175,1206,Home Loan,2562000,9.35,168,27400.49,2024-04-15,2038-04-15,Active,80,2024-03-23,2024-04-15,3836068.60,28,2026-09-15,
239,438,Gold Loan,818000,8.28,36,25738.94,2021-10-10,2024-10-10,Active,14,2021-09-22,2021-10-10,0.00,36,2024-11-10,
16,629,Education Loan,418000,8.28,72,7386.17,2024-11-19,2030-11-19,Approved,45,2024-11-03,2024-11-19,376694.67,21,2026-09-19,
473,1348,Education Loan,479000,7.12,144,4956.64,2023-05-31,2035-05-31,Defaulted,73,2023-05-17,2023-05-31,520447.20,39,2026-09-30,
875,1423,Personal Loan,808000,14.33,48,22213.78,2025-02-03,2029-02-03,Active,32,2025-01-14,2025-02-03,666413.40,18,2026-09-03,
404,1132,Home Loan,7503000,9.09,168,79096.99,2021-12-18,2035-12-18,Active,92,2021-11-21,2021-12-18,8858862.88,56,2026-09-18,
800,1500,Personal Loan,181000,13.48,60,4162.92,2022-10-16,2027-10-16,Active,36,2022-10-10,2022-10-16,58280.88,46,2026-09-16,
88,382,Business Loan,4466000,14.39,60,104821.2,2023-11-07,2028-11-07,Active,42,2023-11-05,2023-11-07,2830172.40,33,2026-09-07,
659,1264,Personal Loan,485000,15.68,84,9544.92,2025-01-21,2032-01-21,Closed,73,2025-01-01,2025-01-21,0.00,84,,
440,328,Education Loan,718000,8.8,144,8090.4,2023-09-29,2035-09-29,Pending,,,2023-09-29,718000,0,,
344,738,Education Loan,210000,8.05,60,4263.07,2022-06-21,2027-06-21,Active,45,2022-05-30,2022-06-21,42630.70,50,2026-09-21,
958,904,Gold Loan,352000,8.97,36,11188.59,2026-01-16,2029-01-16,Active,57,2025-12-20,2026-01-16,324469.11,7,2026-09-16,
104,1482,Car Loan,2165000,10.22,60,46234.56,2024-04-03,2029-04-03,Active,87,2024-03-22,2024-04-03,1479505.92,28,2026-09-03,
173,1248,Gold Loan,540000,9.19,12,47271.39,2023-05-02,2024-05-02,Defaulted,2,2023-04-30,2023-05-02,141814.17,9,2024-03-02,
162,302,Gold Loan,73000,10.72,12,6442.33,2025-11-29,2026-11-29,Active,72,2025-10-31,2025-11-29,19326.99,9,2026-09-29,
65,39,Home Loan,7121000,9.26,132,86198.68,2025-12-30,2036-12-30,Active,50,2025-12-04,2025-12-30,10688636.32,8,2026-09-30,
349,36,Education Loan,626000,8.83,72,11231.24,2021-11-08,2027-11-08,Active,30,2021-10-23,2021-11-08,168468.60,57,2026-09-08,
553,1336,Home Loan,1179000,8.97,180,11937.17,2024-05-02,2039-05-02,Closed,3,2024-04-19,2024-05-02,0.00,180,,
760,965,Personal Loan,223000,11.79,36,7384.44,2025-05-16,2028-05-16,Active,94,2025-05-07,2025-05-16,155073.24,15,2026-09-16,
657,278,Personal Loan,1130000,14.22,72,23417.81,2024-04-26,2030-04-26,Active,62,2024-04-05,2024-04-26,1030383.64,28,2026-09-26,
761,1311,Gold Loan,743000,13.89,24,35634.97,2024-12-12,2026-12-12,Rejected,,,2024-12-12,0.00,0,,Eligibility criteria not met
892,863,Education Loan,1641000,8.31,156,17237.92,2026-05-21,2039-05-21,Closed,30,2026-05-12,2026-05-21,0.00,156,,
485,1246,Business Loan,2686000,14.54,36,92507.15,2026-04-26,2029-04-26,Pending,,,2026-04-26,2686000,0,,
933,394,Car Loan,1515000,8.87,72,27211.04,2024-09-01,2030-09-01,Closed,32,2024-08-07,2024-09-01,0.00,72,,
842,636,Business Loan,1756000,15.03,36,60898.12,2025-12-22,2028-12-22,Closed,11,2025-12-17,2025-12-22,0.00,36,,
208,259,Home Loan,2562000,7.32,204,21986.93,2023-06-18,2040-06-18,Closed,18,2023-06-11,2023-06-18,0.00,204,,
789,1216,Education Loan,511000,8.14,144,5570.63,2025-05-29,2037-05-29,Approved,6,2025-05-27,2025-05-29,718611.27,15,2026-09-29,
410,91,Gold Loan,805000,9.14,60,16765.23,2025-07-22,2030-07-22,Active,39,2025-06-26,2025-07-22,787965.81,13,2026-09-22,
951,609,Home Loan,6261000,7.96,180,59688.89,2022-08-30,2037-08-30,Closed,11,2022-08-28,2022-08-30,0.00,180,,
724,415,Education Loan,608000,7.43,168,5832.14,2026-07-15,2040-07-15,Approved,91,2026-06-16,2026-07-15,973967.38,1,2026-09-15,
586,94,Education Loan,238000,8.92,96,3476.88,2026-01-09,2034-01-09,Active,81,2025-12-11,2026-01-09,309442.32,7,2026-09-09,
905,6,Education Loan,173000,10.47,168,1966.33,2022-06-23,2036-06-23,Closed,15,2022-06-21,2022-06-23,0.00,168,,
949,1230,Personal Loan,1250000,16.3,48,35617.7,2023-01-20,2027-01-20,Rejected,,,2023-01-20,0.00,0,,High existing liabilities
241,1365,Education Loan,614000,9.61,96,9190.71,2024-01-09,2032-01-09,Closed,94,2023-12-27,2024-01-09,0.00,96,,
823,1058,Education Loan,447000,9.04,144,5097.07,2024-04-28,2036-04-28,Pending,,,2024-04-28,447000,0,,
821,178,Business Loan,583000,13.11,48,15672.28,2025-05-31,2029-05-31,Pending,,,2025-05-31,583000,0,,
164,1035,Personal Loan,1161000,15.98,48,32891.18,2021-09-11,2025-09-11,Pending,,,2021-09-11,1161000,0,,
825,792,Personal Loan,851000,11.01,24,39667.22,2025-02-22,2027-02-22,Active,50,2025-02-19,2025-02-22,238003.32,18,2026-09-22,
374,388,Home Loan,6743000,8.54,180,66559.19,2022-03-13,2037-03-13,Approved,29,2022-03-07,2022-03-13,8453017.13,53,2026-09-13,
789,1216,Personal Loan,1500000,13.02,60,34144.97,2026-03-12,2031-03-12,Approved,28,2026-02-18,2026-03-12,1877973.35,5,2026-09-12,
126,29,Education Loan,1385000,8.65,132,16299.17,2023-08-31,2034-08-31,Defaulted,90,2023-08-02,2023-08-31,1564720.32,36,2026-09-30,
757,1346,Gold Loan,380000,8.05,24,17195.04,2024-04-16,2026-04-16,Active,3,2024-04-04,2024-04-16,0.00,24,2026-05-16,
279,825,Car Loan,1039000,8.89,84,16658.61,2022-05-10,2029-05-10,Closed,6,2022-04-29,2022-05-10,0.00,84,,
491,381,Business Loan,1438000,11.21,60,31416.42,2025-04-19,2030-04-19,Defaulted,34,2025-03-31,2025-04-19,1382322.48,16,2026-09-19,
674,450,Home Loan,7271000,9.23,168,77248.91,2024-12-23,2038-12-23,Pending,,,2024-12-23,7271000,0,,
693,1066,Education Loan,1681000,8.53,60,34512.6,2023-04-27,2028-04-27,Pending,,,2023-04-27,1681000,0,,
821,433,Business Loan,4952000,9.65,72,90868.34,2024-11-27,2030-11-27,Active,25,2024-11-21,2024-11-27,4634285.34,21,2026-09-27,
660,1260,Car Loan,457000,8.69,84,7281.01,2023-06-07,2030-06-07,Closed,20,2023-06-03,2023-06-07,0.00,84,,
119,427,Personal Loan,330000,16.09,24,16172.02,2024-06-12,2026-06-12,Approved,51,2024-05-27,2024-06-12,0.00,24,2026-07-12,
64,556,Education Loan,237000,9.65,144,2784.62,2025-10-27,2037-10-27,Active,59,2025-10-19,2025-10-27,373139.08,10,2026-09-27,
335,945,Personal Loan,482000,12.65,36,16159.35,2022-06-24,2025-06-24,Active,22,2022-05-29,2022-06-24,0.00,36,2025-07-24,
870,426,Education Loan,1612000,8.65,120,20116.05,2022-05-29,2032-05-29,Closed,12,2022-05-09,2022-05-29,0.00,120,,
52,938,Gold Loan,327000,12.39,24,15452.65,2024-11-10,2026-11-10,Active,73,2024-10-12,2024-11-10,46357.95,21,2026-09-10,
21,619,Gold Loan,858000,10.54,48,21984.28,2025-12-03,2029-12-03,Active,85,2025-11-14,2025-12-03,879371.20,8,2026-09-03,
861,608,Education Loan,1352000,9.44,60,28354.89,2026-03-01,2031-03-01,Active,69,2026-02-20,2026-03-01,1559518.95,5,2026-09-01,
15,644,Education Loan,198000,8.11,72,3482.23,2024-03-24,2030-03-24,Active,64,2024-02-26,2024-03-24,149735.89,29,2026-09-24,
566,115,Home Loan,3081000,8.68,168,31744.08,2021-12-10,2035-12-10,Approved,61,2021-12-03,2021-12-10,3555336.96,56,2026-09-10,
56,1272,Car Loan,2104000,8.24,36,66164.91,2025-06-29,2028-06-29,Active,47,2025-06-02,2025-06-29,1455628.02,14,2026-09-29,
263,1373,Home Loan,4719000,7.41,156,47210.14,2025-10-03,2038-10-03,Active,48,2025-09-16,2025-10-03,6892680.44,10,2026-09-03,
384,192,Business Loan,1813000,15.4,48,50825.52,2022-11-30,2026-11-30,Pending,,,2022-11-30,1813000,0,,
714,1261,Personal Loan,1483000,10.91,60,32177.49,2022-07-13,2027-07-13,Active,74,2022-06-29,2022-07-13,353952.39,49,2026-09-13,
797,1065,Gold Loan,591000,13.96,24,28364.45,2022-08-29,2024-08-29,Active,18,2022-08-04,2022-08-29,0.00,24,2024-09-29,
153,955,Business Loan,2798000,14.62,84,53397.52,2022-01-01,2029-01-01,Active,83,2021-12-17,2022-01-01,1548528.08,55,2026-09-01,
724,1305,Business Loan,3513000,10.75,120,47895.78,2024-03-04,2034-03-04,Rejected,,,2024-03-04,0.00,0,,Eligibility criteria not met
252,174,Personal Loan,1329000,14.54,12,119665.01,2024-03-31,2025-03-31,Active,6,2024-03-03,2024-03-31,0.00,12,2025-04-30,
462,831,Car Loan,1397000,8.6,60,28728.97,2026-03-19,2031-03-19,Active,78,2026-02-23,2026-03-19,1580093.35,5,2026-09-19,
175,1206,Business Loan,817000,11.2,48,21195.23,2022-03-07,2026-03-07,Active,82,2022-03-03,2022-03-07,0.00,48,2026-04-07,
25,295,Car Loan,333000,10.38,36,10804.48,2025-10-17,2028-10-17,Active,21,2025-09-26,2025-10-17,280916.48,10,2026-09-17,
47,173,Car Loan,801000,8.75,36,25378.49,2023-12-03,2026-12-03,Active,9,2023-11-09,2023-12-03,101513.96,32,2026-09-03,
491,1158,Car Loan,1830000,9.06,48,45591.78,2024-05-06,2028-05-06,Approved,3,2024-04-06,2024-05-06,957427.38,27,2026-09-06,
339,891,Education Loan,1135000,9.42,108,15625.02,2024-02-06,2033-02-06,Approved,62,2024-01-18,2024-02-06,1218751.56,30,2026-09-06,
695,1421,Car Loan,1110000,9.29,36,35447.71,2025-12-28,2028-12-28,Defaulted,95,2025-12-08,2025-12-28,992535.88,8,2026-09-28,
228,301,Education Loan,1472000,7.66,96,20555.72,2025-10-11,2033-10-11,Defaulted,8,2025-09-27,2025-10-11,1767791.92,10,2026-09-11,
553,241,Home Loan,3872000,7.94,120,46855.38,2025-07-23,2035-07-23,Active,61,2025-07-08,2025-07-23,5013525.66,13,2026-09-23,
230,653,Gold Loan,203000,12.28,36,6769.69,2022-05-14,2025-05-14,Closed,50,2022-05-06,2022-05-14,0.00,36,,
101,580,Gold Loan,709000,8.57,36,22404.39,2021-11-03,2024-11-03,Rejected,,,2021-11-03,0.00,0,,Incomplete documentation
170,1369,Home Loan,3652000,8.1,180,35111.57,2022-01-22,2037-01-22,Closed,15,2022-01-03,2022-01-22,0.00,180,,
254,588,Education Loan,904000,8.29,60,18455.58,2026-05-01,2031-05-01,Closed,87,2026-04-24,2026-05-01,0.00,60,,
160,795,Personal Loan,872000,14.1,84,16389.5,2023-02-14,2030-02-14,Active,96,2023-01-27,2023-02-14,688359.00,42,2026-09-14,
675,1088,Education Loan,1736000,7.69,168,16905.15,2023-11-26,2037-11-26,Approved,82,2023-11-05,2023-11-26,2282195.25,33,2026-09-26,
583,873,Car Loan,1633000,9.36,36,52203.0,2026-04-18,2029-04-18,Closed,16,2026-04-10,2026-04-18,0.00,36,,
651,596,Business Loan,1109000,13.46,60,25495.07,2026-05-04,2031-05-04,Closed,20,2026-04-22,2026-05-04,0.00,60,,
632,1045,Home Loan,7420000,9.42,216,71443.11,2022-08-09,2040-08-09,Approved,27,2022-07-23,2022-08-09,12002442.48,48,2026-09-09,
923,741,Car Loan,1435000,11.46,72,27653.19,2024-01-02,2030-01-02,Rejected,,,2024-01-02,0.00,0,,Incomplete documentation
443,1157,Gold Loan,619000,10.1,36,20002.46,2025-10-28,2028-10-28,Approved,71,2025-10-12,2025-10-28,520063.96,10,2026-09-28,
563,341,Business Loan,3882000,11.58,108,58029.56,2023-06-25,2032-06-25,Rejected,,,2023-06-25,0.00,0,,High existing liabilities
629,501,Education Loan,1207000,7.76,180,11368.11,2022-09-10,2037-09-10,Closed,36,2022-09-08,2022-09-10,0.00,180,,
786,895,Personal Loan,265000,15.19,36,9210.99,2023-04-12,2026-04-12,Active,24,2023-04-05,2023-04-12,0.00,36,2026-05-12,
882,357,Business Loan,4590000,13.56,108,73794.08,2023-12-27,2032-12-27,Defaulted,69,2023-12-21,2023-12-27,5608350.08,32,2026-09-27,
160,196,Gold Loan,768000,11.95,36,25490.25,2023-03-04,2026-03-04,Defaulted,93,2023-02-03,2023-03-04,76470.75,33,2026-01-04,
335,398,Education Loan,1298000,8.45,108,17202.6,2025-06-04,2034-06-04,Active,51,2025-05-31,2025-06-04,1617044.40,14,2026-09-04,
343,252,Business Loan,2999000,10.87,24,139595.97,2022-03-10,2024-03-10,Active,48,2022-02-08,2022-03-10,0.00,24,2024-04-10,
202,768,Car Loan,545000,10.88,48,14054.07,2022-07-25,2026-07-25,Closed,82,2022-07-10,2022-07-25,0.00,48,,
186,676,Personal Loan,1399000,11.64,24,65620.84,2026-02-24,2028-02-24,Pending,,,2026-02-24,1399000,0,,
699,1285,Car Loan,1045000,9.48,72,19086.6,2021-09-15,2027-09-15,Closed,100,2021-08-28,2021-09-15,0.00,72,,
786,895,Business Loan,1273000,11.98,48,33510.47,2021-12-12,2025-12-12,Active,47,2021-11-13,2021-12-12,0.00,48,2026-01-12,
777,817,Business Loan,2708000,14.38,96,47629.54,2022-10-20,2030-10-20,Active,64,2022-09-20,2022-10-20,2381477.00,46,2026-09-20,
399,870,Personal Loan,131000,11.79,48,3436.24,2026-01-30,2030-01-30,Closed,54,2026-01-26,2026-01-30,0.00,48,,
653,675,Home Loan,2121000,8.04,120,25778.43,2023-02-06,2033-02-06,Defaulted,76,2023-01-19,2023-02-06,2010717.54,42,2026-09-06,
951,1254,Business Loan,3621000,14.39,108,59973.94,2025-06-27,2034-06-27,Closed,6,2025-06-05,2025-06-27,0.00,108,,
786,106,Gold Loan,865000,10.57,12,76276.75,2025-08-01,2026-08-01,Active,8,2025-07-21,2025-08-01,0.00,12,2026-09-01,
808,854,Gold Loan,193000,10.52,60,4150.24,2023-07-17,2028-07-17,Closed,84,2023-06-28,2023-07-17,0.00,60,,
452,711,Business Loan,3403000,14.86,84,65399.85,2025-12-14,2032-12-14,Closed,50,2025-12-07,2025-12-14,0.00,84,,
665,758,Personal Loan,984000,17.3,60,24613.94,2023-09-23,2028-09-23,Active,15,2023-09-01,2023-09-23,615348.50,35,2026-09-23,
290,478,Car Loan,2418000,9.9,60,51256.46,2023-11-24,2028-11-24,Defaulted,57,2023-10-29,2023-11-24,1383924.42,33,2026-09-24,
245,326,Car Loan,1076000,9.51,84,17591.64,2023-10-01,2030-10-01,Active,43,2023-09-21,2023-10-01,879582.00,34,2026-09-01,
723,235,Gold Loan,844000,8.92,60,17487.3,2025-06-29,2030-06-29,Defaulted,80,2025-06-07,2025-06-29,804415.80,14,2026-09-29,
379,658,Car Loan,598000,8.33,84,9419.18,2024-06-05,2031-06-05,Closed,57,2024-06-01,2024-06-05,0.00,84,,
917,1415,Personal Loan,426000,14.35,24,20524.0,2025-08-25,2027-08-25,Approved,62,2025-08-22,2025-08-25,246288.00,12,2026-09-25,
489,682,Home Loan,2491000,8.34,180,24296.8,2024-11-10,2039-11-10,Rejected,,,2024-11-10,0.00,0,,Eligibility criteria not met
753,1081,Education Loan,386000,7.54,168,3726.37,2024-04-08,2038-04-08,Closed,44,2024-03-20,2024-04-08,0.00,168,,
203,687,Gold Loan,361000,9.43,24,16563.51,2022-07-19,2024-07-19,Approved,100,2022-06-22,2022-07-19,0.00,24,2024-08-19,
952,464,Business Loan,3638000,9.91,84,60226.07,2024-10-03,2031-10-03,Defaulted,34,2024-09-13,2024-10-03,3734016.34,22,2026-09-03,
250,86,Car Loan,2076000,11.38,36,68339.77,2023-06-08,2026-06-08,Active,31,2023-05-20,2023-06-08,0.00,36,2026-07-08,
339,846,Gold Loan,799000,9.05,48,19902.12,2023-10-08,2027-10-08,Active,74,2023-10-06,2023-10-08,278629.68,34,2026-09-08,
874,1094,Home Loan,6627000,9.41,168,71110.39,2023-07-11,2037-07-11,Active,91,2023-06-21,2023-07-11,9315461.09,37,2026-09-11,
738,1237,Personal Loan,1477000,16.56,48,42283.42,2024-06-01,2028-06-01,Active,54,2024-05-26,2024-06-01,930235.24,26,2026-09-01,
930,1110,Business Loan,2568000,10.99,24,119677.01,2023-01-20,2025-01-20,Active,23,2023-01-11,2023-01-20,0.00,24,2025-02-20,
56,1272,Home Loan,7340000,8.02,120,89132.04,2022-12-19,2032-12-19,Pending,,,2022-12-19,7340000,0,,
821,273,Business Loan,4040000,10.86,84,68877.61,2024-11-13,2031-11-13,Closed,21,2024-11-12,2024-11-13,0.00,84,,
912,633,Home Loan,6641000,7.38,120,78414.54,2025-02-03,2035-02-03,Pending,,,2025-02-03,6641000,0,,
843,749,Home Loan,3178000,7.71,240,26011.37,2024-11-30,2044-11-30,Rejected,,,2024-11-30,0.00,0,,Incomplete documentation
592,253,Education Loan,595000,8.83,84,9521.75,2023-04-06,2030-04-06,Active,11,2023-03-18,2023-04-06,418957.00,40,2026-09-06,
502,1178,Education Loan,187000,7.2,72,3206.15,2025-11-15,2031-11-15,Active,62,2025-11-02,2025-11-15,201987.45,9,2026-09-15,
227,905,Personal Loan,118000,10.04,24,5447.28,2025-02-07,2027-02-07,Closed,42,2025-01-24,2025-02-07,0.00,24,,
242,1286,Home Loan,6064000,7.84,168,59563.98,2021-08-26,2035-08-26,Active,13,2021-08-06,2021-08-26,6432909.84,60,2026-09-26,
639,425,Home Loan,4860000,7.12,168,45782.13,2023-11-04,2037-11-04,Approved,27,2023-10-31,2023-11-04,6180587.55,33,2026-09-04,
150,1299,Business Loan,2945000,10.99,120,40550.71,2025-10-02,2035-10-02,Closed,69,2025-09-07,2025-10-02,0.00,120,,
996,1125,Business Loan,4777000,13.5,48,129343.59,2022-04-11,2026-04-11,Active,42,2022-03-23,2022-04-11,0.00,48,2026-05-11,
212,837,Business Loan,585000,10.65,36,19055.33,2023-07-19,2026-07-19,Closed,67,2023-06-28,2023-07-19,0.00,36,,
440,328,Home Loan,6607000,8.18,180,63828.4,2023-01-11,2038-01-11,Closed,26,2022-12-12,2023-01-11,0.00,180,,
401,439,Personal Loan,1181000,15.06,60,28133.12,2023-07-30,2028-07-30,Active,16,2023-07-22,2023-07-30,647061.76,37,2026-09-30,
742,1049,Education Loan,334000,8.02,60,6775.51,2024-03-09,2029-03-09,Active,27,2024-02-25,2024-03-09,210040.81,29,2026-09-09,
449,440,Education Loan,194000,8.46,84,3068.38,2025-07-27,2032-07-27,Active,30,2025-07-04,2025-07-27,217854.98,13,2026-09-27,
204,1338,Education Loan,290000,6.51,120,3294.37,2025-05-14,2035-05-14,Approved,26,2025-05-04,2025-05-14,345908.85,15,2026-09-14,
943,534,Gold Loan,81000,10.36,48,2068.4,2023-04-07,2027-04-07,Active,90,2023-03-20,2023-04-07,16547.20,40,2026-09-07,
585,230,Home Loan,2274000,8.94,192,22305.41,2021-11-19,2037-11-19,Active,61,2021-11-16,2021-11-19,3011230.35,57,2026-09-19,
543,1278,Car Loan,2057000,8.8,72,36874.68,2025-11-15,2031-11-15,Active,53,2025-11-08,2025-11-15,2323104.84,9,2026-09-15,
399,1484,Personal Loan,382000,15.62,84,7504.87,2023-01-29,2030-01-29,Rejected,,,2023-01-29,0.00,0,,Unstable employment history
831,549,Home Loan,3587000,7.59,204,31350.07,2025-09-30,2042-09-30,Active,96,2025-09-06,2025-09-30,6050563.51,11,2026-09-30,
690,703,Gold Loan,317000,10.39,12,27926.87,2022-07-30,2023-07-30,Defaulted,64,2022-07-09,2022-07-30,83780.61,9,2023-05-30,
374,388,Home Loan,5566000,7.21,192,48934.57,2022-12-19,2038-12-19,Closed,86,2022-12-17,2022-12-19,0.00,192,,
532,436,Business Loan,3396000,9.43,108,46769.32,2025-05-08,2034-05-08,Active,86,2025-05-01,2025-05-08,4349546.76,15,2026-09-08,
499,510,Home Loan,7559000,7.09,156,74301.73,2023-12-16,2036-12-16,Pending,,,2023-12-16,7559000,0,,
798,1399,Business Loan,3937000,12.47,84,70492.24,2023-11-13,2030-11-13,Pending,,,2023-11-13,3937000,0,,
742,753,Home Loan,6027000,7.69,168,58690.88,2026-05-09,2040-05-09,Closed,9,2026-04-28,2026-05-09,0.00,168,,
528,20,Car Loan,1522000,9.08,60,31653.34,2023-02-03,2028-02-03,Closed,53,2023-01-27,2023-02-03,0.00,60,,
360,1282,Business Loan,2027000,13.98,24,97302.96,2023-10-16,2025-10-16,Pending,,,2023-10-16,2027000,0,,
553,1336,Personal Loan,110000,15.51,72,2356.53,2024-05-20,2030-05-20,Active,6,2024-04-29,2024-05-20,106043.85,27,2026-09-20,
238,177,Gold Loan,723000,8.08,36,22682.88,2022-03-09,2025-03-09,Defaulted,11,2022-02-17,2022-03-09,68048.64,33,2025-01-09,
610,338,Business Loan,594000,10.45,108,8508.17,2023-11-04,2032-11-04,Defaulted,2,2023-10-21,2023-11-04,638112.75,33,2026-09-04,
870,919,Personal Loan,930000,12.87,72,18605.17,2021-09-06,2027-09-06,Rejected,,,2021-09-06,0.00,0,,Unstable employment history
957,327,Car Loan,1763000,8.37,48,43346.83,2025-06-23,2029-06-23,Active,98,2025-05-28,2025-06-23,1473792.22,14,2026-09-23,
259,1182,Gold Loan,445000,8.61,48,10991.62,2024-10-15,2028-10-15,Pending,,,2024-10-15,445000,0,,
489,930,Home Loan,2299000,8.57,168,23540.75,2022-06-11,2036-06-11,Active,38,2022-06-08,2022-06-11,2777808.50,50,2026-09-11,
71,1029,Gold Loan,628000,13.06,60,14308.23,2025-10-25,2030-10-25,Pending,,,2025-10-25,628000,0,,
707,524,Education Loan,110000,8.15,132,1264.6,2025-08-07,2036-08-07,Closed,68,2025-07-08,2025-08-07,0.00,132,,
393,1026,Home Loan,2962000,8.57,228,26356.43,2022-10-08,2041-10-08,Defaulted,21,2022-09-25,2022-10-08,4796870.26,46,2026-09-08,
370,726,Personal Loan,788000,15.98,48,22324.07,2025-08-21,2029-08-21,Active,80,2025-08-18,2025-08-21,803666.52,12,2026-09-21,
43,28,Education Loan,1222000,9.1,84,19722.93,2026-05-07,2033-05-07,Active,10,2026-04-17,2026-05-07,1597557.33,3,2026-09-07,
326,483,Personal Loan,922000,17.88,72,20966.29,2025-11-15,2031-11-15,Closed,100,2025-11-09,2025-11-15,0.00,72,,
448,67,Gold Loan,288000,9.76,24,13257.86,2023-09-12,2025-09-12,Active,79,2023-09-06,2023-09-12,0.00,24,2025-10-12,
468,673,Car Loan,1152000,9.46,72,21029.4,2023-01-29,2029-01-29,Active,48,2023-01-25,2023-01-29,609852.60,43,2026-09-29,
835,665,Business Loan,1913000,13.4,48,51701.6,2026-05-10,2030-05-10,Active,68,2026-04-24,2026-05-10,2326572.00,3,2026-09-10,
906,411,Business Loan,1978000,9.14,84,31964.91,2021-09-02,2028-09-02,Pending,,,2021-09-02,1978000,0,,
49,1411,Car Loan,335000,9.82,60,7088.13,2021-09-07,2026-09-07,Closed,86,2021-08-15,2021-09-07,0.00,60,,
255,894,Business Loan,2316000,15.55,24,112901.22,2025-06-24,2027-06-24,Active,91,2025-06-05,2025-06-24,1129012.20,14,2026-09-24,
38,247,Gold Loan,67000,13.05,24,3186.88,2021-09-10,2023-09-10,Closed,100,2021-08-28,2021-09-10,0.00,24,,
944,1016,Home Loan,2508000,9.07,228,23107.2,2022-07-06,2041-07-06,Defaulted,96,2022-06-06,2022-07-06,4136188.80,49,2026-09-06,
65,39,Gold Loan,625000,12.1,12,55559.74,2022-05-07,2023-05-07,Active,82,2022-04-29,2022-05-07,0.00,12,2023-06-07,
225,1150,Car Loan,1652000,8.41,84,26087.17,2026-01-09,2033-01-09,Active,48,2025-12-19,2026-01-09,2008712.09,7,2026-09-09,
838,770,Personal Loan,817000,14.47,36,28109.99,2026-03-28,2029-03-28,Active,25,2026-03-01,2026-03-28,871409.69,5,2026-09-28,
299,621,Home Loan,7489000,8.49,204,69474.46,2024-07-04,2041-07-04,Pending,,,2024-07-04,7489000,0,,
128,875,Gold Loan,439000,8.89,12,38368.81,2022-10-15,2023-10-15,Pending,,,2022-10-15,439000,0,,
288,843,Business Loan,2295000,11.49,96,36660.17,2025-10-12,2033-10-12,Approved,52,2025-09-30,2025-10-12,3152774.62,10,2026-09-12,
892,719,Personal Loan,928000,10.67,12,81875.4,2026-06-02,2027-06-02,Closed,40,2026-05-24,2026-06-02,0.00,12,,
496,934,Car Loan,1883000,10.28,60,40268.1,2025-07-19,2030-07-19,Active,75,2025-06-26,2025-07-19,1892600.70,13,2026-09-19,
180,222,Education Loan,1954000,7.99,72,34250.41,2021-12-23,2027-12-23,Closed,44,2021-12-20,2021-12-23,0.00,72,,
954,552,Business Loan,4618000,10.12,108,65315.83,2022-07-06,2031-07-06,Pending,,,2022-07-06,4618000,0,,
105,1072,Business Loan,1490000,12.79,72,29745.53,2024-03-20,2030-03-20,Active,66,2024-03-06,2024-03-20,1279057.79,29,2026-09-20,
170,1106,Car Loan,390000,10.9,84,6657.26,2024-12-17,2031-12-17,Closed,87,2024-11-19,2024-12-17,0.00,84,,
809,635,Personal Loan,434000,16.52,60,10674.32,2026-02-18,2031-02-18,Pending,,,2026-02-18,434000,0,,
946,429,Home Loan,3696000,7.73,144,39462.31,2025-11-23,2037-11-23,Pending,,,2025-11-23,3696000,0,,
162,302,Education Loan,1647000,8.03,84,25695.12,2024-08-07,2031-08-07,Active,5,2024-07-09,2024-08-07,1541707.20,24,2026-09-07,
841,1446,Personal Loan,659000,10.49,60,14161.22,2023-12-12,2028-12-12,Active,72,2023-11-16,2023-12-12,396514.16,32,2026-09-12,
529,1256,Education Loan,1898000,8.09,60,38566.4,2025-05-19,2030-05-19,Rejected,,,2025-05-19,0.00,0,,Incomplete documentation
585,1309,Gold Loan,879000,12.37,24,41529.63,2024-05-27,2026-05-27,Rejected,,,2024-05-27,0.00,0,,Incomplete documentation
170,1369,Business Loan,539000,14.31,84,10193.39,2023-01-24,2030-01-24,Rejected,,,2023-01-24,0.00,0,,High existing liabilities
461,587,Car Loan,323000,8.91,36,10257.79,2024-05-08,2027-05-08,Approved,60,2024-05-01,2024-05-08,92320.11,27,2026-09-08,
114,1310,Business Loan,2168000,13.6,60,49997.11,2022-02-04,2027-02-04,Active,14,2022-01-12,2022-02-04,299982.66,54,2026-09-04,
950,925,Business Loan,4051000,15.38,96,73590.4,2023-04-01,2031-04-01,Pending,,,2023-04-01,4051000,0,,
897,851,Business Loan,747000,11.13,84,12841.58,2025-02-13,2032-02-13,Closed,13,2025-02-08,2025-02-13,0.00,84,,
418,1273,Personal Loan,637000,16.96,84,13002.89,2023-08-15,2030-08-15,Pending,,,2023-08-15,637000,0,,
441,797,Car Loan,779000,8.31,36,24522.59,2024-08-19,2027-08-19,Active,60,2024-08-07,2024-08-19,294271.08,24,2026-09-19,
259,1182,Education Loan,1535000,9.13,120,19552.89,2025-02-21,2035-02-21,Active,51,2025-01-23,2025-02-21,1994394.78,18,2026-09-21,
399,870,Business Loan,2172000,9.41,84,35399.1,2025-01-16,2032-01-16,Active,47,2025-01-15,2025-01-16,2300941.50,19,2026-09-16,
276,757,Gold Loan,666000,10.06,24,30750.97,2021-09-03,2023-09-03,Pending,,,2021-09-03,666000,0,,
462,684,Gold Loan,583000,13.11,24,27747.01,2022-08-01,2024-08-01,Active,52,2022-07-16,2022-08-01,0.00,24,2024-09-01,
936,561,Business Loan,1449000,12.43,72,28653.28,2024-08-09,2030-08-09,Defaulted,78,2024-08-02,2024-08-09,1375357.44,24,2026-09-09,
744,1391,Personal Loan,1188000,11.75,36,39316.9,2025-10-27,2028-10-27,Defaulted,43,2025-10-07,2025-10-27,1022239.40,10,2026-09-27,
793,164,Gold Loan,180000,11.24,36,5913.45,2025-11-10,2028-11-10,Active,86,2025-10-17,2025-11-10,159663.15,9,2026-09-10,
326,821,Business Loan,1223000,9.31,24,56046.55,2025-04-08,2027-04-08,Defaulted,97,2025-03-23,2025-04-08,448372.40,16,2026-09-08,
733,1262,Education Loan,439000,6.82,132,4736.8,2022-07-31,2033-07-31,Active,35,2022-07-06,2022-07-31,393154.40,49,2026-09-30,
746,1342,Home Loan,6308000,7.43,240,50547.16,2023-08-10,2043-08-10,Active,39,2023-08-02,2023-08-10,10311620.64,36,2026-09-10,
220,840,Car Loan,1572000,11.23,60,34359.68,2022-12-14,2027-12-14,Defaulted,85,2022-11-21,2022-12-14,549754.88,44,2026-09-14,
644,1308,Personal Loan,359000,17.46,48,10444.6,2022-10-14,2026-10-14,Active,29,2022-09-22,2022-10-14,20889.20,46,2026-09-14,
61,449,Home Loan,7212000,7.5,156,72507.31,2022-04-17,2035-04-17,Defaulted,41,2022-04-01,2022-04-17,7540760.24,52,2026-09-17,
708,1381,Car Loan,1400000,9.79,36,45036.16,2024-01-02,2027-01-02,Active,96,2024-01-01,2024-01-02,225180.80,31,2026-09-02,
498,973,Business Loan,1013000,10.76,24,47100.95,2024-01-05,2026-01-05,Defaulted,29,2023-12-21,2024-01-05,141302.85,21,2025-11-05,
651,920,Personal Loan,1059000,15.56,12,95863.62,2025-12-21,2026-12-21,Active,45,2025-12-08,2025-12-21,383454.48,8,2026-09-21,
141,1471,Business Loan,3358000,11.06,24,156602.68,2026-02-19,2028-02-19,Active,90,2026-02-01,2026-02-19,2818848.24,6,2026-09-19,
67,63,Home Loan,3124000,9.22,120,39946.42,2023-09-16,2033-09-16,Approved,50,2023-09-01,2023-09-16,3395445.70,35,2026-09-16,
161,991,Gold Loan,877000,11.22,36,28803.31,2024-08-08,2027-08-08,Closed,12,2024-07-11,2024-08-08,0.00,36,,
168,75,Personal Loan,726000,15.93,60,17627.92,2026-05-12,2031-05-12,Closed,11,2026-05-08,2026-05-12,0.00,60,,
91,1101,Car Loan,1480000,10.15,72,27530.32,2021-10-21,2027-10-21,Active,19,2021-10-15,2021-10-21,385424.48,58,2026-09-21,
920,1089,Car Loan,1387000,10.68,60,29935.87,2023-02-21,2028-02-21,Active,29,2023-02-06,2023-02-21,538845.66,42,2026-09-21,
403,1442,Business Loan,969000,10.02,36,31276.0,2022-05-30,2025-05-30,Active,33,2022-05-27,2022-05-30,0.00,36,2025-06-30,
828,1162,Gold Loan,802000,12.78,12,71549.7,2023-05-08,2024-05-08,Approved,49,2023-05-06,2023-05-08,0.00,12,2024-06-08,
893,968,Personal Loan,117000,13.33,48,3158.01,2024-05-11,2028-05-11,Active,45,2024-05-05,2024-05-11,66318.21,27,2026-09-11,
803,922,Home Loan,2625000,8.81,156,28318.6,2022-06-19,2035-06-19,Active,30,2022-06-01,2022-06-19,3001771.60,50,2026-09-19,
321,734,Personal Loan,415000,15.0,36,14386.11,2026-04-30,2029-04-30,Active,88,2026-04-21,2026-04-30,460355.52,4,2026-09-30,
926,1183,Personal Loan,163000,16.33,84,3268.23,2023-09-11,2030-09-11,Closed,10,2023-08-19,2023-09-11,0.00,84,,
235,1203,Car Loan,1400000,10.89,84,23890.52,2022-01-27,2029-01-27,Pending,,,2022-01-27,1400000,0,,
834,126,Business Loan,4459000,11.28,120,62131.58,2026-05-23,2036-05-23,Approved,94,2026-04-24,2026-05-23,7269394.86,3,2026-09-23,
141,277,Business Loan,2320000,15.01,72,49069.03,2024-07-14,2030-07-14,Defaulted,54,2024-07-05,2024-07-14,2306244.41,25,2026-09-14,
242,1214,Education Loan,1149000,9.2,132,13870.19,2025-05-18,2036-05-18,Approved,17,2025-05-11,2025-05-18,1622812.23,15,2026-09-18,
422,495,Personal Loan,1413000,10.37,48,36088.93,2024-02-15,2028-02-15,Defaulted,73,2024-02-09,2024-02-15,649600.74,30,2026-09-15,
708,1381,Personal Loan,1385000,11.24,24,64706.29,2022-12-03,2024-12-03,Active,46,2022-11-05,2022-12-03,0.00,24,2025-01-03,
704,1219,Education Loan,463000,10.44,168,5254.06,2025-06-05,2039-06-05,Pending,,,2025-06-05,463000,0,,
428,347,Education Loan,1079000,9.2,144,12401.2,2025-01-08,2037-01-08,Closed,97,2024-12-18,2025-01-08,0.00,144,,
568,1306,Car Loan,917000,10.65,84,15533.03,2022-12-18,2029-12-18,Active,93,2022-12-14,2022-12-18,621321.20,44,2026-09-18,
995,155,Home Loan,1865000,8.72,120,23343.35,2025-01-16,2035-01-16,Defaulted,70,2025-01-04,2025-01-16,2357678.35,19,2026-09-16,
198,336,Home Loan,6200000,8.09,180,59573.01,2023-08-02,2038-08-02,Active,5,2023-07-27,2023-08-02,8578513.44,36,2026-09-02,
866,65,Car Loan,1015000,10.51,48,25992.33,2023-08-07,2027-08-07,Defaulted,14,2023-07-22,2023-08-07,311907.96,36,2026-09-07,
790,1179,Business Loan,2453000,15.26,84,47693.47,2024-09-25,2031-09-25,Defaulted,100,2024-09-14,2024-09-25,2909301.67,23,2026-09-25,
143,511,Gold Loan,523000,10.18,36,16919.97,2025-05-27,2028-05-27,Active,32,2025-04-27,2025-05-27,355319.37,15,2026-09-27,
599,1463,Personal Loan,1386000,17.84,24,69087.7,2022-09-06,2024-09-06,Active,97,2022-08-10,2022-09-06,0.00,24,2024-10-06,
6,951,Car Loan,942000,8.75,84,15036.67,2026-03-19,2033-03-19,Defaulted,94,2026-02-26,2026-03-19,1187896.93,5,2026-09-19,
518,1319,Home Loan,5995000,9.5,240,55881.26,2022-10-10,2042-10-10,Pending,,,2022-10-10,5995000,0,,
485,1246,Home Loan,4521000,7.51,144,47731.23,2022-12-15,2034-12-15,Active,100,2022-12-10,2022-12-15,4773123.00,44,2026-09-15,
282,764,Education Loan,193000,8.62,108,2575.07,2022-05-11,2031-05-11,Active,68,2022-04-15,2022-05-11,146778.99,51,2026-09-11,
372,593,Gold Loan,54000,12.15,36,1797.44,2024-10-28,2027-10-28,Active,79,2024-10-08,2024-10-28,25164.16,22,2026-09-28,
783,255,Car Loan,2391000,8.26,84,37577.11,2025-03-17,2032-03-17,Defaulted,67,2025-02-18,2025-03-17,2517666.37,17,2026-09-17,
973,1142,Gold Loan,769000,11.5,48,20062.45,2025-01-14,2029-01-14,Defaulted,31,2025-01-10,2025-01-14,581811.05,19,2026-09-14,
284,1059,Business Loan,1726000,15.6,108,29831.61,2024-07-19,2033-07-19,Defaulted,99,2024-07-04,2024-07-19,2476023.63,25,2026-09-19,
570,763,Business Loan,513000,13.11,96,8653.72,2023-02-15,2031-02-15,Closed,80,2023-02-08,2023-02-15,0.00,96,,
87,637,Business Loan,4377000,13.92,84,81831.72,2026-07-16,2033-07-16,Defaulted,84,2026-06-17,2026-07-16,6792032.76,1,2026-09-16,
174,184,Gold Loan,298000,12.3,60,6674.11,2022-05-21,2027-05-21,Active,74,2022-04-24,2022-05-21,60066.99,51,2026-09-21,
44,618,Business Loan,3568000,14.48,120,56433.43,2024-01-20,2034-01-20,Pending,,,2024-01-20,3568000,0,,
762,117,Education Loan,212000,9.77,72,3902.93,2024-03-26,2030-03-26,Defaulted,69,2024-03-23,2024-03-26,167825.99,29,2026-09-26,
592,1107,Business Loan,4324000,11.55,72,83526.59,2022-01-11,2028-01-11,Active,91,2021-12-29,2022-01-11,1419952.03,55,2026-09-11,
607,672,Personal Loan,109000,14.07,12,9790.39,2022-12-14,2023-12-14,Active,45,2022-11-21,2022-12-14,0.00,12,2024-01-14,
862,57,Education Loan,433000,6.58,132,4618.02,2021-12-04,2032-12-04,Pending,,,2021-12-04,433000,0,,
816,746,Car Loan,1127000,10.04,48,28605.29,2025-01-31,2029-01-31,Closed,28,2025-01-16,2025-01-31,0.00,48,,
753,305,Car Loan,2055000,7.94,48,50110.7,2024-04-19,2028-04-19,Defaulted,84,2024-04-10,2024-04-19,1002214.00,28,2026-09-19,
338,1383,Personal Loan,815000,16.88,60,20202.3,2023-07-28,2028-07-28,Closed,18,2023-07-06,2023-07-28,0.00,60,,
462,1244,Gold Loan,677000,10.92,12,59809.12,2022-11-28,2023-11-28,Approved,71,2022-11-05,2022-11-28,0.00,12,2023-12-28,
822,1318,Gold Loan,712000,8.06,12,61955.52,2021-10-04,2022-10-04,Approved,86,2021-09-24,2021-10-04,0.00,12,2022-11-04,
838,1042,Gold Loan,628000,9.48,12,55059.41,2025-04-17,2026-04-17,Defaulted,6,2025-04-03,2025-04-17,165178.23,9,2026-02-17,
787,138,Business Loan,3157000,10.65,108,45565.19,2026-01-05,2035-01-05,Defaulted,30,2025-12-10,2026-01-05,4602084.19,7,2026-09-05,
710,359,Education Loan,248000,6.7,108,3064.01,2022-04-10,2031-04-10,Active,16,2022-03-15,2022-04-10,171584.56,52,2026-09-10,
419,141,Business Loan,3724000,13.77,72,76277.89,2023-10-27,2029-10-27,Active,95,2023-10-10,2023-10-27,2898559.82,34,2026-09-27,
738,319,Personal Loan,1380000,16.04,36,48543.96,2023-10-19,2026-10-19,Active,56,2023-10-02,2023-10-19,97087.92,34,2026-09-19,
125,856,Business Loan,935000,13.62,108,15064.73,2023-07-17,2032-07-17,Rejected,,,2023-07-17,0.00,0,,Unstable employment history
289,202,Education Loan,1410000,9.97,120,18609.84,2026-07-06,2036-07-06,Defaulted,12,2026-07-05,2026-07-06,2214570.96,1,2026-09-06,
470,1325,Business Loan,1986000,10.9,108,28937.28,2025-08-02,2034-08-02,Defaulted,79,2025-07-26,2025-08-02,2777978.88,12,2026-09-02,
231,119,Business Loan,3169000,13.76,108,51317.22,2026-02-14,2035-02-14,Closed,46,2026-01-20,2026-02-14,0.00,108,,
335,398,Car Loan,1667000,11.43,72,32098.16,2022-10-18,2028-10-18,Approved,42,2022-09-20,2022-10-18,834552.16,46,2026-09-18,
916,748,Personal Loan,1126000,13.53,84,20809.99,2022-08-17,2029-08-17,Closed,58,2022-08-02,2022-08-17,0.00,84,,
714,1261,Gold Loan,276000,8.94,24,12601.39,2025-12-19,2027-12-19,Closed,30,2025-11-23,2025-12-19,0.00,24,,
666,1189,Education Loan,309000,9.98,108,4346.97,2023-12-23,2032-12-23,Active,93,2023-12-07,2023-12-23,330369.72,32,2026-09-23,
847,1378,Gold Loan,594000,12.02,12,52781.74,2023-05-21,2024-05-21,Closed,70,2023-05-19,2023-05-21,0.00,12,,
603,1280,Gold Loan,445000,8.23,36,13991.95,2023-12-02,2026-12-02,Approved,96,2023-11-30,2023-12-02,55967.80,32,2026-09-02,
786,106,Gold Loan,313000,9.3,24,14342.45,2026-04-16,2028-04-16,Active,37,2026-04-09,2026-04-16,286849.00,4,2026-09-16,
456,986,Business Loan,3336000,14.23,120,52259.21,2024-07-07,2034-07-07,Rejected,,,2024-07-07,0.00,0,,Incomplete documentation
579,582,Business Loan,3679000,9.4,60,77086.18,2025-02-23,2030-02-23,Defaulted,40,2025-02-12,2025-02-23,3237619.56,18,2026-09-23,
410,1152,Business Loan,1062000,10.86,36,34698.15,2026-06-26,2029-06-26,Defaulted,24,2026-06-22,2026-06-26,1179737.10,2,2026-09-26,
923,351,Car Loan,1860000,9.91,72,34373.7,2023-12-26,2029-12-26,Pending,,,2023-12-26,1860000,0,,
145,707,Personal Loan,92000,13.97,48,2512.65,2024-10-19,2028-10-19,Active,49,2024-09-22,2024-10-19,65328.90,22,2026-09-19,
6,1467,Personal Loan,136000,17.44,60,3412.21,2022-03-30,2027-03-30,Active,21,2022-03-04,2022-03-30,23885.47,53,2026-09-30,
179,135,Home Loan,2337000,8.49,168,23822.03,2026-06-26,2040-06-26,Active,21,2026-06-13,2026-06-26,3954456.98,2,2026-09-26,
455,313,Business Loan,2470000,14.03,24,118626.83,2025-02-14,2027-02-14,Active,1,2025-02-13,2025-02-14,711760.98,18,2026-09-14,
533,487,Personal Loan,795000,12.42,12,70791.08,2024-07-01,2025-07-01,Pending,,,2024-07-01,795000,0,,
266,579,Car Loan,2426000,9.34,36,77530.62,2024-09-29,2027-09-29,Closed,74,2024-09-11,2024-09-29,0.00,36,,
449,440,Car Loan,2326000,10.4,84,39096.79,2021-11-08,2028-11-08,Approved,77,2021-10-29,2021-11-08,1055613.33,57,2026-09-08,
486,454,Gold Loan,313000,12.82,60,7092.9,2023-10-15,2028-10-15,Active,47,2023-09-20,2023-10-15,184415.40,34,2026-09-15,
456,888,Education Loan,798000,10.46,168,9065.29,2025-10-17,2039-10-17,Active,48,2025-10-01,2025-10-17,1432315.82,10,2026-09-17,
742,753,Education Loan,606000,10.39,60,12992.31,2025-12-18,2030-12-18,Approved,63,2025-12-13,2025-12-18,675600.12,8,2026-09-18,
976,1129,Home Loan,6437000,9.19,228,59798.31,2024-07-07,2043-07-07,Active,1,2024-06-10,2024-07-07,12139056.93,25,2026-09-07,
525,1291,Home Loan,3518000,8.82,228,31856.09,2023-10-21,2042-10-21,Closed,61,2023-10-01,2023-10-21,0.00,228,,
83,311,Car Loan,1801000,8.48,60,36932.92,2025-07-08,2030-07-08,Active,55,2025-07-07,2025-07-08,1735847.24,13,2026-09-08,
583,1382,Home Loan,5550000,7.02,204,46665.12,2025-06-22,2042-06-22,Defaulted,7,2025-05-28,2025-06-22,8866372.80,14,2026-09-22,
928,779,Gold Loan,845000,10.71,48,21720.65,2025-08-16,2029-08-16,Active,26,2025-07-27,2025-08-16,781943.40,12,2026-09-16,
341,95,Business Loan,3927000,9.62,48,98883.75,2022-06-06,2026-06-06,Closed,9,2022-05-27,2022-06-06,0.00,48,,
580,233,Car Loan,2363000,10.32,48,60295.58,2023-03-23,2027-03-23,Active,28,2023-03-22,2023-03-23,422069.06,41,2026-09-23,
781,248,Car Loan,758000,9.98,60,16097.8,2022-07-28,2027-07-28,Defaulted,10,2022-07-08,2022-07-28,177075.80,49,2026-09-28,
125,856,Personal Loan,1485000,15.72,24,72511.7,2023-12-13,2025-12-13,Closed,47,2023-12-03,2023-12-13,0.00,24,,
831,549,Car Loan,2335000,11.42,72,44948.5,2025-11-29,2031-11-29,Approved,14,2025-11-10,2025-11-29,2831755.50,9,2026-09-29,
336,366,Business Loan,3991000,13.68,84,74087.66,2024-02-16,2031-02-16,Approved,36,2024-01-24,2024-02-16,4000733.64,30,2026-09-16,
787,404,Car Loan,1002000,7.83,48,24381.87,2024-12-09,2028-12-09,Active,79,2024-11-30,2024-12-09,682692.36,20,2026-09-09,
306,262,Personal Loan,571000,17.26,12,52148.39,2026-07-03,2027-07-03,Pending,,,2026-07-03,571000,0,,
303,125,Business Loan,3286000,13.61,60,75796.7,2025-08-24,2030-08-24,Active,88,2025-08-01,2025-08-24,3638241.60,12,2026-09-24,
160,795,Personal Loan,461000,14.93,24,22337.02,2025-09-15,2027-09-15,Active,19,2025-09-14,2025-09-15,290381.26,11,2026-09-15,
364,1371,Gold Loan,980000,13.31,12,87673.53,2022-11-11,2023-11-11,Active,36,2022-11-08,2022-11-11,0.00,12,2023-12-11,
617,1187,Personal Loan,318000,13.83,36,10842.25,2023-08-02,2026-08-02,Defaulted,50,2023-07-05,2023-08-02,32526.75,33,2026-06-02,
414,209,Education Loan,200000,8.35,120,2463.7,2026-06-28,2036-06-28,Active,43,2026-06-19,2026-06-28,290716.60,2,2026-09-28,
613,929,Car Loan,2013000,7.53,36,62644.56,2025-09-24,2028-09-24,Active,40,2025-09-04,2025-09-24,1566114.00,11,2026-09-24,
467,1190,Education Loan,1164000,6.85,72,19761.31,2023-08-31,2029-08-31,Active,66,2023-08-16,2023-08-31,711407.16,36,2026-09-30,
894,1217,Education Loan,1887000,7.2,168,17859.42,2023-05-16,2037-05-16,Active,28,2023-05-09,2023-05-16,2303865.18,39,2026-09-16,
600,946,Personal Loan,768000,17.88,12,70366.38,2024-08-31,2025-08-31,Active,59,2024-08-28,2024-08-31,0.00,12,2025-09-30,
589,274,Gold Loan,344000,10.11,60,7327.62,2024-12-21,2029-12-21,Active,43,2024-12-13,2024-12-21,293104.80,20,2026-09-21,
926,517,Car Loan,817000,10.19,36,26435.23,2021-10-04,2024-10-04,Pending,,,2021-10-04,817000,0,,
541,1457,Personal Loan,1065000,13.48,72,21649.67,2022-07-25,2028-07-25,Pending,,,2022-07-25,1065000,0,,
541,1457,Education Loan,376000,9.91,144,4473.97,2023-04-13,2035-04-13,Active,17,2023-03-22,2023-04-13,465292.88,40,2026-09-13,
879,943,Business Loan,3052000,11.75,48,79996.75,2024-11-08,2028-11-08,Active,13,2024-10-13,2024-11-08,2159912.25,21,2026-09-08,
565,506,Gold Loan,835000,12.02,36,27741.93,2023-05-13,2026-05-13,Active,27,2023-05-07,2023-05-13,0.00,36,2026-06-13,
33,1351,Home Loan,2456000,9.16,156,26988.58,2023-01-17,2036-01-17,Active,36,2023-01-08,2023-01-17,3049709.54,43,2026-09-17,
239,335,Education Loan,1378000,7.94,156,14189.65,2023-12-25,2036-12-25,Active,48,2023-12-20,2023-12-25,1759516.60,32,2026-09-25,
360,1282,Home Loan,3381000,8.07,132,38723.16,2021-09-13,2032-09-13,Active,14,2021-09-02,2021-09-13,2826790.68,59,2026-09-13,
548,978,Personal Loan,1437000,15.48,24,70003.47,2026-01-31,2028-01-31,Closed,34,2026-01-07,2026-01-31,0.00,24,,
749,563,Home Loan,5707000,7.45,156,57219.66,2022-07-06,2035-07-06,Defaulted,86,2022-06-25,2022-07-06,6122503.62,49,2026-09-06,
17,784,Personal Loan,539000,11.11,48,13959.55,2022-02-01,2026-02-01,Active,40,2022-01-09,2022-02-01,0.00,48,2026-03-01,
178,471,Personal Loan,125000,14.22,72,2590.47,2022-04-20,2028-04-20,Pending,,,2022-04-20,125000,0,,
425,1225,Education Loan,1565000,8.54,84,24815.59,2025-10-26,2032-10-26,Active,59,2025-10-06,2025-10-26,1836353.66,10,2026-09-26,
953,1462,Car Loan,1097000,9.49,36,35135.02,2023-10-03,2026-10-03,Active,18,2023-09-12,2023-10-03,70270.04,34,2026-09-03,
370,1441,Personal Loan,812000,10.7,48,20868.46,2024-03-20,2028-03-20,Active,34,2024-03-03,2024-03-20,396500.74,29,2026-09-20,
531,877,Business Loan,2868000,13.35,36,97118.46,2024-01-10,2027-01-10,Closed,12,2023-12-14,2024-01-10,0.00,36,,
381,1460,Business Loan,2246000,10.5,24,104160.59,2024-12-13,2026-12-13,Active,43,2024-11-30,2024-12-13,416642.36,20,2026-09-13,
472,1464,Home Loan,7391000,8.28,216,65926.11,2024-02-13,2042-02-13,Active,88,2024-01-22,2024-02-13,12262256.46,30,2026-09-13,
105,215,Personal Loan,1232000,12.83,24,58473.2,2023-12-30,2025-12-30,Active,4,2023-12-04,2023-12-30,0.00,24,2026-01-30,
869,1284,Education Loan,654000,9.72,72,12023.76,2025-02-19,2031-02-19,Rejected,,,2025-02-19,0.00,0,,Eligibility criteria not met
895,1077,Car Loan,2135000,8.61,36,67505.57,2026-05-25,2029-05-25,Approved,13,2026-05-05,2026-05-25,2227683.81,3,2026-09-25,
505,632,Gold Loan,521000,13.16,12,46573.42,2023-10-05,2024-10-05,Active,22,2023-10-03,2023-10-05,0.00,12,2024-11-05,
348,1413,Business Loan,3640000,15.59,84,71450.5,2023-02-17,2030-02-17,Closed,80,2023-02-05,2023-02-17,0.00,84,,
182,598,Car Loan,1162000,9.64,60,24483.74,2024-08-02,2029-08-02,Approved,31,2024-07-22,2024-08-02,881414.64,24,2026-09-02,
105,215,Car Loan,2264000,10.42,48,57878.62,2023-04-15,2027-04-15,Active,17,2023-03-21,2023-04-15,463028.96,40,2026-09-15,
810,807,Gold Loan,998000,8.27,60,20365.05,2024-08-04,2029-08-04,Closed,9,2024-07-09,2024-08-04,0.00,60,,
142,504,Home Loan,4196000,8.56,180,41467.38,2025-12-11,2040-12-11,Closed,33,2025-11-24,2025-12-11,0.00,180,,
438,1258,Gold Loan,373000,9.17,24,17069.52,2024-06-10,2026-06-10,Defaulted,12,2024-05-28,2024-06-10,51208.56,21,2026-04-10,
303,560,Car Loan,1028000,10.42,48,26280.58,2022-06-08,2026-06-08,Active,2,2022-05-13,2022-06-08,0.00,48,2026-07-08,
571,484,Home Loan,1199000,7.92,180,11402.96,2026-05-30,2041-05-30,Closed,62,2026-04-30,2026-05-30,0.00,180,,
583,873,Home Loan,3975000,7.19,240,31273.1,2025-08-06,2045-08-06,Active,22,2025-07-28,2025-08-06,7130266.80,12,2026-09-06,
781,1164,Personal Loan,1128000,10.27,72,21051.06,2025-12-02,2031-12-02,Pending,,,2025-12-02,1128000,0,,
406,489,Home Loan,6314000,8.21,192,59180.25,2026-06-27,2042-06-27,Active,79,2026-06-16,2026-06-27,11244247.50,2,2026-09-27,
710,359,Personal Loan,373000,16.58,72,8210.63,2023-11-21,2029-11-21,Active,44,2023-11-09,2023-11-21,320214.57,33,2026-09-21,
179,135,Home Loan,1265000,8.38,240,10882.08,2021-12-06,2041-12-06,Defaulted,68,2021-11-12,2021-12-06,2002302.72,56,2026-09-06,
597,781,Gold Loan,615000,10.13,48,15636.41,2024-03-15,2028-03-15,Approved,44,2024-02-16,2024-03-15,297091.79,29,2026-09-15,
170,250,Gold Loan,815000,8.98,36,25909.2,2025-08-04,2028-08-04,Pending,,,2025-08-04,815000,0,,
186,676,Gold Loan,772000,12.75,60,17466.73,2025-01-03,2030-01-03,Active,91,2024-12-21,2025-01-03,716135.93,19,2026-09-03,
319,1469,Education Loan,476000,7.9,84,7395.35,2024-07-14,2031-07-14,Active,51,2024-07-13,2024-07-14,436325.65,25,2026-09-14,
882,412,Home Loan,1289000,8.09,228,11085.83,2024-12-16,2043-12-16,Closed,23,2024-12-06,2024-12-16,0.00,228,,
268,1196,Education Loan,1034000,10.47,96,15948.41,2021-12-27,2029-12-27,Defaulted,4,2021-12-15,2021-12-27,637936.40,56,2026-09-27,
71,760,Personal Loan,1197000,11.93,60,26584.28,2022-01-31,2027-01-31,Active,93,2022-01-28,2022-01-31,132921.40,55,2026-09-30,
341,95,Home Loan,5183000,7.15,132,56820.7,2024-08-05,2035-08-05,Pending,,,2024-08-05,5183000,0,,
81,1240,Business Loan,1247000,11.25,36,40972.97,2024-06-17,2027-06-17,Closed,98,2024-05-28,2024-06-17,0.00,36,,
461,258,Business Loan,3822000,9.63,108,53045.96,2023-03-05,2032-03-05,Defaulted,53,2023-02-23,2023-03-05,3554079.32,41,2026-09-05,
890,467,Education Loan,623000,8.76,84,9947.78,2026-06-29,2033-06-29,Active,93,2026-06-19,2026-06-29,815717.96,2,2026-09-29,
743,33,Home Loan,5843000,7.29,120,68718.71,2023-06-13,2033-06-13,Rejected,,,2023-06-13,0.00,0,,Incomplete documentation
628,1334,Business Loan,1439000,9.65,84,23629.68,2022-01-15,2029-01-15,Pending,,,2022-01-15,1439000,0,,
612,1388,Business Loan,1900000,9.54,108,26278.52,2024-07-17,2033-07-17,Closed,39,2024-07-13,2024-07-17,0.00,108,,
483,1470,Gold Loan,358000,11.71,24,16803.86,2023-01-08,2025-01-08,Approved,29,2022-12-17,2023-01-08,0.00,24,2025-02-08,
459,602,Personal Loan,394000,12.43,24,18626.16,2025-10-21,2027-10-21,Defaulted,89,2025-10-10,2025-10-21,260766.24,10,2026-09-21,
374,388,Personal Loan,1198000,15.83,72,25874.82,2022-11-27,2028-11-27,Defaulted,16,2022-11-22,2022-11-27,698620.14,45,2026-09-27,
443,1151,Car Loan,1650000,11.1,84,28338.85,2023-09-17,2030-09-17,Active,81,2023-08-23,2023-09-17,1388603.65,35,2026-09-17,
410,107,Car Loan,1457000,10.45,36,47321.72,2024-09-22,2027-09-22,Rejected,,,2024-09-22,0.00,0,,Unstable employment history
295,397,Business Loan,1414000,14.27,96,24781.07,2022-02-13,2030-02-13,Rejected,,,2022-02-13,0.00,0,,Low credit score
90,926,Home Loan,1711000,7.1,144,17686.94,2023-05-10,2035-05-10,Active,36,2023-05-07,2023-05-10,1857128.70,39,2026-09-10,
365,204,Gold Loan,620000,9.63,24,28504.09,2024-09-06,2026-09-06,Active,65,2024-08-25,2024-09-06,28504.09,23,2026-09-06,
512,1010,Business Loan,3742000,14.68,108,62619.39,2023-06-27,2032-06-27,Active,78,2023-06-13,2023-06-27,4383357.30,38,2026-09-27,
605,705,Business Loan,2053000,15.81,96,37810.56,2025-12-20,2033-12-20,Active,23,2025-11-26,2025-12-20,3327329.28,8,2026-09-20,
228,1499,Home Loan,3369000,8.18,156,35143.58,2022-01-27,2035-01-27,Rejected,,,2022-01-27,0.00,0,,Low credit score
786,221,Home Loan,5565000,7.01,240,43178.8,2024-09-04,2044-09-04,Approved,18,2024-08-11,2024-09-04,9369799.60,23,2026-09-04,
681,1277,Business Loan,4614000,10.62,48,118401.57,2024-01-27,2028-01-27,Active,44,2024-01-13,2024-01-27,2012826.69,31,2026-09-27,
975,1333,Gold Loan,598000,10.63,48,15348.39,2023-12-27,2027-12-27,Active,68,2023-12-13,2023-12-27,245574.24,32,2026-09-27,
228,1499,Car Loan,1861000,9.19,36,59344.01,2024-06-30,2027-06-30,Active,6,2024-06-15,2024-06-30,593440.10,26,2026-09-30,
545,187,Car Loan,565000,10.62,60,12177.67,2022-03-17,2027-03-17,Active,84,2022-02-28,2022-03-17,85243.69,53,2026-09-17,
189,1475,Business Loan,1209000,10.7,48,31071.39,2023-06-24,2027-06-24,Active,4,2023-06-09,2023-06-24,310713.90,38,2026-09-24,
515,700,Gold Loan,895000,10.01,12,78688.88,2023-04-17,2024-04-17,Active,91,2023-03-19,2023-04-17,0.00,12,2024-05-17,
931,987,Car Loan,650000,9.17,72,11771.52,2023-11-25,2029-11-25,Active,95,2023-11-13,2023-11-25,459089.28,33,2026-09-25,
260,12,Car Loan,839000,8.91,60,17379.64,2025-05-10,2030-05-10,Pending,,,2025-05-10,839000,0,,
541,249,Business Loan,2388000,15.47,24,116320.08,2023-06-22,2025-06-22,Active,46,2023-06-20,2023-06-22,0.00,24,2025-07-22,
821,273,Personal Loan,779000,10.74,72,14724.02,2022-08-24,2028-08-24,Active,39,2022-08-06,2022-08-24,353376.48,48,2026-09-24,
189,1475,Personal Loan,556000,16.51,84,11205.42,2023-03-23,2030-03-23,Active,18,2023-03-03,2023-03-23,481833.06,41,2026-09-23,
493,844,Personal Loan,208000,16.84,60,5151.46,2022-11-27,2027-11-27,Defaulted,71,2022-11-04,2022-11-27,77271.90,45,2026-09-27,
690,703,Business Loan,1668000,10.84,96,26057.93,2026-03-22,2034-03-22,Active,80,2026-03-20,2026-03-22,2371271.63,5,2026-09-22,
352,479,Education Loan,896000,7.31,96,12354.49,2023-09-29,2031-09-29,Active,20,2023-08-31,2023-09-29,753623.89,35,2026-09-29,
339,846,Car Loan,1986000,7.8,72,34627.39,2023-08-09,2029-08-09,Closed,38,2023-08-08,2023-08-09,0.00,72,,
701,1004,Gold Loan,198000,10.49,24,9181.54,2021-10-23,2023-10-23,Active,41,2021-10-17,2021-10-23,0.00,24,2023-11-23,
299,621,Home Loan,4919000,8.5,132,57485.36,2025-03-25,2036-03-25,Defaulted,14,2025-02-23,2025-03-25,6610816.40,17,2026-09-25,
251,1367,Home Loan,2361000,9.16,204,22870.21,2026-05-18,2043-05-18,Active,82,2026-04-27,2026-05-18,4596912.21,3,2026-09-18,
574,1440,Home Loan,5751000,7.7,240,47035.5,2023-06-23,2043-06-23,Approved,19,2023-05-31,2023-06-23,9501171.00,38,2026-09-23,
488,152,Gold Loan,686000,10.42,36,22270.81,2025-12-16,2028-12-16,Pending,,,2025-12-16,686000,0,,
497,1445,Home Loan,7931000,8.25,228,68992.5,2022-06-07,2041-06-07,Active,100,2022-05-20,2022-06-07,12280665.00,50,2026-09-07,
594,1274,Personal Loan,761000,14.84,48,21117.53,2022-08-15,2026-08-15,Pending,,,2022-08-15,761000,0,,
777,1147,Business Loan,4506000,11.8,120,64128.11,2026-07-05,2036-07-05,Defaulted,40,2026-06-17,2026-07-05,7631245.09,1,2026-09-05,
752,207,Home Loan,5095000,7.75,240,41827.33,2023-09-27,2043-09-27,Rejected,,,2023-09-27,0.00,0,,High existing liabilities
186,778,Education Loan,1760000,7.33,108,22306.37,2022-11-13,2031-11-13,Active,60,2022-10-25,2022-11-13,1405301.31,45,2026-09-13,
786,895,Education Loan,1841000,8.33,132,21344.33,2024-04-11,2035-04-11,Active,48,2024-03-15,2024-04-11,2219810.32,28,2026-09-11,
395,777,Business Loan,4082000,12.09,60,90987.59,2024-09-15,2029-09-15,Closed,27,2024-09-05,2024-09-15,0.00,60,,
550,169,Education Loan,775000,10.28,168,8719.4,2024-06-23,2038-06-23,Active,80,2024-06-01,2024-06-23,1238154.80,26,2026-09-23,
239,68,Personal Loan,1051000,13.23,72,21225.68,2022-12-27,2028-12-27,Active,33,2022-12-03,2022-12-27,594319.04,44,2026-09-27,
250,315,Car Loan,660000,8.24,48,16186.99,2024-05-06,2028-05-06,Approved,12,2024-04-28,2024-05-06,339926.79,27,2026-09-06,
203,308,Car Loan,1103000,9.35,36,35255.05,2026-07-06,2029-07-06,Closed,80,2026-06-24,2026-07-06,0.00,36,,
751,948,Education Loan,358000,9.42,108,4928.42,2023-03-16,2032-03-16,Closed,11,2023-02-22,2023-03-16,0.00,108,,
321,1224,Car Loan,318000,9.73,60,6714.39,2026-05-29,2031-05-29,Defaulted,64,2026-05-01,2026-05-29,382720.23,3,2026-09-29,
788,58,Business Loan,2989000,13.55,36,101504.87,2024-01-28,2027-01-28,Active,26,2024-01-18,2024-01-28,507524.35,31,2026-09-28,
872,865,Car Loan,942000,8.14,48,23058.93,2021-10-22,2025-10-22,Defaulted,6,2021-10-03,2021-10-22,69176.79,45,2025-08-22,
942,1180,Gold Loan,921000,9.66,36,29571.28,2023-08-01,2026-08-01,Closed,93,2023-07-15,2023-08-01,0.00,36,,
665,874,Education Loan,500000,9.01,60,10381.6,2025-02-06,2030-02-06,Active,78,2025-01-24,2025-02-06,436027.20,18,2026-09-06,
448,67,Education Loan,1122000,8.21,72,19787.54,2023-01-22,2029-01-22,Active,3,2023-01-02,2023-01-22,573838.66,43,2026-09-22,
121,165,Car Loan,428000,8.57,72,7623.91,2021-12-16,2027-12-16,Closed,77,2021-12-02,2021-12-16,0.00,72,,
707,524,Personal Loan,1192000,12.19,48,31501.25,2024-11-17,2028-11-17,Defaulted,72,2024-11-05,2024-11-17,850533.75,21,2026-09-17,
822,1318,Personal Loan,1213000,14.02,24,58251.09,2022-01-05,2024-01-05,Active,48,2022-01-02,2022-01-05,0.00,24,2024-02-05,
297,330,Gold Loan,288000,12.01,12,25589.8,2025-04-26,2026-04-26,Active,55,2025-03-27,2025-04-26,0.00,12,2026-05-26,
153,805,Car Loan,361000,9.15,48,9009.23,2022-01-01,2026-01-01,Approved,16,2021-12-06,2022-01-01,0.00,48,2026-02-01,
143,511,Car Loan,2285000,10.39,48,58382.41,2022-05-11,2026-05-11,Closed,1,2022-04-30,2022-05-11,0.00,48,,
604,855,Business Loan,1119000,13.76,84,20822.0,2022-09-24,2029-09-24,Active,89,2022-09-18,2022-09-24,770414.00,47,2026-09-24,
749,563,Home Loan,3323000,9.47,216,32100.52,2026-05-30,2044-05-30,Active,84,2026-05-13,2026-05-30,6837410.76,3,2026-09-30,
762,791,Home Loan,5718000,9.43,168,61424.08,2024-03-05,2038-03-05,Defaulted,7,2024-02-28,2024-03-05,8537947.12,29,2026-09-05,
594,163,Gold Loan,512000,10.5,48,13108.93,2022-10-24,2026-10-24,Approved,62,2022-10-08,2022-10-24,26217.86,46,2026-09-24,
339,891,Gold Loan,665000,9.67,12,58362.05,2023-04-08,2024-04-08,Active,35,2023-03-31,2023-04-08,0.00,12,2024-05-08,
328,1122,Personal Loan,756000,11.05,60,16456.13,2022-06-03,2027-06-03,Defaulted,28,2022-06-01,2022-06-03,164561.30,50,2026-09-03,
537,472,Car Loan,1932000,11.32,36,63544.38,2021-12-27,2024-12-27,Pending,,,2021-12-27,1932000,0,,
87,776,Education Loan,632000,7.68,108,8123.38,2025-01-17,2034-01-17,Active,54,2025-01-13,2025-01-17,722980.82,19,2026-09-17,
470,45,Business Loan,2269000,13.16,60,51812.76,2024-10-26,2029-10-26,Pending,,,2024-10-26,2269000,0,,
252,127,Personal Loan,482000,14.46,72,10051.08,2021-09-07,2027-09-07,Active,5,2021-08-31,2021-09-07,130664.04,59,2026-09-07,
577,1331,Car Loan,864000,8.65,48,21357.37,2025-08-23,2029-08-23,Rejected,,,2025-08-23,0.00,0,,Incomplete documentation
538,823,Home Loan,2703000,8.94,204,25816.83,2025-12-25,2042-12-25,Defaulted,71,2025-12-10,2025-12-25,5060098.68,8,2026-09-25,
987,912,Car Loan,1867000,9.46,48,46869.24,2022-08-18,2026-08-18,Active,29,2022-08-12,2022-08-18,0.00,48,2026-09-18,
706,533,Home Loan,7620000,8.68,120,95212.24,2023-08-31,2033-08-31,Closed,58,2023-08-21,2023-08-31,0.00,120,,
290,478,Personal Loan,909000,17.22,36,32507.94,2025-12-20,2028-12-20,Approved,69,2025-12-08,2025-12-20,910222.32,8,2026-09-20,
931,1292,Personal Loan,638000,10.16,48,16230.4,2025-04-30,2029-04-30,Approved,10,2025-04-28,2025-04-30,519372.80,16,2026-09-30,
605,466,Home Loan,7290000,8.63,156,77897.41,2022-05-07,2035-05-07,Active,56,2022-04-11,2022-05-07,8179228.05,51,2026-09-07,
398,956,Personal Loan,1426000,13.72,24,68277.9,2026-05-19,2028-05-19,Approved,99,2026-05-18,2026-05-19,1433835.90,3,2026-09-19,
504,867,Gold Loan,549000,10.89,36,17944.97,2023-06-10,2026-06-10,Rejected,,,2023-06-10,0.00,0,,Unstable employment history
704,1177,Car Loan,1862000,8.08,72,32719.68,2023-08-16,2029-08-16,Closed,71,2023-08-04,2023-08-16,0.00,72,,
709,1293,Car Loan,1158000,10.68,60,24993.32,2023-02-28,2028-02-28,Pending,,,2023-02-28,1158000,0,,
418,1273,Education Loan,112000,8.43,168,1137.8,2023-03-28,2037-03-28,Approved,40,2023-02-27,2023-03-28,144500.60,41,2026-09-28,
925,237,Gold Loan,580000,9.98,36,18709.52,2024-11-13,2027-11-13,Active,65,2024-11-10,2024-11-13,280642.80,21,2026-09-13,
547,695,Gold Loan,349000,11.91,48,9175.09,2022-11-25,2026-11-25,Closed,69,2022-11-03,2022-11-25,0.00,48,,
82,1400,Home Loan,2321000,7.47,216,19570.45,2022-03-05,2040-03-05,Pending,,,2022-03-05,2321000,0,,
529,136,Car Loan,1129000,7.73,72,19646.52,2025-07-15,2031-07-15,Active,12,2025-06-17,2025-07-15,1159144.68,13,2026-09-15,
547,624,Home Loan,2109000,8.26,228,18359.44,2026-04-26,2045-04-26,Active,82,2026-04-22,2026-04-26,4112514.56,4,2026-09-26,
21,619,Personal Loan,461000,10.08,24,21289.84,2024-09-07,2026-09-07,Defaulted,58,2024-08-15,2024-09-07,63869.52,21,2026-07-07,
517,921,Home Loan,6977000,8.92,156,75707.0,2022-08-21,2035-08-21,Active,86,2022-08-19,2022-08-21,8176356.00,48,2026-09-21,
662,362,Car Loan,2476000,10.37,36,80324.36,2024-03-07,2027-03-07,Active,98,2024-02-20,2024-03-07,562270.52,29,2026-09-07,
823,872,Gold Loan,594000,11.91,12,52751.17,2025-06-13,2026-06-13,Active,75,2025-06-09,2025-06-13,0.00,12,2026-07-13,
143,5,Personal Loan,366000,12.37,48,9704.81,2021-11-03,2025-11-03,Active,7,2021-10-15,2021-11-03,0.00,48,2025-12-03,
160,795,Gold Loan,517000,12.88,24,24549.99,2025-06-06,2027-06-06,Closed,23,2025-05-28,2025-06-06,0.00,24,,
610,990,Car Loan,1276000,10.03,84,21202.9,2023-02-19,2030-02-19,Pending,,,2023-02-19,1276000,0,,
16,1435,Education Loan,372000,9.14,60,7747.41,2024-03-02,2029-03-02,Defaulted,38,2024-02-20,2024-03-02,240169.71,29,2026-09-02,
230,653,Car Loan,1400000,11.29,36,46026.71,2025-05-06,2028-05-06,Defaulted,33,2025-05-03,2025-05-06,966560.91,15,2026-09-06,
75,380,Gold Loan,728000,11.9,24,34235.5,2023-07-31,2025-07-31,Closed,36,2023-07-27,2023-07-31,0.00,24,,
249,960,Education Loan,1123000,8.16,84,17592.97,2023-05-15,2030-05-15,Pending,,,2023-05-15,1123000,0,,
61,223,Gold Loan,811000,8.32,36,25533.68,2025-08-12,2028-08-12,Active,12,2025-07-15,2025-08-12,612808.32,12,2026-09-12,
332,913,Car Loan,1986000,9.92,72,36712.24,2023-03-25,2029-03-25,Approved,82,2023-03-14,2023-03-25,1138079.44,41,2026-09-25,
780,1362,Personal Loan,533000,12.29,12,47428.74,2025-04-06,2026-04-06,Active,63,2025-03-19,2025-04-06,0.00,12,2026-05-06,
691,1073,Gold Loan,423000,11.66,48,11068.73,2022-04-02,2026-04-02,Closed,30,2022-03-11,2022-04-02,0.00,48,,
651,1116,Gold Loan,610000,12.72,60,13792.1,2024-09-30,2029-09-30,Active,83,2024-09-02,2024-09-30,510307.70,23,2026-09-30,
857,1330,Home Loan,6270000,7.59,180,58444.81,2022-06-29,2037-06-29,Pending,,,2022-06-29,6270000,0,,
598,908,Education Loan,1488000,7.95,156,15330.65,2023-11-19,2036-11-19,Closed,99,2023-10-27,2023-11-19,0.00,156,,
790,199,Business Loan,1617000,13.71,84,30044.15,2023-12-20,2030-12-20,Closed,98,2023-11-29,2023-12-20,0.00,84,,
174,184,Home Loan,4540000,9.09,216,42770.15,2026-06-06,2044-06-06,Rejected,,,2026-06-06,0.00,0,,High existing liabilities
862,57,Gold Loan,519000,10.74,36,16927.56,2024-08-08,2027-08-08,Active,97,2024-07-28,2024-08-08,203130.72,24,2026-09-08,
216,203,Personal Loan,641000,11.92,24,30150.15,2023-04-24,2025-04-24,Active,27,2023-04-15,2023-04-24,0.00,24,2025-05-24,
724,415,Personal Loan,530000,12.54,84,9509.69,2025-09-24,2032-09-24,Defaulted,37,2025-09-03,2025-09-24,694207.37,11,2026-09-24,
279,915,Car Loan,1406000,8.14,84,22012.41,2021-12-09,2028-12-09,Defaulted,38,2021-11-26,2021-12-09,616347.48,56,2026-09-09,
704,1177,Business Loan,2228000,11.12,120,30842.24,2025-08-18,2035-08-18,Active,93,2025-07-27,2025-08-18,3330961.92,12,2026-09-18,
610,158,Education Loan,372000,10.3,84,6233.46,2025-01-06,2032-01-06,Active,88,2024-12-18,2025-01-06,405174.90,19,2026-09-06,
338,1383,Car Loan,1386000,11.2,48,35956.66,2022-05-27,2026-05-27,Active,57,2022-05-01,2022-05-27,0.00,48,2026-06-27,
260,12,Education Loan,393000,7.21,72,6739.96,2024-01-25,2030-01-25,Active,49,2024-01-07,2024-01-25,276338.36,31,2026-09-25,
804,142,Car Loan,2131000,9.78,72,39242.55,2022-11-01,2028-11-01,Active,90,2022-10-22,2022-11-01,1059548.85,45,2026-09-01,
563,371,Education Loan,1071000,7.38,156,10696.96,2024-11-02,2037-11-02,Active,6,2024-10-08,2024-11-02,1444089.60,21,2026-09-02,
995,155,Education Loan,1015000,7.23,60,20208.54,2022-11-12,2027-11-12,Active,66,2022-10-13,2022-11-12,303128.10,45,2026-09-12,
663,1133,Car Loan,944000,9.5,48,23716.24,2023-10-10,2027-10-10,Active,17,2023-09-13,2023-10-10,332027.36,34,2026-09-10,
156,1337,Personal Loan,87000,17.09,24,4305.24,2022-09-27,2024-09-27,Active,76,2022-09-16,2022-09-27,0.00,24,2024-10-27,
530,456,Gold Loan,209000,9.11,36,6656.85,2025-10-17,2028-10-17,Active,1,2025-09-21,2025-10-17,173078.10,10,2026-09-17,
392,1109,Education Loan,1872000,8.88,168,19505.03,2023-07-14,2037-07-14,Closed,71,2023-07-07,2023-07-14,0.00,168,,
81,1240,Personal Loan,713000,12.05,84,12605.47,2023-12-14,2030-12-14,Defaulted,10,2023-12-08,2023-12-14,655484.44,32,2026-09-14,
669,723,Personal Loan,1196000,16.06,72,25982.97,2023-09-21,2029-09-21,Active,47,2023-08-26,2023-09-21,961369.89,35,2026-09-21,
174,184,Personal Loan,485000,16.89,60,12024.83,2021-11-15,2026-11-15,Active,23,2021-10-31,2021-11-15,36074.49,57,2026-09-15,
135,89,Personal Loan,495000,11.23,48,12848.89,2022-12-09,2026-12-09,Active,82,2022-12-05,2022-12-09,51395.56,44,2026-09-09,
280,1201,Gold Loan,82000,8.22,48,2010.34,2023-02-16,2027-02-16,Defaulted,48,2023-02-12,2023-02-16,12062.04,42,2026-09-16,
440,328,Home Loan,4993000,9.06,156,54579.83,2024-09-19,2037-09-19,Active,65,2024-08-30,2024-09-19,7259117.39,23,2026-09-19,
949,1230,Gold Loan,509000,11.75,60,11258.23,2025-10-19,2030-10-19,Rejected,,,2025-10-19,0.00,0,,Insufficient income
459,602,Car Loan,313000,10.82,72,5928.85,2024-03-23,2030-03-23,Active,71,2024-03-21,2024-03-23,254940.55,29,2026-09-23,
283,453,Car Loan,1722000,9.68,72,31624.31,2024-08-01,2030-08-01,Defaulted,65,2024-07-31,2024-08-01,1517966.88,24,2026-09-01,
75,380,Home Loan,6174000,8.43,156,65272.79,2026-01-08,2039-01-08,Active,86,2025-12-16,2026-01-08,9725645.71,7,2026-09-08,
42,799,Education Loan,1625000,10.3,168,18302.28,2022-02-05,2036-02-05,Defaulted,95,2022-01-08,2022-02-05,2086459.92,54,2026-09-05,
316,1265,Home Loan,7833000,7.81,228,66022.68,2025-08-03,2044-08-03,Active,100,2025-07-06,2025-08-03,14260898.88,12,2026-09-03,
234,1490,Education Loan,1645000,9.84,84,27173.15,2024-08-26,2031-08-26,Closed,59,2024-07-31,2024-08-26,0.00,84,,
290,478,Personal Loan,925000,14.7,72,19408.75,2025-07-11,2031-07-11,Approved,31,2025-06-27,2025-07-11,1145116.25,13,2026-09-11,
777,1352,Car Loan,388000,8.3,36,12212.28,2023-12-13,2026-12-13,Pending,,,2023-12-13,388000,0,,
265,773,Gold Loan,332000,13.71,24,15894.83,2024-03-24,2026-03-24,Closed,48,2024-02-25,2024-03-24,0.00,24,,
867,971,Car Loan,2078000,10.02,72,38517.65,2023-10-19,2029-10-19,Approved,61,2023-10-12,2023-10-19,1463670.70,34,2026-09-19,
356,979,Car Loan,808000,11.32,60,17697.1,2021-10-12,2026-10-12,Rejected,,,2021-10-12,0.00,0,,Eligibility criteria not met
893,586,Home Loan,6730000,8.75,192,65243.76,2024-12-05,2040-12-05,Defaulted,38,2024-11-22,2024-12-05,11221926.72,20,2026-09-05,
126,515,Personal Loan,62000,16.33,72,1356.18,2024-05-31,2030-05-31,Defaulted,63,2024-05-14,2024-05-31,61028.10,27,2026-09-30,
3,537,Gold Loan,203000,9.39,48,5089.34,2022-04-15,2026-04-15,Approved,41,2022-03-16,2022-04-15,0.00,48,2026-05-15,
374,388,Car Loan,2088000,9.53,72,38188.9,2022-04-08,2028-04-08,Defaulted,16,2022-03-23,2022-04-08,763778.00,52,2026-09-08,
175,1206,Personal Loan,976000,14.77,84,18707.91,2023-12-02,2030-12-02,Active,86,2023-11-20,2023-12-02,972811.32,32,2026-09-02,
642,465,Gold Loan,710000,8.34,60,14512.05,2025-10-10,2030-10-10,Defaulted,56,2025-10-08,2025-10-10,725602.50,10,2026-09-10,
511,1497,Gold Loan,672000,10.07,24,31031.11,2024-08-05,2026-08-05,Pending,,,2024-08-05,672000,0,,
279,915,Education Loan,1865000,7.37,84,28486.37,2024-04-19,2031-04-19,Active,90,2024-03-27,2024-04-19,1595236.72,28,2026-09-19,
15,644,Home Loan,5655000,7.38,204,48728.67,2023-06-01,2040-06-01,Active,21,2023-05-27,2023-06-01,8088959.22,38,2026-09-01,
324,469,Personal Loan,648000,12.97,12,57868.47,2023-10-07,2024-10-07,Closed,22,2023-09-14,2023-10-07,0.00,12,,
511,980,Personal Loan,1382000,16.06,84,27496.62,2022-11-13,2029-11-13,Active,81,2022-10-29,2022-11-13,1072368.18,45,2026-09-13,
633,953,Business Loan,589000,13.7,60,13613.56,2021-11-05,2026-11-05,Closed,19,2021-10-27,2021-11-05,0.00,60,,
429,1321,Car Loan,1112000,9.79,72,20483.17,2023-07-21,2029-07-21,Closed,30,2023-07-09,2023-07-21,0.00,72,,
553,418,Personal Loan,475000,10.44,48,12147.85,2025-08-09,2029-08-09,Closed,41,2025-07-15,2025-08-09,0.00,48,,
708,1381,Personal Loan,413000,14.58,12,37194.88,2026-02-22,2027-02-22,Active,21,2026-02-01,2026-02-22,223169.28,6,2026-09-22,
182,598,Education Loan,1954000,6.77,60,38479.86,2022-11-13,2027-11-13,Pending,,,2022-11-13,1954000,0,,
260,105,Car Loan,1915000,10.43,36,62178.99,2025-10-17,2028-10-17,Pending,,,2025-10-17,1915000,0,,
78,772,Gold Loan,799000,11.76,48,20946.71,2024-10-29,2028-10-29,Approved,57,2024-10-19,2024-10-29,544614.46,22,2026-09-29,
714,1261,Home Loan,4850000,7.33,120,57140.95,2025-02-22,2035-02-22,Defaulted,58,2025-02-11,2025-02-22,5828376.90,18,2026-09-22,
428,354,Home Loan,6693000,8.53,180,66026.37,2024-10-07,2039-10-07,Closed,91,2024-09-09,2024-10-07,0.00,180,,
130,1238,Car Loan,583000,8.4,84,9203.38,2022-08-01,2029-08-01,Active,97,2022-07-04,2022-08-01,331321.68,48,2026-09-01,
438,626,Car Loan,840000,11.47,36,27687.86,2024-01-15,2027-01-15,Closed,63,2024-01-11,2024-01-15,0.00,36,,
376,630,Business Loan,780000,15.23,120,12694.21,2024-02-21,2034-02-21,Closed,35,2024-01-29,2024-02-21,0.00,120,,
700,550,Business Loan,4751000,9.34,36,151833.45,2024-07-19,2027-07-19,Active,49,2024-07-16,2024-07-19,1670167.95,25,2026-09-19,
659,1264,Business Loan,3601000,15.28,84,70054.51,2022-02-27,2029-02-27,Active,58,2022-02-25,2022-02-27,2101635.30,54,2026-09-27,
177,590,Home Loan,7297000,9.23,120,93346.05,2021-11-21,2031-11-21,Active,55,2021-11-16,2021-11-21,5880801.15,57,2026-09-21,
290,478,Business Loan,1257000,10.02,84,20880.68,2023-11-11,2030-11-11,Approved,57,2023-10-27,2023-11-11,1064914.68,33,2026-09-11,
340,559,Gold Loan,813000,13.3,12,72729.42,2022-12-03,2023-12-03,Closed,41,2022-11-29,2022-12-03,0.00,12,,
848,1166,Education Loan,1974000,6.76,132,21237.66,2025-04-10,2036-04-10,Rejected,,,2025-04-10,0.00,0,,Unstable employment history
993,52,Personal Loan,1341000,15.5,84,26254.56,2023-09-21,2030-09-21,Active,13,2023-08-27,2023-09-21,1286473.44,35,2026-09-21,
49,1411,Education Loan,752000,7.28,108,9511.72,2025-11-01,2034-11-01,Active,81,2025-10-25,2025-11-01,941660.28,9,2026-09-01,
491,381,Car Loan,1343000,10.37,36,43568.5,2022-04-12,2025-04-12,Approved,24,2022-03-24,2022-04-12,0.00,36,2025-05-12,
205,387,Education Loan,361000,8.26,180,3504.31,2023-10-12,2038-10-12,Closed,79,2023-10-07,2023-10-12,0.00,180,,
870,430,Car Loan,1081000,9.66,36,34708.53,2023-01-01,2026-01-01,Closed,52,2022-12-25,2023-01-01,0.00,36,,
339,891,Car Loan,1241000,8.68,72,22173.11,2024-07-10,2030-07-10,Active,11,2024-06-13,2024-07-10,1042136.17,25,2026-09-10,
230,648,Education Loan,947000,6.91,72,16104.51,2024-03-16,2030-03-16,Defaulted,26,2024-03-11,2024-03-16,692493.93,29,2026-09-16,
441,797,Gold Loan,924000,11.02,48,23890.24,2022-10-25,2026-10-25,Approved,65,2022-10-06,2022-10-25,47780.48,46,2026-09-25,
275,1239,Car Loan,2049000,8.3,48,50311.12,2023-05-03,2027-05-03,Active,61,2023-04-25,2023-05-03,452800.08,39,2026-09-03,
263,1373,Business Loan,1325000,12.24,24,62520.96,2024-12-13,2026-12-13,Approved,20,2024-11-28,2024-12-13,250083.84,20,2026-09-13,
684,238,Personal Loan,589000,16.16,72,12828.44,2023-08-01,2029-08-01,Active,83,2023-07-09,2023-08-01,461823.84,36,2026-09-01,
890,467,Business Loan,3731000,12.48,72,73876.42,2024-07-15,2030-07-15,Rejected,,,2024-07-15,0.00,0,,Eligibility criteria not met
393,1015,Education Loan,1871000,8.59,168,19179.83,2024-11-24,2038-11-24,Pending,,,2024-11-24,1871000,0,,
511,980,Gold Loan,60000,12.44,24,2836.75,2025-08-01,2027-08-01,Closed,46,2025-07-02,2025-08-01,0.00,24,,
322,395,Car Loan,920000,9.15,60,19164.73,2025-04-08,2030-04-08,Defaulted,83,2025-03-20,2025-04-08,843248.12,16,2026-09-08,
944,1016,Gold Loan,801000,8.26,36,25196.61,2025-06-13,2028-06-13,Active,7,2025-06-09,2025-06-13,554325.42,14,2026-09-13,
307,59,Business Loan,558000,12.19,60,12466.04,2021-09-16,2026-09-16,Closed,17,2021-08-19,2021-09-16,0.00,60,,
744,1391,Education Loan,866000,10.22,96,13241.85,2022-06-20,2030-06-20,Closed,38,2022-05-31,2022-06-20,0.00,96,,
457,750,Business Loan,1404000,15.71,24,68549.82,2025-08-24,2027-08-24,Pending,,,2025-08-24,1404000,0,,
254,588,Personal Loan,211000,17.18,48,6108.08,2022-06-13,2026-06-13,Active,55,2022-05-17,2022-06-13,0.00,48,2026-07-13,
178,1316,Car Loan,335000,10.19,72,6238.3,2024-11-09,2030-11-09,Pending,,,2024-11-09,335000,0,,
957,327,Gold Loan,462000,11.9,12,41026.53,2025-08-05,2026-08-05,Active,24,2025-08-04,2025-08-05,0.00,12,2026-09-05,
197,1289,Gold Loan,448000,9.36,12,39253.09,2022-05-11,2023-05-11,Defaulted,39,2022-04-27,2022-05-11,117759.27,9,2023-03-11,
17,784,Business Loan,1722000,11.23,36,56563.82,2024-04-28,2027-04-28,Active,72,2024-04-10,2024-04-28,452510.56,28,2026-09-28,
703,293,Education Loan,813000,8.02,108,10592.65,2023-07-01,2032-07-01,Active,20,2023-06-24,2023-07-01,752078.15,37,2026-09-01,
269,1454,Education Loan,871000,8.69,72,15566.57,2024-11-02,2030-11-02,Active,41,2024-10-07,2024-11-02,793895.07,21,2026-09-02,
410,107,Personal Loan,569000,10.54,24,26398.5,2024-01-04,2026-01-04,Active,41,2023-12-07,2024-01-04,0.00,24,2026-02-04,
505,632,Personal Loan,209000,13.41,36,7083.38,2024-01-20,2027-01-20,Active,1,2024-01-18,2024-01-20,35416.90,31,2026-09-20,
720,827,Business Loan,3989000,9.98,84,66180.91,2024-07-18,2031-07-18,Closed,18,2024-07-15,2024-07-18,0.00,84,,
259,1182,Personal Loan,1077000,12.99,36,36283.2,2022-11-13,2025-11-13,Active,30,2022-10-19,2022-11-13,0.00,36,2025-12-13,
740,420,Business Loan,3834000,13.29,108,61040.05,2024-07-11,2033-07-11,Approved,28,2024-06-26,2024-07-11,5066324.15,25,2026-09-11,
601,667,Business Loan,1238000,12.94,72,24812.56,2026-02-04,2032-02-04,Closed,89,2026-01-15,2026-02-04,0.00,72,,
207,666,Home Loan,2150000,7.59,192,19372.15,2023-11-24,2039-11-24,Active,74,2023-11-15,2023-11-24,3080171.85,33,2026-09-24,
241,300,Education Loan,408000,7.34,108,5173.1,2025-07-12,2034-07-12,Active,15,2025-07-06,2025-07-12,491444.50,13,2026-09-12,
286,975,Home Loan,1586000,7.62,132,17782.03,2023-04-16,2034-04-16,Closed,44,2023-04-15,2023-04-16,0.00,132,,
958,904,Home Loan,6102000,7.03,216,49868.94,2022-09-15,2040-09-15,Defaulted,68,2022-09-08,2022-09-15,8427850.86,47,2026-09-15,
90,926,Business Loan,3770000,14.84,96,67305.58,2021-12-21,2029-12-21,Active,68,2021-12-19,2021-12-21,2692223.20,56,2026-09-21,
840,1496,Business Loan,1247000,14.63,36,43002.06,2025-03-16,2028-03-16,Pending,,,2025-03-16,1247000,0,,
926,1127,Home Loan,2668000,9.16,216,25251.62,2026-01-06,2044-01-06,Closed,41,2025-12-27,2026-01-06,0.00,216,,
354,527,Education Loan,307000,9.97,156,3518.47,2023-11-14,2036-11-14,Closed,72,2023-10-31,2023-11-14,0.00,156,,
578,373,Business Loan,4694000,14.86,120,75328.7,2022-01-12,2032-01-12,Closed,45,2021-12-31,2022-01-12,0.00,120,,
165,1020,Education Loan,982000,9.06,180,9995.18,2026-04-07,2041-04-07,Active,32,2026-04-05,2026-04-07,1759151.68,4,2026-09-07,
782,842,Car Loan,639000,10.99,60,13890.22,2025-03-05,2030-03-05,Pending,,,2025-03-05,639000,0,,
194,384,Car Loan,1600000,9.92,84,26495.8,2023-05-23,2030-05-23,Active,96,2023-05-21,2023-05-23,1192311.00,39,2026-09-23,
349,36,Personal Loan,1086000,10.16,36,35123.8,2024-10-24,2027-10-24,Closed,25,2024-09-26,2024-10-24,0.00,36,,
118,794,Home Loan,6720000,8.76,132,79488.57,2024-01-20,2035-01-20,Active,3,2024-01-07,2024-01-20,8028345.57,31,2026-09-20,
882,414,Gold Loan,158000,11.2,24,7378.72,2022-08-25,2024-08-25,Active,43,2022-07-31,2022-08-25,0.00,24,2024-09-25,
654,159,Business Loan,3289000,9.76,48,83038.96,2026-02-23,2030-02-23,Active,67,2026-01-26,2026-02-23,3487636.32,6,2026-09-23,
362,1083,Personal Loan,1454000,16.64,12,132363.43,2022-02-12,2023-02-12,Active,21,2022-01-24,2022-02-12,0.00,12,2023-03-12,
726,803,Home Loan,7637000,8.12,180,73513.19,2024-07-29,2039-07-29,Active,100,2024-07-16,2024-07-29,11394544.45,25,2026-09-29,
54,1414,Car Loan,1095000,9.25,48,27379.29,2025-03-12,2029-03-12,Active,26,2025-02-16,2025-03-12,848757.99,17,2026-09-12,
238,1236,Personal Loan,1183000,16.95,72,26284.18,2022-04-02,2028-04-02,Closed,68,2022-03-09,2022-04-02,0.00,72,,
653,675,Personal Loan,164000,15.22,12,14819.39,2026-06-10,2027-06-10,Approved,100,2026-05-14,2026-06-10,148193.90,2,2026-09-10,
695,1421,Education Loan,765000,9.07,120,9719.7,2023-09-17,2033-09-17,Active,44,2023-08-18,2023-09-17,826174.50,35,2026-09-17,
534,1144,Gold Loan,229000,11.42,36,7542.8,2022-10-16,2025-10-16,Rejected,,,2022-10-16,0.00,0,,Insufficient income
331,225,Personal Loan,1087000,12.93,12,97052.18,2022-10-06,2023-10-06,Active,32,2022-09-19,2022-10-06,0.00,12,2023-11-06,
568,1306,Home Loan,1523000,9.49,204,15064.86,2022-11-28,2039-11-28,Closed,34,2022-11-16,2022-11-28,0.00,204,,
638,525,Home Loan,6949000,7.83,216,60088.62,2023-05-18,2041-05-18,Active,95,2023-05-17,2023-05-18,10635685.74,39,2026-09-18,
597,577,Education Loan,1550000,9.27,84,25150.98,2023-01-10,2030-01-10,Closed,70,2023-01-04,2023-01-10,0.00,84,,
834,126,Home Loan,2071000,8.45,144,22931.74,2026-05-15,2038-05-15,Closed,26,2026-05-10,2026-05-15,0.00,144,,
236,678,Education Loan,1308000,9.65,168,14221.57,2026-06-23,2040-06-23,Closed,58,2026-06-12,2026-06-23,0.00,168,,
198,336,Car Loan,351000,7.71,60,7068.4,2025-04-13,2030-04-13,Active,73,2025-03-30,2025-04-13,311009.60,16,2026-09-13,
419,141,Car Loan,1587000,8.85,48,39379.62,2024-10-06,2028-10-06,Active,60,2024-09-16,2024-10-06,1023870.12,22,2026-09-06,
636,645,Home Loan,5167000,8.72,156,55476.59,2023-01-09,2036-01-09,Active,85,2022-12-14,2023-01-09,6268854.67,43,2026-09-09,
644,1308,Business Loan,2599000,11.66,24,121931.7,2023-09-19,2025-09-19,Active,97,2023-09-09,2023-09-19,0.00,24,2025-10-19,
393,1226,Personal Loan,653000,12.0,24,30738.98,2023-11-20,2025-11-20,Active,4,2023-10-21,2023-11-20,0.00,24,2025-12-20,
495,498,Business Loan,4139000,13.77,24,198275.9,2022-11-11,2024-11-11,Active,59,2022-10-16,2022-11-11,0.00,24,2024-12-11,
262,516,Gold Loan,481000,11.33,48,12508.92,2023-05-26,2027-05-26,Pending,,,2023-05-26,481000,0,,
852,49,Car Loan,931000,7.6,60,18699.6,2022-04-22,2027-04-22,Active,50,2022-03-24,2022-04-22,149596.80,52,2026-09-22,
251,1367,Business Loan,3192000,9.77,48,80605.25,2024-02-04,2028-02-04,Active,83,2024-01-16,2024-02-04,1450894.50,30,2026-09-04,
764,297,Personal Loan,285000,15.14,12,25742.45,2023-02-25,2024-02-25,Rejected,,,2023-02-25,0.00,0,,Unstable employment history
599,1463,Business Loan,3807000,11.01,48,98412.39,2025-08-07,2029-08-07,Approved,72,2025-07-21,2025-08-07,3542846.04,12,2026-09-07,
942,1427,Personal Loan,82000,10.59,12,7231.62,2023-03-19,2024-03-19,Active,10,2023-03-10,2023-03-19,0.00,12,2024-04-19,
451,721,Home Loan,6583000,8.45,192,62638.14,2022-05-02,2038-05-02,Active,29,2022-04-15,2022-05-02,8831977.74,51,2026-09-02,
865,4,Car Loan,1463000,11.46,84,25405.37,2025-01-26,2032-01-26,Defaulted,51,2024-12-27,2025-01-26,1651349.05,19,2026-09-26,
695,1421,Gold Loan,81000,8.31,12,7057.68,2022-09-06,2023-09-06,Active,7,2022-08-29,2022-09-06,0.00,12,2023-10-06,
339,766,Gold Loan,431000,13.06,36,14534.55,2021-11-03,2024-11-03,Active,63,2021-10-09,2021-11-03,0.00,36,2024-12-03,
33,109,Home Loan,1599000,7.63,240,13008.84,2024-10-25,2044-10-25,Active,68,2024-10-06,2024-10-25,2835927.12,22,2026-09-25,
42,1437,Car Loan,1484000,10.91,60,32199.19,2025-08-01,2030-08-01,Active,31,2025-07-04,2025-08-01,1545561.12,12,2026-09-01,
459,413,Business Loan,2529000,12.66,84,45541.3,2022-12-26,2029-12-26,Approved,87,2022-12-23,2022-12-26,1821652.00,44,2026-09-26,
926,1183,Gold Loan,397000,8.5,36,12532.31,2023-09-26,2026-09-26,Active,40,2023-09-17,2023-09-26,12532.31,35,2026-09-26,
846,346,Business Loan,2638000,10.5,84,44478.46,2025-11-28,2032-11-28,Closed,55,2025-11-16,2025-11-28,0.00,84,,
704,1219,Business Loan,4839000,9.7,60,102101.61,2021-09-19,2026-09-19,Closed,2,2021-08-31,2021-09-19,0.00,60,,
196,432,Personal Loan,591000,12.31,60,13239.24,2022-06-03,2027-06-03,Pending,,,2022-06-03,591000,0,,
464,99,Education Loan,1847000,6.52,84,27444.8,2025-10-08,2032-10-08,Active,60,2025-10-03,2025-10-08,2030915.20,10,2026-09-08,
842,1118,Personal Loan,318000,12.57,24,15054.15,2022-10-06,2024-10-06,Defaulted,59,2022-09-16,2022-10-06,45162.45,21,2024-08-06,
119,427,Personal Loan,397000,13.69,12,35587.6,2024-03-09,2025-03-09,Pending,,,2024-03-09,397000,0,,
428,507,Personal Loan,559000,16.85,48,16086.62,2023-05-11,2027-05-11,Closed,21,2023-05-09,2023-05-11,0.00,48,,
710,1357,Education Loan,111000,6.95,72,1889.78,2024-06-19,2030-06-19,Closed,96,2024-06-16,2024-06-19,0.00,72,,
225,1150,Education Loan,1046000,7.62,144,11105.65,2023-10-08,2035-10-08,Closed,25,2023-10-05,2023-10-08,0.00,144,,
452,153,Business Loan,2699000,13.19,60,61673.38,2022-12-26,2027-12-26,Closed,37,2022-12-14,2022-12-26,0.00,60,,
652,1090,Education Loan,1809000,8.18,156,18870.51,2022-04-14,2035-04-14,Active,20,2022-04-13,2022-04-14,1962533.04,52,2026-09-14,
428,354,Business Loan,1276000,15.03,84,24644.14,2023-02-11,2030-02-11,Active,48,2023-01-29,2023-02-11,1035053.88,42,2026-09-11,
846,167,Home Loan,7939000,8.89,156,86009.26,2021-08-29,2034-08-29,Pending,,,2021-08-29,7939000,0,,
365,204,Home Loan,5777000,8.33,180,56314.2,2026-04-07,2041-04-07,Active,55,2026-03-29,2026-04-07,9911299.20,4,2026-09-07,
758,1432,Business Loan,4212000,12.96,96,70697.95,2025-08-10,2033-08-10,Rejected,,,2025-08-10,0.00,0,,High existing liabilities
457,750,Personal Loan,503000,17.79,48,14720.49,2024-03-13,2028-03-13,Pending,,,2024-03-13,503000,0,,
647,1227,Education Loan,947000,7.45,96,13124.22,2025-11-23,2033-11-23,Active,65,2025-11-11,2025-11-23,1141807.14,9,2026-09-23,
421,428,Business Loan,4993000,15.79,72,107730.89,2022-10-08,2028-10-08,Rejected,,,2022-10-08,0.00,0,,Low credit score
926,517,Home Loan,3575000,8.04,180,34247.17,2024-05-11,2039-05-11,Defaulted,55,2024-04-11,2024-05-11,5239817.01,27,2026-09-11,
823,872,Personal Loan,420000,13.48,84,7750.65,2021-09-14,2028-09-14,Closed,41,2021-09-09,2021-09-14,0.00,84,,
742,600,Personal Loan,878000,13.71,36,29884.44,2023-04-24,2026-04-24,Active,98,2023-04-05,2023-04-24,0.00,36,2026-05-24,
141,1175,Education Loan,1841000,10.5,60,39570.27,2023-02-24,2028-02-24,Pending,,,2023-02-24,1841000,0,,
894,1217,Home Loan,7798000,9.31,216,74540.97,2025-02-27,2043-02-27,Pending,,,2025-02-27,7798000,0,,
322,1119,Car Loan,1462000,8.27,36,45996.09,2026-06-23,2029-06-23,Active,96,2026-06-16,2026-06-23,1563867.06,2,2026-09-23,
745,364,Business Loan,2636000,14.16,96,46031.63,2022-07-22,2030-07-22,Active,54,2022-07-14,2022-07-22,2163486.61,49,2026-09-22,
278,181,Car Loan,1178000,10.62,48,30229.1,2025-08-12,2029-08-12,Approved,19,2025-07-17,2025-08-12,1088247.60,12,2026-09-12,
954,555,Personal Loan,678000,15.79,12,61448.16,2023-03-25,2024-03-25,Rejected,,,2023-03-25,0.00,0,,Low credit score
505,606,Car Loan,1533000,9.09,60,31889.56,2024-07-16,2029-07-16,Rejected,,,2024-07-16,0.00,0,,Eligibility criteria not met
120,789,Car Loan,708000,9.33,72,12878.35,2025-08-01,2031-08-01,Active,28,2025-07-12,2025-08-01,772701.00,12,2026-09-01,
703,293,Home Loan,7558000,8.9,228,68820.63,2024-10-05,2043-10-05,Defaulted,91,2024-09-24,2024-10-05,14177049.78,22,2026-09-05,
872,455,Personal Loan,1496000,13.32,12,133843.35,2024-12-28,2025-12-28,Active,69,2024-12-20,2024-12-28,0.00,12,2026-01-28,
882,414,Education Loan,905000,7.47,168,8701.27,2023-03-01,2037-03-01,Approved,47,2023-02-03,2023-03-01,1105061.29,41,2026-09-01,
780,234,Home Loan,5273000,7.93,120,63781.17,2024-10-18,2034-10-18,Active,20,2024-10-03,2024-10-18,6250554.66,22,2026-09-18,
442,211,Car Loan,1765000,9.01,36,56134.74,2022-04-02,2025-04-02,Active,28,2022-03-18,2022-04-02,0.00,36,2025-05-02,
442,211,Education Loan,343000,8.38,168,3474.64,2023-01-19,2037-01-19,Approved,84,2023-01-14,2023-01-19,434330.00,43,2026-09-19,
742,1049,Business Loan,4021000,13.59,60,92709.14,2021-11-20,2026-11-20,Pending,,,2021-11-20,4021000,0,,
508,1380,Car Loan,1830000,8.13,48,44787.4,2024-02-24,2028-02-24,Rejected,,,2024-02-24,0.00,0,,Insufficient income
885,1476,Home Loan,1754000,7.44,216,14758.32,2024-09-19,2042-09-19,Pending,,,2024-09-19,1754000,0,,
350,334,Gold Loan,289000,12.08,24,13615.03,2025-10-25,2027-10-25,Active,34,2025-10-09,2025-10-25,190610.42,10,2026-09-25,
551,1034,Personal Loan,231000,14.12,84,4344.27,2022-05-04,2029-05-04,Active,6,2022-04-09,2022-05-04,143360.91,51,2026-09-04,
250,1005,Personal Loan,122000,12.5,48,3242.76,2024-10-27,2028-10-27,Closed,57,2024-09-29,2024-10-27,0.00,48,,
507,1489,Gold Loan,76000,11.3,12,6727.65,2025-11-26,2026-11-26,Active,83,2025-11-15,2025-11-26,20182.95,9,2026-09-26,
462,401,Home Loan,3240000,8.07,204,29238.82,2024-04-30,2041-04-30,Defaulted,49,2024-04-18,2024-04-30,5146032.32,28,2026-09-30,
319,1469,Education Loan,1136000,6.92,156,11061.74,2022-07-14,2035-07-14,Active,74,2022-06-19,2022-07-14,1183606.18,49,2026-09-14,
251,697,Education Loan,1171000,8.74,96,16997.86,2026-06-20,2034-06-20,Closed,76,2026-05-24,2026-06-20,0.00,96,,
892,719,Business Loan,4947000,15.22,96,89406.85,2022-01-20,2030-01-20,Active,42,2022-01-01,2022-01-20,3665680.85,55,2026-09-20,
11,1154,Personal Loan,496000,12.88,36,16683.55,2023-04-13,2026-04-13,Active,45,2023-03-14,2023-04-13,0.00,36,2026-05-13,
637,1019,Gold Loan,667000,12.76,12,59499.55,2022-07-07,2023-07-07,Active,2,2022-06-26,2022-07-07,0.00,12,2023-08-07,
821,433,Gold Loan,544000,10.17,60,11603.95,2025-06-02,2030-06-02,Active,96,2025-05-14,2025-06-02,533781.70,14,2026-09-02,
294,443,Car Loan,517000,10.32,84,8668.54,2022-01-01,2029-01-01,Approved,6,2021-12-08,2022-01-01,251387.66,55,2026-09-01,
872,455,Home Loan,6388000,8.16,180,61638.56,2026-04-14,2041-04-14,Active,87,2026-04-11,2026-04-14,10848386.56,4,2026-09-14,
64,556,Business Loan,1118000,15.07,60,26638.24,2023-05-02,2028-05-02,Defaulted,31,2023-04-12,2023-05-02,559403.04,39,2026-09-02,
543,927,Personal Loan,1483000,15.05,24,71940.93,2026-04-04,2028-04-04,Active,82,2026-03-08,2026-04-04,1438818.60,4,2026-09-04,
139,130,Car Loan,1534000,10.21,84,25632.97,2025-04-05,2032-04-05,Active,49,2025-04-02,2025-04-05,1743041.96,16,2026-09-05,
640,1197,Education Loan,1344000,6.93,156,13094.4,2021-10-09,2034-10-09,Closed,94,2021-10-08,2021-10-09,0.00,156,,
82,1400,Car Loan,1371000,9.31,60,28666.42,2023-10-25,2028-10-25,Pending,,,2023-10-25,1371000,0,,
658,322,Car Loan,1653000,9.0,48,41134.98,2024-11-08,2028-11-08,Closed,69,2024-10-23,2024-11-08,0.00,48,,
128,242,Home Loan,2013000,7.59,132,22537.32,2022-09-26,2033-09-26,Active,98,2022-08-28,2022-09-26,1915672.20,47,2026-09-26,
351,1167,Education Loan,1106000,9.48,180,11535.78,2021-12-06,2036-12-06,Approved,12,2021-11-16,2021-12-06,1430436.72,56,2026-09-06,
658,1195,Gold Loan,497000,10.07,48,12621.92,2024-12-01,2028-12-01,Pending,,,2024-12-01,497000,0,,
673,970,Business Loan,4701000,9.46,120,60726.89,2022-07-24,2032-07-24,Active,67,2022-06-24,2022-07-24,4311609.19,49,2026-09-24,
407,603,Gold Loan,870000,10.48,12,76681.18,2024-03-04,2025-03-04,Defaulted,94,2024-02-09,2024-03-04,230043.54,9,2025-01-04,
583,543,Personal Loan,367000,17.33,72,8232.06,2024-10-21,2030-10-21,Active,100,2024-09-27,2024-10-21,411603.00,22,2026-09-21,
651,920,Education Loan,696000,6.99,72,11862.77,2022-08-08,2028-08-08,Active,19,2022-07-14,2022-08-08,284706.48,48,2026-09-08,
733,1229,Home Loan,4823000,8.84,240,42898.73,2022-08-10,2042-08-10,Approved,77,2022-08-04,2022-08-10,8236556.16,48,2026-09-10,
103,1317,Home Loan,1439000,9.04,192,14202.03,2022-04-05,2038-04-05,Closed,47,2022-03-20,2022-04-05,0.00,192,,
44,613,Car Loan,2137000,8.7,84,34057.89,2023-06-11,2030-06-11,Defaulted,65,2023-05-16,2023-06-11,1566662.94,38,2026-09-11,
700,550,Gold Loan,222000,13.36,36,7518.61,2025-07-20,2028-07-20,Closed,27,2025-07-16,2025-07-20,0.00,36,,
291,692,Business Loan,3696000,15.68,72,79523.28,2022-07-16,2028-07-16,Pending,,,2022-07-16,3696000,0,,
227,923,Home Loan,5415000,7.72,204,47741.32,2022-06-15,2039-06-15,Active,83,2022-05-25,2022-06-15,7352163.28,50,2026-09-15,
836,303,Car Loan,1418000,7.77,48,34464.64,2024-05-09,2028-05-09,Closed,6,2024-04-16,2024-05-09,0.00,48,,
366,272,Business Loan,1403000,12.84,120,20816.1,2025-03-18,2035-03-18,Active,61,2025-02-27,2025-03-18,2144058.30,17,2026-09-18,
160,795,Home Loan,5205000,8.47,228,45990.05,2025-02-14,2044-02-14,Closed,11,2025-02-01,2025-02-14,0.00,228,,
447,1033,Personal Loan,1281000,17.18,24,63446.39,2023-03-31,2025-03-31,Defaulted,82,2023-03-16,2023-03-31,190339.17,21,2025-01-31,
165,1020,Business Loan,2869000,12.3,96,47103.6,2024-08-16,2032-08-16,Pending,,,2024-08-16,2869000,0,,
412,680,Education Loan,1315000,8.34,84,20719.33,2024-10-28,2031-10-28,Closed,72,2024-10-25,2024-10-28,0.00,84,,
517,921,Car Loan,2416000,10.72,72,45640.6,2022-07-01,2028-07-01,Active,82,2022-06-04,2022-07-01,1049733.80,49,2026-09-01,
557,523,Business Loan,2459000,14.78,36,84977.36,2022-01-27,2025-01-27,Active,66,2022-01-01,2022-01-27,0.00,36,2025-02-27,
860,134,Personal Loan,529000,11.07,48,13690.27,2022-07-03,2026-07-03,Active,4,2022-06-12,2022-07-03,0.00,48,2026-08-03,
470,45,Car Loan,2087000,11.44,72,40196.04,2026-01-05,2032-01-05,Defaulted,52,2026-01-02,2026-01-05,2612742.60,7,2026-09-05,
666,1189,Car Loan,728000,10.94,84,12442.18,2021-09-10,2028-09-10,Pending,,,2021-09-10,728000,0,,
638,525,Education Loan,1899000,10.49,60,40807.51,2025-05-22,2030-05-22,Closed,55,2025-05-10,2025-05-22,0.00,60,,
52,938,Gold Loan,424000,8.66,24,19304.25,2024-01-06,2026-01-06,Approved,97,2023-12-11,2024-01-06,0.00,24,2026-02-06,
993,52,Business Loan,3783000,9.38,96,56170.31,2025-10-23,2033-10-23,Closed,31,2025-09-29,2025-10-23,0.00,96,,
507,1040,Education Loan,1491000,9.7,120,19456.82,2024-10-24,2034-10-24,Active,42,2024-09-25,2024-10-24,1906768.36,22,2026-09-24,
493,844,Gold Loan,88000,13.11,24,4188.23,2024-08-12,2026-08-12,Closed,18,2024-08-08,2024-08-12,0.00,24,,
953,1458,Personal Loan,421000,15.31,60,10084.2,2026-06-19,2031-06-19,Active,98,2026-05-30,2026-06-19,584883.60,2,2026-09-19,
468,1416,Education Loan,1820000,8.71,144,20416.03,2025-03-29,2037-03-29,Active,66,2025-03-14,2025-03-29,2592835.81,17,2026-09-29,
332,913,Car Loan,1673000,9.12,48,41728.07,2024-08-21,2028-08-21,Closed,81,2024-08-17,2024-08-21,0.00,48,,
938,18,Business Loan,3380000,11.96,24,159045.21,2026-02-10,2028-02-10,Active,53,2026-01-13,2026-02-10,2862813.78,6,2026-09-10,
842,1118,Business Loan,4873000,15.1,120,78917.21,2024-07-27,2034-07-27,Active,36,2024-07-05,2024-07-27,7497134.95,25,2026-09-27,
690,100,Business Loan,2581000,9.32,84,41946.29,2022-12-11,2029-12-11,Active,59,2022-11-22,2022-12-11,1677851.60,44,2026-09-11,
543,927,Gold Loan,971000,9.58,48,24431.68,2022-09-20,2026-09-20,Closed,87,2022-09-07,2022-09-20,0.00,48,,
586,94,Car Loan,2386000,9.17,72,43210.52,2024-02-04,2030-02-04,Approved,83,2024-01-23,2024-02-04,1814841.84,30,2026-09-04,
632,38,Gold Loan,96000,10.81,48,2472.32,2024-11-14,2028-11-14,Defaulted,65,2024-10-19,2024-11-14,66752.64,21,2026-09-14,
824,798,Home Loan,3321000,8.22,228,28828.05,2025-05-05,2044-05-05,Closed,7,2025-04-16,2025-05-05,0.00,228,,
821,273,Car Loan,1446000,8.9,60,29946.45,2021-08-31,2026-08-31,Active,89,2021-08-29,2021-08-31,0.00,60,2026-09-30,
97,963,Education Loan,1632000,6.94,144,16731.03,2025-09-28,2037-09-28,Closed,82,2025-09-21,2025-09-28,0.00,144,,
953,1462,Gold Loan,647000,13.2,12,57849.0,2023-08-30,2024-08-30,Active,13,2023-08-16,2023-08-30,0.00,12,2024-09-30,
810,1043,Home Loan,1279000,8.39,144,14119.53,2021-12-16,2033-12-16,Active,14,2021-11-26,2021-12-16,1242518.64,56,2026-09-16,
419,141,Business Loan,1882000,10.88,120,25796.88,2026-06-20,2036-06-20,Active,79,2026-05-27,2026-06-20,3044031.84,2,2026-09-20,
417,933,Education Loan,1020000,7.07,156,10015.08,2026-02-12,2039-02-12,Approved,19,2026-01-28,2026-02-12,1502262.00,6,2026-09-12,
757,324,Education Loan,1296000,8.93,96,18939.63,2026-04-06,2034-04-06,Pending,,,2026-04-06,1296000,0,,
343,252,Personal Loan,597000,13.4,60,13706.14,2023-04-21,2028-04-21,Closed,31,2023-04-19,2023-04-21,0.00,60,,
483,1470,Gold Loan,777000,12.86,24,36888.92,2023-08-12,2025-08-12,Closed,85,2023-07-15,2023-08-12,0.00,24,,
610,338,Business Loan,2191000,15.98,48,62071.12,2021-10-05,2025-10-05,Active,100,2021-09-22,2021-10-05,0.00,48,2025-11-05,
393,1226,Home Loan,4012000,8.2,132,46231.91,2026-05-28,2037-05-28,Active,79,2026-05-16,2026-05-28,5963916.39,3,2026-09-28,
966,132,Home Loan,6401000,9.39,204,62917.12,2025-12-25,2042-12-25,Closed,48,2025-12-08,2025-12-25,0.00,204,,
654,159,Education Loan,121000,8.55,180,1195.08,2025-09-02,2040-09-02,Closed,94,2025-08-03,2025-09-02,0.00,180,,
212,492,Education Loan,974000,9.63,84,15983.96,2025-06-03,2032-06-03,Active,100,2025-05-12,2025-06-03,1118877.20,14,2026-09-03,
629,800,Home Loan,2427000,7.1,204,20518.59,2024-02-15,2041-02-15,Pending,,,2024-02-15,2427000,0,,
239,1376,Home Loan,1175000,9.11,216,11084.09,2024-07-26,2042-07-26,Active,9,2024-07-06,2024-07-26,2117061.19,25,2026-09-26,
642,465,Business Loan,4523000,12.83,72,90389.86,2023-04-08,2029-04-08,Closed,90,2023-03-15,2023-04-08,0.00,72,,
142,504,Gold Loan,458000,11.86,36,15181.55,2026-02-08,2029-02-08,Defaulted,62,2026-02-01,2026-02-08,455446.50,6,2026-09-08,
692,340,Home Loan,2402000,8.93,216,22388.5,2024-04-25,2042-04-25,Closed,93,2024-04-23,2024-04-25,0.00,216,,
730,767,Car Loan,997000,10.78,36,32536.73,2023-01-12,2026-01-12,Active,75,2022-12-17,2023-01-12,0.00,36,2026-02-12,
765,804,Education Loan,1382000,9.25,84,22410.85,2026-02-10,2033-02-10,Active,74,2026-02-07,2026-02-10,1748046.30,6,2026-09-10,
621,208,Car Loan,361000,9.77,48,9116.07,2025-04-29,2029-04-29,Active,87,2025-04-18,2025-04-29,291714.24,16,2026-09-29,
770,358,Car Loan,1310000,9.42,72,23887.45,2023-10-08,2029-10-08,Defaulted,63,2023-09-24,2023-10-08,907723.10,34,2026-09-08,
528,145,Car Loan,2149000,10.58,84,36323.26,2024-10-14,2031-10-14,Active,18,2024-10-12,2024-10-14,2252042.12,22,2026-09-14,
656,571,Education Loan,809000,10.19,60,17264.59,2022-12-12,2027-12-12,Active,58,2022-11-19,2022-12-12,276233.44,44,2026-09-12,
419,786,Gold Loan,75000,11.89,12,6659.8,2025-04-24,2026-04-24,Active,77,2025-03-29,2025-04-24,0.00,12,2026-05-24,
306,262,Business Loan,3753000,11.54,108,56017.29,2022-08-30,2031-08-30,Pending,,,2022-08-30,3753000,0,,
237,1017,Home Loan,1265000,8.83,216,11712.06,2025-08-14,2043-08-14,Approved,36,2025-07-29,2025-08-14,2389260.24,12,2026-09-14,
496,488,Education Loan,1597000,9.26,96,23612.34,2023-04-07,2031-04-07,Active,100,2023-03-21,2023-04-07,1322291.04,40,2026-09-07,
950,925,Car Loan,821000,10.45,48,21000.56,2022-08-10,2026-08-10,Pending,,,2022-08-10,821000,0,,
531,877,Personal Loan,839000,14.3,36,28797.43,2023-03-29,2026-03-29,Approved,9,2023-03-20,2023-03-29,0.00,36,2026-04-29,
403,1442,Car Loan,862000,8.83,48,21381.39,2022-11-18,2026-11-18,Active,33,2022-11-14,2022-11-18,64144.17,45,2026-09-18,
939,1006,Home Loan,5516000,8.77,180,55194.76,2023-11-27,2038-11-27,Closed,46,2023-11-15,2023-11-27,0.00,180,,
867,971,Gold Loan,99000,9.79,60,2093.24,2025-04-03,2030-04-03,Active,43,2025-03-07,2025-04-03,92102.56,16,2026-09-03,
531,877,Business Loan,3816000,14.03,84,71575.14,2025-02-04,2032-02-04,Closed,46,2025-02-03,2025-02-04,0.00,84,,
7,899,Gold Loan,586000,13.28,36,19823.78,2023-12-14,2026-12-14,Rejected,,,2023-12-14,0.00,0,,Insufficient income
4,902,Education Loan,599000,8.36,180,5849.54,2026-03-03,2041-03-03,Active,31,2026-02-03,2026-03-03,1023669.50,5,2026-09-03,
462,1244,Personal Loan,557000,11.21,36,18290.91,2023-10-24,2026-10-24,Pending,,,2023-10-24,557000,0,,
598,908,Home Loan,3208000,7.34,228,26127.75,2025-08-27,2044-08-27,Active,61,2025-07-29,2025-08-27,5643594.00,12,2026-09-27,
82,206,Personal Loan,836000,16.87,60,20718.36,2025-10-20,2030-10-20,Pending,,,2025-10-20,836000,0,,
170,1106,Gold Loan,889000,12.07,24,41877.38,2025-01-31,2027-01-31,Approved,61,2025-01-12,2025-01-31,209386.90,19,2026-09-30,
595,999,Gold Loan,860000,8.48,12,75001.05,2021-12-13,2022-12-13,Active,42,2021-11-20,2021-12-13,0.00,12,2023-01-13,
102,1067,Personal Loan,980000,12.96,24,46572.58,2024-04-28,2026-04-28,Active,55,2024-04-13,2024-04-28,0.00,24,2026-05-28,
115,1135,Home Loan,6111000,8.4,132,71082.69,2025-04-21,2036-04-21,Active,59,2025-04-09,2025-04-21,8245592.04,16,2026-09-21,
961,972,Personal Loan,99000,16.73,36,3516.33,2025-03-05,2028-03-05,Active,83,2025-02-03,2025-03-05,66810.27,17,2026-09-05,
52,323,Car Loan,1194000,9.99,36,38521.42,2022-01-22,2025-01-22,Active,24,2022-01-03,2022-01-22,0.00,36,2025-02-22,
83,883,Home Loan,6751000,8.24,240,57480.58,2022-09-19,2042-09-19,Active,57,2022-09-12,2022-09-19,11093751.94,47,2026-09-19,
179,708,Home Loan,2690000,9.24,240,24619.39,2022-01-08,2042-01-08,Active,5,2022-01-02,2022-01-08,4554587.15,55,2026-09-08,
255,894,Education Loan,1337000,9.16,144,15336.2,2025-02-12,2037-02-12,Rejected,,,2025-02-12,0.00,0,,Unstable employment history
388,198,Personal Loan,251000,14.05,12,22542.47,2025-03-21,2026-03-21,Closed,16,2025-02-21,2025-03-21,0.00,12,,
206,1220,Business Loan,3263000,15.04,24,158273.95,2022-09-21,2024-09-21,Closed,60,2022-09-01,2022-09-21,0.00,24,,
333,1137,Business Loan,682000,12.25,36,22733.68,2025-12-20,2028-12-20,Defaulted,96,2025-12-19,2025-12-20,636543.04,8,2026-09-20,
681,22,Gold Loan,631000,9.85,60,13360.36,2025-01-17,2030-01-17,Closed,79,2024-12-21,2025-01-17,0.00,60,,
965,1126,Car Loan,2125000,8.85,60,43956.97,2025-03-09,2030-03-09,Active,6,2025-02-10,2025-03-09,1890149.71,17,2026-09-09,
917,1491,Business Loan,2174000,11.86,24,102195.65,2024-06-15,2026-06-15,Rejected,,,2024-06-15,0.00,0,,High existing liabilities
249,960,Gold Loan,266000,12.26,48,7038.81,2022-11-24,2026-11-24,Active,51,2022-11-18,2022-11-24,21116.43,45,2026-09-24,
593,486,Education Loan,1760000,8.31,156,18487.96,2022-03-03,2035-03-03,Closed,76,2022-02-14,2022-03-03,0.00,156,,
369,868,Gold Loan,594000,11.95,12,52762.29,2021-12-13,2022-12-13,Rejected,,,2021-12-13,0.00,0,,Low credit score
17,884,Car Loan,846000,10.83,84,14410.07,2022-10-07,2029-10-07,Approved,39,2022-09-09,2022-10-07,547582.66,46,2026-09-07,
887,747,Home Loan,1495000,7.33,156,14890.85,2021-11-13,2034-11-13,Closed,91,2021-11-02,2021-11-13,0.00,156,,
269,940,Gold Loan,82000,10.14,24,3789.18,2022-08-06,2024-08-06,Pending,,,2022-08-06,82000,0,,
821,178,Education Loan,1170000,8.16,180,11289.47,2025-01-06,2040-01-06,Active,41,2025-01-01,2025-01-06,1817604.67,19,2026-09-06,
884,19,Personal Loan,930000,13.1,72,18718.04,2025-06-10,2031-06-10,Active,55,2025-06-07,2025-06-10,1085646.32,14,2026-09-10,
746,1342,Business Loan,1121000,10.58,108,16136.43,2025-07-24,2034-07-24,Active,73,2025-07-09,2025-07-24,1532960.85,13,2026-09-24,
265,773,Gold Loan,93000,13.32,24,4435.38,2025-12-08,2027-12-08,Closed,28,2025-12-06,2025-12-08,0.00,24,,
984,656,Personal Loan,403000,13.23,72,8138.87,2026-07-18,2032-07-18,Active,28,2026-07-05,2026-07-18,577859.77,1,2026-09-18,
268,1196,Home Loan,7941000,7.14,120,92775.74,2024-10-02,2034-10-02,Active,89,2024-09-16,2024-10-02,9092022.52,22,2026-09-02,
97,963,Car Loan,2225000,10.53,48,56999.76,2025-02-05,2029-02-05,Active,25,2025-01-19,2025-02-05,1709992.80,18,2026-09-05,
758,104,Home Loan,2394000,7.09,132,26169.63,2023-12-14,2034-12-14,Closed,25,2023-12-06,2023-12-14,0.00,132,,
507,531,Car Loan,2025000,10.26,72,37780.87,2022-11-26,2028-11-26,Active,36,2022-11-03,2022-11-26,1020083.49,45,2026-09-26,
491,381,Car Loan,1194000,10.14,84,19908.29,2023-07-20,2030-07-20,Active,76,2023-07-06,2023-07-20,935689.63,37,2026-09-20,
230,653,Business Loan,2569000,9.38,84,41829.99,2024-10-25,2031-10-25,Closed,67,2024-10-03,2024-10-25,0.00,84,,
425,1225,Business Loan,1844000,13.6,108,29689.1,2024-06-06,2033-06-06,Closed,9,2024-05-11,2024-06-06,0.00,108,,
622,296,Business Loan,3026000,11.77,24,142119.53,2024-12-14,2026-12-14,Active,48,2024-11-14,2024-12-14,568478.12,20,2026-09-14,
11,83,Gold Loan,981000,9.42,12,85981.08,2022-06-26,2023-06-26,Active,2,2022-06-12,2022-06-26,0.00,12,2023-07-26,
729,670,Business Loan,2234000,15.56,36,78056.39,2021-08-30,2024-08-30,Pending,,,2021-08-30,2234000,0,,
540,1430,Car Loan,796000,8.62,72,14198.66,2023-02-24,2029-02-24,Defaulted,21,2023-01-29,2023-02-24,425959.80,42,2026-09-24,
204,1307,Car Loan,1651000,7.76,36,51553.74,2021-12-09,2024-12-09,Active,90,2021-12-03,2021-12-09,0.00,36,2025-01-09,
279,825,Home Loan,1202000,8.42,228,10583.13,2025-01-27,2044-01-27,Closed,17,2024-12-30,2025-01-27,0.00,228,,
103,1317,Car Loan,848000,10.86,36,27706.24,2025-11-08,2028-11-08,Closed,42,2025-10-11,2025-11-08,0.00,36,,
729,775,Gold Loan,389000,11.61,12,34491.25,2026-02-23,2027-02-23,Closed,26,2026-01-28,2026-02-23,0.00,12,,
759,1287,Education Loan,721000,8.89,168,7516.55,2021-08-21,2035-08-21,Closed,73,2021-08-05,2021-08-21,0.00,168,,
733,1229,Gold Loan,886000,12.85,36,29788.87,2024-05-02,2027-05-02,Defaulted,70,2024-04-18,2024-05-02,268099.83,27,2026-09-02,
140,985,Personal Loan,1383000,10.92,12,122180.23,2023-10-19,2024-10-19,Closed,12,2023-10-10,2023-10-19,0.00,12,,
991,1275,Car Loan,330000,7.75,48,8017.59,2025-12-03,2029-12-03,Approved,60,2025-11-17,2025-12-03,320703.60,8,2026-09-03,
965,1390,Gold Loan,919000,13.51,12,82302.63,2022-04-24,2023-04-24,Active,37,2022-04-07,2022-04-24,0.00,12,2023-05-24,
75,380,Education Loan,421000,10.08,168,4685.79,2025-03-23,2039-03-23,Active,20,2025-03-15,2025-03-23,707554.29,17,2026-09-23,
955,1221,Education Loan,224000,8.35,84,3530.5,2023-10-09,2030-10-09,Approved,30,2023-09-13,2023-10-09,176525.00,34,2026-09-09,
797,1065,Home Loan,2702000,9.06,120,34315.59,2026-04-20,2036-04-20,Active,81,2026-03-23,2026-04-20,3980608.44,4,2026-09-20,
935,916,Gold Loan,804000,8.87,60,16639.04,2025-05-20,2030-05-20,Closed,31,2025-04-23,2025-05-20,0.00,60,,
459,413,Car Loan,1550000,7.73,72,26972.64,2023-03-01,2029-03-01,Active,76,2023-01-30,2023-03-01,836151.84,41,2026-09-01,
279,825,Car Loan,470000,9.13,84,7592.91,2023-01-16,2030-01-16,Defaulted,53,2023-01-14,2023-01-16,311309.31,43,2026-09-16,
232,231,Education Loan,1631000,6.7,120,18686.08,2022-12-05,2032-12-05,Pending,,,2022-12-05,1631000,0,,
555,1269,Business Loan,1443000,15.44,96,26263.95,2025-03-12,2033-03-12,Rejected,,,2025-03-12,0.00,0,,High existing liabilities
407,1302,Gold Loan,264000,10.39,48,6745.28,2023-08-20,2027-08-20,Pending,,,2023-08-20,264000,0,,
16,1193,Personal Loan,739000,13.7,84,13726.69,2022-08-21,2029-08-21,Pending,,,2022-08-21,739000,0,,
360,243,Business Loan,3220000,9.0,36,102395.14,2022-07-29,2025-07-29,Closed,38,2022-07-01,2022-07-29,0.00,36,,
287,674,Personal Loan,489000,14.9,48,13584.46,2024-02-21,2028-02-21,Defaulted,44,2024-01-23,2024-02-21,244520.28,30,2026-09-21,
140,985,Gold Loan,147000,12.98,60,3343.2,2022-05-08,2027-05-08,Defaulted,75,2022-04-19,2022-05-08,30088.80,51,2026-09-08,
297,1332,Car Loan,641000,7.98,48,15642.67,2022-01-15,2026-01-15,Closed,12,2022-01-14,2022-01-15,0.00,48,,
202,1431,Car Loan,1432000,9.2,72,25954.94,2025-08-06,2031-08-06,Active,60,2025-07-28,2025-08-06,1557296.40,12,2026-09-06,
552,832,Education Loan,192000,7.62,72,3330.87,2022-10-17,2028-10-17,Active,80,2022-09-30,2022-10-17,86602.62,46,2026-09-17,
874,1094,Education Loan,825000,9.67,96,12375.09,2024-02-02,2032-02-02,Pending,,,2024-02-02,825000,0,,
525,37,Home Loan,4605000,7.41,144,48369.35,2024-01-30,2036-01-30,Pending,,,2024-01-30,4605000,0,,
866,65,Business Loan,2537000,12.97,72,50887.84,2024-04-18,2030-04-18,Active,93,2024-03-28,2024-04-18,2239064.96,28,2026-09-18,
534,1144,Business Loan,861000,14.23,96,15069.78,2021-11-07,2029-11-07,Rejected,,,2021-11-07,0.00,0,,High existing liabilities
406,489,Personal Loan,1098000,12.08,60,24468.82,2023-10-15,2028-10-15,Active,82,2023-10-14,2023-10-15,636189.32,34,2026-09-15,
232,231,Car Loan,1243000,8.03,36,38968.31,2024-02-11,2027-02-11,Active,76,2024-02-06,2024-02-11,233809.86,30,2026-09-11,
228,1499,Education Loan,1308000,6.63,84,19505.49,2024-05-07,2031-05-07,Active,66,2024-04-27,2024-05-07,1111812.93,27,2026-09-07,
278,181,Business Loan,2970000,14.0,72,61199.05,2022-05-18,2028-05-18,Pending,,,2022-05-18,2970000,0,,
74,614,Business Loan,2815000,11.11,96,44386.41,2023-07-15,2031-07-15,Active,2,2023-06-21,2023-07-15,2618798.19,37,2026-09-15,
26,1022,Business Loan,834000,11.46,96,13308.64,2025-04-11,2033-04-11,Closed,41,2025-04-06,2025-04-11,0.00,96,,
532,436,Education Loan,1482000,10.35,156,17318.16,2025-07-26,2038-07-26,Approved,57,2025-06-30,2025-07-26,2476496.88,13,2026-09-26,
568,1306,Home Loan,1407000,8.97,156,15307.59,2023-10-25,2036-10-25,Active,95,2023-09-27,2023-10-25,1867525.98,34,2026-09-25,
790,1179,Business Loan,1775000,10.52,36,57708.58,2024-02-07,2027-02-07,Approved,97,2024-01-20,2024-02-07,346251.48,30,2026-09-07,
746,900,Personal Loan,867000,10.98,12,76618.81,2022-07-22,2023-07-22,Active,11,2022-07-02,2022-07-22,0.00,12,2023-08-22,
197,1289,Personal Loan,330000,15.25,60,7894.05,2022-08-09,2027-08-09,Approved,79,2022-07-12,2022-08-09,94728.60,48,2026-09-09,
6,1117,Personal Loan,519000,13.29,12,46426.31,2022-09-07,2023-09-07,Defaulted,60,2022-08-27,2022-09-07,139278.93,9,2023-07-07,
659,1264,Education Loan,1451000,8.04,144,15738.23,2022-01-21,2034-01-21,Active,61,2022-01-07,2022-01-21,1400702.47,55,2026-09-21,
915,812,Car Loan,788000,9.03,84,12690.19,2022-04-05,2029-04-05,Active,98,2022-03-27,2022-04-05,406086.08,52,2026-09-05,
767,3,Education Loan,194000,7.22,60,3861.6,2025-09-24,2030-09-24,Closed,70,2025-09-05,2025-09-24,0.00,60,,
405,275,Gold Loan,263000,12.77,36,8832.4,2025-04-11,2028-04-11,Approved,25,2025-03-16,2025-04-11,176648.00,16,2026-09-11,
50,1052,Home Loan,1645000,7.53,204,14319.2,2022-12-26,2039-12-26,Closed,16,2022-12-21,2022-12-26,0.00,204,,
366,272,Personal Loan,1383000,14.99,24,67050.46,2023-01-24,2025-01-24,Closed,3,2023-01-22,2023-01-24,0.00,24,,
820,677,Personal Loan,837000,12.11,36,27844.37,2026-01-21,2029-01-21,Approved,79,2026-01-12,2026-01-21,807486.73,7,2026-09-21,
16,629,Car Loan,1637000,9.15,72,29629.82,2022-06-13,2028-06-13,Approved,67,2022-05-18,2022-06-13,651856.04,50,2026-09-13,
870,430,Car Loan,611000,9.23,84,9901.9,2025-04-13,2032-04-13,Closed,45,2025-03-21,2025-04-13,0.00,84,,
811,219,Business Loan,3556000,9.74,36,114308.53,2024-06-29,2027-06-29,Pending,,,2024-06-29,3556000,0,,
585,103,Home Loan,3231000,8.01,228,27628.77,2023-03-30,2042-03-30,Rejected,,,2023-03-30,0.00,0,,Incomplete documentation
917,769,Gold Loan,389000,13.54,24,18592.59,2025-09-11,2027-09-11,Active,47,2025-08-18,2025-09-11,241703.67,11,2026-09-11,
847,732,Education Loan,743000,9.01,132,8890.98,2021-09-25,2032-09-25,Active,38,2021-09-02,2021-09-25,649041.54,59,2026-09-25,
211,306,Gold Loan,113000,9.63,36,3626.59,2026-05-14,2029-05-14,Active,23,2026-04-17,2026-05-14,119677.47,3,2026-09-14,
963,793,Personal Loan,84000,10.06,60,1787.23,2026-04-27,2031-04-27,Active,83,2026-04-26,2026-04-27,100084.88,4,2026-09-27,
222,468,Business Loan,1294000,14.87,120,20773.85,2024-11-25,2034-11-25,Closed,53,2024-10-27,2024-11-25,0.00,120,,
33,109,Home Loan,4847000,7.93,156,49883.92,2024-02-15,2037-02-15,Approved,9,2024-02-07,2024-02-15,6285373.92,30,2026-09-15,
654,159,Personal Loan,1186000,11.18,72,22683.91,2023-01-10,2029-01-10,Closed,63,2023-01-02,2023-01-10,0.00,72,,
393,1226,Car Loan,1234000,11.17,84,21239.55,2025-05-31,2032-05-31,Defaulted,3,2025-05-13,2025-05-31,1465528.95,15,2026-09-30,
13,942,Education Loan,1732000,8.88,156,18754.17,2025-12-08,2038-12-08,Active,43,2025-12-03,2025-12-08,2775617.16,8,2026-09-08,
756,114,Education Loan,103000,7.34,180,945.48,2023-01-29,2038-01-29,Active,9,2023-01-27,2023-01-29,129530.76,43,2026-09-29,
309,1149,Gold Loan,183000,11.5,36,6034.61,2023-08-14,2026-08-14,Active,45,2023-07-21,2023-08-14,0.00,36,2026-09-14,
370,726,Car Loan,2453000,10.27,48,62532.97,2022-04-09,2026-04-09,Closed,93,2022-03-14,2022-04-09,0.00,48,,
820,1176,Business Loan,2167000,13.47,60,49828.85,2025-07-07,2030-07-07,Closed,47,2025-06-25,2025-07-07,0.00,60,,
54,1414,Education Loan,1973000,8.65,72,35222.63,2022-10-12,2028-10-12,Active,14,2022-10-09,2022-10-12,915788.38,46,2026-09-12,
306,714,Personal Loan,787000,11.33,84,13612.3,2025-02-02,2032-02-02,Active,4,2025-01-06,2025-02-02,898411.80,18,2026-09-02,
462,831,Personal Loan,452000,15.43,36,15764.07,2023-09-15,2026-09-15,Approved,50,2023-08-21,2023-09-15,15764.07,35,2026-09-15,
788,58,Business Loan,3305000,10.92,108,48192.43,2023-09-14,2032-09-14,Active,76,2023-08-17,2023-09-14,3518047.39,35,2026-09-14,
141,1471,Home Loan,6596000,8.66,180,65573.53,2023-10-27,2038-10-27,Active,19,2023-10-09,2023-10-27,9573735.38,34,2026-09-27,
756,114,Personal Loan,463000,15.56,60,11151.3,2025-07-18,2030-07-18,Pending,,,2025-07-18,463000,0,,
268,532,Education Loan,1458000,9.05,60,30301.07,2026-04-09,2031-04-09,Active,89,2026-04-08,2026-04-09,1696859.92,4,2026-09-09,
946,429,Personal Loan,1371000,14.87,60,32522.51,2022-08-28,2027-08-28,Approved,71,2022-08-17,2022-08-28,390270.12,48,2026-09-28,
882,1074,Gold Loan,354000,13.75,24,16954.78,2022-02-14,2024-02-14,Active,3,2022-01-15,2022-02-14,0.00,24,2024-03-14,
16,1128,Personal Loan,994000,12.15,72,19510.51,2024-09-18,2030-09-18,Active,86,2024-09-12,2024-09-18,956014.99,23,2026-09-18,
936,1290,Car Loan,985000,11.22,72,18859.75,2023-06-03,2029-06-03,Active,95,2023-05-21,2023-06-03,641231.50,38,2026-09-03,
329,966,Car Loan,2119000,8.68,84,33749.63,2024-12-12,2031-12-12,Closed,82,2024-11-22,2024-12-12,0.00,84,,
716,950,Education Loan,1735000,8.74,156,18647.97,2022-09-30,2035-09-30,Pending,,,2022-09-30,1735000,0,,
470,45,Business Loan,825000,9.8,84,13610.87,2026-05-17,2033-05-17,Approved,7,2026-05-05,2026-05-17,1102480.47,3,2026-09-17,
287,674,Business Loan,4067000,15.74,24,198628.1,2026-05-24,2028-05-24,Approved,9,2026-05-21,2026-05-24,4171190.10,3,2026-09-24,
800,601,Home Loan,4742000,8.26,204,43333.11,2023-01-13,2040-01-13,Closed,24,2023-01-10,2023-01-13,0.00,204,,
468,143,Home Loan,6183000,9.35,216,59259.23,2024-11-23,2042-11-23,Active,47,2024-11-19,2024-11-23,11555549.85,21,2026-09-23,
250,1005,Education Loan,129000,10.37,144,1569.35,2025-08-14,2037-08-14,Active,85,2025-08-08,2025-08-14,207154.20,12,2026-09-14,
720,827,Gold Loan,734000,12.69,36,24621.91,2024-03-16,2027-03-16,Approved,62,2024-03-11,2024-03-16,172353.37,29,2026-09-16,
119,427,Gold Loan,639000,11.52,24,29936.91,2025-09-08,2027-09-08,Active,20,2025-08-15,2025-09-08,389179.83,11,2026-09-08,
629,1112,Business Loan,1344000,11.14,96,21213.74,2022-04-23,2030-04-23,Closed,94,2022-04-03,2022-04-23,0.00,96,,
525,37,Gold Loan,135000,12.75,24,6402.3,2022-03-13,2024-03-13,Active,43,2022-03-12,2022-03-13,0.00,24,2024-04-13,
63,1051,Education Loan,732000,7.29,120,8608.95,2025-09-05,2035-09-05,Active,2,2025-09-02,2025-09-05,938375.55,11,2026-09-05,
173,156,Car Loan,1247000,10.89,60,27044.44,2022-03-17,2027-03-17,Active,29,2022-02-18,2022-03-17,189311.08,53,2026-09-17,
943,534,Business Loan,4771000,14.34,24,229836.53,2024-07-19,2026-07-19,Defaulted,13,2024-07-02,2024-07-19,689509.59,21,2026-05-19,
412,680,Gold Loan,63000,9.86,60,1334.23,2024-06-20,2029-06-20,Active,5,2024-06-09,2024-06-20,45363.82,26,2026-09-20,
491,1438,Personal Loan,653000,10.3,84,10942.06,2021-12-22,2028-12-22,Active,65,2021-12-09,2021-12-22,306377.68,56,2026-09-22,
369,868,Education Loan,727000,10.35,120,9748.81,2025-07-16,2035-07-16,Closed,18,2025-07-13,2025-07-16,0.00,120,,
87,637,Gold Loan,914000,11.07,48,23653.89,2022-07-05,2026-07-05,Closed,24,2022-06-19,2022-07-05,0.00,48,,
498,973,Business Loan,2741000,13.13,24,130479.57,2025-06-28,2027-06-28,Active,17,2025-06-05,2025-06-28,1304795.70,14,2026-09-28,
401,439,Car Loan,1852000,9.91,84,30659.34,2024-09-17,2031-09-17,Active,89,2024-09-06,2024-09-17,1870219.74,23,2026-09-17,
304,816,Education Loan,321000,9.9,60,6804.52,2023-09-03,2028-09-03,Active,18,2023-08-04,2023-09-03,170113.00,35,2026-09-03,
25,1344,Gold Loan,775000,13.26,48,20891.46,2026-06-01,2030-06-01,Active,28,2026-05-31,2026-06-01,961007.16,2,2026-09-01,
828,1162,Car Loan,345000,11.13,60,7523.52,2023-11-20,2028-11-20,Pending,,,2023-11-20,345000,0,,
879,1200,Personal Loan,478000,14.08,12,42936.24,2022-04-09,2023-04-09,Active,45,2022-03-26,2022-04-09,0.00,12,2023-05-09,
408,185,Home Loan,3564000,9.36,228,33496.15,2024-07-21,2043-07-21,Active,47,2024-07-12,2024-07-21,6799718.45,25,2026-09-21,
638,525,Home Loan,3008000,7.62,144,31936.72,2025-04-22,2037-04-22,Active,1,2025-03-30,2025-04-22,4087900.16,16,2026-09-22,
843,749,Personal Loan,62000,15.23,12,5602.75,2026-04-15,2027-04-15,Defaulted,67,2026-04-12,2026-04-15,44822.00,4,2026-09-15,
266,579,Personal Loan,151000,13.45,24,7210.77,2024-07-10,2026-07-10,Rejected,,,2024-07-10,0.00,0,,High existing liabilities
104,1482,Car Loan,810000,10.82,60,17538.74,2024-01-30,2029-01-30,Active,80,2024-01-05,2024-01-30,508623.46,31,2026-09-30,
762,117,Gold Loan,152000,9.05,36,4837.1,2026-04-05,2029-04-05,Active,67,2026-03-08,2026-04-05,154787.20,4,2026-09-05,
355,818,Gold Loan,450000,8.13,48,11013.3,2023-08-13,2027-08-13,Active,5,2023-07-26,2023-08-13,132159.60,36,2026-09-13,
866,540,Home Loan,2884000,8.73,168,29797.94,2022-11-06,2036-11-06,Pending,,,2022-11-06,2884000,0,,
255,182,Gold Loan,316000,13.46,24,15091.58,2024-10-31,2026-10-31,Approved,5,2024-10-19,2024-10-31,30183.16,22,2026-09-30,
583,1328,Personal Loan,183000,14.95,60,4348.76,2024-07-31,2029-07-31,Active,94,2024-07-01,2024-07-31,152206.60,25,2026-09-30,
158,610,Personal Loan,1153000,12.08,24,54318.8,2024-09-16,2026-09-16,Closed,32,2024-08-29,2024-09-16,0.00,24,,
552,1313,Business Loan,2844000,12.18,48,75145.02,2022-04-02,2026-04-02,Closed,95,2022-03-07,2022-04-02,0.00,48,,
16,629,Education Loan,496000,6.74,120,5692.74,2023-01-22,2033-01-22,Approved,29,2022-12-28,2023-01-22,438340.98,43,2026-09-22,
682,701,Gold Loan,523000,12.6,60,11793.04,2025-01-05,2030-01-05,Approved,45,2024-12-10,2025-01-05,483514.64,19,2026-09-05,
598,908,Business Loan,1774000,15.39,48,49723.17,2024-02-26,2028-02-26,Active,22,2024-02-06,2024-02-26,895017.06,30,2026-09-26,
400,989,Education Loan,183000,10.5,168,2083.33,2021-08-24,2035-08-24,Closed,41,2021-07-29,2021-08-24,0.00,168,,
885,1476,Personal Loan,1354000,12.27,48,35835.77,2023-01-04,2027-01-04,Closed,73,2022-12-21,2023-01-04,0.00,48,,
155,1009,Business Loan,4116000,14.5,84,78275.22,2025-12-31,2032-12-31,Defaulted,12,2025-12-14,2025-12-31,5948916.72,8,2026-09-30,
551,1034,Business Loan,3672000,10.55,36,119435.56,2023-06-25,2026-06-25,Closed,44,2023-06-14,2023-06-25,0.00,36,,
543,927,Business Loan,1464000,10.76,36,47763.26,2024-09-29,2027-09-29,Active,82,2024-09-12,2024-09-29,620922.38,23,2026-09-29,
843,749,Home Loan,1842000,7.9,168,18155.65,2024-12-30,2038-12-30,Closed,44,2024-12-27,2024-12-30,0.00,168,,
327,251,Car Loan,2227000,8.52,48,54912.8,2023-03-16,2027-03-16,Active,86,2023-02-25,2023-03-16,384389.60,41,2026-09-16,
893,1417,Business Loan,3779000,12.77,60,85539.58,2026-05-21,2031-05-21,Closed,100,2026-05-12,2026-05-21,0.00,60,,
11,1154,Car Loan,575000,8.59,48,14197.22,2023-05-24,2027-05-24,Closed,64,2023-04-30,2023-05-24,0.00,48,,
710,359,Personal Loan,1431000,11.85,72,27864.83,2022-08-22,2028-08-22,Active,49,2022-07-27,2022-08-22,668755.92,48,2026-09-22,
64,983,Business Loan,4020000,12.74,72,80147.31,2025-01-09,2031-01-09,Active,36,2024-12-30,2025-01-09,4247807.43,19,2026-09-09,
657,278,Home Loan,7960000,7.41,228,65165.28,2024-05-11,2043-05-11,Approved,60,2024-04-19,2024-05-11,13098221.28,27,2026-09-11,
152,1451,Home Loan,7355000,7.66,144,78249.66,2021-11-09,2033-11-09,Active,47,2021-10-18,2021-11-09,6807720.42,57,2026-09-09,
892,719,Education Loan,1970000,6.73,120,22600.18,2026-06-09,2036-06-09,Active,64,2026-05-16,2026-06-09,2666821.24,2,2026-09-09,
331,628,Home Loan,5327000,8.92,168,55628.08,2024-05-13,2038-05-13,Active,85,2024-04-22,2024-05-13,7843559.28,27,2026-09-13,
33,698,Business Loan,1837000,12.28,96,30139.8,2023-04-23,2031-04-23,Defaulted,61,2023-04-13,2023-04-23,1687828.80,40,2026-09-23,
844,720,Education Loan,850000,7.03,168,7964.95,2025-04-30,2039-04-30,Closed,59,2025-03-31,2025-04-30,0.00,168,,
99,88,Car Loan,612000,9.51,84,10005.65,2023-01-17,2030-01-17,Closed,75,2023-01-15,2023-01-17,0.00,84,,
612,1014,Business Loan,3549000,13.09,24,168876.0,2022-05-20,2024-05-20,Active,89,2022-04-30,2022-05-20,0.00,24,2024-06-20,
838,770,Gold Loan,502000,13.19,36,16960.34,2024-06-02,2027-06-02,Rejected,,,2024-06-02,0.00,0,,Incomplete documentation
52,323,Education Loan,153000,9.3,120,1963.07,2022-11-26,2032-11-26,Active,67,2022-11-04,2022-11-26,147230.25,45,2026-09-26,
128,875,Education Loan,1273000,9.42,156,14180.25,2023-12-27,2036-12-27,Active,22,2023-12-02,2023-12-27,1758351.00,32,2026-09-27,
453,1368,Personal Loan,123000,11.65,48,3217.96,2022-05-08,2026-05-08,Active,88,2022-04-17,2022-05-08,0.00,48,2026-06-08,
428,347,Education Loan,951000,7.3,108,12038.48,2026-06-23,2035-06-23,Defaulted,16,2026-06-04,2026-06-23,1276078.88,2,2026-09-23,
11,83,Car Loan,1452000,8.29,84,22841.54,2025-03-31,2032-03-31,Closed,87,2025-03-30,2025-03-31,0.00,84,,
288,843,Car Loan,1346000,9.51,72,24604.47,2024-12-19,2030-12-19,Active,14,2024-12-03,2024-12-19,1279432.44,20,2026-09-19,
664,570,Business Loan,4018000,10.82,120,54939.35,2022-01-18,2032-01-18,Active,95,2022-01-14,2022-01-18,3571057.75,55,2026-09-18,
760,166,Business Loan,923000,9.31,84,14995.84,2024-08-22,2031-08-22,Rejected,,,2024-08-22,0.00,0,,Insufficient income
543,1278,Business Loan,602000,11.82,36,19943.3,2021-12-27,2024-12-27,Pending,,,2021-12-27,602000,0,,
570,1205,Business Loan,2136000,11.73,96,34399.97,2022-02-16,2030-02-16,Active,62,2022-01-27,2022-02-16,1444798.74,54,2026-09-16,
554,937,Home Loan,7023000,7.72,216,60264.75,2025-06-04,2043-06-04,Active,70,2025-05-05,2025-06-04,12173479.50,14,2026-09-04,
646,1409,Business Loan,2828000,9.55,36,90655.29,2023-12-25,2026-12-25,Active,33,2023-11-30,2023-12-25,362621.16,32,2026-09-25,
251,1367,Personal Loan,226000,15.78,24,11041.92,2022-09-05,2024-09-05,Active,43,2022-08-16,2022-09-05,0.00,24,2024-10-05,
292,1384,Education Loan,622000,6.99,132,6766.65,2026-05-21,2037-05-21,Approved,83,2026-04-26,2026-05-21,872897.85,3,2026-09-21,
200,201,Home Loan,6468000,9.26,168,68831.84,2024-12-24,2038-12-24,Active,100,2024-11-28,2024-12-24,10187112.32,20,2026-09-24,
610,338,Personal Loan,677000,11.7,84,11842.56,2024-03-25,2031-03-25,Approved,41,2024-03-15,2024-03-25,651340.80,29,2026-09-25,
464,99,Education Loan,1528000,9.5,120,19771.95,2022-11-01,2032-11-01,Active,12,2022-10-02,2022-11-01,1482896.25,45,2026-09-01,
647,949,Personal Loan,153000,17.38,72,3436.18,2024-09-28,2030-09-28,Pending,,,2024-09-28,153000,0,,
94,568,Car Loan,1861000,9.32,72,33841.85,2024-01-26,2030-01-26,Closed,72,2024-01-20,2024-01-26,0.00,72,,
283,1120,Education Loan,247000,7.81,72,4307.83,2024-01-15,2030-01-15,Pending,,,2024-01-15,247000,0,,
250,315,Business Loan,3947000,10.17,60,84192.62,2022-07-24,2027-07-24,Rejected,,,2022-07-24,0.00,0,,Incomplete documentation
916,1041,Gold Loan,444000,12.27,48,11751.17,2023-12-09,2027-12-09,Active,96,2023-12-08,2023-12-09,188018.72,32,2026-09-09,
851,25,Gold Loan,351000,10.66,12,30966.32,2022-12-21,2023-12-21,Defaulted,86,2022-11-21,2022-12-21,92898.96,9,2023-10-21,
212,492,Car Loan,1167000,8.77,84,18640.02,2023-01-07,2030-01-07,Pending,,,2023-01-07,1167000,0,,
537,472,Education Loan,399000,8.14,72,7023.07,2021-12-01,2027-12-01,Closed,6,2021-11-24,2021-12-01,0.00,72,,
279,915,Gold Loan,302000,12.58,48,8039.09,2022-08-26,2026-08-26,Active,18,2022-07-28,2022-08-26,0.00,48,2026-09-26,
333,1137,Home Loan,6831000,8.24,228,59381.23,2021-10-31,2040-10-31,Active,41,2021-10-02,2021-10-31,10094809.10,58,2026-09-30,
153,805,Car Loan,2357000,7.9,60,47678.74,2024-08-18,2029-08-18,Active,25,2024-07-30,2024-08-18,1716434.64,24,2026-09-18,
165,350,Car Loan,1882000,10.98,48,48623.0,2021-11-29,2025-11-29,Defaulted,17,2021-11-18,2021-11-29,145869.00,45,2025-09-29,
761,1311,Education Loan,445000,6.85,84,6683.66,2025-09-11,2032-09-11,Pending,,,2025-09-11,445000,0,,
699,962,Car Loan,1856000,8.91,84,29776.63,2025-10-22,2032-10-22,Closed,13,2025-10-17,2025-10-22,0.00,84,,
488,157,Education Loan,628000,8.97,72,11310.69,2022-11-13,2028-11-13,Active,96,2022-11-11,2022-11-13,305388.63,45,2026-09-13,
41,1324,Business Loan,3526000,12.27,24,166426.0,2021-09-15,2023-09-15,Defaulted,87,2021-09-13,2021-09-15,499278.00,21,2023-07-15,
77,73,Home Loan,2407000,7.6,180,22450.19,2023-07-27,2038-07-27,Pending,,,2023-07-27,2407000,0,,
32,193,Gold Loan,214000,12.19,36,7127.3,2025-07-19,2028-07-19,Rejected,,,2025-07-19,0.00,0,,Insufficient income
618,353,Gold Loan,705000,12.39,12,62767.09,2026-01-16,2027-01-16,Rejected,,,2026-01-16,0.00,0,,Eligibility criteria not met
220,887,Home Loan,1246000,8.33,228,10900.84,2026-05-23,2045-05-23,Active,38,2026-05-14,2026-05-23,2452689.00,3,2026-09-23,
600,1434,Home Loan,2968000,8.8,132,35172.66,2022-02-10,2033-02-10,Defaulted,1,2022-02-03,2022-02-10,2743467.48,54,2026-09-10,
401,439,Personal Loan,1201000,11.46,84,20855.67,2023-06-11,2030-06-11,Approved,40,2023-05-24,2023-06-11,959360.82,38,2026-09-11,
804,1322,Education Loan,577000,10.01,84,9581.86,2022-05-09,2029-05-09,Active,49,2022-05-05,2022-05-09,316201.38,51,2026-09-09,
159,718,Personal Loan,481000,16.35,36,16993.77,2025-03-19,2028-03-19,Active,75,2025-03-02,2025-03-19,322881.63,17,2026-09-19,
354,527,Personal Loan,552000,11.96,12,49034.2,2026-01-24,2027-01-24,Active,42,2025-12-28,2026-01-24,245171.00,7,2026-09-24,
393,1026,Home Loan,6021000,7.38,180,55405.62,2026-05-24,2041-05-24,Active,79,2026-05-18,2026-05-24,9806794.74,3,2026-09-24,
31,1393,Car Loan,580000,11.18,48,15041.15,2023-07-19,2027-07-19,Closed,46,2023-07-14,2023-07-19,0.00,48,,
979,936,Personal Loan,242000,17.97,72,5515.38,2024-06-09,2030-06-09,Active,72,2024-05-26,2024-06-09,253707.48,26,2026-09-09,
708,1381,Business Loan,527000,10.53,36,17136.24,2025-12-14,2028-12-14,Active,24,2025-12-09,2025-12-14,479814.72,8,2026-09-14,
879,1200,Gold Loan,398000,10.95,36,13020.59,2022-01-26,2025-01-26,Closed,92,2022-01-12,2022-01-26,0.00,36,,
352,647,Home Loan,1285000,8.42,168,13046.79,2024-05-07,2038-05-07,Pending,,,2024-05-07,1285000,0,,
519,378,Business Loan,4024000,10.99,36,131721.54,2021-11-17,2024-11-17,Closed,84,2021-11-16,2021-11-17,0.00,36,,
301,1082,Car Loan,1535000,7.53,72,26562.63,2024-02-01,2030-02-01,Active,70,2024-01-26,2024-02-01,1115630.46,30,2026-09-01,
541,878,Car Loan,1813000,9.26,36,57872.55,2025-12-28,2028-12-28,Active,38,2025-12-03,2025-12-28,1620431.40,8,2026-09-28,
478,1207,Gold Loan,748000,11.15,36,24541.73,2025-02-23,2028-02-23,Active,83,2025-01-25,2025-02-23,441751.14,18,2026-09-23,
866,65,Gold Loan,943000,12.64,12,84067.0,2023-04-07,2024-04-07,Defaulted,22,2023-03-27,2023-04-07,252201.00,9,2024-02-07,
121,332,Education Loan,178000,9.22,180,1828.76,2025-06-23,2040-06-23,Pending,,,2025-06-23,178000,0,,
989,914,Gold Loan,822000,9.24,36,26231.29,2024-07-13,2027-07-13,Closed,85,2024-07-05,2024-07-13,0.00,36,,
324,469,Home Loan,1477000,9.2,156,16264.59,2022-06-11,2035-06-11,Active,42,2022-06-10,2022-06-11,1724046.54,50,2026-09-11,
74,614,Education Loan,1550000,6.71,84,23174.53,2026-04-07,2033-04-07,Active,80,2026-03-08,2026-04-07,1853962.40,4,2026-09-07,
16,1193,Home Loan,3569000,9.16,168,37771.11,2022-03-16,2036-03-16,Active,50,2022-02-17,2022-03-16,4343677.65,53,2026-09-16,
621,882,Gold Loan,101000,13.99,24,4848.82,2024-12-05,2026-12-05,Closed,81,2024-11-20,2024-12-05,0.00,24,,
828,574,Education Loan,401000,8.76,120,5027.76,2025-10-05,2035-10-05,Active,82,2025-09-14,2025-10-05,553053.60,10,2026-09-05,
152,1451,Home Loan,1671000,7.85,120,20141.64,2021-12-06,2031-12-06,Pending,,,2021-12-06,1671000,0,,
665,874,Home Loan,3071000,9.23,156,33870.75,2025-12-06,2038-12-06,Active,13,2025-11-30,2025-12-06,5012871.00,8,2026-09-06,
647,1227,Education Loan,1978000,9.08,96,29060.26,2022-03-14,2030-03-14,Active,31,2022-02-28,2022-03-14,1249591.18,53,2026-09-14,
252,174,Home Loan,1454000,8.37,216,13049.37,2024-05-04,2042-05-04,Active,56,2024-04-23,2024-05-04,2466330.93,27,2026-09-04,
863,1143,Gold Loan,647000,8.38,12,56395.25,2025-06-06,2026-06-06,Active,90,2025-05-23,2025-06-06,0.00,12,2026-07-06,
867,971,Personal Loan,523000,13.08,48,14051.56,2025-07-31,2029-07-31,Active,33,2025-07-08,2025-07-31,491804.60,13,2026-09-30,
989,1349,Gold Loan,820000,10.17,60,17491.25,2024-07-15,2029-07-15,Active,23,2024-06-22,2024-07-15,612193.75,25,2026-09-15,
844,720,Home Loan,7775000,8.4,144,85875.27,2023-06-25,2035-06-25,Active,32,2023-06-22,2023-06-25,9102778.62,38,2026-09-25,
674,450,Personal Loan,1157000,16.98,36,41238.69,2025-11-07,2028-11-07,Active,55,2025-11-04,2025-11-07,1113444.63,9,2026-09-07,
410,107,Car Loan,574000,9.29,72,10429.47,2025-11-12,2031-11-12,Active,71,2025-10-30,2025-11-12,657056.61,9,2026-09-12,
141,1175,Home Loan,7565000,7.61,156,76514.71,2023-03-29,2036-03-29,Active,29,2023-03-09,2023-03-29,8799191.65,41,2026-09-29,
872,455,Car Loan,1414000,9.59,36,45354.1,2023-04-09,2026-04-09,Active,85,2023-04-03,2023-04-09,0.00,36,2026-05-09,
19,717,Business Loan,4266000,12.73,24,202272.82,2022-09-03,2024-09-03,Defaulted,56,2022-08-13,2022-09-03,606818.46,21,2024-07-03,
374,388,Education Loan,236000,10.01,84,3919.1,2025-11-18,2032-11-18,Defaulted,64,2025-11-16,2025-11-18,293932.50,9,2026-09-18,
935,1340,Education Loan,579000,9.33,108,7942.98,2024-09-14,2033-09-14,Active,1,2024-08-15,2024-09-14,675153.30,23,2026-09-14,
632,1472,Business Loan,1635000,13.08,72,32890.24,2021-12-07,2027-12-07,Pending,,,2021-12-07,1635000,0,,
568,1306,Business Loan,4874000,15.38,108,83596.35,2024-01-13,2033-01-13,Active,94,2023-12-30,2024-01-13,6436918.95,31,2026-09-13,
413,112,Gold Loan,391000,11.18,24,18256.36,2021-09-04,2023-09-04,Active,58,2021-08-25,2021-09-04,0.00,24,2023-10-04,
336,366,Personal Loan,833000,15.67,48,23466.91,2025-03-02,2029-03-02,Closed,64,2025-02-25,2025-03-02,0.00,48,,
502,1178,Personal Loan,1388000,13.89,36,47364.43,2021-10-07,2024-10-07,Active,28,2021-09-20,2021-10-07,0.00,36,2024-11-07,
149,513,Business Loan,4932000,12.14,72,96780.99,2023-01-07,2029-01-07,Defaulted,88,2022-12-29,2023-01-07,2806648.71,43,2026-09-07,
955,594,Car Loan,2458000,10.36,60,52661.7,2022-06-23,2027-06-23,Pending,,,2022-06-23,2458000,0,,
837,423,Home Loan,3124000,7.11,144,32310.1,2024-11-22,2036-11-22,Active,31,2024-11-21,2024-11-22,3974142.30,21,2026-09-22,
153,955,Education Loan,1612000,9.32,84,26198.15,2021-09-15,2028-09-15,Active,41,2021-09-06,2021-09-15,654953.75,59,2026-09-15,
447,1033,Home Loan,6779000,7.62,240,55109.65,2025-02-19,2045-02-19,Active,99,2025-02-10,2025-02-19,12234342.30,18,2026-09-19,
321,1449,Business Loan,1868000,12.45,24,88326.31,2022-12-24,2024-12-24,Active,46,2022-12-12,2022-12-24,0.00,24,2025-01-24,
456,244,Gold Loan,894000,10.47,60,19202.26,2026-03-03,2031-03-03,Closed,74,2026-02-07,2026-03-03,0.00,60,,
496,934,Gold Loan,277000,10.02,60,5888.16,2022-10-22,2027-10-22,Active,82,2022-10-17,2022-10-22,82434.24,46,2026-09-22,
478,652,Car Loan,2273000,10.64,36,74028.2,2022-06-22,2025-06-22,Closed,48,2022-06-12,2022-06-22,0.00,36,,
443,620,Personal Loan,104000,15.09,60,2479.07,2021-12-14,2026-12-14,Pending,,,2021-12-14,104000,0,,
308,367,Education Loan,729000,7.09,132,7968.95,2025-10-15,2036-10-15,Active,37,2025-09-15,2025-10-15,972211.90,10,2026-09-15,
789,1210,Gold Loan,709000,10.08,48,18009.32,2022-03-06,2026-03-06,Defaulted,11,2022-02-18,2022-03-06,54027.96,45,2026-01-06,
661,40,Personal Loan,174000,13.61,72,3549.16,2025-11-28,2031-11-28,Closed,77,2025-11-14,2025-11-28,0.00,72,,
343,252,Personal Loan,1001000,16.5,84,20168.04,2024-10-08,2031-10-08,Active,24,2024-09-19,2024-10-08,1250418.48,22,2026-09-08,
999,197,Education Loan,1930000,10.31,72,36057.31,2021-12-15,2027-12-15,Pending,,,2021-12-15,1930000,0,,
63,372,Gold Loan,359000,11.73,60,7936.86,2025-11-27,2030-11-27,Approved,86,2025-11-03,2025-11-27,404779.86,9,2026-09-27,
298,1353,Car Loan,2467000,8.47,72,43822.85,2024-08-05,2030-08-05,Closed,93,2024-07-07,2024-08-05,0.00,72,,
81,1240,Home Loan,3795000,9.11,192,37615.35,2024-08-31,2040-08-31,Closed,46,2024-08-17,2024-08-31,0.00,192,,
109,909,Education Loan,1790000,7.69,156,18183.72,2021-09-14,2034-09-14,Active,24,2021-08-30,2021-09-14,1763820.84,59,2026-09-14,
867,971,Education Loan,1393000,7.87,132,15804.38,2025-11-13,2036-11-13,Closed,48,2025-10-21,2025-11-13,0.00,132,,
73,932,Home Loan,7641000,8.57,204,71255.02,2022-07-28,2039-07-28,Active,82,2022-07-23,2022-07-28,11044528.10,49,2026-09-28,
335,945,Personal Loan,989000,10.94,72,18794.32,2023-02-10,2029-02-10,Active,43,2023-01-21,2023-02-10,563829.60,42,2026-09-10,
580,233,Education Loan,128000,7.37,72,2205.09,2025-12-30,2031-12-30,Active,9,2025-12-26,2025-12-30,141125.76,8,2026-09-30,
847,1294,Gold Loan,999000,12.44,48,26523.84,2025-12-10,2029-12-10,Rejected,,,2025-12-10,0.00,0,,Eligibility criteria not met
193,1481,Business Loan,2610000,14.22,72,54088.93,2025-12-21,2031-12-21,Active,1,2025-12-07,2025-12-21,3461691.52,8,2026-09-21,
468,143,Education Loan,526000,7.67,84,8112.14,2025-06-06,2032-06-06,Closed,45,2025-06-02,2025-06-06,0.00,84,,
628,1334,Home Loan,2936000,8.72,132,34664.5,2022-06-30,2033-06-30,Active,28,2022-06-22,2022-06-30,2842489.00,50,2026-09-30,
405,275,Home Loan,1489000,7.98,204,13357.31,2024-05-05,2041-05-05,Pending,,,2024-05-05,1489000,0,,
33,368,Home Loan,5678000,8.76,132,67163.11,2025-02-10,2036-02-10,Approved,81,2025-02-01,2025-02-10,7656594.54,18,2026-09-10,
580,233,Car Loan,320000,8.08,60,6500.7,2024-01-02,2029-01-02,Active,53,2023-12-10,2024-01-02,188520.30,31,2026-09-02,
996,299,Car Loan,752000,9.08,36,23941.41,2023-07-19,2026-07-19,Active,1,2023-06-29,2023-07-19,0.00,36,2026-08-19,
67,63,Gold Loan,307000,13.03,36,10348.48,2024-06-10,2027-06-10,Active,87,2024-05-27,2024-06-10,103484.80,26,2026-09-10,
433,1405,Gold Loan,252000,12.76,24,11952.15,2022-09-21,2024-09-21,Active,97,2022-09-18,2022-09-21,0.00,24,2024-10-21,
523,650,Personal Loan,1092000,15.13,12,98629.08,2025-05-25,2026-05-25,Closed,50,2025-05-18,2025-05-25,0.00,12,,
314,7,Business Loan,613000,11.89,120,8755.83,2022-07-10,2032-07-10,Active,6,2022-06-23,2022-07-10,621663.93,49,2026-09-10,
613,929,Car Loan,612000,9.58,60,12877.08,2025-12-31,2030-12-31,Approved,32,2025-12-26,2025-12-31,669608.16,8,2026-09-30,
975,1333,Education Loan,1267000,7.34,96,17489.07,2022-09-07,2030-09-07,Approved,62,2022-09-03,2022-09-07,856964.43,47,2026-09-07,
781,1164,Gold Loan,646000,12.32,60,14474.59,2022-01-14,2027-01-14,Pending,,,2022-01-14,646000,0,,
104,1482,Business Loan,2756000,11.41,36,90763.95,2022-10-08,2025-10-08,Active,27,2022-09-22,2022-10-08,0.00,36,2025-11-08,
67,63,Education Loan,1550000,8.28,132,17928.46,2024-04-18,2035-04-18,Active,80,2024-04-07,2024-04-18,1864559.84,28,2026-09-18,
541,249,Gold Loan,202000,10.56,24,9373.57,2024-08-03,2026-08-03,Rejected,,,2024-08-03,0.00,0,,Low credit score
844,720,Gold Loan,774000,9.55,12,67885.01,2025-09-28,2026-09-28,Closed,80,2025-09-17,2025-09-28,0.00,12,,
952,464,Car Loan,1419000,8.39,48,34902.3,2025-01-23,2029-01-23,Active,90,2025-01-06,2025-01-23,1012166.70,19,2026-09-23,
139,998,Business Loan,3922000,11.97,96,63679.01,2023-07-22,2031-07-22,Active,93,2023-07-13,2023-07-22,3757061.59,37,2026-09-22,
17,784,Car Loan,1315000,9.94,36,42394.32,2024-04-26,2027-04-26,Pending,,,2024-04-26,1315000,0,,
35,699,Car Loan,383000,10.07,60,8150.82,2025-03-21,2030-03-21,Defaulted,49,2025-02-24,2025-03-21,350485.26,17,2026-09-21,
57,850,Personal Loan,321000,14.11,12,28838.28,2026-02-16,2027-02-16,Active,59,2026-01-25,2026-02-16,173029.68,6,2026-09-16,
486,454,Car Loan,1293000,7.87,60,26137.01,2024-05-29,2029-05-29,Active,59,2024-05-28,2024-05-29,862521.33,27,2026-09-29,
714,1037,Education Loan,881000,6.81,168,8149.01,2025-03-17,2039-03-17,Active,69,2025-02-28,2025-03-17,1230500.51,17,2026-09-17,
63,372,Personal Loan,239000,16.54,24,11763.94,2025-01-17,2027-01-17,Rejected,,,2025-01-17,0.00,0,,Eligibility criteria not met
524,547,Gold Loan,207000,12.98,60,4707.77,2023-06-04,2028-06-04,Rejected,,,2023-06-04,0.00,0,,High existing liabilities
130,992,Home Loan,6684000,7.53,204,58182.1,2026-04-25,2043-04-25,Active,70,2026-04-08,2026-04-25,11636420.00,4,2026-09-25,
62,1396,Home Loan,3474000,7.52,156,34964.79,2024-06-20,2037-06-20,Active,91,2024-06-08,2024-06-20,4545422.70,26,2026-09-20,
433,1405,Education Loan,1268000,7.82,120,15264.0,2023-10-31,2033-10-31,Active,45,2023-10-28,2023-10-31,1312704.00,34,2026-09-30,
749,563,Business Loan,4259000,11.8,96,68753.69,2026-01-09,2034-01-09,Active,72,2025-12-26,2026-01-09,6119078.41,7,2026-09-09,
821,1339,Personal Loan,562000,11.9,48,14772.04,2022-09-03,2026-09-03,Defaulted,8,2022-08-18,2022-09-03,44316.12,45,2026-07-03,
820,928,Home Loan,2202000,9.28,156,24349.98,2022-05-31,2035-05-31,Active,43,2022-05-24,2022-05-31,2556747.90,51,2026-09-30,
302,2,Gold Loan,211000,10.19,60,4502.88,2024-02-14,2029-02-14,Pending,,,2024-02-14,211000,0,,
966,132,Gold Loan,604000,13.8,60,13991.47,2022-06-21,2027-06-21,Closed,72,2022-06-02,2022-06-21,0.00,60,,
783,1155,Gold Loan,357000,10.29,48,9104.24,2025-02-15,2029-02-15,Active,90,2025-02-02,2025-02-15,273127.20,18,2026-09-15,
489,682,Business Loan,4023000,11.95,48,105842.28,2023-03-24,2027-03-24,Pending,,,2023-03-24,4023000,0,,
872,82,Business Loan,4759000,11.66,72,92200.08,2023-01-25,2029-01-25,Closed,32,2023-01-12,2023-01-25,0.00,72,,
335,398,Business Loan,1622000,9.46,108,22364.04,2024-03-24,2033-03-24,Defaulted,74,2024-02-26,2024-03-24,1766759.16,29,2026-09-24,
928,779,Home Loan,5417000,7.62,144,57513.7,2025-02-14,2037-02-14,Defaulted,9,2025-01-22,2025-02-14,7246726.20,18,2026-09-14,
29,557,Education Loan,1749000,8.89,156,18948.26,2024-12-26,2037-12-26,Defaulted,8,2024-11-29,2024-12-26,2576963.36,20,2026-09-26,
252,127,Personal Loan,419000,13.29,36,14176.36,2024-09-22,2027-09-22,Defaulted,58,2024-08-28,2024-09-22,184292.68,23,2026-09-22,
548,978,Education Loan,1957000,9.66,168,21289.64,2023-02-20,2037-02-20,Active,31,2023-02-17,2023-02-20,2682494.64,42,2026-09-20,
43,581,Business Loan,1753000,13.35,48,47333.69,2023-03-26,2027-03-26,Pending,,,2023-03-26,1753000,0,,
65,39,Car Loan,599000,11.01,48,15484.38,2023-08-17,2027-08-17,Rejected,,,2023-08-17,0.00,0,,Unstable employment history
370,961,Car Loan,1719000,8.96,60,35650.25,2023-01-29,2028-01-29,Active,63,2023-01-16,2023-01-29,606054.25,43,2026-09-29,
926,517,Personal Loan,701000,15.06,84,13550.63,2025-02-28,2032-02-28,Closed,34,2025-02-21,2025-02-28,0.00,84,,
809,635,Business Loan,1212000,13.81,96,20923.42,2021-12-03,2029-12-03,Defaulted,41,2021-11-26,2021-12-03,836936.80,56,2026-09-03,
507,1489,Education Loan,1884000,7.58,72,32647.6,2025-10-17,2031-10-17,Pending,,,2025-10-17,1884000,0,,
474,669,Education Loan,1831000,7.73,120,21954.72,2024-05-31,2034-05-31,Closed,23,2024-05-22,2024-05-31,0.00,120,,
217,27,Gold Loan,566000,12.24,12,50351.98,2024-11-04,2025-11-04,Approved,69,2024-10-18,2024-11-04,0.00,12,2025-12-04,
106,1131,Car Loan,1200000,9.03,48,29879.15,2024-06-17,2028-06-17,Closed,37,2024-05-30,2024-06-17,0.00,48,,
966,190,Education Loan,1971000,8.78,168,20421.89,2024-09-22,2038-09-22,Closed,85,2024-09-12,2024-09-22,0.00,168,,
777,817,Car Loan,1897000,7.88,84,29453.76,2025-01-02,2032-01-02,Active,2,2024-12-09,2025-01-02,1914494.40,19,2026-09-02,
916,748,Business Loan,788000,9.01,120,9986.32,2022-10-02,2032-10-02,Closed,53,2022-09-22,2022-10-02,0.00,120,,
942,1079,Business Loan,1234000,14.6,24,59598.27,2024-07-07,2026-07-07,Rejected,,,2024-07-07,0.00,0,,Low credit score
622,542,Business Loan,1138000,12.74,108,17757.93,2025-03-31,2034-03-31,Active,48,2025-03-19,2025-03-31,1615971.63,17,2026-09-30,
170,1106,Gold Loan,361000,13.56,48,9785.36,2021-08-19,2025-08-19,Active,97,2021-08-12,2021-08-19,0.00,48,2025-09-19,
610,338,Personal Loan,343000,13.89,48,9354.07,2024-04-22,2028-04-22,Active,63,2024-03-25,2024-04-22,187081.40,28,2026-09-22,
987,1036,Personal Loan,292000,10.45,36,9483.83,2022-12-17,2025-12-17,Active,41,2022-11-24,2022-12-17,0.00,36,2026-01-17,
629,1358,Car Loan,384000,8.23,84,6029.2,2026-01-25,2033-01-25,Active,17,2026-01-08,2026-01-25,464248.40,7,2026-09-25,
610,158,Personal Loan,1158000,10.12,72,21523.06,2024-06-05,2030-06-05,Defaulted,27,2024-05-27,2024-06-05,990060.76,26,2026-09-05,
172,129,Education Loan,1912000,7.43,120,22625.99,2022-11-10,2032-11-10,Approved,100,2022-10-29,2022-11-10,1696949.25,45,2026-09-10,
742,1049,Education Loan,670000,9.98,84,11115.87,2022-04-16,2029-04-16,Approved,88,2022-04-13,2022-04-16,355707.84,52,2026-09-16,
680,289,Gold Loan,634000,8.6,48,15656.97,2024-07-20,2028-07-20,Closed,87,2024-06-27,2024-07-20,0.00,48,,
507,1040,Home Loan,7294000,8.1,120,88882.23,2025-09-26,2035-09-26,Active,35,2025-09-19,2025-09-26,9688163.07,11,2026-09-26,
706,533,Personal Loan,213000,17.25,72,4768.19,2023-03-11,2029-03-11,Defaulted,33,2023-03-01,2023-03-11,147813.89,41,2026-09-11,
499,510,Home Loan,5252000,7.68,144,55932.96,2026-04-03,2038-04-03,Pending,,,2026-04-03,5252000,0,,
366,1174,Business Loan,1310000,9.18,36,41767.48,2025-06-12,2028-06-12,Approved,31,2025-06-08,2025-06-12,918884.56,14,2026-09-12,
621,320,Gold Loan,710000,8.17,60,14454.07,2024-05-06,2029-05-06,Closed,39,2024-04-27,2024-05-06,0.00,60,,
632,1472,Gold Loan,488000,10.45,48,12482.67,2024-09-29,2028-09-29,Active,93,2024-09-10,2024-09-29,312066.75,23,2026-09-29,
819,312,Gold Loan,602000,8.86,60,12455.67,2022-07-06,2027-07-06,Approved,32,2022-07-02,2022-07-06,137012.37,49,2026-09-06,
777,817,Home Loan,4745000,8.06,120,57720.49,2025-02-12,2035-02-12,Active,77,2025-01-16,2025-02-12,5887489.98,18,2026-09-12,
340,1386,Education Loan,793000,9.87,108,11108.65,2022-10-30,2031-10-30,Closed,98,2022-10-18,2022-10-30,0.00,108,,
479,1394,Car Loan,748000,8.23,84,11744.39,2023-12-11,2030-12-11,Active,86,2023-12-07,2023-12-11,610708.28,32,2026-09-11,
648,1027,Education Loan,715000,7.63,132,8020.3,2025-07-31,2036-07-31,Defaulted,89,2025-07-20,2025-07-31,954415.70,13,2026-09-30,
523,650,Business Loan,3015000,12.67,48,80391.96,2024-06-08,2028-06-08,Active,50,2024-05-22,2024-06-08,1768623.12,26,2026-09-08,
317,1087,Home Loan,7144000,8.9,168,74519.1,2024-05-09,2038-05-09,Active,2,2024-04-14,2024-05-09,10507193.10,27,2026-09-09,
206,1474,Personal Loan,684000,16.19,12,62121.42,2025-12-26,2026-12-26,Active,50,2025-12-19,2025-12-26,248485.68,8,2026-09-26,
926,1127,Education Loan,1266000,9.97,72,23434.56,2025-07-22,2031-07-22,Active,50,2025-07-01,2025-07-22,1382639.04,13,2026-09-22,
204,706,Home Loan,6576000,9.11,204,63496.5,2023-01-04,2040-01-04,Active,73,2023-01-02,2023-01-04,10222936.50,43,2026-09-04,
87,565,Personal Loan,207000,14.84,24,10021.01,2026-04-06,2028-04-06,Rejected,,,2026-04-06,0.00,0,,High existing liabilities
488,1018,Business Loan,754000,13.18,72,15207.6,2025-05-01,2031-05-01,Active,21,2025-04-30,2025-05-01,866833.20,15,2026-09-01,
239,335,Gold Loan,607000,9.6,60,12777.81,2026-03-31,2031-03-31,Pending,,,2026-03-31,607000,0,,
6,162,Home Loan,2894000,9.43,168,31088.02,2023-05-25,2037-05-25,Active,67,2023-05-05,2023-05-25,4010354.58,39,2026-09-25,
443,1157,Gold Loan,296000,10.14,60,6309.53,2026-05-16,2031-05-16,Active,17,2026-05-01,2026-05-16,359643.21,3,2026-09-16,
338,1452,Business Loan,3697000,11.0,84,63301.65,2025-11-13,2032-11-13,Closed,44,2025-11-11,2025-11-13,0.00,84,,
384,192,Education Loan,1157000,9.22,156,12754.13,2026-03-23,2039-03-23,Active,63,2026-02-21,2026-03-23,1925873.63,5,2026-09-23,
250,86,Gold Loan,310000,13.64,36,10540.94,2024-01-15,2027-01-15,Pending,,,2024-01-15,310000,0,,
553,241,Gold Loan,871000,10.58,12,76809.89,2025-10-18,2026-10-18,Active,85,2025-10-17,2025-10-18,153619.78,10,2026-09-18,
972,291,Business Loan,4738000,10.16,120,63033.56,2021-10-23,2031-10-23,Active,93,2021-09-26,2021-10-23,3908080.72,58,2026-09-23,
974,21,Personal Loan,1404000,14.13,12,126147.01,2024-11-13,2025-11-13,Active,71,2024-10-16,2024-11-13,0.00,12,2025-12-13,
75,380,Education Loan,439000,7.52,180,4074.58,2023-02-06,2038-02-06,Active,61,2023-02-05,2023-02-06,562292.04,42,2026-09-06,
147,835,Personal Loan,1302000,15.33,60,31200.48,2025-12-04,2030-12-04,Closed,48,2025-11-18,2025-12-04,0.00,60,,
720,111,Business Loan,575000,10.13,36,18588.75,2022-05-10,2025-05-10,Closed,36,2022-04-29,2022-05-10,0.00,36,,
745,42,Education Loan,953000,8.4,60,19506.36,2026-06-14,2031-06-14,Active,63,2026-05-27,2026-06-14,1131368.88,2,2026-09-14,
206,1377,Car Loan,1036000,8.92,48,25741.57,2026-04-28,2030-04-28,Active,2,2026-04-06,2026-04-28,1132629.08,4,2026-09-28,
355,818,Home Loan,3497000,7.98,240,29206.8,2025-06-09,2045-06-09,Rejected,,,2025-06-09,0.00,0,,High existing liabilities
603,1280,Home Loan,4143000,8.89,216,38512.75,2026-06-03,2044-06-03,Active,58,2026-05-22,2026-06-03,8241728.50,2,2026-09-03,
658,839,Personal Loan,1204000,12.3,36,40162.76,2024-05-31,2027-05-31,Defaulted,5,2024-05-22,2024-05-31,361464.84,27,2026-09-30,
828,1093,Education Loan,1844000,7.78,180,17388.83,2022-12-23,2037-12-23,Closed,73,2022-12-13,2022-12-23,0.00,180,,
232,231,Car Loan,1622000,9.81,60,34311.27,2026-06-05,2031-06-05,Active,6,2026-06-03,2026-06-05,1990053.66,2,2026-09-05,
742,1141,Personal Loan,1009000,17.94,36,36447.4,2024-11-10,2027-11-10,Closed,2,2024-10-21,2024-11-10,0.00,36,,
629,501,Gold Loan,760000,13.48,12,68052.4,2024-06-19,2025-06-19,Active,22,2024-06-16,2024-06-19,0.00,12,2025-07-19,
866,540,Gold Loan,338000,8.16,60,6879.33,2024-02-23,2029-02-23,Defaulted,84,2024-02-10,2024-02-23,206379.90,30,2026-09-23,
447,809,Home Loan,7498000,8.16,204,68068.01,2025-02-12,2042-02-12,Closed,44,2025-01-15,2025-02-12,0.00,204,,
757,1346,Education Loan,132000,7.71,84,2038.36,2026-06-11,2033-06-11,Approved,52,2026-06-09,2026-06-11,167145.52,2,2026-09-11,
787,138,Business Loan,2645000,13.54,24,126420.05,2023-05-27,2025-05-27,Active,15,2023-05-06,2023-05-27,0.00,24,2025-06-27,
938,18,Car Loan,2450000,8.75,48,60677.93,2025-04-06,2029-04-06,Active,11,2025-03-17,2025-04-06,1941693.76,16,2026-09-06,
160,795,Personal Loan,265000,12.63,48,7060.72,2026-06-17,2030-06-17,Active,8,2026-06-04,2026-06-17,324793.12,2,2026-09-17,
780,1362,Car Loan,1617000,9.61,72,29639.24,2023-12-01,2029-12-01,Active,71,2023-11-29,2023-12-01,1185569.60,32,2026-09-01,
651,751,Personal Loan,861000,13.26,24,41038.74,2023-10-31,2025-10-31,Active,62,2023-10-17,2023-10-31,0.00,24,2025-11-30,
529,1256,Personal Loan,959000,13.43,84,17671.06,2023-11-01,2030-11-01,Active,42,2023-10-12,2023-11-01,901224.06,33,2026-09-01,
597,379,Education Loan,1649000,10.21,108,23403.69,2025-08-09,2034-08-09,Defaulted,28,2025-07-25,2025-08-09,2246754.24,12,2026-09-09,
25,1344,Gold Loan,787000,11.7,48,20608.99,2022-05-10,2026-05-10,Active,70,2022-04-30,2022-05-10,0.00,48,2026-06-10,
1000,1048,Car Loan,2050000,8.83,48,50849.02,2022-06-20,2026-06-20,Pending,,,2022-06-20,2050000,0,,
231,119,Business Loan,648000,14.32,96,11375.06,2021-12-22,2029-12-22,Pending,,,2021-12-22,648000,0,,
42,1437,Personal Loan,226000,12.32,36,7541.02,2023-10-18,2026-10-18,Approved,18,2023-10-04,2023-10-18,15082.04,34,2026-09-18,
912,633,Business Loan,850000,10.58,108,12235.47,2024-03-16,2033-03-16,Rejected,,,2024-03-16,0.00,0,,Eligibility criteria not met
421,428,Home Loan,1541000,9.47,156,17210.32,2024-01-10,2037-01-10,Active,88,2024-01-04,2024-01-10,2151290.00,31,2026-09-10,
687,931,Gold Loan,89000,11.92,36,2952.67,2025-11-11,2028-11-11,Active,96,2025-10-26,2025-11-11,79722.09,9,2026-09-11,
227,923,Gold Loan,263000,8.27,12,22910.8,2026-04-05,2027-04-05,Active,19,2026-03-24,2026-04-05,183286.40,4,2026-09-05,
122,54,Gold Loan,244000,9.21,36,7783.0,2022-12-24,2025-12-24,Approved,25,2022-12-08,2022-12-24,0.00,36,2026-01-24,
639,425,Gold Loan,622000,9.17,36,19828.68,2025-10-01,2028-10-01,Closed,74,2025-09-10,2025-10-01,0.00,36,,
456,287,Business Loan,4958000,15.13,120,80385.04,2024-07-09,2034-07-09,Approved,40,2024-06-23,2024-07-09,7636578.80,25,2026-09-09,
449,440,Business Loan,631000,12.33,96,10370.3,2023-03-31,2031-03-31,Closed,43,2023-03-06,2023-03-31,0.00,96,,
746,900,Business Loan,3504000,13.99,72,72183.75,2024-10-12,2030-10-12,Active,59,2024-09-12,2024-10-12,3609187.50,22,2026-09-12,
9,502,Business Loan,3689000,15.87,84,72998.28,2026-02-27,2033-02-27,Pending,,,2026-02-27,3689000,0,,
41,654,Gold Loan,734000,10.4,36,23822.2,2025-09-22,2028-09-22,Active,31,2025-09-09,2025-09-22,595555.00,11,2026-09-22,
202,768,Personal Loan,201000,11.08,48,5202.76,2024-02-06,2028-02-06,Active,13,2024-01-23,2024-02-06,93649.68,30,2026-09-06,
85,806,Education Loan,1538000,6.89,168,14293.49,2025-07-18,2039-07-18,Closed,93,2025-07-04,2025-07-18,0.00,168,,
333,434,Personal Loan,458000,16.97,84,9351.66,2026-02-20,2033-02-20,Closed,68,2026-01-31,2026-02-20,0.00,84,,
789,1216,Gold Loan,405000,13.28,60,9273.15,2026-04-18,2031-04-18,Active,9,2026-03-23,2026-04-18,519296.40,4,2026-09-18,
168,75,Car Loan,2367000,8.06,60,48062.22,2024-05-20,2029-05-20,Active,63,2024-04-28,2024-05-20,1586053.26,27,2026-09-20,
428,228,Home Loan,4314000,8.02,132,49292.7,2022-04-07,2033-04-07,Active,100,2022-04-06,2022-04-07,3943416.00,52,2026-09-07,
851,25,Gold Loan,896000,10.94,48,23131.49,2022-04-11,2026-04-11,Closed,52,2022-03-30,2022-04-11,0.00,48,,
869,646,Gold Loan,90000,12.89,60,2042.71,2021-11-03,2026-11-03,Active,28,2021-11-02,2021-11-03,6128.13,57,2026-09-03,
382,1320,Education Loan,1661000,7.19,72,28470.18,2022-10-20,2028-10-20,Active,79,2022-10-04,2022-10-20,740224.68,46,2026-09-20,
809,505,Personal Loan,1183000,11.39,60,25951.97,2025-07-21,2030-07-21,Closed,29,2025-07-01,2025-07-21,0.00,60,,
775,1192,Gold Loan,764000,12.04,60,17010.21,2026-01-03,2031-01-03,Closed,29,2025-12-28,2026-01-03,0.00,60,,
536,1054,Home Loan,5391000,9.0,144,61351.23,2023-03-26,2035-03-26,Rejected,,,2023-03-26,0.00,0,,Incomplete documentation
385,93,Home Loan,7088000,8.53,228,62893.14,2025-05-03,2044-05-03,Active,20,2025-04-21,2025-05-03,13396238.82,15,2026-09-03,
719,280,Personal Loan,1125000,16.63,36,39902.46,2021-08-23,2024-08-23,Active,48,2021-08-03,2021-08-23,0.00,36,2024-09-23,
97,963,Personal Loan,190000,10.16,36,6145.05,2025-11-29,2028-11-29,Active,94,2025-11-27,2025-11-29,165916.35,9,2026-09-29,
16,625,Gold Loan,278000,13.59,24,13293.8,2024-05-23,2026-05-23,Approved,45,2024-05-09,2024-05-23,0.00,24,2026-06-23,
710,1357,Gold Loan,784000,10.38,60,16804.65,2022-08-18,2027-08-18,Active,75,2022-08-11,2022-08-18,201655.80,48,2026-09-18,
426,1422,Education Loan,669000,7.32,168,6376.28,2026-03-12,2040-03-12,Active,43,2026-02-22,2026-03-12,1039333.64,5,2026-09-12,
590,754,Personal Loan,687000,14.26,60,16078.04,2026-04-02,2031-04-02,Active,95,2026-03-09,2026-04-02,900370.24,4,2026-09-02,
495,918,Car Loan,931000,9.57,48,23420.77,2021-12-18,2025-12-18,Active,49,2021-12-01,2021-12-18,0.00,48,2026-01-18,
349,830,Business Loan,2282000,9.81,48,57669.41,2024-08-09,2028-08-09,Active,14,2024-07-17,2024-08-09,1384065.84,24,2026-09-09,
206,1474,Home Loan,2827000,8.64,180,28071.07,2025-11-25,2040-11-25,Active,9,2025-10-26,2025-11-25,4800152.97,9,2026-09-25,
729,775,Personal Loan,329000,12.18,24,15514.84,2022-05-29,2024-05-29,Defaulted,81,2022-05-10,2022-05-29,46544.52,21,2024-03-29,
354,527,Personal Loan,980000,14.03,24,47066.52,2024-02-20,2026-02-20,Rejected,,,2024-02-20,0.00,0,,Low credit score
882,414,Business Loan,1908000,14.9,96,34129.51,2021-12-02,2029-12-02,Rejected,,,2021-12-02,0.00,0,,Incomplete documentation
278,181,Business Loan,4273000,12.82,72,85371.24,2025-12-09,2031-12-09,Approved,2,2025-12-05,2025-12-09,5463759.36,8,2026-09-09,
13,188,Gold Loan,676000,10.08,60,14389.63,2022-02-04,2027-02-04,Rejected,,,2022-02-04,0.00,0,,Low credit score
428,347,Education Loan,481000,8.54,132,5631.65,2024-03-04,2035-03-04,Active,15,2024-02-07,2024-03-04,580059.95,29,2026-09-04,
657,278,Education Loan,1545000,6.85,72,26229.57,2026-06-19,2032-06-19,Closed,41,2026-06-07,2026-06-19,0.00,72,,
872,710,Personal Loan,1325000,15.63,84,26038.78,2024-05-11,2031-05-11,Active,97,2024-04-22,2024-05-11,1484210.46,27,2026-09-11,
474,669,Business Loan,4410000,13.91,120,68234.06,2026-02-15,2036-02-15,Active,84,2026-02-01,2026-02-15,7778682.84,6,2026-09-15,
388,1301,Education Loan,786000,7.33,180,7210.59,2026-07-02,2041-07-02,Closed,88,2026-06-10,2026-07-02,0.00,180,,
468,642,Business Loan,689000,15.36,84,13435.01,2025-03-29,2032-03-29,Rejected,,,2025-03-29,0.00,0,,Incomplete documentation
11,1154,Home Loan,5859000,7.03,144,60346.59,2026-06-27,2038-06-27,Pending,,,2026-06-27,5859000,0,,
16,1435,Gold Loan,603000,8.21,24,27329.85,2024-12-15,2026-12-15,Defaulted,47,2024-12-05,2024-12-15,109319.40,20,2026-09-15,
628,1334,Education Loan,1396000,9.39,120,17979.93,2024-12-26,2034-12-26,Active,10,2024-12-01,2024-12-26,1797993.00,20,2026-09-26,
324,469,Business Loan,1175000,13.93,96,20364.73,2023-05-08,2031-05-08,Active,38,2023-04-25,2023-05-08,1160789.61,39,2026-09-08,
635,526,Personal Loan,1166000,14.16,48,31956.33,2023-06-15,2027-06-15,Active,17,2023-06-01,2023-06-15,319563.30,38,2026-09-15,
926,1127,Home Loan,1459000,9.33,192,14656.8,2025-02-25,2041-02-25,Defaulted,85,2025-01-28,2025-02-25,2550283.20,18,2026-09-25,
350,334,Education Loan,1286000,10.19,168,14398.63,2024-12-19,2038-12-19,Active,2,2024-12-15,2024-12-19,2130997.24,20,2026-09-19,
199,520,Personal Loan,371000,13.76,12,33269.14,2024-12-12,2025-12-12,Active,25,2024-11-18,2024-12-12,0.00,12,2026-01-12,
545,187,Business Loan,3593000,14.17,60,83919.83,2025-12-14,2030-12-14,Approved,97,2025-11-19,2025-12-14,4363831.16,8,2026-09-14,
354,527,Education Loan,1204000,9.16,60,25086.66,2024-10-04,2029-10-04,Closed,4,2024-09-27,2024-10-04,0.00,60,,
433,1405,Gold Loan,816000,12.48,12,72683.97,2025-04-18,2026-04-18,Active,38,2025-04-05,2025-04-18,0.00,12,2026-05-18,
1,342,Business Loan,2293000,15.34,36,79869.91,2025-10-07,2028-10-07,Approved,55,2025-09-09,2025-10-07,2076617.66,10,2026-09-07,
744,1391,Home Loan,6412000,8.67,192,61853.26,2025-04-08,2041-04-08,Pending,,,2025-04-08,6412000,0,,
208,200,Education Loan,603000,9.86,156,6871.86,2023-08-12,2036-08-12,Active,82,2023-07-22,2023-08-12,824623.20,36,2026-09-12,
393,1026,Personal Loan,51000,12.8,84,922.25,2023-03-14,2030-03-14,Active,28,2023-02-16,2023-03-14,39656.75,41,2026-09-14,
961,972,Home Loan,6842000,9.02,156,74634.5,2022-01-27,2035-01-27,Active,20,2022-01-04,2022-01-27,7538084.50,55,2026-09-27,
145,660,Education Loan,1656000,10.13,96,25242.47,2026-05-30,2034-05-30,Closed,76,2026-05-02,2026-05-30,0.00,96,,
507,531,Business Loan,1840000,9.09,48,45867.15,2024-09-23,2028-09-23,Active,99,2024-09-03,2024-09-23,1146678.75,23,2026-09-23,
757,324,Business Loan,4427000,11.14,96,69875.93,2023-12-12,2031-12-12,Active,73,2023-11-28,2023-12-12,4472059.52,32,2026-09-12,
275,457,Personal Loan,715000,15.14,36,24834.76,2024-04-11,2027-04-11,Active,61,2024-03-20,2024-04-11,198678.08,28,2026-09-11,
714,1261,Car Loan,1169000,11.42,36,38504.49,2022-09-27,2025-09-27,Defaulted,31,2022-09-11,2022-09-27,115513.47,33,2025-07-27,
468,642,Home Loan,5720000,7.79,216,49323.84,2023-05-17,2041-05-17,Active,3,2023-05-01,2023-05-17,8730319.68,39,2026-09-17,
174,184,Business Loan,521000,14.4,36,17907.93,2023-08-14,2026-08-14,Closed,79,2023-08-04,2023-08-14,0.00,36,,
344,1418,Home Loan,6141000,7.31,156,61099.85,2025-10-18,2038-10-18,Active,18,2025-09-21,2025-10-18,8920578.10,10,2026-09-18,
441,797,Gold Loan,591000,8.7,48,14623.02,2023-05-07,2027-05-07,Closed,44,2023-04-19,2023-05-07,0.00,48,,
610,158,Personal Loan,699000,14.59,12,62955.41,2024-03-07,2025-03-07,Active,1,2024-03-04,2024-03-07,0.00,12,2025-04-07,
634,982,Education Loan,1546000,10.3,84,25905.71,2021-10-09,2028-10-09,Rejected,,,2021-10-09,0.00,0,,High existing liabilities
472,1464,Business Loan,1991000,13.5,24,95124.04,2023-05-05,2025-05-05,Active,58,2023-04-26,2023-05-05,0.00,24,2025-06-05,
454,514,Education Loan,1492000,6.78,144,15169.03,2023-09-26,2035-09-26,Active,30,2023-09-01,2023-09-26,1653424.27,35,2026-09-26,
43,28,Car Loan,1073000,7.54,48,25964.0,2024-04-09,2028-04-09,Active,56,2024-04-06,2024-04-09,519280.00,28,2026-09-09,
733,1262,Education Loan,1809000,9.33,108,24816.66,2024-07-03,2033-07-03,Defaulted,84,2024-06-30,2024-07-03,2059782.78,25,2026-09-03,
931,1292,Education Loan,1936000,8.79,156,20863.54,2025-10-01,2038-10-01,Rejected,,,2025-10-01,0.00,0,,Low credit score
42,1343,Education Loan,616000,8.44,180,6044.35,2022-10-04,2037-10-04,Closed,87,2022-09-15,2022-10-04,0.00,180,,
768,261,Business Loan,1041000,14.11,60,24281.66,2023-11-01,2028-11-01,Pending,,,2023-11-01,1041000,0,,
735,370,Car Loan,1574000,10.19,48,40064.48,2024-05-01,2028-05-01,Pending,,,2024-05-01,1574000,0,,
474,1364,Education Loan,1810000,8.75,120,22684.14,2024-09-01,2034-09-01,Active,9,2024-08-10,2024-09-01,2200361.58,23,2026-09-01,
9,502,Business Loan,1370000,10.58,48,35129.58,2023-04-09,2027-04-09,Closed,15,2023-03-10,2023-04-09,0.00,48,,
290,478,Education Loan,202000,10.47,108,2895.56,2026-02-17,2035-02-17,Active,28,2026-01-25,2026-02-17,295347.12,6,2026-09-17,
594,1274,Personal Loan,1075000,10.42,72,20143.71,2024-12-16,2030-12-16,Closed,14,2024-11-19,2024-12-16,0.00,72,,
530,456,Business Loan,635000,14.36,36,21813.99,2022-05-17,2025-05-17,Closed,71,2022-05-08,2022-05-17,0.00,36,,
563,496,Car Loan,1677000,9.87,60,35524.12,2022-05-07,2027-05-07,Active,95,2022-04-19,2022-05-07,319717.08,51,2026-09-07,
987,1036,Business Loan,4466000,14.24,48,122578.39,2021-09-02,2025-09-02,Rejected,,,2021-09-02,0.00,0,,Unstable employment history
662,356,Car Loan,1978000,11.47,48,51575.09,2024-06-19,2028-06-19,Closed,64,2024-06-02,2024-06-19,0.00,48,,
513,92,Gold Loan,717000,9.6,36,23001.16,2023-10-01,2026-10-01,Active,40,2023-09-23,2023-10-01,46002.32,34,2026-09-01,
683,286,Business Loan,4222000,9.13,84,68206.96,2026-01-07,2033-01-07,Approved,83,2025-12-27,2026-01-07,5251935.92,7,2026-09-07,
67,407,Home Loan,6955000,9.08,120,88404.4,2022-01-11,2032-01-11,Active,55,2021-12-18,2022-01-11,5746286.00,55,2026-09-11,
819,859,Home Loan,4488000,7.85,144,48212.11,2024-04-15,2036-04-15,Active,49,2024-04-06,2024-04-15,5592604.76,28,2026-09-15,
890,396,Car Loan,472000,8.91,84,7572.5,2024-02-23,2031-02-23,Rejected,,,2024-02-23,0.00,0,,Incomplete documentation
263,1373,Car Loan,580000,8.18,48,14208.55,2026-01-27,2030-01-27,Active,27,2026-01-11,2026-01-27,582550.55,7,2026-09-27,
303,560,Business Loan,2493000,12.03,108,37896.48,2024-05-09,2033-05-09,Active,21,2024-05-05,2024-05-09,3069614.88,27,2026-09-09,
681,1277,Home Loan,5422000,9.22,204,52722.29,2025-02-09,2042-02-09,Active,5,2025-01-22,2025-02-09,9806345.94,18,2026-09-09,
3,537,Gold Loan,402000,11.13,24,18760.62,2023-02-24,2025-02-24,Closed,51,2023-02-09,2023-02-24,0.00,24,,
543,927,Business Loan,4249000,9.69,120,55423.99,2022-10-14,2032-10-14,Active,41,2022-09-25,2022-10-14,4101375.26,46,2026-09-14,
987,912,Personal Loan,777000,15.26,84,15107.15,2022-10-18,2029-10-18,Approved,92,2022-10-05,2022-10-18,574071.70,46,2026-09-18,
6,1117,Personal Loan,421000,11.63,24,19745.27,2024-06-05,2026-06-05,Pending,,,2024-06-05,421000,0,,
966,1304,Personal Loan,206000,13.4,72,4178.88,2025-09-20,2031-09-20,Active,54,2025-09-13,2025-09-20,254911.68,11,2026-09-20,
765,804,Home Loan,1502000,7.74,180,14129.36,2022-12-07,2037-12-07,Approved,89,2022-11-09,2022-12-07,1921592.96,44,2026-09-07,
515,700,Personal Loan,1494000,16.8,84,30358.66,2024-07-30,2031-07-30,Closed,92,2024-07-01,2024-07-30,0.00,84,,
841,1446,Personal Loan,1117000,13.86,84,20846.3,2024-03-24,2031-03-24,Approved,85,2024-02-27,2024-03-24,1146546.50,29,2026-09-24,
368,424,Home Loan,5027000,9.4,228,47375.08,2023-11-02,2042-11-02,Active,61,2023-10-09,2023-11-02,9238140.60,33,2026-09-02,
760,101,Home Loan,2532000,9.41,228,23878.14,2023-12-27,2042-12-27,Approved,10,2023-11-29,2023-12-27,4680115.44,32,2026-09-27,
910,1139,Personal Loan,731000,14.23,36,25065.58,2022-04-20,2025-04-20,Closed,69,2022-04-08,2022-04-20,0.00,36,,
822,131,Education Loan,1799000,7.72,168,17549.02,2024-05-09,2038-05-09,Defaulted,3,2024-05-06,2024-05-09,2474411.82,27,2026-09-09,
90,926,Car Loan,2249000,9.53,60,47266.16,2023-10-14,2028-10-14,Pending,,,2023-10-14,2249000,0,,
953,1458,Personal Loan,852000,11.43,84,14781.66,2024-03-06,2031-03-06,Pending,,,2024-03-06,852000,0,,
823,1058,Business Loan,1700000,15.81,60,41169.27,2025-05-01,2030-05-01,Closed,56,2025-04-22,2025-05-01,0.00,60,,
218,224,Personal Loan,445000,11.58,72,8602.95,2026-03-01,2032-03-01,Defaulted,72,2026-01-30,2026-03-01,576397.65,5,2026-09-01,
735,220,Home Loan,2480000,7.75,120,29762.64,2023-12-22,2033-12-22,Active,51,2023-12-03,2023-12-22,2619112.32,32,2026-09-22,
443,1151,Car Loan,459000,9.84,84,7582.05,2026-04-03,2033-04-03,Active,96,2026-03-07,2026-04-03,606564.00,4,2026-09-03,
954,555,Education Loan,224000,6.88,168,2080.53,2024-07-04,2038-07-04,Closed,42,2024-06-21,2024-07-04,0.00,168,,
639,425,Home Loan,1904000,9.02,228,17481.86,2026-01-01,2045-01-01,Closed,37,2025-12-17,2026-01-01,0.00,228,,
692,391,Home Loan,4983000,7.59,168,48244.56,2026-07-09,2040-07-09,Closed,26,2026-07-02,2026-07-09,0.00,168,,
33,1351,Personal Loan,648000,14.93,48,18011.34,2021-12-01,2025-12-01,Active,41,2021-11-05,2021-12-01,0.00,48,2026-01-01,
612,1388,Personal Loan,1390000,16.38,60,34083.39,2022-06-16,2027-06-16,Approved,69,2022-06-12,2022-06-16,340833.90,50,2026-09-16,
974,866,Car Loan,1004000,8.29,48,24647.47,2024-10-28,2028-10-28,Approved,42,2024-10-19,2024-10-28,640834.22,22,2026-09-28,
254,588,Gold Loan,888000,9.06,60,18459.29,2022-10-11,2027-10-11,Pending,,,2022-10-11,888000,0,,
222,468,Car Loan,2239000,10.56,84,37821.11,2023-12-25,2030-12-25,Active,14,2023-12-22,2023-12-25,1966697.72,32,2026-09-25,
372,890,Business Loan,1211000,15.22,60,28949.64,2021-09-19,2026-09-19,Active,93,2021-09-03,2021-09-19,28949.64,59,2026-09-19,
599,1463,Home Loan,1668000,9.39,180,17307.12,2023-03-09,2038-03-09,Closed,11,2023-02-21,2023-03-09,0.00,180,,
687,893,Personal Loan,775000,13.03,36,26124.01,2025-05-10,2028-05-10,Defaulted,16,2025-04-19,2025-05-10,548604.21,15,2026-09-10,
709,1293,Personal Loan,1239000,10.77,60,26796.96,2024-10-10,2029-10-10,Active,31,2024-09-18,2024-10-10,1018284.48,22,2026-09-10,
621,320,Home Loan,1219000,8.62,192,11722.58,2022-08-10,2038-08-10,Active,87,2022-07-20,2022-08-10,1688051.52,48,2026-09-10,
142,1327,Car Loan,947000,10.46,84,15947.32,2026-02-23,2033-02-23,Defaulted,7,2026-02-05,2026-02-23,1243890.96,6,2026-09-23,
436,1173,Personal Loan,395000,13.97,36,13494.41,2022-06-30,2025-06-30,Defaulted,58,2022-06-22,2022-06-30,40483.23,33,2025-04-30,
831,549,Gold Loan,387000,9.53,12,33938.91,2024-06-19,2025-06-19,Pending,,,2024-06-19,387000,0,,
613,929,Gold Loan,992000,9.05,24,45342.03,2025-12-31,2027-12-31,Pending,,,2025-12-31,992000,0,,
743,33,Home Loan,7988000,8.92,168,83416.02,2024-08-19,2038-08-19,Approved,52,2024-08-05,2024-08-19,12011906.88,24,2026-09-19,
77,73,Home Loan,5421000,7.97,228,46222.76,2024-05-08,2043-05-08,Defaulted,27,2024-04-27,2024-05-08,9290774.76,27,2026-09-08,
307,59,Gold Loan,930000,9.39,24,42653.42,2026-06-03,2028-06-03,Rejected,,,2026-06-03,0.00,0,,Eligibility criteria not met
594,1274,Personal Loan,140000,12.49,36,4682.84,2024-12-13,2027-12-13,Active,11,2024-11-25,2024-12-13,74925.44,20,2026-09-13,
120,1003,Business Loan,626000,10.32,48,15973.35,2024-10-04,2028-10-04,Closed,54,2024-09-05,2024-10-04,0.00,48,,
831,139,Car Loan,1443000,8.35,36,45451.73,2023-10-04,2026-10-04,Closed,21,2023-09-25,2023-10-04,0.00,36,,
414,209,Gold Loan,827000,12.01,60,18400.34,2023-09-02,2028-09-02,Closed,59,2023-08-10,2023-09-02,0.00,60,,
493,844,Education Loan,557000,10.34,96,8552.55,2025-04-07,2033-04-07,Closed,15,2025-03-20,2025-04-07,0.00,96,,
102,585,Gold Loan,329000,11.58,24,15422.72,2026-05-19,2028-05-19,Active,69,2026-05-17,2026-05-19,323877.12,3,2026-09-19,
1,342,Education Loan,1972000,8.42,132,22959.61,2023-01-29,2034-01-29,Active,61,2023-01-09,2023-01-29,2043405.29,43,2026-09-29,
291,692,Gold Loan,945000,11.01,24,44048.79,2022-09-05,2024-09-05,Closed,62,2022-09-01,2022-09-05,0.00,24,,
142,504,Car Loan,1343000,9.71,72,24684.25,2024-06-04,2030-06-04,Active,18,2024-05-18,2024-06-04,1135475.50,26,2026-09-04,
269,1454,Personal Loan,1386000,10.64,72,26126.38,2022-05-30,2028-05-30,Defaulted,82,2022-05-15,2022-05-30,548653.98,51,2026-09-30,
126,683,Home Loan,4849000,7.84,180,45892.79,2025-04-09,2040-04-09,Closed,53,2025-04-05,2025-04-09,0.00,180,,
621,882,Personal Loan,793000,10.96,12,70071.86,2024-06-14,2025-06-14,Active,14,2024-06-05,2024-06-14,0.00,12,2025-07-14,
547,695,Business Loan,1084000,11.52,96,17333.45,2022-03-10,2030-03-10,Closed,21,2022-03-08,2022-03-10,0.00,96,,
57,850,Education Loan,569000,6.53,60,11141.14,2023-12-09,2028-12-09,Rejected,,,2023-12-09,0.00,0,,Insufficient income
774,1191,Education Loan,515000,8.34,120,6341.28,2025-11-19,2035-11-19,Active,25,2025-11-09,2025-11-19,703882.08,9,2026-09-19,
283,453,Gold Loan,823000,10.0,60,17486.32,2025-12-09,2030-12-09,Closed,58,2025-11-20,2025-12-09,0.00,60,,
884,1283,Business Loan,4009000,12.67,108,62398.08,2025-07-05,2034-07-05,Active,68,2025-06-13,2025-07-05,5927817.60,13,2026-09-05,
879,1200,Home Loan,4291000,7.83,192,39261.74,2025-09-17,2041-09-17,Approved,45,2025-09-08,2025-09-17,7106374.94,11,2026-09-17,
230,648,Car Loan,1085000,9.08,48,27041.51,2023-04-07,2027-04-07,Defaulted,57,2023-03-29,2023-04-07,216332.08,40,2026-09-07,
288,271,Education Loan,604000,9.83,120,7925.15,2023-02-26,2033-02-26,Closed,84,2023-02-11,2023-02-26,0.00,120,,
846,662,Home Loan,2485000,7.41,204,21456.57,2026-04-29,2043-04-29,Pending,,,2026-04-29,2485000,0,,
395,777,Business Loan,4640000,10.97,72,88246.85,2026-03-25,2032-03-25,Active,62,2026-03-16,2026-03-25,5912538.95,5,2026-09-25,
160,1039,Home Loan,2501000,8.92,144,28349.58,2022-10-24,2034-10-24,Active,26,2022-09-28,2022-10-24,2778258.84,46,2026-09-24,
191,518,Personal Loan,871000,16.61,84,17603.83,2025-08-17,2032-08-17,Active,61,2025-07-21,2025-08-17,1267475.76,12,2026-09-17,
150,1299,Home Loan,2404000,9.32,156,26639.36,2022-12-17,2035-12-17,Closed,17,2022-12-12,2022-12-17,0.00,156,,
819,859,Gold Loan,573000,10.42,24,26552.26,2022-08-17,2024-08-17,Active,46,2022-07-22,2022-08-17,0.00,24,2024-09-17,
204,706,Personal Loan,678000,14.02,48,18534.15,2024-12-16,2028-12-16,Active,43,2024-11-19,2024-12-16,518956.20,20,2026-09-16,
706,533,Gold Loan,111000,13.79,36,3782.41,2024-04-19,2027-04-19,Active,22,2024-04-14,2024-04-19,30259.28,28,2026-09-19,
326,483,Car Loan,1368000,8.99,84,22002.92,2025-05-19,2032-05-19,Closed,22,2025-05-16,2025-05-19,0.00,84,,
197,1453,Home Loan,7791000,8.13,204,70587.98,2023-03-30,2040-03-30,Pending,,,2023-03-30,7791000,0,,
383,1199,Car Loan,2456000,7.78,84,38011.1,2025-11-17,2032-11-17,Approved,16,2025-11-15,2025-11-17,2850832.50,9,2026-09-17,
410,1270,Personal Loan,1257000,13.42,48,33984.78,2026-01-06,2030-01-06,Rejected,,,2026-01-06,0.00,0,,High existing liabilities
170,1106,Car Loan,1893000,7.58,48,45841.37,2025-02-26,2029-02-26,Active,40,2025-02-05,2025-02-26,1375241.10,18,2026-09-26,
819,312,Home Loan,5393000,8.96,228,49311.56,2025-11-05,2044-11-05,Active,7,2025-10-15,2025-11-05,10799231.64,9,2026-09-05,
706,954,Car Loan,1828000,10.02,84,30365.86,2022-04-11,2029-04-11,Active,31,2022-04-05,2022-04-11,971707.52,52,2026-09-11,
836,303,Gold Loan,369000,9.19,12,32302.12,2023-09-27,2024-09-27,Pending,,,2023-09-27,369000,0,,
6,162,Home Loan,1622000,9.21,180,16654.65,2022-01-17,2037-01-17,Active,55,2022-01-06,2022-01-17,2081831.25,55,2026-09-17,
714,500,Car Loan,2430000,10.66,36,79164.4,2023-02-02,2026-02-02,Rejected,,,2023-02-02,0.00,0,,Unstable employment history
295,397,Personal Loan,335000,15.69,36,11726.4,2026-05-28,2029-05-28,Active,58,2026-05-20,2026-05-28,386971.20,3,2026-09-28,
64,558,Car Loan,807000,9.66,36,25910.99,2022-06-17,2025-06-17,Active,63,2022-05-25,2022-06-17,0.00,36,2025-07-17,
861,1372,Business Loan,1280000,14.15,96,22344.93,2023-10-27,2031-10-27,Defaulted,94,2023-10-04,2023-10-27,1385385.66,34,2026-09-27,
984,656,Gold Loan,298000,13.64,48,8089.58,2024-10-11,2028-10-11,Active,91,2024-09-21,2024-10-11,210329.08,22,2026-09-11,
166,1389,Education Loan,105000,6.84,72,1782.09,2023-10-15,2029-10-15,Active,84,2023-10-11,2023-10-15,67719.42,34,2026-09-15,
988,422,Personal Loan,699000,11.05,72,13322.73,2023-04-05,2029-04-05,Defaulted,94,2023-03-15,2023-04-05,426327.36,40,2026-09-05,
636,881,Home Loan,7053000,9.42,240,65375.19,2025-12-30,2045-12-30,Pending,,,2025-12-30,7053000,0,,
658,322,Car Loan,1464000,10.55,84,24722.2,2021-10-13,2028-10-13,Closed,28,2021-10-12,2021-10-13,0.00,84,,
879,943,Education Loan,1919000,9.33,96,28443.35,2022-07-29,2030-07-29,Active,43,2022-07-12,2022-07-29,1336837.45,49,2026-09-29,
680,289,Car Loan,1872000,10.88,60,40589.88,2024-07-14,2029-07-14,Closed,72,2024-07-11,2024-07-14,0.00,60,,
752,207,Gold Loan,881000,8.8,48,21840.15,2022-02-24,2026-02-24,Active,41,2022-02-10,2022-02-24,0.00,48,2026-03-24,
395,777,Car Loan,1856000,8.67,60,38230.93,2024-11-02,2029-11-02,Closed,47,2024-10-20,2024-11-02,0.00,60,,
517,921,Home Loan,4592000,7.85,156,47055.16,2023-08-07,2036-08-07,Rejected,,,2023-08-07,0.00,0,,Eligibility criteria not met
97,591,Education Loan,1421000,7.72,180,13351.12,2025-02-26,2040-02-26,Active,32,2025-02-21,2025-02-26,2162881.44,18,2026-09-26,
287,674,Business Loan,2898000,13.43,84,53400.14,2026-06-05,2033-06-05,Active,21,2026-05-17,2026-06-05,4378811.48,2,2026-09-05,
970,376,Business Loan,2022000,15.12,72,42887.1,2026-03-14,2032-03-14,Closed,26,2026-02-14,2026-03-14,0.00,72,,
492,1038,Education Loan,852000,7.95,180,8117.58,2024-02-01,2039-02-01,Active,40,2024-01-18,2024-02-01,1217637.00,30,2026-09-01,
583,543,Personal Loan,106000,16.83,84,2155.79,2022-11-04,2029-11-04,Active,79,2022-10-18,2022-11-04,84075.81,45,2026-09-04,
808,854,Business Loan,1082000,11.64,36,35752.12,2023-10-10,2026-10-10,Active,28,2023-10-03,2023-10-10,71504.24,34,2026-09-10,
298,446,Home Loan,3214000,8.91,228,29285.93,2021-10-11,2040-10-11,Active,36,2021-09-25,2021-10-11,4978608.10,58,2026-09-11,
159,718,Gold Loan,388000,13.9,60,9007.98,2026-04-03,2031-04-03,Closed,4,2026-03-16,2026-04-03,0.00,60,,
464,99,Business Loan,2105000,9.5,96,31387.42,2022-03-18,2030-03-18,Closed,24,2022-03-15,2022-03-18,0.00,96,,
114,969,Personal Loan,926000,12.75,84,16720.16,2025-01-14,2032-01-14,Active,75,2024-12-31,2025-01-14,1086810.40,19,2026-09-14,
393,1015,Gold Loan,540000,11.84,12,47937.94,2025-06-05,2026-06-05,Active,72,2025-05-12,2025-06-05,0.00,12,2026-07-05,
853,1404,Education Loan,1477000,10.3,60,31600.35,2026-01-18,2031-01-18,Defaulted,91,2026-01-08,2026-01-18,1674818.55,7,2026-09-18,
580,1468,Home Loan,1569000,9.25,120,20088.33,2023-11-18,2033-11-18,Active,18,2023-10-31,2023-11-18,1747684.71,33,2026-09-18,
769,906,Personal Loan,247000,15.3,36,8598.67,2024-07-04,2027-07-04,Defaulted,21,2024-06-18,2024-07-04,94585.37,25,2026-09-04,
421,428,Car Loan,590000,7.6,36,18379.78,2022-07-25,2025-07-25,Active,71,2022-06-25,2022-07-25,0.00,36,2025-08-25,
640,1242,Business Loan,4495000,14.54,72,93927.54,2022-02-06,2028-02-06,Active,45,2022-01-27,2022-02-06,1690695.72,54,2026-09-06,
704,1177,Home Loan,5023000,8.77,204,47452.78,2023-05-30,2040-05-30,Active,74,2023-05-11,2023-05-30,7829708.70,39,2026-09-30,
35,699,Education Loan,925000,8.26,108,12167.34,2024-04-12,2033-04-12,Pending,,,2024-04-12,925000,0,,
658,1195,Personal Loan,467000,14.63,60,11019.4,2022-12-29,2027-12-29,Closed,50,2022-12-18,2022-12-29,0.00,60,,
915,812,Home Loan,5580000,8.69,228,50071.47,2022-09-16,2041-09-16,Active,86,2022-09-13,2022-09-16,9062936.07,47,2026-09-16,
658,322,Personal Loan,1030000,17.86,72,23410.58,2024-10-07,2030-10-07,Active,66,2024-09-17,2024-10-07,1170529.00,22,2026-09-07,
728,1028,Car Loan,1629000,11.47,60,35801.43,2022-03-17,2027-03-17,Pending,,,2022-03-17,1629000,0,,
622,296,Business Loan,2316000,11.43,72,44594.69,2026-06-13,2032-06-13,Active,39,2026-05-18,2026-06-13,3121628.30,2,2026-09-13,
816,459,Education Loan,253000,8.0,84,3943.31,2022-06-17,2029-06-17,Closed,56,2022-05-29,2022-06-17,0.00,84,,
82,206,Personal Loan,172000,11.2,12,15217.7,2024-07-14,2025-07-14,Closed,87,2024-06-25,2024-07-14,0.00,12,,
654,159,Gold Loan,399000,11.41,24,18672.57,2022-04-16,2024-04-16,Approved,87,2022-03-22,2022-04-16,0.00,24,2024-05-16,
505,460,Education Loan,1564000,7.04,72,26694.7,2024-03-04,2030-03-04,Active,89,2024-02-09,2024-03-04,1147872.10,29,2026-09-04,
505,632,Home Loan,4543000,8.65,132,53463.63,2026-05-23,2037-05-23,Active,75,2026-04-26,2026-05-23,6896808.27,3,2026-09-23,
420,572,Home Loan,6571000,8.84,192,64057.96,2026-06-02,2042-06-02,Approved,23,2026-05-27,2026-06-02,12171012.40,2,2026-09-02,
954,555,Home Loan,4864000,7.06,156,47731.8,2022-11-03,2035-11-03,Approved,98,2022-10-04,2022-11-03,5298229.80,45,2026-09-03,
260,105,Gold Loan,593000,11.02,24,27643.95,2021-11-29,2023-11-29,Closed,99,2021-11-05,2021-11-29,0.00,24,,
872,455,Home Loan,1546000,8.84,120,19450.46,2024-08-27,2034-08-27,Rejected,,,2024-08-27,0.00,0,,Unstable employment history
43,1007,Personal Loan,248000,15.29,24,12058.89,2022-05-18,2024-05-18,Closed,29,2022-05-07,2022-05-18,0.00,24,,
543,1278,Car Loan,806000,9.42,72,14697.16,2021-12-29,2027-12-29,Closed,2,2021-12-11,2021-12-29,0.00,72,,
528,20,Business Loan,923000,14.82,48,25603.64,2022-08-20,2026-08-20,Active,43,2022-08-10,2022-08-20,0.00,48,2026-09-20,
87,637,Personal Loan,803000,10.82,84,13673.44,2024-06-25,2031-06-25,Active,27,2024-06-08,2024-06-25,793059.52,26,2026-09-25,
770,358,Home Loan,6563000,8.99,192,64574.07,2022-06-23,2038-06-23,Active,96,2022-06-18,2022-06-23,9169517.94,50,2026-09-23,
238,177,Personal Loan,1092000,11.29,72,20947.78,2023-12-26,2029-12-26,Active,23,2023-12-25,2023-12-26,837911.20,32,2026-09-26,
915,1492,Home Loan,2052000,9.26,192,20526.3,2025-07-27,2041-07-27,Approved,90,2025-06-27,2025-07-27,3674207.70,13,2026-09-27,
11,1154,Business Loan,4941000,12.57,72,98068.33,2022-06-19,2028-06-19,Closed,11,2022-05-30,2022-06-19,0.00,72,,
547,121,Home Loan,1252000,8.48,168,12754.96,2025-01-28,2039-01-28,Active,89,2025-01-22,2025-01-28,1900489.04,19,2026-09-28,
272,584,Car Loan,2321000,9.03,72,41871.84,2025-02-03,2031-02-03,Pending,,,2025-02-03,2321000,0,,
928,1071,Car Loan,1616000,7.72,48,39239.23,2025-02-20,2029-02-20,Pending,,,2025-02-20,1616000,0,,
513,967,Personal Loan,1159000,16.57,24,57064.41,2021-12-10,2023-12-10,Active,6,2021-11-22,2021-12-10,0.00,24,2024-01-10,
889,383,Gold Loan,855000,9.33,12,74901.92,2025-08-22,2026-08-22,Approved,32,2025-08-14,2025-08-22,0.00,12,2026-09-22,
295,1047,Personal Loan,1308000,14.27,48,35920.44,2025-07-18,2029-07-18,Active,70,2025-07-17,2025-07-18,1257215.40,13,2026-09-18,
493,649,Gold Loan,925000,10.27,24,42799.42,2025-03-15,2027-03-15,Closed,70,2025-02-26,2025-03-15,0.00,24,,
303,560,Personal Loan,1367000,10.53,12,120518.24,2026-02-08,2027-02-08,Active,87,2026-01-10,2026-02-08,723109.44,6,2026-09-08,
912,974,Car Loan,1673000,8.56,36,52859.02,2022-03-14,2025-03-14,Rejected,,,2022-03-14,0.00,0,,High existing liabilities
499,643,Personal Loan,1234000,15.32,84,24034.28,2023-03-19,2030-03-19,Active,59,2023-02-26,2023-03-19,1033474.04,41,2026-09-19,
227,905,Personal Loan,256000,17.37,60,6413.3,2025-08-30,2030-08-30,Active,51,2025-08-24,2025-08-30,307838.40,12,2026-09-30,
42,1343,Education Loan,1141000,9.13,72,20640.83,2026-04-09,2032-04-09,Active,6,2026-03-25,2026-04-09,1403576.44,4,2026-09-09,
525,1291,Personal Loan,181000,16.27,60,4427.58,2022-05-05,2027-05-05,Active,16,2022-04-26,2022-05-05,39848.22,51,2026-09-05,
528,907,Home Loan,3212000,7.93,132,36545.47,2022-06-05,2033-06-05,Active,18,2022-06-04,2022-06-05,2996728.54,50,2026-09-05,
527,1165,Education Loan,1568000,9.29,132,19006.57,2021-11-29,2032-11-29,Defaulted,79,2021-11-15,2021-11-29,1425492.75,57,2026-09-29,
632,1472,Gold Loan,594000,10.32,12,52310.48,2021-11-28,2022-11-28,Active,74,2021-11-23,2021-11-28,0.00,12,2022-12-28,
786,221,Personal Loan,571000,16.39,12,51912.76,2025-11-09,2026-11-09,Active,97,2025-10-24,2025-11-09,155738.28,9,2026-09-09,
230,653,Car Loan,1221000,10.84,36,39881.52,2025-03-18,2028-03-18,Active,22,2025-02-16,2025-03-18,757748.88,17,2026-09-18,
577,1331,Personal Loan,538000,14.17,72,11134.92,2026-06-19,2032-06-19,Active,38,2026-06-16,2026-06-19,779444.40,2,2026-09-19,
462,401,Business Loan,3020000,9.39,108,41526.49,2025-03-05,2034-03-05,Closed,91,2025-02-27,2025-03-05,0.00,108,,
798,733,Personal Loan,1452000,13.94,84,27162.39,2021-11-22,2028-11-22,Active,15,2021-11-20,2021-11-22,733384.53,57,2026-09-22,
356,731,Car Loan,1444000,8.35,60,29521.59,2024-12-12,2029-12-12,Closed,65,2024-12-06,2024-12-12,0.00,60,,
790,1478,Home Loan,1814000,7.68,192,16439.34,2022-05-04,2038-05-04,Closed,59,2022-04-17,2022-05-04,0.00,192,,
8,1064,Education Loan,194000,7.24,60,3863.44,2024-01-17,2029-01-17,Defaulted,74,2024-01-07,2024-01-17,112039.76,31,2026-09-17,
168,981,Gold Loan,615000,13.2,12,54987.85,2023-12-05,2024-12-05,Active,2,2023-11-05,2023-12-05,0.00,12,2025-01-05,
248,1053,Car Loan,1888000,10.27,48,48129.74,2025-11-26,2029-11-26,Closed,92,2025-11-04,2025-11-26,0.00,48,,
524,547,Education Loan,706000,10.19,144,8514.93,2024-01-15,2036-01-15,Closed,20,2023-12-30,2024-01-15,0.00,144,,
545,149,Home Loan,7157000,9.34,180,74045.73,2024-11-28,2039-11-28,Active,46,2024-10-30,2024-11-28,11773271.07,21,2026-09-28,
651,1116,Business Loan,809000,15.44,84,15811.45,2021-09-17,2028-09-17,Active,27,2021-08-24,2021-09-17,395286.25,59,2026-09-17,
280,43,Personal Loan,852000,13.08,84,15536.63,2025-04-01,2032-04-01,Active,30,2025-03-10,2025-04-01,1056490.84,16,2026-09-01,
241,300,Personal Loan,1379000,17.67,84,28717.48,2022-06-18,2029-06-18,Closed,34,2022-06-16,2022-06-18,0.00,84,,
61,449,Gold Loan,973000,12.96,24,46239.91,2022-05-26,2024-05-26,Approved,74,2022-05-11,2022-05-26,0.00,24,2024-06-26,
965,1390,Education Loan,1549000,6.84,168,14353.27,2021-12-18,2035-12-18,Defaulted,27,2021-12-11,2021-12-18,1607566.24,56,2026-09-18,
908,35,Business Loan,4741000,10.27,48,120859.69,2021-08-30,2025-08-30,Rejected,,,2021-08-30,0.00,0,,Low credit score
76,268,Business Loan,3025000,14.85,36,104640.55,2022-04-02,2025-04-02,Active,77,2022-03-09,2022-04-02,0.00,36,2025-05-02,
451,721,Education Loan,1527000,7.78,96,21416.35,2024-12-30,2032-12-30,Closed,92,2024-12-26,2024-12-30,0.00,96,,
331,225,Car Loan,1754000,8.12,72,30856.18,2022-06-16,2028-06-16,Active,34,2022-05-24,2022-06-16,678835.96,50,2026-09-16,
720,827,Personal Loan,784000,10.93,24,36515.07,2024-02-04,2026-02-04,Active,4,2024-01-19,2024-02-04,0.00,24,2026-03-04,
965,1390,Personal Loan,757000,16.77,84,15369.45,2023-02-16,2030-02-16,Active,46,2023-02-11,2023-02-16,645516.90,42,2026-09-16,
656,571,Personal Loan,502000,11.28,72,9627.26,2022-11-30,2028-11-30,Pending,,,2022-11-30,502000,0,,
527,1165,Home Loan,7764000,8.42,192,73736.99,2022-01-04,2038-01-04,Rejected,,,2022-01-04,0.00,0,,High existing liabilities
447,1033,Car Loan,1738000,8.19,48,42584.84,2026-06-27,2030-06-27,Closed,37,2026-05-31,2026-06-27,0.00,48,,
410,91,Home Loan,2881000,9.13,204,27853.9,2021-12-10,2038-12-10,Closed,76,2021-11-29,2021-12-10,0.00,204,,
167,451,Car Loan,2232000,9.79,48,56384.45,2025-06-25,2029-06-25,Closed,21,2025-06-09,2025-06-25,0.00,48,,
966,190,Personal Loan,341000,14.47,12,30692.87,2023-09-30,2024-09-30,Pending,,,2023-09-30,341000,0,,
644,1308,Business Loan,4860000,11.28,96,77078.85,2021-11-27,2029-11-27,Active,48,2021-11-07,2021-11-27,3006075.15,57,2026-09-27,
43,1007,Car Loan,327000,11.37,48,8510.36,2024-08-23,2028-08-23,Active,46,2024-08-15,2024-08-23,204248.64,24,2026-09-23,
635,526,Car Loan,2196000,8.02,60,44547.98,2025-05-06,2030-05-06,Closed,1,2025-04-16,2025-05-06,0.00,60,,
378,476,Personal Loan,607000,15.4,48,17016.6,2023-11-03,2027-11-03,Active,24,2023-10-20,2023-11-03,255249.00,33,2026-09-03,
577,1331,Business Loan,4048000,14.11,72,83650.65,2021-09-21,2027-09-21,Active,63,2021-08-24,2021-09-21,1087458.45,59,2026-09-21,
823,1058,Education Loan,1677000,8.41,84,26481.95,2023-06-01,2030-06-01,Active,98,2023-05-15,2023-06-01,1218169.70,38,2026-09-01,
208,1485,Personal Loan,130000,12.13,60,2900.33,2022-11-16,2027-11-16,Active,96,2022-11-03,2022-11-16,43504.95,45,2026-09-16,
558,369,Education Loan,1499000,9.92,72,27709.8,2023-10-03,2029-10-03,Defaulted,57,2023-09-17,2023-10-03,1052972.40,34,2026-09-03,
803,1354,Personal Loan,1111000,14.7,48,30751.27,2023-09-05,2027-09-05,Defaulted,8,2023-08-19,2023-09-05,399766.51,35,2026-09-05,
472,1181,Business Loan,1227000,10.06,60,26106.36,2026-05-05,2031-05-05,Defaulted,68,2026-04-24,2026-05-05,1488062.52,3,2026-09-05,
618,353,Personal Loan,131000,10.81,48,3373.69,2025-08-15,2029-08-15,Pending,,,2025-08-15,131000,0,,
647,1227,Personal Loan,482000,14.77,48,13358.29,2025-07-25,2029-07-25,Active,21,2025-06-26,2025-07-25,467540.15,13,2026-09-25,
107,191,Personal Loan,591000,12.37,72,11668.19,2021-10-23,2027-10-23,Closed,8,2021-10-09,2021-10-23,0.00,72,,
735,220,Education Loan,1388000,10.06,132,17424.75,2026-06-28,2037-06-28,Closed,30,2026-06-23,2026-06-28,0.00,132,,
228,76,Business Loan,3823000,14.65,108,63906.92,2026-03-21,2035-03-21,Approved,62,2026-03-10,2026-03-21,6582412.76,5,2026-09-21,
813,1245,Gold Loan,574000,13.44,12,51386.68,2024-02-02,2025-02-02,Active,86,2024-01-06,2024-02-02,0.00,12,2025-03-02,
268,1103,Home Loan,3922000,9.42,132,47824.72,2024-10-19,2035-10-19,Active,28,2024-10-06,2024-10-19,5260719.20,22,2026-09-19,
583,873,Home Loan,5706000,7.41,120,67463.5,2022-04-08,2032-04-08,Defaulted,80,2022-03-27,2022-04-08,4587518.00,52,2026-09-08,
410,26,Home Loan,6651000,7.04,204,55999.16,2026-06-11,2043-06-11,Active,30,2026-06-02,2026-06-11,11311830.32,2,2026-09-11,
126,515,Gold Loan,720000,8.99,12,62961.72,2022-02-18,2023-02-18,Pending,,,2022-02-18,720000,0,,
586,575,Education Loan,1073000,9.51,72,19614.11,2024-04-24,2030-04-24,Rejected,,,2024-04-24,0.00,0,,Incomplete documentation
915,812,Education Loan,1346000,6.71,132,14446.17,2024-01-25,2035-01-25,Approved,63,2023-12-30,2024-01-25,1459063.17,31,2026-09-25,
329,966,Home Loan,1122000,8.55,180,11081.69,2022-02-28,2037-02-28,Closed,28,2022-02-25,2022-02-28,0.00,180,,
965,1390,Education Loan,1579000,9.68,168,17196.29,2024-06-03,2038-06-03,Closed,10,2024-05-23,2024-06-03,0.00,168,,
126,683,Education Loan,1505000,10.45,72,28224.12,2023-02-18,2029-02-18,Active,10,2023-01-22,2023-02-18,846723.60,42,2026-09-18,
51,529,Gold Loan,866000,9.9,12,76094.89,2023-12-10,2024-12-10,Active,4,2023-11-28,2023-12-10,0.00,12,2025-01-10,
479,1394,Business Loan,1252000,11.77,48,32828.75,2024-11-20,2028-11-20,Pending,,,2024-11-20,1252000,0,,
700,550,Business Loan,1035000,9.09,48,25800.27,2023-02-26,2027-02-26,Active,59,2023-02-19,2023-02-26,154801.62,42,2026-09-26,
949,1078,Education Loan,1278000,9.24,168,13585.31,2022-03-13,2036-03-13,Rejected,,,2022-03-13,0.00,0,,Unstable employment history
664,570,Car Loan,1547000,7.91,48,37701.47,2021-11-19,2025-11-19,Active,63,2021-10-31,2021-11-19,0.00,48,2025-12-19,
321,734,Personal Loan,852000,10.06,72,15809.8,2023-12-18,2029-12-18,Active,40,2023-12-09,2023-12-18,632392.00,32,2026-09-18,
646,1409,Home Loan,4775000,8.07,156,49516.01,2023-01-11,2036-01-11,Pending,,,2023-01-11,4775000,0,,
695,1421,Education Loan,1079000,8.36,180,10536.98,2024-09-12,2039-09-12,Closed,97,2024-08-28,2024-09-12,0.00,180,,
527,1165,Car Loan,2422000,8.19,72,42690.56,2023-03-12,2029-03-12,Closed,41,2023-02-11,2023-03-12,0.00,72,,
858,1130,Gold Loan,726000,12.37,60,16285.54,2024-02-10,2029-02-10,Closed,67,2024-01-16,2024-02-10,0.00,60,,
303,560,Home Loan,6159000,7.06,216,50442.88,2022-02-10,2040-02-10,Active,78,2022-02-08,2022-02-10,8171746.56,54,2026-09-10,
242,1214,Gold Loan,559000,13.46,12,50049.08,2023-10-27,2024-10-27,Active,29,2023-10-07,2023-10-27,0.00,12,2024-11-27,
296,409,Education Loan,1354000,6.71,60,26625.95,2024-02-13,2029-02-13,Active,94,2024-02-04,2024-02-13,798778.50,30,2026-09-13,
648,1055,Personal Loan,874000,15.2,48,24412.77,2023-07-21,2027-07-21,Pending,,,2023-07-21,874000,0,,
164,1035,Car Loan,2102000,10.95,72,39955.82,2026-06-25,2032-06-25,Approved,13,2026-05-30,2026-06-25,2796907.40,2,2026-09-25,
455,313,Personal Loan,627000,10.71,48,16116.98,2025-10-08,2029-10-08,Approved,14,2025-09-29,2025-10-08,612445.24,10,2026-09-08,
730,767,Gold Loan,910000,10.35,60,19491.9,2026-04-18,2031-04-18,Active,36,2026-04-07,2026-04-18,1091546.40,4,2026-09-18,
15,1428,Gold Loan,158000,10.15,36,5109.35,2025-09-27,2028-09-27,Active,64,2025-09-18,2025-09-27,127733.75,11,2026-09-27,
990,638,Personal Loan,595000,13.96,36,20324.13,2024-02-23,2027-02-23,Active,25,2024-02-16,2024-02-23,121944.78,30,2026-09-23,
412,680,Business Loan,1994000,9.42,24,91480.11,2022-11-04,2024-11-04,Active,49,2022-10-30,2022-11-04,0.00,24,2024-12-04,
625,709,Car Loan,464000,9.79,60,9810.75,2023-07-04,2028-07-04,Active,37,2023-06-24,2023-07-04,225647.25,37,2026-09-04,
101,375,Home Loan,5820000,8.93,204,55552.13,2021-10-27,2038-10-27,Active,92,2021-10-04,2021-10-27,8110610.98,58,2026-09-27,
949,1078,Education Loan,1572000,8.04,144,17050.65,2025-04-11,2037-04-11,Closed,21,2025-03-15,2025-04-11,0.00,144,,
228,301,Car Loan,2469000,8.2,60,50299.08,2023-05-10,2028-05-10,Active,6,2023-05-04,2023-05-10,1056280.68,39,2026-09-10,
629,1300,Gold Loan,902000,10.05,12,79321.11,2023-08-10,2024-08-10,Closed,36,2023-07-20,2023-08-10,0.00,12,,
236,678,Education Loan,263000,8.22,72,4639.55,2025-02-13,2031-02-13,Closed,93,2025-01-27,2025-02-13,0.00,72,,
529,1397,Home Loan,2211000,8.53,156,23500.23,2022-11-12,2035-11-12,Active,9,2022-10-19,2022-11-12,2608525.53,45,2026-09-12,
767,3,Business Loan,4224000,11.8,48,110819.78,2021-09-05,2025-09-05,Active,63,2021-08-12,2021-09-05,0.00,48,2025-10-05,
955,997,Car Loan,1083000,8.59,72,19302.01,2023-06-02,2029-06-02,Active,34,2023-05-20,2023-06-02,656268.34,38,2026-09-02,
283,1120,Car Loan,2481000,7.69,48,60208.09,2024-04-07,2028-04-07,Active,95,2024-04-06,2024-04-07,1204161.80,28,2026-09-07,
972,291,Personal Loan,370000,11.1,72,7061.57,2024-02-01,2030-02-01,Active,73,2024-01-28,2024-02-01,296585.94,30,2026-09-01,
201,1113,Personal Loan,1015000,10.6,48,26036.48,2022-01-13,2026-01-13,Pending,,,2022-01-13,1015000,0,,
413,112,Personal Loan,581000,15.22,48,16234.53,2021-12-06,2025-12-06,Active,72,2021-12-03,2021-12-06,0.00,48,2026-01-06,
259,917,Home Loan,7069000,9.25,216,67305.3,2022-08-13,2040-08-13,Active,57,2022-07-20,2022-08-13,11307290.40,48,2026-09-13,
16,629,Gold Loan,974000,10.91,60,21133.43,2025-05-02,2030-05-02,Active,93,2025-04-26,2025-05-02,951004.35,15,2026-09-02,
161,991,Personal Loan,307000,15.62,36,10735.7,2024-11-14,2027-11-14,Active,45,2024-10-16,2024-11-14,161035.50,21,2026-09-14,
595,657,Car Loan,1839000,8.32,72,32531.73,2024-02-03,2030-02-03,Active,3,2024-01-26,2024-02-03,1366332.66,30,2026-09-03,
419,786,Home Loan,5815000,8.32,180,56650.72,2023-02-02,2038-02-02,Closed,57,2023-01-23,2023-02-02,0.00,180,,
220,887,Education Loan,356000,10.22,144,4299.85,2025-06-16,2037-06-16,Approved,48,2025-06-08,2025-06-16,558980.50,14,2026-09-16,
848,1166,Personal Loan,1224000,14.52,60,28811.39,2026-05-23,2031-05-23,Active,96,2026-05-13,2026-05-23,1642249.23,3,2026-09-23,
691,1073,Education Loan,811000,9.14,96,11940.3,2024-01-29,2032-01-29,Active,21,2024-01-21,2024-01-29,776119.50,31,2026-09-29,
541,1457,Education Loan,565000,9.87,72,10430.1,2023-12-11,2029-12-11,Closed,50,2023-12-04,2023-12-11,0.00,72,,
809,635,Education Loan,1268000,6.77,84,18995.27,2026-07-18,2033-07-18,Defaulted,59,2026-06-30,2026-07-18,1576607.41,1,2026-09-18,
165,350,Personal Loan,420000,15.58,84,8241.91,2025-08-01,2032-08-01,Pending,,,2025-08-01,420000,0,,
370,726,Education Loan,895000,7.73,120,10731.55,2026-02-22,2036-02-22,Active,67,2026-02-21,2026-02-22,1223396.70,6,2026-09-22,
654,159,Personal Loan,1450000,11.47,60,31867.45,2022-05-19,2027-05-19,Closed,87,2022-05-09,2022-05-19,0.00,60,,
478,1207,Gold Loan,821000,11.23,36,26968.0,2024-01-10,2027-01-10,Defaulted,25,2023-12-20,2024-01-10,134840.00,31,2026-09-10,
427,474,Personal Loan,903000,12.51,48,24006.2,2025-04-14,2029-04-14,Closed,44,2025-04-05,2025-04-14,0.00,48,,
622,542,Business Loan,1814000,15.82,84,35844.06,2024-01-11,2031-01-11,Active,60,2024-01-06,2024-01-11,1899735.18,31,2026-09-11,
687,931,Gold Loan,367000,9.92,24,16921.64,2025-09-03,2027-09-03,Active,88,2025-08-19,2025-09-03,219981.32,11,2026-09-03,
820,292,Car Loan,2372000,11.27,84,40951.94,2025-11-30,2032-11-30,Approved,37,2025-11-04,2025-11-30,3071395.50,9,2026-09-30,
880,1208,Personal Loan,1361000,14.45,36,46813.77,2025-11-17,2028-11-17,Rejected,,,2025-11-17,0.00,0,,Low credit score
558,137,Home Loan,1939000,7.56,192,17437.32,2024-12-16,2040-12-16,Active,3,2024-11-24,2024-12-16,2999219.04,20,2026-09-16,
199,520,Business Loan,4889000,15.54,72,104817.07,2022-04-17,2028-04-17,Closed,11,2022-03-26,2022-04-17,0.00,72,,
47,173,Car Loan,2036000,8.19,48,49886.49,2023-10-13,2027-10-13,Active,20,2023-10-09,2023-10-13,698410.86,34,2026-09-13,
724,415,Education Loan,1167000,7.3,168,11109.77,2022-09-21,2036-09-21,Active,88,2022-08-23,2022-09-21,1344282.17,47,2026-09-21,
787,138,Personal Loan,341000,11.4,60,7482.37,2025-09-01,2030-09-01,Active,15,2025-08-28,2025-09-01,366636.13,11,2026-09-01,
906,411,Education Loan,248000,9.79,156,2816.05,2025-08-14,2038-08-14,Active,31,2025-08-07,2025-08-14,405511.20,12,2026-09-14,
153,805,Education Loan,860000,6.94,108,10729.28,2022-12-02,2031-12-02,Pending,,,2022-12-02,860000,0,,
252,127,Education Loan,305000,9.26,96,4509.56,2022-01-19,2030-01-19,Active,30,2021-12-30,2022-01-19,184891.96,55,2026-09-19,
89,148,Education Loan,955000,8.97,60,19810.33,2022-03-31,2027-03-31,Defaulted,87,2022-03-29,2022-03-31,138672.31,53,2026-09-30,
632,38,Home Loan,6793000,8.8,180,68093.27,2025-02-15,2040-02-15,Active,22,2025-02-01,2025-02-15,11031109.74,18,2026-09-15,
503,1188,Personal Loan,708000,12.77,36,23776.96,2023-03-26,2026-03-26,Pending,,,2023-03-26,708000,0,,
255,182,Business Loan,515000,9.69,36,16542.75,2024-07-26,2027-07-26,Closed,56,2024-07-19,2024-07-26,0.00,36,,
220,887,Personal Loan,653000,13.84,60,15140.06,2021-11-23,2026-11-23,Approved,51,2021-10-31,2021-11-23,45420.18,57,2026-09-23,
810,807,Education Loan,1448000,9.1,96,21288.69,2022-04-28,2030-04-28,Active,68,2022-04-14,2022-04-28,936702.36,52,2026-09-28,
488,152,Car Loan,798000,7.53,60,16001.66,2024-12-21,2029-12-21,Active,31,2024-12-10,2024-12-21,640066.40,20,2026-09-21,
438,1258,Car Loan,1754000,11.49,84,30486.55,2025-06-09,2032-06-09,Defaulted,4,2025-05-10,2025-06-09,2134058.50,14,2026-09-09,
230,653,Home Loan,7942000,7.39,132,88073.93,2026-05-17,2037-05-17,Active,32,2026-04-20,2026-05-17,11361536.97,3,2026-09-17,
203,308,Home Loan,1261000,7.93,240,10492.64,2024-02-02,2044-02-02,Active,80,2024-01-21,2024-02-02,2203454.40,30,2026-09-02,
588,536,Home Loan,1063000,7.27,216,8837.27,2025-05-03,2043-05-03,Pending,,,2025-05-03,1063000,0,,
835,34,Business Loan,4298000,12.8,108,67215.77,2023-11-25,2032-11-25,Pending,,,2023-11-25,4298000,0,,
422,495,Education Loan,1386000,9.03,168,14562.59,2022-04-26,2036-04-26,Pending,,,2022-04-26,1386000,0,,
296,727,Car Loan,1538000,8.7,84,24511.48,2024-09-27,2031-09-27,Defaulted,7,2024-09-06,2024-09-27,1495200.28,23,2026-09-27,
53,285,Business Loan,1393000,9.56,60,29296.45,2025-12-15,2030-12-15,Active,33,2025-11-29,2025-12-15,1523415.40,8,2026-09-15,
889,30,Home Loan,5376000,9.0,216,50343.27,2025-12-09,2043-12-09,Active,29,2025-11-23,2025-12-09,10471400.16,8,2026-09-09,
557,1250,Personal Loan,1110000,16.37,84,22281.44,2024-01-31,2031-01-31,Rejected,,,2024-01-31,0.00,0,,Unstable employment history
239,68,Car Loan,1819000,9.76,72,33478.77,2023-10-14,2029-10-14,Active,84,2023-09-24,2023-10-14,1272193.26,34,2026-09-14,
749,1410,Car Loan,363000,8.23,48,8901.13,2026-06-27,2030-06-27,Approved,30,2026-06-25,2026-06-27,409451.98,2,2026-09-27,
556,1095,Gold Loan,325000,8.63,36,10279.04,2025-09-18,2028-09-18,Active,46,2025-09-13,2025-09-18,256976.00,11,2026-09-18,
428,507,Gold Loan,743000,9.0,48,18489.59,2026-02-27,2030-02-27,Closed,5,2026-02-04,2026-02-27,0.00,48,,
407,1302,Car Loan,671000,9.09,48,16726.55,2023-10-12,2027-10-12,Closed,7,2023-10-01,2023-10-12,0.00,48,,
568,1306,Personal Loan,885000,12.78,72,17662.99,2021-11-16,2027-11-16,Approved,46,2021-11-01,2021-11-16,264944.85,57,2026-09-16,
91,826,Business Loan,1139000,10.28,60,24357.6,2025-07-22,2030-07-22,Active,34,2025-07-10,2025-07-22,1144807.20,13,2026-09-22,
236,678,Business Loan,1118000,13.15,84,20429.9,2023-02-13,2030-02-13,Active,86,2023-01-26,2023-02-13,858055.80,42,2026-09-13,
44,618,Education Loan,1449000,6.97,84,21848.05,2022-09-09,2029-09-09,Approved,20,2022-08-27,2022-09-09,808377.85,47,2026-09-09,
635,526,Education Loan,803000,6.52,180,7003.82,2023-03-08,2038-03-08,Rejected,,,2023-03-08,0.00,0,,High existing liabilities
690,703,Home Loan,6503000,8.74,156,69894.94,2025-04-22,2038-04-22,Approved,68,2025-03-30,2025-04-22,9785291.60,16,2026-09-22,
819,859,Personal Loan,104000,12.69,84,1874.48,2022-10-17,2029-10-17,Active,18,2022-09-18,2022-10-17,71230.24,46,2026-09-17,
384,192,Car Loan,893000,10.3,60,19105.7,2025-05-05,2030-05-05,Active,37,2025-04-30,2025-05-05,859756.50,15,2026-09-05,
974,866,Gold Loan,145000,8.59,12,12652.91,2025-08-31,2026-08-31,Active,79,2025-08-20,2025-08-31,0.00,12,2026-09-30,
841,742,Home Loan,5660000,8.0,156,58471.98,2024-01-09,2037-01-09,Active,46,2023-12-14,2024-01-09,7308997.50,31,2026-09-09,
662,356,Gold Loan,141000,13.34,36,4773.97,2022-11-30,2025-11-30,Active,54,2022-11-12,2022-11-30,0.00,36,2025-12-30,
798,733,Gold Loan,898000,12.15,60,20043.65,2024-12-31,2029-12-31,Active,92,2024-12-12,2024-12-31,801746.00,20,2026-09-30,
722,1100,Education Loan,1524000,8.15,180,14696.41,2023-12-27,2038-12-27,Active,15,2023-12-22,2023-12-27,2175068.68,32,2026-09-27,
120,1003,Home Loan,2499000,7.91,168,24645.52,2023-11-03,2037-11-03,Pending,,,2023-11-03,2499000,0,,
314,7,Home Loan,4726000,8.86,132,56161.99,2023-07-04,2034-07-04,Closed,4,2023-07-02,2023-07-04,0.00,132,,
870,919,Home Loan,2043000,7.99,144,22103.31,2021-11-23,2033-11-23,Active,30,2021-10-31,2021-11-23,1922987.97,57,2026-09-23,
157,1247,Car Loan,969000,9.0,48,24113.61,2023-12-26,2027-12-26,Closed,22,2023-12-16,2023-12-26,0.00,48,,
125,627,Car Loan,2128000,10.21,48,54186.44,2026-06-04,2030-06-04,Pending,,,2026-06-04,2128000,0,,
931,1292,Car Loan,725000,8.49,84,11477.81,2026-02-21,2033-02-21,Approved,76,2026-01-25,2026-02-21,895269.18,6,2026-09-21,
456,393,Gold Loan,345000,8.71,60,7113.17,2022-11-03,2027-11-03,Closed,38,2022-10-27,2022-11-03,0.00,60,,
905,6,Car Loan,1273000,9.44,60,26698.06,2023-10-29,2028-10-29,Active,25,2023-09-29,2023-10-29,694149.56,34,2026-09-29,
223,1252,Car Loan,1368000,11.1,48,35423.15,2021-08-19,2025-08-19,Pending,,,2021-08-19,1368000,0,,
848,1166,Gold Loan,486000,12.9,48,13014.05,2026-06-08,2030-06-08,Active,13,2026-05-12,2026-06-08,598646.30,2,2026-09-08,
497,80,Car Loan,1540000,9.78,60,32553.99,2024-01-11,2029-01-11,Active,9,2024-01-09,2024-01-11,944065.71,31,2026-09-11,
298,446,Car Loan,1348000,9.35,60,28211.8,2024-06-25,2029-06-25,Closed,21,2024-06-19,2024-06-25,0.00,60,,
906,655,Personal Loan,366000,15.7,24,17868.08,2022-07-29,2024-07-29,Closed,64,2022-07-03,2022-07-29,0.00,24,,
525,1291,Gold Loan,209000,12.69,36,7010.87,2024-06-20,2027-06-20,Approved,91,2024-06-01,2024-06-20,70108.70,26,2026-09-20,
139,130,Personal Loan,398000,17.54,84,8258.13,2024-11-15,2031-11-15,Closed,78,2024-11-03,2024-11-15,0.00,84,,
141,1175,Home Loan,3979000,9.43,168,42743.34,2022-09-10,2036-09-10,Active,61,2022-09-08,2022-09-10,5171944.14,47,2026-09-10,
637,1019,Gold Loan,255000,9.45,36,8162.44,2023-11-24,2026-11-24,Active,70,2023-10-25,2023-11-24,24487.32,33,2026-09-24,
908,35,Personal Loan,458000,17.98,60,11625.21,2024-02-23,2029-02-23,Defaulted,22,2024-01-25,2024-02-23,348756.30,30,2026-09-23,
295,623,Home Loan,5183000,8.97,180,52476.98,2025-01-05,2040-01-05,Closed,46,2024-12-14,2025-01-05,0.00,180,,
199,520,Business Loan,2307000,14.17,96,40299.57,2022-03-15,2030-03-15,Rejected,,,2022-03-15,0.00,0,,Low credit score
204,1307,Gold Loan,768000,11.19,12,67945.2,2021-10-14,2022-10-14,Closed,59,2021-10-09,2021-10-14,0.00,12,,
201,1113,Gold Loan,197000,12.07,48,5194.54,2023-11-02,2027-11-02,Rejected,,,2023-11-02,0.00,0,,Eligibility criteria not met
102,1067,Car Loan,1720000,10.71,48,44212.46,2023-02-09,2027-02-09,Closed,66,2023-02-04,2023-02-09,0.00,48,,
936,1290,Personal Loan,1487000,13.9,48,40559.92,2024-09-14,2028-09-14,Closed,62,2024-08-22,2024-09-14,0.00,48,,
147,835,Personal Loan,532000,16.52,24,26180.75,2023-11-23,2025-11-23,Active,13,2023-11-19,2023-11-23,0.00,24,2025-12-23,
421,428,Car Loan,917000,10.98,36,30012.72,2025-03-19,2028-03-19,Active,13,2025-03-18,2025-03-19,570241.68,17,2026-09-19,
758,104,Car Loan,904000,10.36,72,16911.94,2026-05-05,2032-05-05,Defaulted,30,2026-04-24,2026-05-05,1166923.86,3,2026-09-05,
594,163,Home Loan,5243000,7.37,180,48216.74,2026-04-24,2041-04-24,Active,29,2026-04-01,2026-04-24,8486146.24,4,2026-09-24,
164,1035,Gold Loan,830000,8.84,60,17165.05,2026-01-25,2031-01-25,Active,66,2026-01-10,2026-01-25,909747.65,7,2026-09-25,
335,398,Gold Loan,300000,11.85,36,9942.81,2026-07-17,2029-07-17,Active,73,2026-07-03,2026-07-17,347998.35,1,2026-09-17,
27,304,Gold Loan,954000,12.98,12,85199.73,2025-01-21,2026-01-21,Approved,6,2025-01-20,2025-01-21,0.00,12,2026-02-21,
729,670,Home Loan,3490000,7.53,228,28823.53,2023-01-05,2042-01-05,Active,17,2022-12-08,2023-01-05,5332353.05,43,2026-09-05,
366,272,Gold Loan,445000,13.88,12,39930.15,2025-01-29,2026-01-29,Active,73,2025-01-27,2025-01-29,0.00,12,2026-02-28,
147,835,Home Loan,3353000,8.58,144,37369.41,2026-05-18,2038-05-18,Closed,94,2026-05-10,2026-05-18,0.00,144,,
170,250,Car Loan,1530000,9.08,48,38132.26,2023-11-05,2027-11-05,Active,60,2023-10-13,2023-11-05,571983.90,33,2026-09-05,
648,1027,Education Loan,1562000,9.23,108,21344.91,2022-06-18,2031-06-18,Active,35,2022-05-27,2022-06-18,1238004.78,50,2026-09-18,
790,410,Car Loan,1160000,8.44,60,23765.65,2024-05-19,2029-05-19,Rejected,,,2024-05-19,0.00,0,,Insufficient income
99,437,Business Loan,811000,14.34,24,39068.84,2025-09-19,2027-09-19,Active,15,2025-09-03,2025-09-19,507894.92,11,2026-09-19,
893,968,Personal Loan,695000,16.89,24,34325.65,2025-07-03,2027-07-03,Active,35,2025-06-27,2025-07-03,377582.15,13,2026-09-03,
642,465,Gold Loan,71000,13.17,60,1621.65,2022-08-23,2027-08-23,Closed,16,2022-08-13,2022-08-23,0.00,60,,
502,146,Car Loan,891000,10.98,72,16950.24,2024-08-24,2030-08-24,Active,96,2024-08-03,2024-08-24,813611.52,24,2026-09-24,
659,1264,Personal Loan,864000,10.48,48,22112.98,2024-10-03,2028-10-03,Active,83,2024-09-04,2024-10-03,574937.48,22,2026-09-03,
609,690,Business Loan,2056000,12.17,60,45911.4,2023-05-02,2028-05-02,Closed,15,2023-04-28,2023-05-02,0.00,60,,
823,1058,Car Loan,1111000,8.09,36,34860.85,2024-07-09,2027-07-09,Active,87,2024-06-12,2024-07-09,383469.35,25,2026-09-09,
912,633,Home Loan,2215000,7.7,180,20785.87,2026-05-17,2041-05-17,Active,98,2026-05-06,2026-05-17,3679098.99,3,2026-09-17,
794,1426,Education Loan,1816000,9.37,156,20176.18,2022-04-29,2035-04-29,Closed,31,2022-04-02,2022-04-29,0.00,156,,
451,1096,Home Loan,3388000,7.64,132,38021.94,2022-10-08,2033-10-08,Rejected,,,2022-10-08,0.00,0,,Incomplete documentation
141,1175,Education Loan,783000,9.85,156,8918.57,2025-07-12,2038-07-12,Pending,,,2025-07-12,783000,0,,
578,373,Education Loan,1792000,6.95,60,35441.49,2025-04-17,2030-04-17,Closed,66,2025-03-30,2025-04-17,0.00,60,,
548,978,Personal Loan,53000,17.76,48,1550.24,2022-01-07,2026-01-07,Active,34,2022-01-02,2022-01-07,0.00,48,2026-02-07,
168,75,Car Loan,855000,10.66,84,14487.28,2024-02-13,2031-02-13,Active,44,2024-02-11,2024-02-13,782313.12,30,2026-09-13,
610,338,Education Loan,1301000,6.88,96,17659.87,2024-01-18,2032-01-18,Closed,53,2023-12-25,2024-01-18,0.00,96,,
758,260,Car Loan,1483000,10.35,48,37862.47,2022-10-16,2026-10-16,Closed,24,2022-10-10,2022-10-16,0.00,48,,
42,799,Business Loan,4105000,14.36,84,77746.42,2024-11-09,2031-11-09,Pending,,,2024-11-09,4105000,0,,
485,1436,Education Loan,1024000,9.05,108,13895.09,2022-07-18,2031-07-18,Approved,85,2022-07-13,2022-07-18,819810.31,49,2026-09-18,
18,1186,Car Loan,1300000,9.65,36,41734.05,2023-11-02,2026-11-02,Pending,,,2023-11-02,1300000,0,,
375,1329,Business Loan,812000,15.86,108,14161.7,2023-04-29,2032-04-29,Active,38,2023-04-28,2023-04-29,962995.60,40,2026-09-29,
507,1040,Education Loan,1671000,8.99,168,17517.98,2024-01-11,2038-01-11,Defaulted,81,2023-12-21,2024-01-11,2399963.26,31,2026-09-11,
621,208,Personal Loan,1426000,13.44,84,26284.07,2022-10-26,2029-10-26,Active,46,2022-10-22,2022-10-26,998794.66,46,2026-09-26,
808,854,Home Loan,1972000,7.99,192,18227.95,2024-04-27,2040-04-27,Active,51,2024-04-03,2024-04-27,2989383.80,28,2026-09-27,
680,544,Gold Loan,639000,11.08,12,56499.73,2025-03-07,2026-03-07,Active,43,2025-03-05,2025-03-07,0.00,12,2026-04-07,
64,556,Education Loan,387000,8.71,168,3994.06,2025-04-09,2039-04-09,Closed,91,2025-03-19,2025-04-09,0.00,168,,
928,779,Car Loan,538000,8.47,60,11030.12,2022-07-18,2027-07-18,Closed,73,2022-06-21,2022-07-18,0.00,60,,
653,675,Car Loan,1389000,9.55,36,44526.24,2024-12-21,2027-12-21,Active,45,2024-12-08,2024-12-21,712419.84,20,2026-09-21,
346,1483,Business Loan,4232000,9.49,48,106300.91,2024-03-10,2028-03-10,Active,57,2024-02-16,2024-03-10,2019717.29,29,2026-09-10,
939,140,Personal Loan,472000,16.37,36,16680.47,2025-04-23,2028-04-23,Approved,17,2025-04-10,2025-04-23,333609.40,16,2026-09-23,
90,926,Education Loan,1973000,7.72,180,18537.48,2024-06-28,2039-06-28,Approved,52,2024-06-08,2024-06-28,2854771.92,26,2026-09-28,
418,1273,Gold Loan,565000,12.19,24,26646.67,2022-11-17,2024-11-17,Defaulted,8,2022-11-12,2022-11-17,79940.01,21,2024-09-17,
853,1404,Car Loan,1523000,11.32,36,50092.18,2026-03-02,2029-03-02,Defaulted,5,2026-02-04,2026-03-02,1552857.58,5,2026-09-02,
287,716,Education Loan,1418000,8.76,144,15946.21,2024-01-29,2036-01-29,Defaulted,31,2024-01-25,2024-01-29,1801921.73,31,2026-09-29,
66,170,Education Loan,650000,7.01,156,6361.0,2026-03-14,2039-03-14,Closed,9,2026-03-08,2026-03-14,0.00,156,,
591,189,Business Loan,1040000,10.91,108,15159.2,2024-04-18,2033-04-18,Active,20,2024-04-12,2024-04-18,1212736.00,28,2026-09-18,
993,52,Business Loan,4373000,9.84,60,92569.43,2026-01-16,2031-01-16,Active,99,2025-12-19,2026-01-16,4906179.79,7,2026-09-16,
687,893,Home Loan,2649000,8.12,156,27543.84,2025-05-26,2038-05-26,Active,3,2025-05-06,2025-05-26,3883681.44,15,2026-09-26,
6,1117,Personal Loan,919000,14.35,12,82665.78,2026-05-08,2027-05-08,Defaulted,72,2026-05-04,2026-05-08,743992.02,3,2026-09-08,
245,326,Education Loan,487000,8.3,60,9944.67,2026-05-06,2031-05-06,Active,57,2026-04-14,2026-05-06,566846.19,3,2026-09-06,
160,196,Home Loan,6755000,7.92,144,72823.69,2025-11-04,2037-11-04,Rejected,,,2025-11-04,0.00,0,,Unstable employment history
284,1059,Personal Loan,1026000,15.07,84,19838.79,2022-01-01,2029-01-01,Active,74,2021-12-26,2022-01-01,575324.91,55,2026-09-01,
91,826,Business Loan,4903000,11.73,108,73703.76,2025-08-30,2034-08-30,Approved,14,2025-08-05,2025-08-30,7075560.96,12,2026-09-30,
882,357,Gold Loan,767000,10.74,12,67695.75,2025-08-21,2026-08-21,Closed,22,2025-08-10,2025-08-21,0.00,12,,
847,1378,Home Loan,5212000,7.67,192,47203.39,2025-09-06,2041-09-06,Active,74,2025-08-15,2025-09-06,8543813.59,11,2026-09-06,
838,770,Home Loan,1760000,7.13,144,18221.7,2022-10-05,2034-10-05,Active,60,2022-09-27,2022-10-05,1785726.60,46,2026-09-05,
276,757,Home Loan,7011000,7.15,192,61398.35,2025-10-16,2041-10-16,Active,29,2025-09-18,2025-10-16,11174499.70,10,2026-09-16,
356,731,Education Loan,1448000,9.47,120,18712.99,2024-09-25,2034-09-25,Active,27,2024-09-10,2024-09-25,1815160.03,23,2026-09-25,
164,1156,Business Loan,3858000,10.84,96,60270.67,2024-12-19,2032-12-19,Closed,62,2024-12-10,2024-12-19,0.00,96,,
454,514,Personal Loan,304000,11.0,12,26868.02,2026-04-14,2027-04-14,Active,37,2026-03-22,2026-04-14,214944.16,4,2026-09-14,
450,861,Personal Loan,242000,15.66,24,11809.8,2026-02-15,2028-02-15,Rejected,,,2026-02-15,0.00,0,,High existing liabilities
685,56,Education Loan,1345000,9.14,156,14764.48,2024-02-08,2037-02-08,Active,38,2024-02-05,2024-02-08,1860324.48,30,2026-09-08,
726,803,Car Loan,1475000,8.04,84,23019.07,2021-10-16,2028-10-16,Closed,39,2021-09-25,2021-10-16,0.00,84,,
580,233,Home Loan,2879000,7.84,120,34687.29,2026-03-27,2036-03-27,Active,15,2026-02-25,2026-03-27,3989038.35,5,2026-09-27,
620,819,Gold Loan,678000,10.85,48,17473.92,2024-01-21,2028-01-21,Pending,,,2024-01-21,678000,0,,
357,195,Gold Loan,908000,10.96,36,29709.56,2024-06-17,2027-06-17,Closed,19,2024-06-07,2024-06-17,0.00,36,,
882,447,Home Loan,2586000,9.39,228,24354.19,2024-10-11,2043-10-11,Active,15,2024-09-25,2024-10-11,5016963.14,22,2026-09-11,
931,1292,Education Loan,617000,9.47,156,6890.83,2021-10-10,2034-10-10,Active,87,2021-09-11,2021-10-10,675301.34,58,2026-09-10,
540,1430,Car Loan,1583000,7.96,36,49576.26,2023-04-09,2026-04-09,Defaulted,87,2023-03-29,2023-04-09,148728.78,33,2026-02-09,
912,32,Home Loan,5949000,8.49,204,55188.08,2024-07-16,2041-07-16,Active,100,2024-07-10,2024-07-16,9878666.32,25,2026-09-16,
834,126,Personal Loan,998000,11.41,12,88395.87,2025-05-16,2026-05-16,Active,9,2025-04-16,2025-05-16,0.00,12,2026-06-16,
485,1246,Gold Loan,146000,11.39,48,3801.16,2022-02-15,2026-02-15,Pending,,,2022-02-15,146000,0,,
51,85,Gold Loan,427000,13.45,48,11550.94,2021-12-04,2025-12-04,Closed,9,2021-11-15,2021-12-04,0.00,48,,
148,1213,Car Loan,391000,9.66,36,12554.15,2023-12-04,2026-12-04,Active,31,2023-11-29,2023-12-04,50216.60,32,2026-09-04,
821,273,Car Loan,475000,9.19,72,8606.99,2024-11-09,2030-11-09,Closed,24,2024-11-07,2024-11-09,0.00,72,,
269,314,Car Loan,2189000,9.94,72,40486.86,2023-06-06,2029-06-06,Active,19,2023-05-23,2023-06-06,1376553.24,38,2026-09-06,
966,132,Gold Loan,785000,8.7,36,24853.33,2024-01-27,2027-01-27,Active,24,2024-01-05,2024-01-27,124266.65,31,2026-09-27,
147,835,Home Loan,6464000,8.25,144,70858.84,2023-09-10,2035-09-10,Closed,24,2023-09-07,2023-09-10,0.00,144,,
846,662,Education Loan,962000,8.37,96,13781.09,2026-06-30,2034-06-30,Approved,3,2026-06-07,2026-06-30,1295422.46,2,2026-09-30,
781,548,Home Loan,2216000,9.19,192,22072.32,2026-07-13,2042-07-13,Closed,16,2026-07-11,2026-07-13,0.00,192,,
152,1451,Business Loan,4641000,9.11,60,96587.48,2024-09-06,2029-09-06,Active,8,2024-08-24,2024-09-06,3573736.76,23,2026-09-06,
158,610,Gold Loan,527000,11.01,36,17255.8,2022-12-19,2025-12-19,Active,77,2022-11-19,2022-12-19,0.00,36,2026-01-19,
973,595,Home Loan,6110000,8.15,180,58920.67,2024-02-27,2039-02-27,Closed,72,2024-02-17,2024-02-27,0.00,180,,
259,729,Education Loan,634000,9.71,156,7169.41,2023-11-25,2036-11-25,Closed,55,2023-11-09,2023-11-25,0.00,156,,
803,922,Education Loan,1419000,9.56,120,18408.16,2022-06-28,2032-06-28,Active,54,2022-05-29,2022-06-28,1288571.20,50,2026-09-28,
699,962,Business Loan,4855000,15.65,96,88960.77,2021-10-15,2029-10-15,Active,98,2021-10-03,2021-10-15,3380509.26,58,2026-09-15,
765,804,Car Loan,1271000,11.13,72,24277.03,2026-04-07,2032-04-07,Pending,,,2026-04-07,1271000,0,,
83,883,Car Loan,2047000,10.83,84,34866.92,2023-04-26,2030-04-26,Approved,2,2023-04-11,2023-04-26,1534144.48,40,2026-09-26,
811,219,Personal Loan,1049000,11.07,60,22844.44,2023-02-05,2028-02-05,Approved,54,2023-01-10,2023-02-05,411199.92,42,2026-09-05,
336,910,Home Loan,6262000,7.47,216,52800.58,2026-06-20,2044-06-20,Pending,,,2026-06-20,6262000,0,,
693,1066,Gold Loan,305000,13.16,60,6964.69,2021-11-14,2026-11-14,Pending,,,2021-11-14,305000,0,,
450,14,Business Loan,4388000,13.22,84,80352.1,2025-04-15,2032-04-15,Active,96,2025-04-01,2025-04-15,5463942.80,16,2026-09-15,
507,531,Car Loan,948000,10.35,48,24203.39,2023-04-01,2027-04-01,Pending,,,2023-04-01,948000,0,,
893,968,Education Loan,152000,9.63,72,2787.65,2021-10-19,2027-10-19,Active,62,2021-10-15,2021-10-19,39027.10,58,2026-09-19,
624,661,Personal Loan,321000,12.34,48,8506.85,2025-04-27,2029-04-27,Active,33,2025-04-02,2025-04-27,272219.20,16,2026-09-27,
447,809,Gold Loan,657000,9.05,60,13654.19,2021-10-10,2026-10-10,Closed,48,2021-09-30,2021-10-10,0.00,60,,
82,206,Car Loan,1353000,9.41,36,43283.68,2025-04-02,2028-04-02,Closed,42,2025-03-03,2025-04-02,0.00,36,,
239,335,Car Loan,2034000,8.17,84,31874.91,2023-06-23,2030-06-23,Closed,62,2023-05-28,2023-06-23,0.00,84,,
218,224,Home Loan,1356000,7.26,180,12386.07,2022-01-05,2037-01-05,Approved,57,2022-01-02,2022-01-05,1548258.75,55,2026-09-05,
281,205,Personal Loan,654000,17.18,48,18932.16,2024-01-15,2028-01-15,Active,93,2023-12-28,2024-01-15,321846.72,31,2026-09-15,
606,154,Education Loan,1486000,8.81,156,16031.02,2026-06-25,2039-06-25,Closed,71,2026-06-09,2026-06-25,0.00,156,,
904,810,Education Loan,1316000,6.53,156,12538.74,2022-07-17,2035-07-17,Pending,,,2022-07-17,1316000,0,,
727,995,Education Loan,1964000,9.15,108,26754.67,2023-05-02,2032-05-02,Defaulted,55,2023-04-21,2023-05-02,1846072.23,39,2026-09-02,
414,209,Home Loan,6813000,7.68,240,55637.36,2024-09-29,2044-09-29,Active,96,2024-09-24,2024-09-29,12073307.12,23,2026-09-29,
530,456,Car Loan,1702000,9.01,60,35338.98,2024-02-14,2029-02-14,Active,21,2024-01-17,2024-02-14,1060169.40,30,2026-09-14,
530,116,Personal Loan,380000,11.74,12,33716.34,2024-05-09,2025-05-09,Pending,,,2024-05-09,380000,0,,
252,127,Car Loan,2019000,8.16,48,49441.47,2023-03-07,2027-03-07,Pending,,,2023-03-07,2019000,0,,
488,482,Car Loan,1904000,9.31,72,34614.3,2022-07-06,2028-07-06,Pending,,,2022-07-06,1904000,0,,
949,1069,Home Loan,6302000,7.84,120,75928.89,2022-10-27,2032-10-27,Closed,83,2022-10-17,2022-10-27,0.00,120,,
656,1215,Home Loan,4171000,9.48,228,39522.42,2023-03-26,2042-03-26,Active,88,2023-02-24,2023-03-26,7390692.54,41,2026-09-26,
412,339,Business Loan,1066000,10.29,60,22801.76,2024-10-02,2029-10-02,Active,95,2024-09-10,2024-10-02,866466.88,22,2026-09-02,
665,758,Personal Loan,527000,12.13,48,13911.59,2025-09-08,2029-09-08,Pending,,,2025-09-08,527000,0,,
228,76,Personal Loan,684000,11.5,60,15042.94,2024-10-11,2029-10-11,Active,84,2024-09-14,2024-10-11,571631.72,22,2026-09-11,
665,874,Car Loan,1480000,9.5,48,37182.24,2023-05-09,2027-05-09,Closed,74,2023-05-05,2023-05-09,0.00,48,,
106,1131,Personal Loan,1231000,14.61,72,25769.5,2023-04-18,2029-04-18,Active,83,2023-04-17,2023-04-18,824624.00,40,2026-09-18,
223,1252,Education Loan,548000,8.57,156,5837.0,2026-02-27,2039-02-27,Approved,73,2026-02-02,2026-02-27,875550.00,6,2026-09-27,
121,165,Car Loan,1052000,9.74,72,19351.53,2025-10-10,2031-10-10,Active,21,2025-09-15,2025-10-10,1199794.86,10,2026-09-10,
50,1465,Car Loan,775000,8.78,84,12382.68,2023-07-02,2030-07-02,Defaulted,61,2023-06-14,2023-07-02,581985.96,37,2026-09-02,
31,1393,Business Loan,1975000,11.97,24,92942.44,2026-05-17,2028-05-17,Closed,99,2026-05-14,2026-05-17,0.00,24,,
661,40,Home Loan,5435000,9.36,180,56295.37,2022-03-05,2037-03-05,Closed,51,2022-03-03,2022-03-05,0.00,180,,
946,429,Gold Loan,474000,10.31,36,15363.73,2024-05-04,2027-05-04,Active,8,2024-04-23,2024-05-04,138273.57,27,2026-09-04,
958,814,Personal Loan,1282000,11.52,12,113616.48,2025-01-31,2026-01-31,Defaulted,89,2025-01-01,2025-01-31,340849.44,9,2025-11-30,
790,410,Gold Loan,642000,9.87,24,29586.54,2026-07-14,2028-07-14,Active,5,2026-06-23,2026-07-14,680490.42,1,2026-09-14,
557,1250,Business Loan,550000,12.8,60,12457.95,2025-02-28,2030-02-28,Approved,14,2025-02-08,2025-02-28,523233.90,18,2026-09-28,
683,286,Business Loan,4857000,10.68,84,82348.72,2024-12-06,2031-12-06,Active,36,2024-11-19,2024-12-06,5270318.08,20,2026-09-06,
773,229,Gold Loan,201000,8.24,24,9112.7,2022-12-12,2024-12-12,Active,44,2022-11-27,2022-12-12,0.00,24,2025-01-12,
652,1090,Personal Loan,334000,10.53,48,8556.37,2022-05-06,2026-05-06,Active,34,2022-04-16,2022-05-06,0.00,48,2026-06-06,
593,959,Business Loan,3827000,12.18,24,180472.04,2021-12-22,2023-12-22,Active,85,2021-12-13,2021-12-22,0.00,24,2024-01-22,
726,803,Car Loan,2373000,8.2,72,41838.5,2024-11-28,2030-11-28,Defaulted,73,2024-11-23,2024-11-28,2133763.50,21,2026-09-28,
724,957,Business Loan,4218000,13.37,84,77584.71,2025-08-15,2032-08-15,Approved,52,2025-08-04,2025-08-15,5586099.12,12,2026-09-15,
396,279,Education Loan,1512000,9.2,156,16650.0,2024-04-14,2037-04-14,Rejected,,,2024-04-14,0.00,0,,Incomplete documentation
71,760,Car Loan,2203000,7.86,48,53637.01,2025-11-04,2029-11-04,Closed,1,2025-10-05,2025-11-04,0.00,48,,
791,120,Gold Loan,449000,13.09,36,15148.06,2021-12-04,2024-12-04,Active,44,2021-11-26,2021-12-04,0.00,36,2025-01-04,
872,82,Home Loan,4051000,8.33,156,42599.45,2025-04-03,2038-04-03,Active,95,2025-03-29,2025-04-03,5963923.00,16,2026-09-03,
220,887,Home Loan,1814000,7.91,192,16682.5,2023-04-03,2039-04-03,Active,9,2023-03-05,2023-04-03,2535740.00,40,2026-09-03,
237,1017,Gold Loan,232000,13.68,60,5359.82,2022-06-29,2027-06-29,Active,52,2022-06-17,2022-06-29,53598.20,50,2026-09-29,
744,1391,Car Loan,1354000,11.12,48,35073.8,2022-02-16,2026-02-16,Active,78,2022-01-25,2022-02-16,0.00,48,2026-03-16,
946,541,Personal Loan,987000,14.27,84,18643.92,2024-01-21,2031-01-21,Active,50,2024-01-04,2024-01-21,988127.76,31,2026-09-21,
996,299,Education Loan,1832000,6.64,120,20932.72,2025-04-24,2035-04-24,Pending,,,2025-04-24,1832000,0,,
426,1422,Personal Loan,974000,11.11,84,16733.64,2023-12-26,2030-12-26,Active,24,2023-12-10,2023-12-26,870149.28,32,2026-09-26,
944,1016,Personal Loan,1416000,15.54,36,49461.38,2023-08-24,2026-08-24,Pending,,,2023-08-24,1416000,0,,
794,218,Home Loan,2763000,8.62,192,26570.54,2022-10-19,2038-10-19,Pending,,,2022-10-19,2763000,0,,
15,1428,Business Loan,3710000,14.24,60,86787.52,2026-06-20,2031-06-20,Approved,72,2026-06-10,2026-06-20,5033676.16,2,2026-09-20,
910,1139,Education Loan,553000,9.64,84,9077.92,2024-10-27,2031-10-27,Closed,81,2024-10-23,2024-10-27,0.00,84,,
127,1424,Personal Loan,1016000,17.21,60,25365.08,2024-03-06,2029-03-06,Rejected,,,2024-03-06,0.00,0,,Low credit score
837,122,Business Loan,4919000,12.25,48,130140.75,2025-12-03,2029-12-03,Active,1,2025-11-09,2025-12-03,5205630.00,8,2026-09-03,
220,887,Personal Loan,1000000,16.2,60,24424.45,2023-01-04,2028-01-04,Active,81,2022-12-07,2023-01-04,415215.65,43,2026-09-04,
227,1359,Gold Loan,204000,9.59,36,6543.31,2023-11-22,2026-11-22,Defaulted,5,2023-10-27,2023-11-22,19629.93,33,2026-09-22,
761,1311,Education Loan,557000,9.06,84,8978.59,2023-10-01,2030-10-01,Active,72,2023-09-13,2023-10-01,448929.50,34,2026-09-01,
936,561,Home Loan,1576000,9.23,156,17382.06,2024-10-23,2037-10-23,Defaulted,92,2024-09-29,2024-10-23,2329196.04,22,2026-09-23,
764,297,Personal Loan,428000,14.77,24,20705.55,2023-08-22,2025-08-22,Defaulted,88,2023-08-09,2023-08-22,62116.65,21,2025-06-22,
823,872,Home Loan,1753000,9.19,216,16624.51,2024-02-22,2042-02-22,Defaulted,100,2024-01-26,2024-02-22,3092158.86,30,2026-09-22,
232,231,Education Loan,777000,7.75,108,10015.14,2022-06-11,2031-06-11,Closed,14,2022-06-08,2022-06-11,0.00,108,,
414,209,Car Loan,1841000,11.01,72,35051.17,2024-06-21,2030-06-21,Active,7,2024-05-22,2024-06-21,1612353.82,26,2026-09-21,
872,455,Personal Loan,293000,13.73,48,7967.03,2023-12-18,2027-12-18,Pending,,,2023-12-18,293000,0,,
557,1250,Car Loan,2021000,9.69,72,37125.55,2024-08-14,2030-08-14,Active,21,2024-07-16,2024-08-14,1782026.40,24,2026-09-14,
841,325,Business Loan,4485000,12.82,60,101634.74,2024-07-15,2029-07-15,Rejected,,,2024-07-15,0.00,0,,Insufficient income
843,186,Business Loan,4258000,15.77,108,74030.2,2026-05-19,2035-05-19,Active,70,2026-04-21,2026-05-19,7773171.00,3,2026-09-19,
126,683,Gold Loan,126000,9.07,48,3139.71,2022-02-20,2026-02-20,Active,95,2022-02-19,2022-02-20,0.00,48,2026-03-20,
47,173,Car Loan,676000,9.81,36,21752.37,2022-07-22,2025-07-22,Active,38,2022-07-08,2022-07-22,0.00,36,2025-08-22,
138,836,Business Loan,4538000,11.36,48,118081.93,2025-03-17,2029-03-17,Defaulted,89,2025-02-24,2025-03-17,3660539.83,17,2026-09-17,
222,1171,Business Loan,1089000,12.65,24,51594.2,2023-11-26,2025-11-26,Active,89,2023-11-13,2023-11-26,0.00,24,2025-12-26,
98,1366,Personal Loan,1202000,16.54,48,34398.36,2022-07-12,2026-07-12,Active,16,2022-06-28,2022-07-12,0.00,48,2026-08-12,
258,521,Car Loan,1541000,8.51,84,24411.77,2025-08-29,2032-08-29,Closed,71,2025-08-03,2025-08-29,0.00,84,,
720,827,Personal Loan,571000,14.88,72,12036.62,2025-05-05,2031-05-05,Active,59,2025-04-13,2025-05-05,686087.34,15,2026-09-05,
461,820,Personal Loan,1167000,17.89,60,29564.34,2024-07-09,2029-07-09,Rejected,,,2024-07-09,0.00,0,,Insufficient income
507,531,Home Loan,5915000,7.74,144,63186.85,2025-07-17,2037-07-17,Active,63,2025-07-16,2025-07-17,8277477.35,13,2026-09-17,
463,1204,Personal Loan,642000,10.2,84,10724.42,2026-03-23,2033-03-23,Defaulted,14,2026-03-17,2026-03-23,847229.18,5,2026-09-23,
105,215,Car Loan,627000,10.45,36,20364.25,2023-06-17,2026-06-17,Active,66,2023-06-07,2023-06-17,0.00,36,2026-07-17,
987,1036,Personal Loan,140000,14.86,60,3320.31,2025-12-26,2030-12-26,Active,79,2025-12-05,2025-12-26,172656.12,8,2026-09-26,
889,30,Car Loan,2014000,8.93,84,32331.9,2023-05-18,2030-05-18,Closed,34,2023-04-27,2023-05-18,0.00,84,,
209,485,Car Loan,612000,8.26,60,12485.45,2025-08-22,2030-08-22,Active,70,2025-08-03,2025-08-22,599301.60,12,2026-09-22,
381,1460,Education Loan,1699000,8.61,180,16840.46,2022-11-03,2037-11-03,Active,12,2022-10-12,2022-11-03,2273462.10,45,2026-09-03,
695,1209,Education Loan,970000,8.82,84,15517.94,2021-12-17,2028-12-17,Active,36,2021-12-04,2021-12-17,434502.32,56,2026-09-17,
882,414,Home Loan,5244000,8.15,144,57196.0,2022-09-23,2034-09-23,Closed,41,2022-08-26,2022-09-23,0.00,144,,
248,838,Car Loan,1857000,11.19,36,60963.02,2025-03-28,2028-03-28,Active,1,2025-03-03,2025-03-28,1158297.38,17,2026-09-28,
425,1225,Personal Loan,754000,17.87,24,37595.43,2022-08-18,2024-08-18,Active,59,2022-08-03,2022-08-18,0.00,24,2024-09-18,
550,169,Education Loan,1402000,6.72,108,17335.62,2024-03-23,2033-03-23,Active,2,2024-03-08,2024-03-23,1369513.98,29,2026-09-23,
50,1465,Business Loan,4915000,14.17,108,80770.03,2024-11-27,2033-11-27,Closed,62,2024-11-01,2024-11-27,0.00,108,,
198,50,Education Loan,542000,8.67,180,5391.44,2024-02-26,2039-02-26,Active,28,2024-02-25,2024-02-26,808716.00,30,2026-09-26,
292,1384,Personal Loan,1093000,11.68,36,36136.42,2024-03-24,2027-03-24,Active,87,2024-03-16,2024-03-24,252954.94,29,2026-09-24,
610,338,Business Loan,1394000,15.35,96,25299.04,2025-03-17,2033-03-17,Closed,5,2025-03-10,2025-03-17,0.00,96,,
128,875,Education Loan,501000,7.69,120,5996.76,2024-01-11,2034-01-11,Rejected,,,2024-01-11,0.00,0,,Eligibility criteria not met
388,198,Personal Loan,981000,11.06,72,18702.59,2021-09-01,2027-09-01,Active,99,2021-08-07,2021-09-01,243133.67,59,2026-09-01,
179,708,Education Loan,928000,8.27,108,12211.64,2022-04-19,2031-04-19,Closed,35,2022-03-27,2022-04-19,0.00,108,,
996,299,Car Loan,1427000,8.22,84,22398.26,2023-01-10,2030-01-10,Active,56,2022-12-16,2023-01-10,918328.66,43,2026-09-10,
879,1200,Personal Loan,1136000,10.24,24,52546.56,2024-03-06,2026-03-06,Rejected,,,2024-03-06,0.00,0,,Eligibility criteria not met
452,711,Business Loan,3693000,12.45,96,60938.56,2023-07-17,2031-07-17,Defaulted,32,2023-07-06,2023-07-17,3595375.04,37,2026-09-17,
42,1343,Home Loan,2089000,9.4,156,23245.62,2026-05-02,2039-05-02,Active,2,2026-04-16,2026-05-02,3556579.86,3,2026-09-02,
395,777,Business Loan,2079000,12.47,60,46741.5,2024-09-22,2029-09-22,Defaulted,44,2024-09-06,2024-09-22,1729435.50,23,2026-09-22,
42,1437,Home Loan,7122000,8.94,180,71982.08,2022-08-24,2037-08-24,Active,32,2022-07-29,2022-08-24,9501634.56,48,2026-09-24,
652,1090,Car Loan,1852000,8.76,72,33163.12,2023-09-29,2029-09-29,Active,17,2023-09-17,2023-09-29,1227035.44,35,2026-09-29,
691,1073,Home Loan,1664000,8.91,216,15489.03,2025-08-21,2043-08-21,Active,26,2025-08-19,2025-08-21,3159762.12,12,2026-09-21,
188,1402,Education Loan,410000,7.12,144,4242.63,2023-11-21,2035-11-21,Approved,17,2023-10-25,2023-11-21,470931.93,33,2026-09-21,
501,349,Car Loan,1786000,8.32,48,43870.25,2024-12-08,2028-12-08,Approved,47,2024-11-20,2024-12-08,1228367.00,20,2026-09-08,
404,1021,Personal Loan,366000,15.86,72,7911.03,2024-06-06,2030-06-06,Active,86,2024-05-14,2024-06-06,363907.38,26,2026-09-06,
197,1453,Home Loan,3766000,8.22,180,36469.79,2024-10-30,2039-10-30,Active,78,2024-10-05,2024-10-30,5762226.82,22,2026-09-30,
34,958,Business Loan,2097000,15.95,48,59375.88,2023-04-23,2027-04-23,Closed,10,2023-04-06,2023-04-23,0.00,48,,
622,296,Gold Loan,240000,10.69,12,21176.91,2023-05-05,2024-05-05,Active,35,2023-04-09,2023-05-05,0.00,12,2024-06-05,
502,146,Business Loan,4883000,10.08,48,124033.18,2022-03-29,2026-03-29,Closed,23,2022-03-08,2022-03-29,0.00,48,,
164,1035,Car Loan,440000,8.83,84,7041.29,2024-03-02,2031-03-02,Active,12,2024-02-05,2024-03-02,387270.95,29,2026-09-02,
710,1357,Home Loan,5199000,7.51,156,52297.81,2024-05-08,2037-05-08,Defaulted,86,2024-05-05,2024-05-08,6746417.49,27,2026-09-08,
530,116,Car Loan,1183000,7.59,60,23755.52,2026-07-15,2031-07-15,Defaulted,6,2026-06-17,2026-07-15,1401575.68,1,2026-09-15,
531,911,Gold Loan,88000,12.36,12,7833.52,2024-04-22,2025-04-22,Closed,33,2024-04-02,2024-04-22,0.00,12,,
400,989,Gold Loan,133000,8.39,36,4191.71,2024-01-23,2027-01-23,Closed,45,2024-01-06,2024-01-23,0.00,36,,
507,531,Gold Loan,214000,9.9,60,4536.35,2023-02-03,2028-02-03,Closed,22,2023-01-18,2023-02-03,0.00,60,,
481,402,Personal Loan,695000,12.69,48,18538.35,2023-08-13,2027-08-13,Active,77,2023-07-19,2023-08-13,222460.20,36,2026-09-13,
938,1138,Personal Loan,1393000,12.31,72,27458.5,2024-04-04,2030-04-04,Closed,54,2024-03-15,2024-04-04,0.00,72,,
75,380,Gold Loan,773000,11.47,24,36196.77,2024-08-20,2026-08-20,Closed,55,2024-08-11,2024-08-20,0.00,24,,
390,16,Personal Loan,289000,14.69,12,26042.4,2025-03-11,2026-03-11,Closed,96,2025-02-23,2025-03-11,0.00,12,,
633,953,Car Loan,1071000,11.0,36,35063.17,2024-06-11,2027-06-11,Approved,97,2024-05-26,2024-06-11,350631.70,26,2026-09-11,
773,229,Gold Loan,303000,13.56,36,10291.19,2025-10-07,2028-10-07,Closed,54,2025-09-17,2025-10-07,0.00,36,,
762,117,Personal Loan,454000,17.2,12,41450.06,2023-04-16,2024-04-16,Active,20,2023-03-18,2023-04-16,0.00,12,2024-05-16,
742,1141,Car Loan,686000,8.39,60,14038.0,2022-07-19,2027-07-19,Defaulted,81,2022-07-13,2022-07-19,154418.00,49,2026-09-19,
15,597,Business Loan,3087000,12.02,120,44325.18,2024-09-14,2034-09-14,Active,52,2024-08-15,2024-09-14,4299542.46,23,2026-09-14,
943,984,Car Loan,2279000,8.29,72,40281.73,2023-06-21,2029-06-21,Active,62,2023-05-22,2023-06-21,1369578.82,38,2026-09-21,
80,829,Education Loan,1392000,8.64,144,15560.49,2026-01-18,2038-01-18,Pending,,,2026-01-18,1392000,0,,
948,343,Personal Loan,1290000,11.08,60,28099.22,2024-02-18,2029-02-18,Pending,,,2024-02-18,1290000,0,,
963,774,Gold Loan,242000,8.69,48,5986.62,2023-08-21,2027-08-21,Pending,,,2023-08-21,242000,0,,
878,477,Personal Loan,1090000,11.43,60,23933.66,2021-09-20,2026-09-20,Active,3,2021-08-29,2021-09-20,23933.66,59,2026-09-20,
811,935,Gold Loan,951000,9.52,12,83395.85,2026-06-19,2027-06-19,Active,59,2026-05-27,2026-06-19,833958.50,2,2026-09-19,
878,477,Education Loan,837000,7.36,108,10621.02,2023-05-21,2032-05-21,Active,78,2023-05-15,2023-05-21,732850.38,39,2026-09-21,
525,1498,Business Loan,1464000,9.06,120,18592.91,2023-05-06,2033-05-06,Approved,59,2023-05-04,2023-05-06,1506025.71,39,2026-09-06,
410,1270,Personal Loan,1496000,11.48,60,32885.92,2023-07-13,2028-07-13,Approved,76,2023-07-01,2023-07-13,756376.16,37,2026-09-13,
653,1303,Business Loan,552000,15.39,36,19240.85,2025-09-06,2028-09-06,Active,69,2025-08-07,2025-09-06,481021.25,11,2026-09-06,
405,275,Education Loan,904000,10.14,132,11389.7,2025-09-13,2036-09-13,Pending,,,2025-09-13,904000,0,,
239,849,Car Loan,1696000,9.22,36,54106.17,2023-06-09,2026-06-09,Rejected,,,2023-06-09,0.00,0,,Insufficient income
893,586,Home Loan,6456000,8.96,216,60295.68,2023-12-28,2041-12-28,Closed,58,2023-12-14,2023-12-28,0.00,216,,
221,72,Home Loan,3072000,7.2,240,24187.37,2026-01-06,2046-01-06,Approved,61,2025-12-18,2026-01-06,5635657.21,7,2026-09-06,
821,178,Education Loan,422000,9.19,144,4847.76,2022-02-05,2034-02-05,Active,67,2022-01-26,2022-02-05,436298.40,54,2026-09-05,
289,161,Personal Loan,305000,15.34,12,27577.74,2022-08-24,2023-08-24,Active,67,2022-07-25,2022-08-24,0.00,12,2023-09-24,
462,401,Business Loan,1376000,9.82,108,19238.41,2022-02-01,2031-02-01,Closed,96,2022-01-02,2022-02-01,0.00,108,,
452,711,Car Loan,1349000,10.48,36,43833.08,2023-11-30,2026-11-30,Closed,62,2023-10-31,2023-11-30,0.00,36,,
578,373,Personal Loan,1047000,15.87,48,29602.61,2026-01-09,2030-01-09,Active,86,2025-12-16,2026-01-09,1213707.01,7,2026-09-09,
908,35,Education Loan,1141000,9.78,72,21011.62,2023-07-22,2029-07-22,Closed,65,2023-06-24,2023-07-22,0.00,72,,
621,681,Car Loan,1821000,11.35,36,59919.48,2022-12-16,2025-12-16,Pending,,,2022-12-16,1821000,0,,
349,36,Business Loan,2487000,15.35,36,86639.54,2024-10-01,2027-10-01,Closed,6,2024-09-04,2024-10-01,0.00,36,,
822,131,Home Loan,7208000,8.88,144,81542.88,2021-10-17,2033-10-17,Closed,95,2021-10-10,2021-10-17,0.00,144,,
892,719,Car Loan,1875000,8.72,48,46410.57,2022-08-17,2026-08-17,Rejected,,,2022-08-17,0.00,0,,Eligibility criteria not met
232,231,Car Loan,610000,9.27,72,11077.5,2025-12-04,2031-12-04,Defaulted,70,2025-11-16,2025-12-04,708960.00,8,2026-09-04,
598,908,Car Loan,502000,11.36,36,16520.55,2021-08-29,2024-08-29,Closed,41,2021-08-14,2021-08-29,0.00,36,,
776,1419,Business Loan,1844000,15.85,36,64693.09,2023-01-25,2026-01-25,Closed,17,2023-01-15,2023-01-25,0.00,36,,
472,144,Education Loan,1768000,9.14,60,36821.02,2023-07-24,2028-07-24,Rejected,,,2023-07-24,0.00,0,,Unstable employment history
917,1491,Home Loan,2622000,8.79,180,26267.52,2023-02-25,2038-02-25,Active,14,2023-02-05,2023-02-25,3624917.76,42,2026-09-25,
419,786,Home Loan,1145000,7.43,180,10568.8,2025-09-24,2040-09-24,Closed,28,2025-08-27,2025-09-24,0.00,180,,
782,842,Gold Loan,556000,13.94,12,49905.94,2025-08-05,2026-08-05,Closed,66,2025-07-08,2025-08-05,0.00,12,,
258,521,Personal Loan,988000,13.12,84,18038.18,2025-09-16,2032-09-16,Approved,80,2025-08-28,2025-09-16,1316787.14,11,2026-09-16,
671,408,Education Loan,1556000,7.28,84,23697.76,2022-03-09,2029-03-09,Closed,55,2022-02-19,2022-03-09,0.00,84,,
753,1081,Gold Loan,237000,9.52,24,10883.92,2023-08-07,2025-08-07,Defaulted,26,2023-07-13,2023-08-07,32651.76,21,2025-06-07,
872,710,Education Loan,1184000,9.22,132,14305.84,2023-01-30,2034-01-30,Defaulted,78,2023-01-28,2023-01-30,1273219.76,43,2026-09-30,
822,1318,Education Loan,813000,10.45,72,15246.65,2023-01-12,2029-01-12,Closed,44,2022-12-28,2023-01-12,0.00,72,,
985,481,Personal Loan,962000,17.26,48,27888.12,2024-10-24,2028-10-24,Defaulted,4,2024-10-16,2024-10-24,725091.12,22,2026-09-24,
158,610,Gold Loan,612000,8.93,12,53500.44,2025-08-24,2026-08-24,Active,21,2025-07-27,2025-08-24,0.00,12,2026-09-24,
695,1421,Car Loan,2251000,10.84,72,42661.47,2026-07-05,2032-07-05,Active,52,2026-06-14,2026-07-05,3028964.37,1,2026-09-05,
126,1148,Gold Loan,203000,8.89,24,9263.76,2024-04-13,2026-04-13,Defaulted,43,2024-03-18,2024-04-13,27791.28,21,2026-02-13,
950,1296,Car Loan,820000,8.62,36,25931.0,2025-12-09,2028-12-09,Closed,100,2025-11-20,2025-12-09,0.00,36,,
882,447,Home Loan,2686000,8.37,204,24722.93,2025-08-05,2042-08-05,Active,58,2025-07-17,2025-08-05,4746802.56,12,2026-09-05,
246,1488,Business Loan,3343000,11.99,120,47943.01,2021-08-31,2031-08-31,Defaulted,19,2021-08-10,2021-08-31,2876580.60,60,2026-09-30,
663,1133,Business Loan,3700000,15.95,48,104764.31,2025-04-08,2029-04-08,Pending,,,2025-04-08,3700000,0,,
882,447,Home Loan,1198000,9.14,144,13728.24,2025-05-29,2037-05-29,Active,99,2025-05-19,2025-05-29,1770942.96,15,2026-09-29,
320,952,Car Loan,1752000,8.55,36,55346.93,2022-09-25,2025-09-25,Active,70,2022-09-20,2022-09-25,0.00,36,2025-10-25,
938,441,Business Loan,1371000,12.39,84,24488.77,2025-09-27,2032-09-27,Active,18,2025-08-28,2025-09-27,1787680.21,11,2026-09-27,
846,662,Car Loan,499000,9.51,60,10482.37,2023-10-11,2028-10-11,Defaulted,82,2023-10-06,2023-10-11,272541.62,34,2026-09-11,
854,60,Gold Loan,73000,8.74,60,1506.16,2025-10-14,2030-10-14,Active,13,2025-09-30,2025-10-14,75308.00,10,2026-09-14,
202,768,Education Loan,1817000,7.53,72,31442.54,2025-09-06,2031-09-06,Defaulted,66,2025-08-24,2025-09-06,1917994.94,11,2026-09-06,
673,970,Personal Loan,551000,14.8,12,49680.34,2022-05-20,2023-05-20,Closed,35,2022-05-15,2022-05-20,0.00,12,,
681,22,Home Loan,6191000,7.8,120,74461.25,2025-05-16,2035-05-16,Active,83,2025-05-11,2025-05-16,7818431.25,15,2026-09-16,
67,63,Car Loan,2182000,10.01,36,70417.25,2025-05-27,2028-05-27,Pending,,,2025-05-27,2182000,0,,
12,337,Gold Loan,61000,10.64,12,5381.04,2025-05-29,2026-05-29,Active,71,2025-05-27,2025-05-29,0.00,12,2026-06-29,
481,402,Education Loan,856000,10.49,144,10473.64,2025-05-16,2037-05-16,Pending,,,2025-05-16,856000,0,,
638,864,Gold Loan,700000,9.47,24,32130.48,2022-06-28,2024-06-28,Closed,69,2022-06-11,2022-06-28,0.00,24,,
691,84,Business Loan,2664000,13.1,72,53618.12,2023-12-28,2029-12-28,Active,72,2023-12-26,2023-12-28,2144724.80,32,2026-09-28,
866,540,Home Loan,6438000,9.02,180,65375.1,2023-03-26,2038-03-26,Active,16,2023-03-05,2023-03-26,9087138.90,41,2026-09-26,
141,277,Business Loan,2914000,15.76,96,53582.4,2023-04-08,2031-04-08,Active,56,2023-03-12,2023-04-08,3000614.40,40,2026-09-08,
719,508,Gold Loan,940000,12.62,60,21205.48,2022-01-31,2027-01-31,Approved,50,2022-01-13,2022-01-31,106027.40,55,2026-09-30,
633,953,Business Loan,2734000,11.31,24,127819.68,2022-06-02,2024-06-02,Active,36,2022-05-19,2022-06-02,0.00,24,2024-07-02,
308,367,Education Loan,1263000,9.89,132,15734.1,2023-06-19,2034-06-19,Closed,33,2023-05-26,2023-06-19,0.00,132,,
571,484,Education Loan,1622000,9.31,72,29487.6,2024-09-27,2030-09-27,Approved,22,2024-09-14,2024-09-27,1444892.40,23,2026-09-27,
838,736,Car Loan,1337000,10.34,48,34128.5,2025-06-09,2029-06-09,Defaulted,59,2025-05-11,2025-06-09,1160369.00,14,2026-09-09,
972,291,Personal Loan,1223000,15.86,12,110882.83,2025-04-04,2026-04-04,Defaulted,87,2025-03-27,2025-04-04,332648.49,9,2026-02-04,
450,861,Car Loan,1911000,8.53,84,30292.36,2026-02-16,2033-02-16,Active,94,2026-01-21,2026-02-16,2362804.08,6,2026-09-16,
963,774,Home Loan,7593000,7.83,216,65657.35,2023-06-05,2041-06-05,Pending,,,2023-06-05,7593000,0,,
811,935,Business Loan,3331000,9.7,108,46356.69,2024-08-02,2033-08-02,Closed,59,2024-07-14,2024-08-02,0.00,108,,
523,1114,Home Loan,3905000,8.02,120,47419.7,2022-10-17,2032-10-17,Active,38,2022-09-27,2022-10-17,3509057.80,46,2026-09-17,
751,948,Car Loan,1608000,10.68,36,52400.51,2022-04-30,2025-04-30,Closed,73,2022-04-27,2022-04-30,0.00,36,,
138,836,Gold Loan,384000,12.35,24,18139.04,2025-08-23,2027-08-23,Defaulted,31,2025-08-15,2025-08-23,217668.48,12,2026-09-23,
321,1257,Home Loan,6144000,8.56,204,57257.69,2022-05-27,2039-05-27,Pending,,,2022-05-27,6144000,0,,
26,1022,Personal Loan,580000,12.04,36,19275.38,2021-08-18,2024-08-18,Closed,21,2021-07-19,2021-08-18,0.00,36,,
606,154,Car Loan,729000,9.77,72,13420.94,2022-04-16,2028-04-16,Active,36,2022-03-24,2022-04-16,268418.80,52,2026-09-16,
836,303,Gold Loan,419000,10.48,48,10723.77,2025-01-22,2029-01-22,Approved,91,2025-01-08,2025-01-22,310989.33,19,2026-09-22,
730,767,Gold Loan,572000,9.16,12,50064.7,2021-10-10,2022-10-10,Active,12,2021-10-08,2021-10-10,0.00,12,2022-11-10,
973,1142,Education Loan,901000,9.28,156,9963.37,2024-03-02,2037-03-02,Approved,92,2024-02-20,2024-03-02,1265347.99,29,2026-09-02,
642,465,Education Loan,1291000,10.1,156,14894.9,2025-02-01,2038-02-01,Closed,43,2025-01-09,2025-02-01,0.00,156,,
802,617,Home Loan,3463000,8.9,120,43680.62,2024-08-06,2034-08-06,Pending,,,2024-08-06,3463000,0,,
910,1139,Education Loan,1807000,9.19,120,23076.53,2024-07-27,2034-07-27,Pending,,,2024-07-27,1807000,0,,
128,461,Business Loan,2296000,13.56,24,109760.93,2024-02-09,2026-02-09,Active,23,2024-01-11,2024-02-09,0.00,24,2026-03-09,
625,709,Education Loan,1379000,8.27,120,16928.46,2024-05-02,2034-05-02,Pending,,,2024-05-02,1379000,0,,
456,986,Education Loan,891000,7.93,84,13856.26,2024-12-17,2031-12-17,Closed,16,2024-11-24,2024-12-17,0.00,84,,
720,111,Education Loan,512000,10.33,168,5775.93,2022-11-19,2036-11-19,Approved,27,2022-11-18,2022-11-19,710439.39,45,2026-09-19,
208,553,Personal Loan,1111000,15.73,36,38911.53,2022-05-23,2025-05-23,Defaulted,76,2022-05-21,2022-05-23,116734.59,33,2025-03-23,
819,312,Education Loan,563000,7.37,168,5381.65,2025-11-22,2039-11-22,Defaulted,36,2025-11-21,2025-11-22,855682.35,9,2026-09-22,
936,1290,Business Loan,4651000,10.97,84,79563.11,2023-05-06,2030-05-06,Closed,67,2023-04-11,2023-05-06,0.00,84,,
996,1448,Education Loan,1551000,7.28,60,30916.97,2023-10-14,2028-10-14,Active,8,2023-10-12,2023-10-14,803841.22,34,2026-09-14,
39,1425,Car Loan,1830000,8.0,36,57345.55,2023-06-06,2026-06-06,Defaulted,72,2023-05-31,2023-06-06,172036.65,33,2026-04-06,
194,384,Personal Loan,289000,13.6,48,7839.49,2023-09-06,2027-09-06,Active,52,2023-09-05,2023-09-06,101913.37,35,2026-09-06,
935,916,Home Loan,6337000,8.49,216,57339.88,2023-09-11,2041-09-11,Pending,,,2023-09-11,6337000,0,,
955,997,Personal Loan,1470000,11.46,48,38322.14,2025-01-10,2029-01-10,Closed,4,2024-12-18,2025-01-10,0.00,48,,
987,1036,Car Loan,1127000,9.16,72,20404.39,2021-12-30,2027-12-30,Approved,31,2021-12-08,2021-12-30,326470.24,56,2026-09-30,
372,593,Car Loan,2294000,9.57,72,42002.52,2025-09-09,2031-09-09,Defaulted,100,2025-08-25,2025-09-09,2562153.72,11,2026-09-09,
777,1352,Car Loan,2143000,8.32,84,33743.93,2024-01-25,2031-01-25,Closed,45,2024-01-22,2024-01-25,0.00,84,,
618,353,Business Loan,3445000,10.25,36,111565.25,2022-07-02,2025-07-02,Active,64,2022-06-03,2022-07-02,0.00,36,2025-08-02,
10,862,Education Loan,1561000,8.75,180,15601.39,2025-06-16,2040-06-16,Approved,20,2025-05-26,2025-06-16,2589830.74,14,2026-09-16,
841,742,Education Loan,1734000,7.0,96,23640.87,2023-12-05,2031-12-05,Pending,,,2023-12-05,1734000,0,,
227,923,Gold Loan,126000,8.71,48,3118.19,2024-05-13,2028-05-13,Defaulted,15,2024-05-04,2024-05-13,65481.99,27,2026-09-13,
751,869,Business Loan,1058000,12.9,36,35597.26,2023-03-22,2026-03-22,Active,13,2023-03-01,2023-03-22,0.00,36,2026-04-22,
461,587,Home Loan,1343000,8.71,180,13390.89,2022-05-25,2037-05-25,Active,56,2022-05-15,2022-05-25,1727424.81,51,2026-09-25,
120,1003,Car Loan,817000,9.24,48,20424.31,2026-04-09,2030-04-09,Pending,,,2026-04-09,817000,0,,
724,415,Home Loan,1277000,9.32,240,11753.62,2023-07-31,2043-07-31,Closed,65,2023-07-20,2023-07-31,0.00,240,,
675,317,Business Loan,4704000,13.7,36,160087.02,2024-06-28,2027-06-28,Closed,35,2024-06-12,2024-06-28,0.00,36,,
882,414,Education Loan,818000,9.36,132,9947.29,2022-09-17,2033-09-17,Pending,,,2022-09-17,818000,0,,
180,222,Business Loan,1203000,9.71,108,16748.32,2022-10-11,2031-10-11,Closed,67,2022-09-27,2022-10-11,0.00,108,,
965,1126,Business Loan,2519000,9.24,48,62972.88,2025-07-25,2029-07-25,Rejected,,,2025-07-25,0.00,0,,Eligibility criteria not met
91,826,Home Loan,4961000,7.9,228,42087.87,2022-01-05,2041-01-05,Approved,80,2021-12-20,2022-01-05,7281201.51,55,2026-09-05,
530,456,Home Loan,4749000,8.0,120,57618.47,2026-02-16,2036-02-16,Approved,5,2026-02-07,2026-02-16,6568505.58,6,2026-09-16,
880,1208,Education Loan,1068000,7.19,132,11730.88,2023-02-18,2034-02-18,Active,13,2023-02-14,2023-02-18,1055779.20,42,2026-09-18,
555,66,Personal Loan,1053000,14.45,84,19995.92,2022-10-15,2029-10-15,Active,62,2022-09-16,2022-10-15,759844.96,46,2026-09-15,
308,367,Education Loan,1267000,8.2,120,15506.43,2026-03-13,2036-03-13,Active,26,2026-03-07,2026-03-13,1783239.45,5,2026-09-13,
185,405,Car Loan,1748000,9.48,84,28551.38,2025-01-14,2032-01-14,Pending,,,2025-01-14,1748000,0,,
665,758,Gold Loan,566000,9.3,24,25935.54,2022-05-20,2024-05-20,Pending,,,2022-05-20,566000,0,,
574,48,Gold Loan,953000,12.68,24,45164.25,2022-01-06,2024-01-06,Closed,68,2022-01-05,2022-01-06,0.00,24,,
173,1248,Personal Loan,1259000,10.91,12,111219.66,2024-09-01,2025-09-01,Active,71,2024-08-07,2024-09-01,0.00,12,2025-10-01,
652,1090,Car Loan,2020000,8.94,72,36351.46,2022-02-26,2028-02-26,Defaulted,71,2022-02-03,2022-02-26,654326.28,54,2026-09-26,
336,910,Business Loan,1306000,9.22,96,19282.55,2023-11-10,2031-11-10,Closed,85,2023-10-18,2023-11-10,0.00,96,,
228,76,Education Loan,1778000,6.66,180,15645.11,2026-07-06,2041-07-06,Closed,64,2026-06-19,2026-07-06,0.00,180,,
980,1025,Car Loan,2169000,11.25,36,71267.34,2024-07-23,2027-07-23,Defaulted,74,2024-06-30,2024-07-23,783940.74,25,2026-09-23,
638,864,Home Loan,4011000,8.15,156,41773.1,2022-09-03,2035-09-03,Closed,21,2022-08-08,2022-09-03,0.00,156,,
211,306,Gold Loan,334000,13.77,60,7731.83,2025-08-25,2030-08-25,Closed,10,2025-08-02,2025-08-25,0.00,60,,
871,270,Car Loan,1809000,10.1,84,30125.09,2025-02-12,2032-02-12,Closed,80,2025-01-15,2025-02-12,0.00,84,,
43,581,Education Loan,1698000,7.68,180,15914.85,2023-11-22,2038-11-22,Closed,4,2023-10-28,2023-11-22,0.00,180,,
1000,1048,Business Loan,3503000,14.49,96,61833.27,2023-04-05,2031-04-05,Active,4,2023-03-17,2023-04-05,3462663.12,40,2026-09-05,
623,1447,Education Loan,1726000,7.89,144,18579.19,2026-04-21,2038-04-21,Closed,90,2026-03-24,2026-04-21,0.00,144,,
861,608,Personal Loan,1146000,14.97,36,39709.63,2025-12-31,2028-12-31,Approved,10,2025-12-13,2025-12-31,1111869.64,8,2026-09-30,
395,777,Education Loan,1792000,10.48,108,25697.14,2024-06-02,2033-06-02,Active,8,2024-05-20,2024-06-02,2107165.48,26,2026-09-02,
656,1215,Car Loan,2479000,10.98,84,42420.46,2023-12-28,2030-12-28,Active,14,2023-12-22,2023-12-28,2205863.92,32,2026-09-28,
507,1489,Personal Loan,867000,11.12,60,18902.61,2022-03-21,2027-03-21,Rejected,,,2022-03-21,0.00,0,,High existing liabilities
773,1298,Education Loan,1507000,9.0,144,17150.12,2023-02-25,2035-02-25,Pending,,,2023-02-25,1507000,0,,
800,1500,Personal Loan,838000,11.63,24,39302.93,2023-05-16,2025-05-16,Active,12,2023-04-20,2023-05-16,0.00,24,2025-06-16,
804,123,Education Loan,768000,10.34,84,12885.03,2021-12-29,2028-12-29,Closed,63,2021-12-01,2021-12-29,0.00,84,,
834,374,Gold Loan,511000,11.76,60,11305.04,2025-09-27,2030-09-27,Active,30,2025-09-12,2025-09-27,553946.96,11,2026-09-27,
635,526,Car Loan,2340000,11.47,72,45105.08,2022-10-15,2028-10-15,Active,68,2022-09-27,2022-10-15,1172732.08,46,2026-09-15,
600,946,Gold Loan,824000,13.84,48,22450.94,2025-05-01,2029-05-01,Active,84,2025-04-10,2025-05-01,740881.02,15,2026-09-01,
893,968,Home Loan,6017000,8.05,120,73161.88,2022-09-30,2032-09-30,Defaulted,31,2022-09-20,2022-09-30,5340817.24,47,2026-09-30,
663,1133,Home Loan,3223000,7.96,132,36722.61,2024-10-22,2035-10-22,Active,86,2024-09-23,2024-10-22,4039487.10,22,2026-09-22,
915,1492,Business Loan,1370000,14.58,84,26114.76,2022-03-23,2029-03-23,Active,55,2022-03-17,2022-03-23,809557.56,53,2026-09-23,
600,1092,Personal Loan,103000,14.4,24,4964.81,2022-03-09,2024-03-09,Active,86,2022-02-18,2022-03-09,0.00,24,2024-04-09,
158,1323,Business Loan,1592000,10.68,72,30041.97,2024-01-10,2030-01-10,Active,75,2023-12-18,2024-01-10,1231720.77,31,2026-09-10,
953,1458,Education Loan,297000,8.07,168,2956.03,2023-09-24,2037-09-24,Defaulted,51,2023-08-30,2023-09-24,393151.99,35,2026-09-24,
104,1482,Business Loan,4789000,12.83,24,227295.57,2024-11-18,2026-11-18,Rejected,,,2024-11-18,0.00,0,,High existing liabilities
147,835,Gold Loan,416000,11.52,24,19489.45,2022-01-02,2024-01-02,Rejected,,,2022-01-02,0.00,0,,Insufficient income
869,263,Business Loan,1344000,14.88,84,25844.44,2024-05-17,2031-05-17,Approved,59,2024-04-21,2024-05-17,1473133.08,27,2026-09-17,
884,1312,Business Loan,4588000,10.03,120,60707.0,2025-10-29,2035-10-29,Defaulted,12,2025-10-24,2025-10-29,6677770.00,10,2026-09-29,
339,846,Gold Loan,842000,11.2,36,27645.82,2025-10-15,2028-10-15,Active,33,2025-10-11,2025-10-15,718791.32,10,2026-09-15,
118,794,Business Loan,918000,13.24,96,15552.56,2024-04-03,2032-04-03,Closed,5,2024-03-27,2024-04-03,0.00,96,,
828,1162,Home Loan,3054000,8.72,216,28067.24,2025-01-08,2043-01-08,Closed,97,2024-12-22,2025-01-08,0.00,216,,
53,285,Home Loan,2605000,7.77,120,31290.14,2025-08-04,2035-08-04,Defaulted,27,2025-07-27,2025-08-04,3379335.12,12,2026-09-04,
540,1430,Gold Loan,711000,13.36,12,63624.73,2026-01-26,2027-01-26,Active,24,2026-01-04,2026-01-26,318123.65,7,2026-09-26,
622,296,Business Loan,4550000,12.84,96,76066.37,2025-03-30,2033-03-30,Active,2,2025-03-26,2025-03-30,6009243.23,17,2026-09-30,
892,719,Personal Loan,843000,17.5,84,17471.84,2024-08-06,2031-08-06,Active,18,2024-07-12,2024-08-06,1048310.40,24,2026-09-06,
751,869,Home Loan,1748000,9.05,216,16423.69,2025-11-06,2043-11-06,Active,43,2025-10-13,2025-11-06,3399703.83,9,2026-09-06,
640,1242,Gold Loan,372000,10.43,48,9511.89,2021-10-31,2025-10-31,Active,98,2021-10-12,2021-10-31,0.00,48,2025-11-30,
819,216,Home Loan,1780000,7.59,240,14437.67,2025-06-22,2045-06-22,Defaulted,35,2025-06-03,2025-06-22,3262913.42,14,2026-09-22,
798,1399,Business Loan,1251000,14.19,24,60176.47,2024-04-09,2026-04-09,Pending,,,2024-04-09,1251000,0,,
6,951,Business Loan,1684000,13.56,96,28833.5,2025-03-07,2033-03-07,Active,71,2025-02-12,2025-03-07,2277846.50,17,2026-09-07,
141,1471,Car Loan,2194000,7.65,72,38094.07,2025-05-09,2031-05-09,Closed,72,2025-04-28,2025-05-09,0.00,72,,
500,290,Personal Loan,966000,13.29,84,17726.1,2022-07-26,2029-07-26,Active,96,2022-07-17,2022-07-26,620413.50,49,2026-09-26,
749,1410,Business Loan,2521000,9.88,84,41695.44,2026-06-01,2033-06-01,Active,19,2026-05-05,2026-06-01,3419026.08,2,2026-09-01,
529,1397,Education Loan,1002000,9.3,72,18211.14,2024-02-20,2030-02-20,Active,47,2024-02-04,2024-02-20,764867.88,30,2026-09-20,
532,436,Personal Loan,185000,16.61,48,5300.93,2025-11-05,2029-11-05,Active,71,2025-10-11,2025-11-05,206736.27,9,2026-09-05,
61,449,Home Loan,4029000,8.73,180,40220.21,2024-02-28,2039-02-28,Pending,,,2024-02-28,4029000,0,,
374,388,Education Loan,1331000,7.46,84,20388.98,2021-09-27,2028-09-27,Pending,,,2021-09-27,1331000,0,,
519,378,Business Loan,4430000,12.33,36,147838.6,2022-03-18,2025-03-18,Active,13,2022-02-27,2022-03-18,0.00,36,2025-04-18,
938,441,Car Loan,879000,10.66,36,28636.01,2024-02-15,2027-02-15,Active,42,2024-02-13,2024-02-15,171816.06,30,2026-09-15,
7,899,Education Loan,299000,10.11,72,5555.83,2023-02-24,2029-02-24,Active,1,2023-01-26,2023-02-24,166674.90,42,2026-09-24,
765,785,Car Loan,2084000,8.3,48,51170.51,2023-05-22,2027-05-22,Active,77,2023-05-04,2023-05-22,460534.59,39,2026-09-22,
510,1455,Home Loan,1031000,9.36,216,9887.84,2023-08-14,2041-08-14,Pending,,,2023-08-14,1031000,0,,
339,846,Personal Loan,326000,15.67,48,9183.93,2022-09-23,2026-09-23,Closed,35,2022-09-14,2022-09-23,0.00,48,,
255,182,Education Loan,1962000,10.19,72,36535.96,2023-03-18,2029-03-18,Closed,12,2023-03-09,2023-03-18,0.00,72,,
820,928,Home Loan,6804000,9.42,132,82967.72,2022-03-20,2033-03-20,Defaulted,74,2022-02-18,2022-03-20,6554449.88,53,2026-09-20,
101,375,Car Loan,2119000,10.59,48,54345.71,2023-06-22,2027-06-22,Active,82,2023-06-07,2023-06-22,543457.10,38,2026-09-22,
374,388,Personal Loan,1123000,14.17,48,30783.49,2026-03-25,2030-03-25,Active,37,2026-03-09,2026-03-25,1323690.07,5,2026-09-25,
331,225,Home Loan,1443000,7.8,168,14141.35,2024-06-18,2038-06-18,Active,67,2024-05-20,2024-06-18,2008071.70,26,2026-09-18,
882,357,Car Loan,2021000,11.36,72,38841.55,2025-08-17,2031-08-17,Closed,43,2025-08-05,2025-08-17,0.00,72,,
236,678,Gold Loan,848000,9.82,60,17942.48,2024-05-04,2029-05-04,Closed,69,2024-04-26,2024-05-04,0.00,60,,
621,882,Personal Loan,1098000,14.45,12,98818.89,2024-01-05,2025-01-05,Defaulted,25,2023-12-21,2024-01-05,296456.67,9,2024-11-05,
777,1147,Gold Loan,901000,9.82,24,41501.76,2023-01-04,2025-01-04,Closed,93,2023-01-01,2023-01-04,0.00,24,,
538,1123,Business Loan,1397000,9.42,120,18015.71,2026-06-14,2036-06-14,Active,97,2026-05-29,2026-06-14,2125853.78,2,2026-09-14,
470,1325,Personal Loan,839000,10.6,24,38948.35,2025-11-05,2027-11-05,Active,13,2025-10-20,2025-11-05,584225.25,9,2026-09-05,
943,984,Gold Loan,566000,9.24,48,14149.52,2025-05-31,2029-05-31,Active,34,2025-05-14,2025-05-31,466934.16,15,2026-09-30,
64,556,Personal Loan,1310000,16.79,84,26612.16,2026-07-03,2033-07-03,Closed,83,2026-06-08,2026-07-03,0.00,84,,
572,651,Personal Loan,282000,12.52,12,25124.01,2023-09-06,2024-09-06,Closed,15,2023-09-03,2023-09-06,0.00,12,,
236,678,Gold Loan,943000,10.13,12,82961.71,2023-05-18,2024-05-18,Active,2,2023-04-22,2023-05-18,0.00,12,2024-06-18,
609,690,Business Loan,2333000,9.06,36,74253.94,2026-06-05,2029-06-05,Closed,93,2026-05-06,2026-06-05,0.00,36,,
178,1316,Home Loan,7094000,7.56,180,66004.37,2023-12-26,2038-12-26,Closed,20,2023-12-22,2023-12-26,0.00,180,,
413,112,Business Loan,1740000,11.47,48,45369.39,2022-01-24,2026-01-24,Active,24,2022-01-19,2022-01-24,0.00,48,2026-02-24,
933,394,Personal Loan,634000,14.62,12,57110.15,2024-06-09,2025-06-09,Pending,,,2024-06-09,634000,0,,
699,962,Gold Loan,960000,8.13,48,23495.03,2022-03-05,2026-03-05,Pending,,,2022-03-05,960000,0,,
923,741,Education Loan,1687000,9.94,120,22237.82,2023-07-17,2033-07-17,Active,87,2023-07-03,2023-07-17,1845739.06,37,2026-09-17,
102,1067,Home Loan,4884000,7.03,132,53234.79,2026-01-07,2037-01-07,Approved,54,2025-12-15,2026-01-07,6654348.75,7,2026-09-07,
418,1273,Business Loan,3767000,10.02,24,173862.71,2022-01-06,2024-01-06,Active,65,2021-12-22,2022-01-06,0.00,24,2024-02-06,
958,904,Education Loan,145000,8.19,168,1453.1,2022-06-30,2036-06-30,Defaulted,21,2022-06-14,2022-06-30,171465.80,50,2026-09-30,
699,1285,Gold Loan,141000,9.78,48,3561.25,2023-04-30,2027-04-30,Closed,93,2023-04-05,2023-04-30,0.00,48,,
35,699,Education Loan,1239000,8.65,96,17927.43,2025-08-27,2033-08-27,Closed,44,2025-08-09,2025-08-27,0.00,96,,
708,435,Education Loan,1191000,7.72,120,14274.51,2025-04-27,2035-04-27,Closed,65,2025-03-29,2025-04-27,0.00,120,,
27,304,Business Loan,1740000,11.83,48,45675.77,2024-02-17,2028-02-17,Closed,22,2024-01-26,2024-02-17,0.00,48,,
595,657,Gold Loan,460000,11.37,36,15140.54,2022-07-29,2025-07-29,Approved,10,2022-07-21,2022-07-29,0.00,36,2025-08-29,
531,911,Business Loan,2325000,9.98,108,32707.77,2022-11-10,2031-11-10,Pending,,,2022-11-10,2325000,0,,
533,487,Gold Loan,523000,11.85,24,24582.81,2024-03-22,2026-03-22,Active,14,2024-03-11,2024-03-22,0.00,24,2026-04-22,
288,271,Car Loan,564000,10.86,36,18427.27,2021-12-05,2024-12-05,Approved,100,2021-11-24,2021-12-05,0.00,36,2025-01-05,
525,762,Personal Loan,1132000,12.9,12,101054.05,2023-12-28,2024-12-28,Pending,,,2023-12-28,1132000,0,,
729,775,Gold Loan,741000,12.9,24,35193.7,2023-08-13,2025-08-13,Approved,46,2023-07-24,2023-08-13,0.00,24,2025-09-13,
840,1496,Business Loan,1956000,9.68,96,29350.5,2023-06-22,2031-06-22,Active,81,2023-05-23,2023-06-22,1702329.00,38,2026-09-22,
500,290,Gold Loan,353000,8.34,36,11117.19,2022-11-04,2025-11-04,Active,56,2022-11-02,2022-11-04,0.00,36,2025-12-04,
583,1382,Gold Loan,90000,9.05,48,2241.79,2024-07-24,2028-07-24,Active,62,2024-07-01,2024-07-24,51561.17,25,2026-09-24,
420,572,Car Loan,1613000,10.14,72,29996.18,2023-07-18,2029-07-18,Active,6,2023-06-28,2023-07-18,1049866.30,37,2026-09-18,
665,758,Gold Loan,616000,11.0,36,20167.05,2022-04-21,2025-04-21,Defaulted,56,2022-04-13,2022-04-21,60501.15,33,2025-02-21,
923,741,Car Loan,2477000,7.85,48,60296.55,2023-06-08,2027-06-08,Pending,,,2023-06-08,2477000,0,,
973,77,Home Loan,3841000,7.42,204,33187.31,2025-11-10,2042-11-10,Active,5,2025-10-14,2025-11-10,6471525.45,9,2026-09-10,
570,1205,Education Loan,1702000,9.6,120,22116.76,2026-06-27,2036-06-27,Defaulted,64,2026-06-26,2026-06-27,2609777.68,2,2026-09-27,
963,793,Gold Loan,749000,13.2,48,20168.22,2023-10-09,2027-10-09,Pending,,,2023-10-09,749000,0,,
547,624,Education Loan,1037000,7.31,168,9877.94,2024-08-29,2038-08-29,Approved,71,2024-08-12,2024-08-29,1422423.36,24,2026-09-29,
984,656,Gold Loan,589000,12.9,36,19817.38,2025-09-28,2028-09-28,Pending,,,2025-09-28,589000,0,,
474,1364,Home Loan,1901000,7.76,132,21455.89,2022-11-07,2033-11-07,Defaulted,82,2022-10-14,2022-11-07,1866662.43,45,2026-09-07,
666,1097,Home Loan,3978000,9.08,132,47756.01,2022-03-13,2033-03-13,Closed,30,2022-02-12,2022-03-13,0.00,132,,
311,1044,Business Loan,3711000,9.54,24,170457.0,2024-02-23,2026-02-23,Active,81,2024-02-20,2024-02-23,0.00,24,2026-03-23,
197,1289,Education Loan,447000,9.23,144,5145.07,2023-02-09,2035-02-09,Closed,22,2023-01-12,2023-02-09,0.00,144,,
648,1027,Business Loan,2130000,13.58,108,34269.05,2022-09-13,2031-09-13,Active,36,2022-09-11,2022-09-13,2090412.05,47,2026-09-13,
108,860,Education Loan,1962000,10.26,168,22050.41,2024-09-12,2038-09-12,Closed,70,2024-08-17,2024-09-12,0.00,168,,
319,1469,Car Loan,1670000,7.98,48,40753.9,2025-01-29,2029-01-29,Pending,,,2025-01-29,1670000,0,,
219,53,Personal Loan,164000,11.3,24,7666.55,2021-08-27,2023-08-27,Active,92,2021-08-20,2021-08-27,0.00,24,2023-09-27,
667,110,Personal Loan,874000,12.49,12,77854.33,2022-10-08,2023-10-08,Closed,86,2022-09-08,2022-10-08,0.00,12,,
235,1203,Home Loan,1716000,7.88,132,19478.21,2025-08-13,2036-08-13,Active,19,2025-08-03,2025-08-13,2337385.20,12,2026-09-13,
879,943,Personal Loan,1287000,13.34,84,23651.61,2024-08-05,2031-08-05,Active,32,2024-07-13,2024-08-05,1419096.60,24,2026-09-05,
99,88,Education Loan,1289000,10.25,120,17213.18,2025-01-27,2035-01-27,Closed,23,2025-01-06,2025-01-27,0.00,120,,
459,413,Home Loan,1387000,9.27,240,12721.06,2025-11-08,2045-11-08,Defaulted,70,2025-10-16,2025-11-08,2938564.86,9,2026-09-08,
869,263,Business Loan,3169000,11.63,24,148628.86,2026-05-24,2028-05-24,Closed,86,2026-04-28,2026-05-24,0.00,24,,
234,1490,Home Loan,5345000,9.31,216,51092.78,2025-03-07,2043-03-07,Active,9,2025-02-14,2025-03-07,10167463.22,17,2026-09-07,
271,1098,Home Loan,2110000,7.47,240,16959.33,2024-01-07,2044-01-07,Active,3,2023-12-21,2024-01-07,3544499.97,31,2026-09-07,
827,1276,Car Loan,1920000,9.94,36,61898.93,2024-07-02,2027-07-02,Defaulted,35,2024-06-24,2024-07-02,680888.23,25,2026-09-02,
913,470,Business Loan,728000,11.43,48,18967.92,2025-04-21,2029-04-21,Closed,85,2025-04-11,2025-04-21,0.00,48,,
843,186,Car Loan,796000,9.01,84,12810.95,2025-10-07,2032-10-07,Approved,84,2025-09-24,2025-10-07,948010.30,10,2026-09-07,
703,1241,Home Loan,6731000,7.12,156,66272.61,2021-11-12,2034-11-12,Active,9,2021-10-31,2021-11-12,6560988.39,57,2026-09-12,
798,1399,Gold Loan,788000,8.77,60,16269.76,2022-04-13,2027-04-13,Closed,39,2022-04-05,2022-04-13,0.00,60,,
74,1057,Business Loan,3918000,10.03,36,126478.03,2022-11-21,2025-11-21,Closed,75,2022-10-22,2022-11-21,0.00,36,,
636,645,Business Loan,2323000,14.57,120,36868.77,2024-11-05,2034-11-05,Active,11,2024-10-15,2024-11-05,3650008.23,21,2026-09-05,
987,912,Business Loan,2956000,13.42,84,54452.7,2022-09-30,2029-09-30,Approved,44,2022-09-10,2022-09-30,2014749.90,47,2026-09-30,
746,900,Car Loan,1198000,11.32,84,20714.8,2022-01-11,2029-01-11,Approved,3,2022-01-08,2022-01-11,600729.20,55,2026-09-11,
533,487,Gold Loan,384000,9.85,48,9711.59,2022-10-30,2026-10-30,Active,36,2022-10-04,2022-10-30,19423.18,46,2026-09-30,
865,755,Car Loan,1186000,9.94,36,38235.48,2026-04-02,2029-04-02,Closed,67,2026-03-18,2026-04-02,0.00,36,,
563,1172,Home Loan,1120000,7.92,156,11520.48,2022-09-19,2035-09-19,Active,95,2022-09-16,2022-09-19,1255732.32,47,2026-09-19,
239,68,Car Loan,2421000,8.77,84,38669.66,2021-10-30,2028-10-30,Active,79,2021-10-29,2021-10-30,1005411.16,58,2026-09-30,
764,297,Personal Loan,113000,17.69,60,2850.44,2025-11-17,2030-11-17,Approved,79,2025-11-04,2025-11-17,145372.44,9,2026-09-17,
321,1224,Personal Loan,349000,12.06,60,7773.9,2021-10-29,2026-10-29,Closed,35,2021-10-11,2021-10-29,0.00,60,,
204,1338,Gold Loan,469000,11.62,12,41586.75,2021-11-06,2022-11-06,Closed,77,2021-10-28,2021-11-06,0.00,12,,
160,1039,Gold Loan,300000,12.5,36,10036.09,2022-06-10,2025-06-10,Pending,,,2022-06-10,300000,0,,
828,574,Home Loan,2744000,7.13,120,32044.32,2023-04-30,2033-04-30,Active,46,2023-04-14,2023-04-30,2563545.60,40,2026-09-30,
203,308,Business Loan,1344000,14.01,48,36733.53,2025-06-21,2029-06-21,Active,71,2025-06-14,2025-06-21,1248940.02,14,2026-09-21,
541,1457,Home Loan,6998000,9.09,240,63368.45,2025-02-26,2045-02-26,Pending,,,2025-02-26,6998000,0,,
642,465,Car Loan,1805000,9.19,60,37635.49,2022-10-03,2027-10-03,Active,55,2022-09-09,2022-10-03,526896.86,46,2026-09-03,
335,945,Education Loan,931000,8.12,96,13218.1,2025-07-22,2033-07-22,Approved,31,2025-07-15,2025-07-22,1097102.30,13,2026-09-22,
141,1175,Gold Loan,567000,11.6,24,26584.87,2023-03-01,2025-03-01,Pending,,,2023-03-01,567000,0,,
185,405,Car Loan,465000,10.33,48,11867.43,2024-03-02,2028-03-02,Approved,16,2024-02-21,2024-03-02,225481.17,29,2026-09-02,
78,772,Education Loan,549000,7.66,168,5336.9,2023-02-25,2037-02-25,Approved,62,2023-01-30,2023-02-25,672449.40,42,2026-09-25,
471,679,Personal Loan,1164000,10.77,60,25174.87,2025-10-01,2030-10-01,Closed,91,2025-09-05,2025-10-01,0.00,60,,
634,1102,Car Loan,2416000,9.14,84,39043.09,2026-02-20,2033-02-20,Active,36,2026-02-13,2026-02-20,3045361.02,6,2026-09-20,
722,1100,Personal Loan,722000,13.06,72,14516.38,2025-04-04,2031-04-04,Closed,59,2025-03-29,2025-04-04,0.00,72,,
727,995,Personal Loan,1398000,12.04,60,31126.0,2025-02-24,2030-02-24,Defaulted,72,2025-02-03,2025-02-24,1307292.00,18,2026-09-24,
259,917,Gold Loan,889000,8.79,36,28183.15,2023-10-25,2026-10-25,Closed,98,2023-09-30,2023-10-25,0.00,36,,
905,6,Gold Loan,870000,12.03,60,19365.86,2023-03-02,2028-03-02,Closed,14,2023-02-08,2023-03-02,0.00,60,,
452,711,Home Loan,6383000,9.32,156,70731.72,2024-09-21,2037-09-21,Active,74,2024-08-24,2024-09-21,9407318.76,23,2026-09-21,
461,1420,Car Loan,1382000,10.93,60,29999.81,2026-06-20,2031-06-20,Active,16,2026-06-01,2026-06-20,1739988.98,2,2026-09-20,
447,1033,Education Loan,1663000,10.37,168,18800.82,2026-02-16,2040-02-16,Approved,37,2026-01-23,2026-02-16,3045732.84,6,2026-09-16,
867,592,Gold Loan,923000,9.51,60,19389.23,2021-11-25,2026-11-25,Active,36,2021-11-13,2021-11-25,58167.69,57,2026-09-25,
973,77,Education Loan,1894000,7.04,180,17066.19,2021-12-07,2036-12-07,Active,37,2021-11-10,2021-12-07,2116207.56,56,2026-09-07,
606,154,Car Loan,826000,8.31,84,13002.16,2022-07-16,2029-07-16,Defaulted,68,2022-07-14,2022-07-16,455075.60,49,2026-09-16,
867,765,Car Loan,464000,7.73,36,14482.35,2022-12-09,2025-12-09,Closed,79,2022-11-17,2022-12-09,0.00,36,,
408,185,Personal Loan,390000,12.77,60,8827.85,2026-06-12,2031-06-12,Active,43,2026-06-08,2026-06-12,512015.30,2,2026-09-12,
758,104,Education Loan,714000,9.22,84,11567.48,2023-03-30,2030-03-30,Active,90,2023-03-22,2023-03-30,497401.64,41,2026-09-30,
572,651,Gold Loan,787000,8.06,48,19235.14,2025-03-21,2029-03-21,Approved,45,2025-03-04,2025-03-21,596289.34,17,2026-09-21,
64,558,Personal Loan,714000,11.08,48,18481.45,2023-08-15,2027-08-15,Active,38,2023-07-22,2023-08-15,221777.40,36,2026-09-15,
88,382,Education Loan,377000,6.83,156,3652.7,2025-08-05,2038-08-05,Active,23,2025-07-10,2025-08-05,525988.80,12,2026-09-05,
348,1413,Car Loan,1051000,9.4,60,22021.63,2025-09-23,2030-09-23,Rejected,,,2025-09-23,0.00,0,,Insufficient income
15,644,Car Loan,783000,10.71,36,25527.02,2026-05-22,2029-05-22,Defaulted,90,2026-04-27,2026-05-22,842391.66,3,2026-09-22,
221,72,Car Loan,389000,7.68,72,6759.81,2024-10-21,2030-10-21,Approved,85,2024-10-04,2024-10-21,337990.50,22,2026-09-21,
541,249,Personal Loan,465000,11.98,84,8203.55,2022-06-02,2029-06-02,Active,32,2022-05-07,2022-06-02,278920.70,50,2026-09-02,
680,544,Car Loan,1475000,8.73,60,30425.65,2024-12-04,2029-12-04,Approved,82,2024-11-27,2024-12-04,1217026.00,20,2026-09-04,
988,422,Business Loan,682000,10.42,36,22140.95,2025-01-06,2028-01-06,Active,73,2024-12-20,2025-01-06,376396.15,19,2026-09-06,
987,1036,Car Loan,996000,8.15,72,17536.15,2025-04-25,2031-04-25,Active,8,2025-03-28,2025-04-25,982024.40,16,2026-09-25,
502,1178,Home Loan,4719000,8.72,168,48730.08,2023-05-11,2037-05-11,Active,87,2023-04-11,2023-05-11,6286180.32,39,2026-09-11,
441,797,Home Loan,1236000,9.25,216,11768.19,2025-08-14,2043-08-14,Defaulted,36,2025-07-30,2025-08-14,2400710.76,12,2026-09-14,
927,150,Car Loan,1205000,10.62,36,39233.66,2023-03-07,2026-03-07,Active,48,2023-02-15,2023-03-07,0.00,36,2026-04-07,
545,149,Gold Loan,434000,12.23,12,38607.09,2025-04-29,2026-04-29,Active,29,2025-04-23,2025-04-29,0.00,12,2026-05-29,
298,446,Gold Loan,806000,8.06,48,19699.52,2025-12-20,2029-12-20,Active,96,2025-11-20,2025-12-20,787980.80,8,2026-09-20,
548,978,Personal Loan,1127000,11.1,12,99658.71,2024-12-25,2025-12-25,Active,22,2024-12-07,2024-12-25,0.00,12,2026-01-25,
754,1326,Car Loan,2284000,7.6,36,71151.55,2025-10-30,2028-10-30,Active,37,2025-10-27,2025-10-30,1849940.30,10,2026-09-30,
803,1354,Business Loan,839000,12.04,48,22110.57,2023-03-12,2027-03-12,Closed,70,2023-03-06,2023-03-12,0.00,48,,
565,506,Gold Loan,673000,9.24,48,16824.43,2022-12-08,2026-12-08,Pending,,,2022-12-08,673000,0,,
170,1106,Education Loan,1644000,10.16,84,27428.45,2025-05-28,2032-05-28,Active,74,2025-05-09,2025-05-28,1892563.05,15,2026-09-28,
684,238,Home Loan,6338000,9.38,216,60864.86,2023-08-19,2041-08-19,Pending,,,2023-08-19,6338000,0,,
819,859,Education Loan,282000,7.21,96,3874.24,2024-10-11,2032-10-11,Active,67,2024-09-20,2024-10-11,286693.76,22,2026-09-11,
128,875,Home Loan,1037000,7.29,216,8633.35,2026-04-21,2044-04-21,Approved,80,2026-04-05,2026-04-21,1830270.20,4,2026-09-21,
724,1305,Gold Loan,640000,13.92,60,14865.15,2025-04-28,2030-04-28,Defaulted,19,2025-04-14,2025-04-28,654066.60,16,2026-09-28,
103,267,Home Loan,3964000,8.39,192,37576.61,2023-09-25,2039-09-25,Active,43,2023-09-20,2023-09-25,5899527.77,35,2026-09-25,
27,304,Business Loan,1748000,11.37,108,25924.88,2023-01-15,2032-01-15,Defaulted,36,2022-12-24,2023-01-15,1685117.20,43,2026-09-15,
51,712,Personal Loan,1381000,16.68,36,49016.76,2022-11-15,2025-11-15,Rejected,,,2022-11-15,0.00,0,,High existing liabilities
857,1330,Personal Loan,1003000,13.21,24,47783.44,2022-10-22,2024-10-22,Active,3,2022-10-18,2022-10-22,0.00,24,2024-11-22,
648,1055,Home Loan,7948000,7.48,204,68951.9,2025-07-29,2042-07-29,Active,53,2025-07-15,2025-07-29,13169812.90,13,2026-09-29,
797,1459,Personal Loan,1322000,16.34,84,26514.29,2025-12-20,2032-12-20,Approved,29,2025-11-24,2025-12-20,2015086.04,8,2026-09-20,
197,1453,Education Loan,972000,7.02,132,10589.54,2025-09-02,2036-09-02,Closed,46,2025-08-21,2025-09-02,0.00,132,,
365,788,Personal Loan,1022000,12.55,36,34214.12,2022-10-15,2025-10-15,Closed,2,2022-09-16,2022-10-15,0.00,36,,
498,973,Car Loan,763000,7.69,48,18516.23,2024-08-13,2028-08-13,Defaulted,19,2024-08-11,2024-08-13,444389.52,24,2026-09-13,
653,1303,Education Loan,1460000,10.29,156,17009.02,2023-10-06,2036-10-06,Closed,63,2023-09-08,2023-10-06,0.00,156,,
343,252,Business Loan,2637000,10.93,72,50098.37,2024-06-04,2030-06-04,Defaulted,39,2024-05-14,2024-06-04,2304525.02,26,2026-09-04,
867,765,Personal Loan,1408000,11.64,72,27263.79,2024-02-02,2030-02-02,Active,95,2024-01-13,2024-02-02,1145079.18,30,2026-09-02,
821,1339,Home Loan,4693000,8.67,168,48325.62,2023-09-02,2037-09-02,Active,46,2023-08-15,2023-09-02,6427307.46,35,2026-09-02,
139,108,Home Loan,5614000,7.31,180,51438.18,2021-11-02,2036-11-02,Pending,,,2021-11-02,5614000,0,,
633,490,Education Loan,1824000,7.99,60,36975.41,2026-04-03,2031-04-03,Active,61,2026-03-24,2026-04-03,2070622.96,4,2026-09-03,
724,1305,Car Loan,1836000,8.99,48,45680.22,2022-08-31,2026-08-31,Defaulted,58,2022-08-09,2022-08-31,137040.66,45,2026-06-30,
637,1019,Gold Loan,398000,13.21,12,35587.5,2026-01-20,2027-01-20,Rejected,,,2026-01-20,0.00,0,,Unstable employment history
543,1278,Business Loan,3251000,12.25,96,53285.56,2026-01-14,2034-01-14,Active,68,2025-12-30,2026-01-14,4742414.84,7,2026-09-14,
585,1309,Home Loan,6787000,9.02,216,63641.32,2024-07-06,2042-07-06,Active,94,2024-06-15,2024-07-06,12155492.12,25,2026-09-06,
557,523,Education Loan,520000,8.34,168,5255.75,2025-03-01,2039-03-01,Active,92,2025-02-25,2025-03-01,793618.25,17,2026-09-01,
828,574,Car Loan,1129000,10.61,36,36753.85,2022-11-30,2025-11-30,Closed,82,2022-11-17,2022-11-30,0.00,36,,
478,652,Car Loan,1825000,8.53,84,28929.13,2026-05-18,2033-05-18,Active,51,2026-04-24,2026-05-18,2343259.53,3,2026-09-18,
417,1375,Car Loan,924000,11.48,60,20311.89,2026-01-23,2031-01-23,Active,20,2026-01-18,2026-01-23,1076530.17,7,2026-09-23,
145,707,Home Loan,7970000,8.61,240,69721.39,2024-02-10,2044-02-10,Closed,55,2024-01-21,2024-02-10,0.00,240,,
18,1186,Gold Loan,626000,8.21,12,54515.56,2024-11-01,2025-11-01,Closed,5,2024-10-09,2024-11-01,0.00,12,,
178,471,Personal Loan,1139000,15.75,12,103207.75,2026-05-25,2027-05-25,Active,49,2026-04-27,2026-05-25,928869.75,3,2026-09-25,
407,603,Gold Loan,952000,9.94,12,83669.36,2022-01-06,2023-01-06,Closed,35,2022-01-04,2022-01-06,0.00,12,,
622,542,Gold Loan,747000,11.02,12,66028.07,2026-03-05,2027-03-05,Active,75,2026-02-14,2026-03-05,462196.49,5,2026-09-05,
651,751,Car Loan,2449000,10.89,72,46476.6,2025-07-09,2031-07-09,Closed,33,2025-07-04,2025-07-09,0.00,72,,
258,521,Gold Loan,557000,12.02,60,12395.79,2024-05-28,2029-05-28,Rejected,,,2024-05-28,0.00,0,,Eligibility criteria not met
554,937,Business Loan,4200000,12.31,60,94085.95,2024-09-27,2029-09-27,Active,64,2024-09-03,2024-09-27,3481180.15,23,2026-09-27,
487,1374,Home Loan,2212000,8.18,132,25465.84,2022-08-19,2033-08-19,Closed,75,2022-07-26,2022-08-19,0.00,132,,
543,1278,Personal Loan,963000,17.65,72,21773.79,2026-02-18,2032-02-18,Closed,79,2026-01-21,2026-02-18,0.00,72,,
362,1083,Gold Loan,603000,8.84,60,12470.52,2025-02-21,2030-02-21,Closed,39,2025-02-07,2025-02-21,0.00,60,,
57,850,Car Loan,436000,8.65,60,8976.76,2025-03-16,2030-03-16,Approved,57,2025-03-09,2025-03-16,386000.68,17,2026-09-16,
612,1388,Car Loan,1623000,9.13,48,40488.68,2026-05-16,2030-05-16,Active,96,2026-05-08,2026-05-16,1821990.60,3,2026-09-16,
457,750,Education Loan,644000,9.28,180,6639.58,2023-04-27,2038-04-27,Active,50,2023-04-03,2023-04-27,929541.20,40,2026-09-27,
765,1012,Home Loan,4128000,7.57,180,38431.46,2023-07-16,2038-07-16,Approved,37,2023-07-02,2023-07-16,5495698.78,37,2026-09-16,
653,675,Education Loan,723000,9.59,180,7589.06,2023-03-25,2038-03-25,Closed,57,2023-03-05,2023-03-25,0.00,180,,
388,1301,Education Loan,793000,7.17,96,10878.75,2024-08-19,2032-08-19,Pending,,,2024-08-19,793000,0,,
884,1283,Education Loan,318000,7.92,180,3024.31,2024-04-06,2039-04-06,Active,16,2024-03-26,2024-04-06,459695.12,28,2026-09-06,
985,481,Home Loan,5023000,7.41,228,41121.26,2026-04-24,2045-04-24,Closed,31,2026-04-10,2026-04-24,0.00,228,,
932,612,Gold Loan,290000,9.02,60,6022.74,2023-08-21,2028-08-21,Closed,84,2023-08-05,2023-08-21,0.00,60,,
993,52,Home Loan,7273000,8.06,168,72346.56,2022-11-10,2036-11-10,Closed,23,2022-10-17,2022-11-10,0.00,168,,
536,1054,Gold Loan,154000,9.98,60,3270.53,2026-02-20,2031-02-20,Pending,,,2026-02-20,154000,0,,
917,659,Education Loan,204000,8.4,120,2518.41,2023-02-08,2033-02-08,Closed,39,2023-02-07,2023-02-08,0.00,120,,
164,62,Home Loan,5790000,8.64,144,64723.59,2025-02-23,2037-02-23,Active,29,2025-01-27,2025-02-23,8155172.34,18,2026-09-23,
77,73,Car Loan,2397000,9.55,60,50400.05,2022-07-28,2027-07-28,Active,83,2022-07-05,2022-07-28,554400.55,49,2026-09-28,
478,652,Personal Loan,220000,17.73,24,10954.62,2024-08-10,2026-08-10,Active,50,2024-08-08,2024-08-10,0.00,24,2026-09-10,
540,1430,Education Loan,127000,9.26,168,1351.52,2022-08-19,2036-08-19,Rejected,,,2022-08-19,0.00,0,,Low credit score
43,1007,Car Loan,1888000,10.66,84,31990.63,2025-10-18,2032-10-18,Closed,90,2025-10-09,2025-10-18,0.00,84,,
268,1196,Business Loan,2828000,9.82,24,130263.03,2024-11-17,2026-11-17,Active,57,2024-10-19,2024-11-17,390789.09,21,2026-09-17,
662,356,Education Loan,1816000,7.36,180,16690.39,2023-11-26,2038-11-26,Active,96,2023-11-24,2023-11-26,2453487.33,33,2026-09-26,
151,254,Car Loan,2389000,7.86,48,58165.6,2024-08-14,2028-08-14,Active,50,2024-07-20,2024-08-14,1395974.40,24,2026-09-14,
201,1113,Car Loan,938000,9.17,72,16987.2,2022-06-29,2028-06-29,Defaulted,12,2022-06-12,2022-06-29,373718.40,50,2026-09-29,
44,618,Education Loan,268000,9.44,108,3692.3,2022-05-28,2031-05-28,Active,19,2022-05-21,2022-05-28,210461.10,51,2026-09-28,
284,1059,Gold Loan,472000,13.81,36,16088.32,2026-01-14,2029-01-14,Approved,33,2025-12-21,2026-01-14,466561.28,7,2026-09-14,
681,1277,Gold Loan,78000,12.51,60,1755.24,2025-06-23,2030-06-23,Approved,38,2025-06-21,2025-06-23,80741.04,14,2026-09-23,
372,593,Business Loan,2624000,10.95,72,49878.25,2022-02-10,2028-02-10,Active,22,2022-01-15,2022-02-10,897808.50,54,2026-09-10,
67,63,Car Loan,705000,10.65,60,15205.64,2024-09-15,2029-09-15,Active,85,2024-08-27,2024-09-15,562608.68,23,2026-09-15,
306,714,Education Loan,1484000,7.16,168,14012.39,2023-04-12,2037-04-12,Active,69,2023-03-30,2023-04-12,1793585.92,40,2026-09-12,
710,359,Gold Loan,204000,12.56,24,9656.42,2023-01-10,2025-01-10,Active,78,2022-12-17,2023-01-10,0.00,24,2025-02-10,
889,30,Personal Loan,307000,17.24,24,15214.2,2024-07-05,2026-07-05,Rejected,,,2024-07-05,0.00,0,,Eligibility criteria not met
889,30,Education Loan,182000,9.2,132,2197.02,2025-06-01,2036-06-01,Closed,68,2025-05-13,2025-06-01,0.00,132,,
450,14,Gold Loan,196000,10.34,24,9075.19,2026-06-23,2028-06-23,Active,43,2026-06-11,2026-06-23,199654.18,2,2026-09-23,
939,1006,Home Loan,7038000,8.28,144,77267.68,2023-07-19,2035-07-19,Active,95,2023-06-19,2023-07-19,8267641.76,37,2026-09-19,
776,1419,Home Loan,5485000,7.29,192,48473.61,2024-09-03,2040-09-03,Active,45,2024-08-31,2024-09-03,8192040.09,23,2026-09-03,
987,210,Business Loan,2829000,12.04,60,62986.74,2024-11-07,2029-11-07,Active,91,2024-10-25,2024-11-07,2456482.86,21,2026-09-07,
398,400,Home Loan,2524000,9.32,192,25340.15,2022-05-14,2038-05-14,Active,73,2022-04-20,2022-05-14,3572961.15,51,2026-09-14,
620,819,Personal Loan,1187000,17.41,60,29762.32,2021-09-21,2026-09-21,Pending,,,2021-09-21,1187000,0,,
125,856,Gold Loan,792000,8.89,48,19667.61,2023-07-31,2027-07-31,Active,14,2023-07-03,2023-07-31,216343.71,37,2026-09-30,
634,982,Education Loan,1978000,9.71,72,36355.5,2024-07-07,2030-07-07,Closed,96,2024-06-09,2024-07-07,0.00,72,,
61,223,Home Loan,5915000,7.72,144,63122.47,2021-11-01,2033-11-01,Closed,71,2021-10-21,2021-11-01,0.00,144,,
517,345,Car Loan,538000,8.84,36,17068.22,2026-04-22,2029-04-22,Active,79,2026-04-06,2026-04-22,546183.04,4,2026-09-22,
349,1024,Business Loan,3533000,12.81,84,63907.83,2025-01-24,2032-01-24,Active,15,2025-01-05,2025-01-24,4154008.95,19,2026-09-24,
82,206,Home Loan,5505000,8.1,228,47378.73,2023-01-12,2042-01-12,Active,32,2022-12-19,2023-01-12,8765065.05,43,2026-09-12,
502,47,Education Loan,719000,6.66,60,14122.01,2023-04-09,2028-04-09,Pending,,,2023-04-09,719000,0,,
529,546,Personal Loan,1337000,10.47,24,61986.2,2024-08-14,2026-08-14,Closed,63,2024-07-18,2024-08-14,0.00,24,,
511,1497,Personal Loan,1334000,10.81,60,28878.15,2023-12-23,2028-12-23,Active,91,2023-11-24,2023-12-23,808588.20,32,2026-09-23,
296,409,Home Loan,4882000,8.66,204,45793.38,2024-03-26,2041-03-26,Approved,1,2024-03-23,2024-03-26,8013841.50,29,2026-09-26,
923,351,Business Loan,4871000,10.76,48,125326.57,2024-08-10,2028-08-10,Active,34,2024-07-30,2024-08-10,3007837.68,24,2026-09-10,
435,1479,Education Loan,534000,9.06,144,6095.14,2022-09-03,2034-09-03,Closed,14,2022-08-11,2022-09-03,0.00,144,,
547,695,Car Loan,918000,9.57,72,16808.33,2025-02-04,2031-02-04,Active,64,2025-01-12,2025-02-04,907649.82,18,2026-09-04,
896,348,Car Loan,310000,9.75,60,6548.52,2025-05-07,2030-05-07,Approved,50,2025-04-24,2025-05-07,294683.40,15,2026-09-07,
61,392,Home Loan,4683000,7.53,204,40764.03,2022-09-04,2039-09-04,Pending,,,2022-09-04,4683000,0,,
744,1401,Business Loan,1212000,10.97,120,16674.73,2024-04-28,2034-04-28,Active,65,2024-04-17,2024-04-28,1534075.16,28,2026-09-28,
752,207,Car Loan,962000,8.91,72,17297.63,2022-07-21,2028-07-21,Pending,,,2022-07-21,962000,0,,
283,453,Car Loan,1889000,8.95,48,46963.01,2025-12-15,2029-12-15,Active,11,2025-11-17,2025-12-15,1878520.40,8,2026-09-15,
552,1313,Car Loan,1320000,7.74,72,22976.66,2024-12-23,2030-12-23,Approved,68,2024-12-10,2024-12-23,1194786.32,20,2026-09-23,
953,1462,Education Loan,429000,6.83,180,3815.32,2026-05-20,2041-05-20,Active,30,2026-05-03,2026-05-20,675311.64,3,2026-09-20,
724,1305,Business Loan,3860000,13.74,120,59330.89,2022-03-07,2032-03-07,Approved,76,2022-02-14,2022-03-07,3975169.63,53,2026-09-07,
703,293,Gold Loan,967000,8.35,12,84274.38,2023-07-31,2024-07-31,Active,8,2023-07-13,2023-07-31,0.00,12,2024-08-31,
583,1328,Home Loan,4053000,8.64,168,41664.92,2023-04-03,2037-04-03,Active,93,2023-03-29,2023-04-03,5333109.76,40,2026-09-03,
765,804,Personal Loan,93000,10.43,36,3019.66,2022-03-25,2025-03-25,Closed,58,2022-03-17,2022-03-25,0.00,36,,
252,876,Education Loan,1777000,10.3,84,29776.49,2026-02-02,2033-02-02,Active,59,2026-01-28,2026-02-02,2322566.22,6,2026-09-02,
487,1374,Personal Loan,1255000,11.12,36,41158.45,2026-04-25,2029-04-25,Active,55,2026-04-10,2026-04-25,1317070.40,4,2026-09-25,
366,272,Car Loan,1257000,9.04,48,31304.38,2025-02-07,2029-02-07,Active,33,2025-01-29,2025-02-07,939131.40,18,2026-09-07,
238,177,Education Loan,591000,7.97,168,5848.63,2021-10-31,2035-10-31,Active,44,2021-10-24,2021-10-31,643349.30,58,2026-09-30,
388,198,Gold Loan,744000,11.96,48,19577.76,2024-01-28,2028-01-28,Active,32,2024-01-03,2024-01-28,332821.92,31,2026-09-28,
287,716,Education Loan,1245000,9.13,132,14980.73,2025-08-08,2036-08-08,Closed,93,2025-07-10,2025-08-08,0.00,132,,
370,726,Personal Loan,876000,17.43,72,19698.39,2025-03-06,2031-03-06,Closed,67,2025-02-28,2025-03-06,0.00,72,,
820,677,Personal Loan,809000,15.59,60,19497.51,2026-07-03,2031-07-03,Active,52,2026-06-17,2026-07-03,1150353.09,1,2026-09-03,
760,965,Education Loan,1239000,8.27,72,21887.39,2021-09-30,2027-09-30,Pending,,,2021-09-30,1239000,0,,
366,272,Gold Loan,126000,8.5,24,5727.42,2024-02-03,2026-02-03,Defaulted,43,2024-01-10,2024-02-03,17182.26,21,2025-12-03,
828,44,Gold Loan,779000,11.6,24,36524.89,2025-12-29,2027-12-29,Active,82,2025-12-22,2025-12-29,584398.24,8,2026-09-29,
495,918,Personal Loan,688000,12.23,84,12229.87,2023-01-12,2030-01-12,Pending,,,2023-01-12,688000,0,,
529,1256,Personal Loan,185000,13.43,72,3755.83,2025-09-18,2031-09-18,Defaulted,11,2025-09-04,2025-09-18,229105.63,11,2026-09-18,
951,609,Home Loan,1693000,9.36,216,16236.77,2025-07-04,2043-07-04,Active,100,2025-06-18,2025-07-04,3296064.31,13,2026-09-04,
497,1445,Home Loan,4130000,9.31,168,44072.73,2024-06-18,2038-06-18,Defaulted,22,2024-05-21,2024-06-18,6258327.66,26,2026-09-18,
699,309,Home Loan,7483000,7.7,168,72911.49,2022-11-21,2036-11-21,Closed,23,2022-11-04,2022-11-21,0.00,168,,
296,727,Personal Loan,1469000,15.03,60,34970.54,2022-08-29,2027-08-29,Approved,23,2022-08-23,2022-08-29,419646.48,48,2026-09-29,
608,759,Home Loan,5121000,7.29,180,46863.25,2026-04-07,2041-04-07,Active,1,2026-03-28,2026-04-07,8247932.00,4,2026-09-07,
162,302,Car Loan,2467000,8.86,72,44297.78,2024-06-17,2030-06-17,Active,33,2024-06-12,2024-06-17,2037697.88,26,2026-09-17,
831,549,Business Loan,3380000,10.96,120,46483.01,2026-07-06,2036-07-06,Active,26,2026-07-04,2026-07-06,5531478.19,1,2026-09-06,
366,272,Education Loan,1854000,10.25,180,20207.69,2025-05-17,2040-05-17,Active,15,2025-04-27,2025-05-17,3334268.85,15,2026-09-17,
746,900,Business Loan,4626000,14.96,72,97716.37,2023-03-21,2029-03-21,Active,8,2023-03-08,2023-03-21,3029207.47,41,2026-09-21,
954,555,Home Loan,1032000,7.41,180,9514.06,2022-09-03,2037-09-03,Active,72,2022-08-20,2022-09-03,1265369.98,47,2026-09-03,
944,1080,Education Loan,1700000,7.74,60,34258.72,2022-05-24,2027-05-24,Defaulted,46,2022-05-16,2022-05-24,308328.48,51,2026-09-24,
34,958,Gold Loan,835000,12.7,36,28013.95,2024-11-05,2027-11-05,Active,75,2024-10-08,2024-11-05,420209.25,21,2026-09-05,
183,417,Business Loan,3006000,14.16,24,144554.04,2026-04-24,2028-04-24,Closed,100,2026-04-13,2026-04-24,0.00,24,,
758,901,Gold Loan,964000,8.88,60,19954.96,2024-07-17,2029-07-17,Active,56,2024-06-27,2024-07-17,698423.60,25,2026-09-17,
97,963,Home Loan,7136000,7.05,156,69988.84,2023-06-07,2036-06-07,Approved,8,2023-05-24,2023-06-07,8258683.12,38,2026-09-07,
188,1402,Home Loan,1715000,9.34,168,18331.74,2025-03-21,2039-03-21,Active,43,2025-03-10,2025-03-21,2768092.74,17,2026-09-21,
724,957,Car Loan,581000,11.23,36,19084.54,2025-07-23,2028-07-23,Approved,45,2025-06-24,2025-07-23,438944.42,13,2026-09-23,
936,1408,Personal Loan,1035000,11.68,84,18093.93,2023-03-20,2030-03-20,Pending,,,2023-03-20,1035000,0,,
949,1230,Home Loan,2617000,8.56,168,26781.82,2025-01-20,2039-01-20,Closed,69,2025-01-02,2025-01-20,0.00,168,,
566,115,Car Loan,2103000,7.63,84,32391.49,2025-07-25,2032-07-25,Closed,22,2025-07-09,2025-07-25,0.00,84,,
280,43,Personal Loan,1355000,10.07,12,119170.15,2023-12-08,2024-12-08,Active,67,2023-11-11,2023-12-08,0.00,12,2025-01-08,
799,1222,Business Loan,2201000,13.61,108,35449.73,2024-10-05,2033-10-05,Pending,,,2024-10-05,2201000,0,,
332,993,Business Loan,2127000,12.45,108,32838.96,2023-02-11,2032-02-11,Pending,,,2023-02-11,2127000,0,,
399,1484,Car Loan,1593000,11.32,48,41419.91,2021-12-27,2025-12-27,Active,47,2021-12-12,2021-12-27,0.00,48,2026-01-27,
811,796,Car Loan,1362000,8.06,72,23920.2,2023-05-20,2029-05-20,Defaulted,48,2023-04-21,2023-05-20,789366.60,39,2026-09-20,
842,636,Home Loan,3890000,8.7,204,36583.13,2025-02-22,2042-02-22,Active,29,2025-02-17,2025-02-22,6804462.18,18,2026-09-22,
283,1120,Personal Loan,112000,16.75,12,10201.65,2025-07-27,2026-07-27,Pending,,,2025-07-27,112000,0,,
901,535,Home Loan,1243000,7.62,204,10885.64,2024-12-03,2041-12-03,Approved,47,2024-11-07,2024-12-03,2002957.76,20,2026-09-03,
463,1204,Car Loan,2108000,9.45,48,52909.25,2022-02-14,2026-02-14,Active,22,2022-02-04,2022-02-14,0.00,48,2026-03-14,
629,1300,Car Loan,1324000,9.99,36,42715.54,2025-01-06,2028-01-06,Pending,,,2025-01-06,1324000,0,,
459,413,Personal Loan,728000,15.13,84,14101.19,2023-05-10,2030-05-10,Active,58,2023-05-08,2023-05-10,634553.55,39,2026-09-10,
695,1209,Education Loan,901000,8.25,96,12851.93,2022-09-24,2030-09-24,Active,11,2022-09-16,2022-09-24,629744.57,47,2026-09-24,
478,1207,Business Loan,2948000,9.06,36,93827.96,2025-04-27,2028-04-27,Closed,8,2025-04-20,2025-04-27,0.00,36,,
447,809,Home Loan,2445000,7.54,132,27308.87,2025-12-14,2036-12-14,Closed,19,2025-12-10,2025-12-14,0.00,132,,
139,130,Home Loan,5366000,8.08,144,58320.04,2025-03-28,2037-03-28,Approved,60,2025-03-03,2025-03-28,7406645.08,17,2026-09-28,
816,746,Home Loan,6353000,8.92,216,59175.29,2024-01-08,2042-01-08,Active,96,2023-12-19,2024-01-08,10947428.65,31,2026-09-08,
695,1421,Personal Loan,1370000,16.45,12,124593.2,2025-08-02,2026-08-02,Defaulted,26,2025-07-11,2025-08-02,373779.60,9,2026-06-02,
299,621,Personal Loan,643000,11.58,72,12430.78,2025-07-28,2031-07-28,Active,95,2025-07-23,2025-07-28,733416.02,13,2026-09-28,
917,769,Gold Loan,780000,8.18,12,67915.91,2023-04-02,2024-04-02,Pending,,,2023-04-02,780000,0,,
738,319,Personal Loan,1431000,11.19,60,31249.17,2022-06-15,2027-06-15,Active,72,2022-06-11,2022-06-15,312491.70,50,2026-09-15,
662,1145,Business Loan,1128000,13.62,72,23014.37,2025-09-13,2031-09-13,Rejected,,,2025-09-13,0.00,0,,Unstable employment history
355,81,Personal Loan,596000,17.76,36,21475.14,2023-10-09,2026-10-09,Active,23,2023-10-01,2023-10-09,42950.28,34,2026-09-09,
674,450,Education Loan,418000,9.41,96,6213.06,2026-01-12,2034-01-12,Rejected,,,2026-01-12,0.00,0,,Unstable employment history
745,42,Gold Loan,874000,8.4,12,76189.63,2026-03-30,2027-03-30,Closed,11,2026-03-27,2026-03-30,0.00,12,,
16,1435,Personal Loan,332000,14.49,24,16017.24,2024-08-25,2026-08-25,Closed,86,2024-08-12,2024-08-25,0.00,24,,
28,1124,Business Loan,2295000,11.27,36,75429.14,2023-02-23,2026-02-23,Active,35,2023-02-17,2023-02-23,0.00,36,2026-03-23,
224,74,Personal Loan,899000,13.01,84,16359.46,2021-12-21,2028-12-21,Active,87,2021-11-26,2021-12-21,458064.88,56,2026-09-21,
921,1360,Home Loan,1548000,7.87,156,15879.88,2026-07-11,2039-07-11,Active,83,2026-06-24,2026-07-11,2461381.40,1,2026-09-11,
682,701,Car Loan,828000,10.96,48,21384.01,2025-09-08,2029-09-08,Defaulted,85,2025-08-13,2025-09-08,791208.37,11,2026-09-08,
904,212,Education Loan,794000,6.92,96,10793.59,2024-06-01,2032-06-01,Active,46,2024-05-28,2024-06-01,755551.30,26,2026-09-01,
60,694,Car Loan,1791000,7.73,72,31166.45,2023-04-25,2029-04-25,Active,93,2023-04-04,2023-04-25,997326.40,40,2026-09-25,
404,1132,Gold Loan,529000,11.63,12,46909.49,2024-06-21,2025-06-21,Closed,73,2024-06-19,2024-06-21,0.00,12,,
928,1071,Education Loan,464000,10.43,180,5108.93,2023-04-20,2038-04-20,Active,30,2023-04-18,2023-04-20,715250.20,40,2026-09-20,
331,628,Car Loan,397000,9.6,84,6508.91,2025-06-11,2032-06-11,Active,31,2025-05-21,2025-06-11,455623.70,14,2026-09-11,
292,1384,Home Loan,1276000,8.52,240,11089.58,2024-04-30,2044-04-30,Approved,96,2024-04-25,2024-04-30,2350990.96,28,2026-09-30,
53,615,Business Loan,1928000,10.76,120,26296.95,2022-03-18,2032-03-18,Approved,40,2022-03-04,2022-03-18,1761895.65,53,2026-09-18,
586,94,Car Loan,1997000,9.24,84,32373.66,2025-03-23,2032-03-23,Closed,96,2025-03-03,2025-03-23,0.00,84,,
52,938,Car Loan,1678000,9.06,84,27048.6,2025-08-25,2032-08-25,Active,85,2025-07-28,2025-08-25,1947499.20,12,2026-09-25,
488,1018,Education Loan,941000,6.72,144,9537.18,2023-05-04,2035-05-04,Approved,89,2023-04-16,2023-05-04,1001403.90,39,2026-09-04,
621,320,Car Loan,1830000,7.69,72,31809.54,2022-12-02,2028-12-02,Closed,4,2022-11-23,2022-12-02,0.00,72,,
120,789,Business Loan,3481000,10.43,48,89007.73,2024-08-30,2028-08-30,Closed,96,2024-08-27,2024-08-30,0.00,48,,
474,1364,Education Loan,1619000,7.21,84,24601.59,2022-07-23,2029-07-23,Closed,10,2022-07-05,2022-07-23,0.00,84,,
385,93,Personal Loan,416000,14.47,12,37443.5,2021-10-28,2022-10-28,Active,53,2021-10-14,2021-10-28,0.00,12,2022-11-28,
742,600,Home Loan,3536000,7.97,192,32643.15,2023-03-29,2039-03-29,Closed,31,2023-03-06,2023-03-29,0.00,192,,
821,273,Education Loan,1147000,9.79,108,16018.11,2026-03-08,2035-03-08,Active,36,2026-02-12,2026-03-08,1649865.33,5,2026-09-08,
743,33,Business Loan,2289000,13.95,36,78177.02,2025-10-26,2028-10-26,Closed,60,2025-10-19,2025-10-26,0.00,36,,
505,632,Personal Loan,982000,13.54,12,87958.55,2021-09-30,2022-09-30,Closed,66,2021-09-23,2021-09-30,0.00,12,,
629,1112,Education Loan,1309000,9.94,84,21690.39,2021-10-16,2028-10-16,Active,64,2021-10-03,2021-10-16,563950.14,58,2026-09-16,
837,462,Gold Loan,920000,12.2,60,20557.99,2026-07-15,2031-07-15,Closed,22,2026-06-16,2026-07-15,0.00,60,,
468,1416,Education Loan,485000,8.7,96,7030.1,2025-02-21,2033-02-21,Pending,,,2025-02-21,485000,0,,
975,1333,Home Loan,7999000,8.94,120,101068.39,2025-02-19,2035-02-19,Defaulted,93,2025-02-11,2025-02-19,10308975.78,18,2026-09-19,
61,392,Gold Loan,891000,13.39,12,79744.81,2021-09-26,2022-09-26,Active,63,2021-09-18,2021-09-26,0.00,12,2022-10-26,
421,428,Education Loan,1992000,8.18,108,26119.52,2023-01-01,2032-01-01,Active,34,2022-12-22,2023-01-01,1697768.80,43,2026-09-01,
983,1335,Education Loan,1989000,6.72,156,19153.43,2025-11-27,2038-11-27,Pending,,,2025-11-27,1989000,0,,
451,721,Home Loan,2062000,9.32,168,22016.51,2024-06-27,2038-06-27,Active,9,2024-06-04,2024-06-27,3126344.42,26,2026-09-27,
629,1300,Education Loan,944000,8.0,144,10218.35,2023-10-02,2035-10-02,Defaulted,40,2023-09-04,2023-10-02,1124018.50,34,2026-09-02,
304,1295,Education Loan,484000,10.46,132,6186.28,2025-08-16,2036-08-16,Active,6,2025-07-19,2025-08-16,742353.60,12,2026-09-16,
797,1459,Car Loan,1347000,11.47,60,29603.76,2023-07-17,2028-07-17,Active,14,2023-07-05,2023-07-17,680886.48,37,2026-09-17,
932,10,Business Loan,900000,15.85,24,44002.32,2024-12-26,2026-12-26,Defaulted,14,2024-12-25,2024-12-26,176009.28,20,2026-09-26,
1,342,Personal Loan,1293000,17.9,84,27100.33,2025-06-05,2032-06-05,Closed,86,2025-05-26,2025-06-05,0.00,84,,
831,1456,Business Loan,3615000,15.7,84,71185.06,2024-05-16,2031-05-16,Rejected,,,2024-05-16,0.00,0,,Low credit score
534,1144,Education Loan,1794000,10.37,132,22837.89,2022-10-18,2033-10-18,Active,73,2022-09-22,2022-10-18,1964058.54,46,2026-09-18,
488,157,Gold Loan,702000,9.28,12,61482.12,2025-02-23,2026-02-23,Active,19,2025-01-28,2025-02-23,0.00,12,2026-03-23,
260,105,Business Loan,4051000,10.6,84,68513.93,2022-04-20,2029-04-20,Pending,,,2022-04-20,4051000,0,,
335,945,Education Loan,1995000,6.76,84,29876.38,2025-07-16,2032-07-16,Active,76,2025-07-15,2025-07-16,2121222.98,13,2026-09-16,
893,586,Personal Loan,133000,17.05,60,3308.97,2026-06-02,2031-06-02,Closed,20,2026-05-16,2026-06-02,0.00,60,,
3,537,Personal Loan,1207000,11.25,84,20825.78,2024-10-03,2031-10-03,Active,32,2024-09-10,2024-10-03,1291198.36,22,2026-09-03,
467,1190,Gold Loan,529000,11.68,48,13847.63,2024-04-03,2028-04-03,Closed,56,2024-03-17,2024-04-03,0.00,48,,
794,1426,Business Loan,850000,13.64,120,13014.28,2024-07-08,2034-07-08,Approved,27,2024-07-04,2024-07-08,1236356.60,25,2026-09-08,
178,471,Gold Loan,442000,9.98,60,9386.84,2022-01-07,2027-01-07,Approved,90,2021-12-21,2022-01-07,46934.20,55,2026-09-07,
517,921,Home Loan,7041000,8.5,168,71812.46,2022-07-16,2036-07-16,Active,80,2022-06-30,2022-07-16,8545682.74,49,2026-09-16,
221,72,Business Loan,1770000,11.71,108,26587.46,2023-04-20,2032-04-20,Defaulted,54,2023-03-28,2023-04-20,1807947.28,40,2026-09-20,
488,482,Home Loan,7681000,9.29,216,73325.74,2024-07-26,2042-07-26,Active,12,2024-07-19,2024-07-26,14005216.34,25,2026-09-26,
35,699,Gold Loan,848000,9.71,48,21389.56,2022-09-22,2026-09-22,Active,1,2022-09-16,2022-09-22,21389.56,47,2026-09-22,
356,979,Car Loan,1140000,10.32,72,21303.88,2022-04-22,2028-04-22,Defaulted,44,2022-03-31,2022-04-22,426077.60,52,2026-09-22,
322,395,Car Loan,684000,10.95,72,13001.8,2025-03-15,2031-03-15,Active,72,2025-03-13,2025-03-15,715099.00,17,2026-09-15,
28,1124,Gold Loan,543000,11.59,36,17929.22,2024-03-21,2027-03-21,Active,73,2024-02-22,2024-03-21,125504.54,29,2026-09-21,
853,1404,Business Loan,1902000,13.26,84,34870.53,2025-01-12,2032-01-12,Active,83,2024-12-24,2025-01-12,2266584.45,19,2026-09-12,
198,50,Home Loan,1845000,7.06,240,14370.79,2022-03-02,2042-03-02,Active,81,2022-02-26,2022-03-02,2687337.73,53,2026-09-02,
837,462,Car Loan,1653000,8.4,36,52104.58,2021-08-23,2024-08-23,Defaulted,42,2021-07-30,2021-08-23,156313.74,33,2024-06-23,
129,499,Education Loan,1695000,6.71,60,33331.6,2025-03-18,2030-03-18,Pending,,,2025-03-18,1695000,0,,
636,881,Education Loan,1764000,6.8,144,17953.12,2024-10-10,2036-10-10,Active,62,2024-10-08,2024-10-10,2190280.64,22,2026-09-10,
250,1005,Home Loan,1318000,9.32,132,15998.19,2022-07-08,2033-07-08,Active,60,2022-06-24,2022-07-08,1327849.77,49,2026-09-08,
811,935,Car Loan,2487000,9.43,48,62398.14,2021-10-23,2025-10-23,Defaulted,65,2021-10-03,2021-10-23,187194.42,45,2025-08-23,
712,554,Car Loan,1877000,10.22,36,60759.57,2025-07-17,2028-07-17,Active,12,2025-07-02,2025-07-17,1397470.11,13,2026-09-17,
155,1450,Personal Loan,1319000,12.74,84,23809.15,2024-04-02,2031-04-02,Active,40,2024-03-03,2024-04-02,1333312.40,28,2026-09-02,
568,1306,Gold Loan,768000,13.34,48,20733.35,2023-03-09,2027-03-09,Active,57,2023-02-28,2023-03-09,145133.45,41,2026-09-09,
464,99,Personal Loan,147000,15.98,36,5166.63,2023-02-11,2026-02-11,Defaulted,72,2023-02-02,2023-02-11,15499.89,33,2025-12-11,
787,138,Personal Loan,1417000,12.59,24,67094.2,2023-01-05,2025-01-05,Active,19,2022-12-11,2023-01-05,0.00,24,2025-02-05,
435,737,Education Loan,598000,7.5,108,7631.09,2025-03-22,2034-03-22,Active,26,2025-03-21,2025-03-22,694429.19,17,2026-09-22,
593,486,Business Loan,4425000,15.95,108,77415.22,2024-08-08,2033-08-08,Defaulted,53,2024-07-12,2024-08-08,6502878.48,24,2026-09-08,
125,856,Business Loan,3149000,13.5,36,106862.22,2023-06-03,2026-06-03,Active,46,2023-05-15,2023-06-03,0.00,36,2026-07-03,
63,372,Personal Loan,303000,16.11,84,6037.2,2024-03-21,2031-03-21,Active,83,2024-03-05,2024-03-21,332046.00,29,2026-09-21,
781,1164,Home Loan,7858000,7.2,192,69040.22,2026-02-12,2042-02-12,Closed,87,2026-01-22,2026-02-12,0.00,192,,
733,1160,Gold Loan,174000,12.33,60,3899.61,2024-03-14,2029-03-14,Closed,99,2024-03-02,2024-03-14,0.00,60,,
321,734,Business Loan,1835000,11.27,108,27113.09,2023-11-16,2032-11-16,Active,25,2023-10-17,2023-11-16,2033481.75,33,2026-09-16,
752,321,Home Loan,2560000,7.85,132,29017.2,2024-05-31,2035-05-31,Active,81,2024-05-09,2024-05-31,3046806.00,27,2026-09-30,
321,102,Home Loan,4225000,7.09,180,38188.4,2023-06-12,2038-06-12,Closed,29,2023-05-15,2023-06-12,0.00,180,,
314,801,Gold Loan,270000,10.61,36,8789.67,2025-08-13,2028-08-13,Closed,43,2025-08-11,2025-08-13,0.00,36,,
442,211,Gold Loan,735000,13.02,24,34950.14,2022-06-13,2024-06-13,Approved,50,2022-06-01,2022-06-13,0.00,24,2024-07-13,
661,40,Business Loan,865000,11.33,84,14961.42,2024-08-26,2031-08-26,Active,43,2024-08-25,2024-08-26,897685.20,24,2026-09-26,
252,127,Business Loan,2522000,13.96,96,43753.53,2022-06-16,2030-06-16,Active,46,2022-06-10,2022-06-16,2012662.38,50,2026-09-16,
488,1018,Gold Loan,587000,11.85,60,13013.04,2026-07-16,2031-07-16,Active,18,2026-07-12,2026-07-16,767769.36,1,2026-09-16,
158,610,Education Loan,593000,7.78,144,6347.63,2021-11-12,2033-11-12,Defaulted,34,2021-10-18,2021-11-12,552243.81,57,2026-09-12,
472,144,Education Loan,620000,8.19,84,9722.25,2026-05-01,2033-05-01,Closed,73,2026-04-07,2026-05-01,0.00,84,,
30,639,Gold Loan,100000,12.77,48,2671.35,2025-04-17,2029-04-17,Defaulted,55,2025-03-23,2025-04-17,85483.20,16,2026-09-17,
418,1232,Personal Loan,479000,14.58,48,13229.17,2024-09-19,2028-09-19,Active,18,2024-09-01,2024-09-19,330729.25,23,2026-09-19,
787,404,Business Loan,1486000,11.2,72,28437.1,2023-07-27,2029-07-27,Approved,29,2023-06-30,2023-07-27,995298.50,37,2026-09-27,
83,883,Home Loan,2296000,9.45,192,23233.74,2024-04-27,2040-04-27,Active,11,2024-04-09,2024-04-27,3810333.36,28,2026-09-27,
349,830,Gold Loan,359000,13.44,24,17141.8,2025-05-27,2027-05-27,Pending,,,2025-05-27,359000,0,,
435,737,Home Loan,5752000,8.43,204,53151.83,2024-01-10,2041-01-10,Closed,21,2023-12-20,2024-01-10,0.00,204,,
496,934,Gold Loan,83000,10.81,60,1796.77,2023-04-14,2028-04-14,Active,51,2023-04-12,2023-04-14,35935.40,40,2026-09-14,
452,711,Business Loan,1816000,13.45,36,61582.57,2021-09-29,2024-09-29,Active,73,2021-09-28,2021-09-29,0.00,36,2024-10-29,
395,777,Gold Loan,359000,10.15,60,7654.21,2025-03-13,2030-03-13,Pending,,,2025-03-13,359000,0,,
525,762,Personal Loan,382000,17.49,12,34929.11,2023-05-25,2024-05-25,Closed,70,2023-05-22,2023-05-25,0.00,12,,
51,85,Personal Loan,979000,17.74,48,28625.29,2021-09-26,2025-09-26,Approved,27,2021-09-18,2021-09-26,0.00,48,2025-10-26,
607,672,Personal Loan,594000,16.76,60,14685.88,2024-04-25,2029-04-25,Defaulted,45,2024-04-18,2024-04-25,469948.16,28,2026-09-25,
140,985,Business Loan,3697000,10.6,120,50092.7,2022-10-03,2032-10-03,Active,4,2022-09-15,2022-10-03,3706859.80,46,2026-09-03,
115,444,Education Loan,1688000,8.3,168,17022.26,2026-06-11,2040-06-11,Active,98,2026-05-16,2026-06-11,2825695.16,2,2026-09-11,
851,25,Home Loan,6127000,8.57,120,76195.61,2025-08-22,2035-08-22,Active,89,2025-07-28,2025-08-22,8229125.88,12,2026-09-22,
115,1135,Education Loan,1023000,7.66,168,9944.71,2026-07-07,2040-07-07,Closed,76,2026-06-18,2026-07-07,0.00,168,,
742,753,Business Loan,3942000,13.59,60,90887.69,2023-01-17,2028-01-17,Active,97,2023-01-02,2023-01-17,1545090.73,43,2026-09-17,
173,1248,Gold Loan,395000,9.71,36,12691.83,2022-04-11,2025-04-11,Active,52,2022-03-18,2022-04-11,0.00,36,2025-05-11,
932,612,Gold Loan,738000,13.73,36,25126.42,2023-02-14,2026-02-14,Active,61,2023-01-31,2023-02-14,0.00,36,2026-03-14,
301,9,Car Loan,1516000,9.03,60,31491.74,2023-10-07,2028-10-07,Approved,2,2023-09-20,2023-10-07,818785.24,34,2026-09-07,
293,217,Car Loan,1817000,10.48,48,46503.79,2021-11-11,2025-11-11,Closed,86,2021-10-17,2021-11-11,0.00,48,,
704,1219,Education Loan,1268000,9.95,180,13587.23,2022-12-11,2037-12-11,Active,32,2022-11-21,2022-12-11,1847863.28,44,2026-09-11,
462,1244,Car Loan,2388000,10.32,48,60933.49,2025-04-16,2029-04-16,Defaulted,85,2025-04-05,2025-04-16,1949871.68,16,2026-09-16,
164,1035,Education Loan,728000,7.95,180,6936.15,2025-05-24,2040-05-24,Closed,13,2025-05-23,2025-05-24,0.00,180,,
753,1056,Home Loan,6107000,9.05,240,55142.8,2026-01-12,2046-01-12,Pending,,,2026-01-12,6107000,0,,
272,584,Business Loan,4892000,9.68,36,157117.14,2025-11-19,2028-11-19,Active,97,2025-11-01,2025-11-19,4242162.78,9,2026-09-19,
456,986,Car Loan,1025000,9.64,84,16826.16,2021-12-06,2028-12-06,Closed,21,2021-12-04,2021-12-06,0.00,84,,
598,1281,Personal Loan,1184000,17.23,36,42348.48,2025-02-28,2028-02-28,Active,52,2025-02-13,2025-02-28,762272.64,18,2026-09-28,
678,1347,Car Loan,2345000,8.42,84,37042.29,2023-11-17,2030-11-17,Active,68,2023-11-01,2023-11-17,1889156.79,33,2026-09-17,
43,28,Gold Loan,716000,13.2,24,34107.25,2023-05-11,2025-05-11,Active,87,2023-05-03,2023-05-11,0.00,24,2025-06-11,
502,146,Car Loan,1042000,11.32,48,27093.25,2026-05-11,2030-05-11,Closed,87,2026-05-05,2026-05-11,0.00,48,,
745,364,Car Loan,2402000,7.53,84,36878.11,2026-07-07,2033-07-07,Defaulted,90,2026-07-04,2026-07-07,3060883.13,1,2026-09-07,
586,575,Home Loan,1748000,7.25,180,15956.84,2022-01-13,2037-01-13,Approved,94,2021-12-22,2022-01-13,1994605.00,55,2026-09-13,
33,368,Personal Loan,593000,15.62,48,16690.6,2024-12-19,2028-12-19,Defaulted,7,2024-12-01,2024-12-19,467336.80,20,2026-09-19,
3,537,Car Loan,1337000,8.3,48,32828.68,2022-02-15,2026-02-15,Closed,92,2022-01-29,2022-02-15,0.00,48,,
780,234,Car Loan,2153000,9.33,48,53915.5,2026-05-01,2030-05-01,Closed,93,2026-04-15,2026-05-01,0.00,48,,
275,1239,Gold Loan,930000,10.6,24,43172.78,2022-08-29,2024-08-29,Active,93,2022-08-28,2022-08-29,0.00,24,2024-09-29,
890,396,Education Loan,1677000,8.37,144,18494.67,2024-03-19,2036-03-19,Rejected,,,2024-03-19,0.00,0,,Unstable employment history
39,1425,Education Loan,1892000,7.39,108,24037.33,2024-12-19,2033-12-19,Closed,90,2024-12-09,2024-12-19,0.00,108,,
414,569,Business Loan,3488000,15.3,24,169619.01,2022-11-02,2024-11-02,Active,50,2022-10-19,2022-11-02,0.00,24,2024-12-02,
503,1188,Gold Loan,68000,11.98,36,2257.92,2021-12-10,2024-12-10,Active,1,2021-11-12,2021-12-10,0.00,36,2025-01-10,
553,1336,Gold Loan,856000,10.41,24,39662.24,2023-02-07,2025-02-07,Closed,88,2023-01-31,2023-02-07,0.00,24,,
333,434,Education Loan,1829000,9.96,180,19609.79,2026-03-04,2041-03-04,Defaulted,64,2026-02-06,2026-03-04,3431713.25,5,2026-09-04,
172,129,Personal Loan,1124000,15.77,60,27196.33,2025-09-25,2030-09-25,Pending,,,2025-09-25,1124000,0,,
71,1029,Gold Loan,113000,8.22,12,9841.19,2022-12-25,2023-12-25,Active,100,2022-11-26,2022-12-25,0.00,12,2024-01-25,
331,225,Car Loan,1683000,10.6,72,31690.61,2025-01-03,2031-01-03,Closed,85,2025-01-02,2025-01-03,0.00,72,,
220,887,Home Loan,7202000,7.28,144,75143.31,2025-07-26,2037-07-26,Active,74,2025-06-26,2025-07-26,9843773.61,13,2026-09-26,
846,346,Home Loan,7281000,7.4,132,80782.26,2024-01-18,2035-01-18,Closed,21,2024-01-14,2024-01-18,0.00,132,,
179,135,Home Loan,5669000,8.44,132,66064.8,2025-08-17,2036-08-17,Active,49,2025-07-23,2025-08-17,7927776.00,12,2026-09-17,
954,555,Home Loan,1491000,9.43,144,17331.14,2026-03-09,2038-03-09,Active,41,2026-02-13,2026-03-09,2409028.46,5,2026-09-09,
149,1259,Gold Loan,704000,11.59,36,23245.25,2022-10-06,2025-10-06,Defaulted,77,2022-09-11,2022-10-06,69735.75,33,2025-08-06,
16,629,Home Loan,1747000,8.04,192,16199.46,2023-08-25,2039-08-25,Active,33,2023-08-18,2023-08-25,2527115.76,36,2026-09-25,
16,1435,Gold Loan,444000,11.92,12,39432.25,2026-01-10,2027-01-10,Active,87,2026-01-06,2026-01-10,197161.25,7,2026-09-10,
498,973,Education Loan,302000,10.43,156,3543.45,2022-10-23,2035-10-23,Rejected,,,2022-10-23,0.00,0,,Insufficient income
780,1362,Education Loan,1406000,6.89,144,14376.73,2024-09-03,2036-09-03,Active,23,2024-08-06,2024-09-03,1739584.33,23,2026-09-03,
365,204,Education Loan,1455000,6.94,120,16848.82,2021-10-16,2031-10-16,Closed,26,2021-10-03,2021-10-16,0.00,120,,
156,194,Gold Loan,234000,9.84,60,4953.41,2022-03-12,2027-03-12,Closed,86,2022-02-28,2022-03-12,0.00,60,,
379,658,Car Loan,384000,10.12,72,7137.18,2026-02-13,2032-02-13,Closed,21,2026-01-15,2026-02-13,0.00,72,,
530,456,Business Loan,3464000,14.71,48,95897.26,2025-08-21,2029-08-21,Defaulted,1,2025-08-09,2025-08-21,3452301.36,12,2026-09-21,
790,1179,Home Loan,3127000,7.26,180,28562.85,2023-07-17,2038-07-17,Pending,,,2023-07-17,3127000,0,,
412,680,Home Loan,2384000,8.61,156,25447.19,2024-09-12,2037-09-12,Closed,62,2024-08-13,2024-09-12,0.00,156,,
350,334,Home Loan,3414000,8.47,156,36170.7,2021-10-03,2034-10-03,Defaulted,85,2021-09-18,2021-10-03,3544728.60,58,2026-09-03,
770,358,Education Loan,1229000,10.26,96,18818.55,2022-05-20,2030-05-20,Active,1,2022-05-05,2022-05-20,846834.75,51,2026-09-20,
459,413,Gold Loan,302000,13.84,36,10298.19,2022-03-09,2025-03-09,Defaulted,31,2022-02-18,2022-03-09,30894.57,33,2025-01-09,
507,1489,Business Loan,3391000,11.77,84,59444.13,2026-07-13,2033-07-13,Active,40,2026-06-25,2026-07-13,4933862.79,1,2026-09-13,
699,309,Education Loan,1746000,7.59,96,24320.35,2025-04-30,2033-04-30,Active,89,2025-04-06,2025-04-30,1945628.00,16,2026-09-30,
249,960,Business Loan,4834000,10.77,120,65960.56,2024-05-15,2034-05-15,Active,24,2024-05-02,2024-05-15,6134332.08,27,2026-09-15,
366,1174,Gold Loan,268000,8.04,36,8403.09,2024-05-16,2027-05-16,Approved,93,2024-05-04,2024-05-16,75627.81,27,2026-09-16,
127,1424,Car Loan,1754000,9.41,60,36760.17,2025-11-27,2030-11-27,Active,64,2025-11-16,2025-11-27,1874768.67,9,2026-09-27,
551,1034,Education Loan,1655000,7.77,60,33375.56,2024-02-10,2029-02-10,Active,75,2024-01-18,2024-02-10,1001266.80,30,2026-09-10,
336,910,Personal Loan,528000,10.81,24,24562.39,2024-01-22,2026-01-22,Active,57,2023-12-23,2024-01-22,0.00,24,2026-02-22,
867,592,Personal Loan,342000,15.35,84,6666.83,2021-11-09,2028-11-09,Rejected,,,2021-11-09,0.00,0,,Low credit score
984,656,Education Loan,237000,9.31,168,2529.11,2024-05-12,2038-05-12,Rejected,,,2024-05-12,0.00,0,,Unstable employment history
501,349,Business Loan,4888000,15.53,60,117649.46,2023-02-10,2028-02-10,Active,14,2023-01-12,2023-02-10,2117690.28,42,2026-09-10,
617,1187,Education Loan,666000,10.06,168,7404.65,2023-05-01,2037-05-01,Rejected,,,2023-05-01,0.00,0,,Insufficient income
99,88,Home Loan,1797000,9.02,240,16191.2,2024-12-10,2044-12-10,Closed,55,2024-11-28,2024-12-10,0.00,240,,
682,701,Personal Loan,572000,17.82,24,28506.86,2025-10-12,2027-10-12,Closed,41,2025-10-09,2025-10-12,0.00,24,,
289,161,Personal Loan,1496000,14.22,12,134476.43,2021-08-30,2022-08-30,Closed,61,2021-08-03,2021-08-30,0.00,12,,
957,327,Education Loan,1724000,7.93,156,17742.91,2024-10-26,2037-10-26,Active,54,2024-10-18,2024-10-26,2377549.94,22,2026-09-26,
155,1009,Education Loan,1942000,9.69,96,29150.64,2023-07-08,2031-07-08,Active,37,2023-06-14,2023-07-08,1719887.76,37,2026-09-08,
560,924,Car Loan,763000,8.61,36,24124.94,2023-07-14,2026-07-14,Approved,72,2023-07-01,2023-07-14,0.00,36,2026-08-14,
938,441,Personal Loan,96000,15.07,24,4657.91,2024-12-09,2026-12-09,Active,17,2024-11-17,2024-12-09,18631.64,20,2026-09-09,
178,471,Car Loan,2157000,11.45,48,56221.34,2025-05-21,2029-05-21,Defaulted,1,2025-05-19,2025-05-21,1855304.22,15,2026-09-21,
960,1161,Car Loan,336000,8.52,48,8285.0,2024-11-25,2028-11-25,Approved,81,2024-11-21,2024-11-25,223695.00,21,2026-09-25,
282,764,Car Loan,774000,10.9,36,25303.13,2025-11-20,2028-11-20,Closed,9,2025-10-26,2025-11-20,0.00,36,,
954,552,Business Loan,908000,11.93,72,17718.54,2022-08-24,2028-08-24,Active,28,2022-08-07,2022-08-24,425244.96,48,2026-09-24,
448,67,Business Loan,842000,11.93,60,18700.05,2021-09-02,2026-09-02,Defaulted,73,2021-08-26,2021-09-02,56100.15,57,2026-07-02,
186,778,Car Loan,2132000,10.44,84,35880.31,2022-07-12,2029-07-12,Active,16,2022-06-16,2022-07-12,1255810.85,49,2026-09-12,
908,35,Car Loan,694000,11.0,60,15089.24,2023-05-06,2028-05-06,Closed,10,2023-04-11,2023-05-06,0.00,60,,
590,754,Education Loan,1820000,7.64,168,17672.0,2022-05-21,2036-05-21,Active,18,2022-04-26,2022-05-21,2067624.00,51,2026-09-21,
837,122,Home Loan,4239000,7.07,228,33841.79,2024-01-02,2043-01-02,Closed,97,2023-12-20,2024-01-02,0.00,228,,
355,818,Gold Loan,281000,8.27,48,6895.7,2023-08-10,2027-08-10,Defaulted,53,2023-08-06,2023-08-10,82748.40,36,2026-09-10,
816,459,Car Loan,400000,7.55,72,6925.73,2022-12-07,2028-12-07,Active,30,2022-12-04,2022-12-07,193920.44,44,2026-09-07,
537,852,Business Loan,4715000,10.57,96,72976.13,2025-01-09,2033-01-09,Active,75,2024-12-21,2025-01-09,5619162.01,19,2026-09-09,
461,820,Personal Loan,937000,17.49,24,46548.31,2026-02-26,2028-02-26,Active,4,2026-02-19,2026-02-26,837869.58,6,2026-09-26,
823,1058,Business Loan,2027000,13.74,48,55126.76,2025-03-08,2029-03-08,Rejected,,,2025-03-08,0.00,0,,Insufficient income
427,566,Gold Loan,62000,10.57,60,1334.77,2024-11-21,2029-11-21,Active,90,2024-11-04,2024-11-21,52056.03,21,2026-09-21,
950,1296,Education Loan,999000,10.41,180,10987.26,2026-02-09,2041-02-09,Approved,18,2026-02-02,2026-02-09,1911783.24,6,2026-09-09,
197,1453,Car Loan,2375000,11.19,72,45437.4,2022-03-27,2028-03-27,Active,15,2022-03-07,2022-03-27,863310.60,53,2026-09-27,
836,848,Home Loan,3422000,7.83,192,31310.58,2025-01-08,2041-01-08,Closed,56,2024-12-30,2025-01-08,0.00,192,,
451,721,Personal Loan,187000,14.63,48,5169.34,2024-10-31,2028-10-31,Active,34,2024-10-06,2024-10-31,134402.84,22,2026-09-30,
731,431,Car Loan,2275000,10.66,72,42907.39,2025-01-14,2031-01-14,Active,13,2024-12-24,2025-01-14,2274091.67,19,2026-09-14,
617,1187,Car Loan,667000,11.38,72,12825.93,2023-08-08,2029-08-08,Active,11,2023-07-18,2023-08-08,461733.48,36,2026-09-08,
954,555,Gold Loan,955000,10.69,12,84266.45,2023-03-24,2024-03-24,Defaulted,4,2023-03-17,2023-03-24,252799.35,9,2024-01-24,
570,763,Business Loan,1045000,12.31,108,16050.75,2023-03-30,2032-03-30,Rejected,,,2023-03-30,0.00,0,,Unstable employment history
752,321,Business Loan,4091000,13.16,24,194801.19,2025-03-09,2027-03-09,Defaulted,17,2025-02-12,2025-03-09,1363608.33,17,2026-09-09,
87,776,Business Loan,1361000,12.78,24,64563.87,2021-11-15,2023-11-15,Active,71,2021-11-03,2021-11-15,0.00,24,2023-12-15,
882,1074,Home Loan,3189000,7.69,192,28918.77,2025-05-11,2041-05-11,Active,17,2025-05-06,2025-05-11,5118622.29,15,2026-09-11,
700,1063,Business Loan,973000,14.79,84,18661.29,2022-08-12,2029-08-12,Closed,14,2022-07-18,2022-08-12,0.00,84,,
295,623,Education Loan,785000,10.3,156,9149.92,2022-12-25,2035-12-25,Active,24,2022-12-21,2022-12-25,1024791.04,44,2026-09-25,
6,1117,Gold Loan,925000,13.42,60,21246.0,2022-09-05,2027-09-05,Active,78,2022-08-18,2022-09-05,276198.00,47,2026-09-05,
768,1061,Education Loan,214000,9.95,120,2822.1,2022-01-21,2032-01-21,Active,25,2022-01-14,2022-01-21,183436.50,55,2026-09-21,
846,346,Gold Loan,196000,8.94,24,8948.81,2024-01-04,2026-01-04,Active,33,2023-12-14,2024-01-04,0.00,24,2026-02-04,
842,1118,Education Loan,1717000,8.08,132,19674.35,2025-01-10,2036-01-10,Closed,22,2024-12-15,2025-01-10,0.00,132,,
941,281,Car Loan,2495000,10.76,36,81399.82,2023-05-04,2026-05-04,Active,76,2023-05-03,2023-05-04,0.00,36,2026-06-04,
875,1423,Education Loan,1149000,9.26,156,12692.5,2022-04-24,2035-04-24,Active,82,2022-03-31,2022-04-24,1320020.00,52,2026-09-24,
942,1079,Personal Loan,1257000,14.55,24,60679.31,2023-09-09,2025-09-09,Rejected,,,2023-09-09,0.00,0,,Unstable employment history
238,177,Car Loan,793000,8.66,36,25091.89,2022-05-16,2025-05-16,Active,11,2022-04-20,2022-05-16,0.00,36,2025-06-16,
352,479,Gold Loan,166000,10.38,12,14623.39,2025-11-15,2026-11-15,Pending,,,2025-11-15,166000,0,,
869,263,Personal Loan,1034000,17.05,36,36890.66,2026-05-12,2029-05-12,Approved,100,2026-05-04,2026-05-12,1217391.78,3,2026-09-12,
847,732,Personal Loan,467000,16.28,36,16482.96,2023-07-25,2026-07-25,Active,90,2023-07-08,2023-07-25,0.00,36,2026-08-25,
478,652,Gold Loan,793000,12.92,36,26688.76,2026-02-04,2029-02-04,Active,46,2026-02-01,2026-02-04,800662.80,6,2026-09-04,
321,1257,Education Loan,1981000,10.28,144,23996.04,2024-10-18,2036-10-18,Approved,34,2024-10-02,2024-10-18,2927516.88,22,2026-09-18,
51,85,Car Loan,1009000,9.71,36,32420.39,2022-12-27,2025-12-27,Active,53,2022-12-05,2022-12-27,0.00,36,2026-01-27,
267,1169,Gold Loan,811000,13.38,36,27474.47,2026-03-08,2029-03-08,Approved,31,2026-03-01,2026-03-08,851708.57,5,2026-09-08,
428,228,Personal Loan,1426000,12.88,24,67714.29,2022-07-11,2024-07-11,Defaulted,88,2022-06-28,2022-07-11,203142.87,21,2024-05-11,
925,237,Gold Loan,559000,10.06,60,11893.61,2023-01-05,2028-01-05,Defaulted,23,2022-12-26,2023-01-05,202191.37,43,2026-09-05,
65,39,Personal Loan,632000,16.96,12,57629.41,2023-09-12,2024-09-12,Active,56,2023-09-03,2023-09-12,0.00,12,2024-10-12,
286,1473,Business Loan,4629000,13.95,72,95260.08,2026-04-14,2032-04-14,Defaulted,32,2026-03-27,2026-04-14,6477685.44,4,2026-09-14,
112,631,Gold Loan,338000,10.06,24,15606.35,2026-01-06,2028-01-06,Pending,,,2026-01-06,338000,0,,
398,400,Personal Loan,463000,17.49,24,23000.93,2022-01-08,2024-01-08,Active,6,2021-12-14,2022-01-08,0.00,24,2024-02-08,
238,177,Home Loan,3402000,9.29,228,31821.11,2025-11-22,2044-11-22,Active,78,2025-10-23,2025-11-22,6968823.09,9,2026-09-22,
211,306,Business Loan,1093000,12.17,96,17866.61,2022-05-14,2030-05-14,Closed,80,2022-05-10,2022-05-14,0.00,96,,
265,773,Business Loan,709000,11.81,24,33312.22,2024-01-07,2026-01-07,Active,38,2023-12-16,2024-01-07,0.00,24,2026-02-07,
393,1015,Home Loan,3637000,9.45,240,33782.95,2026-03-21,2046-03-21,Pending,,,2026-03-21,3637000,0,,
401,439,Education Loan,158000,6.89,96,2145.49,2025-07-30,2033-07-30,Closed,22,2025-07-04,2025-07-30,0.00,96,,
336,366,Education Loan,960000,7.12,72,16422.42,2025-05-20,2031-05-20,Approved,25,2025-05-08,2025-05-20,936077.94,15,2026-09-20,
312,1288,Gold Loan,293000,13.59,36,9955.8,2025-01-22,2028-01-22,Closed,32,2025-01-07,2025-01-22,0.00,36,,
154,685,Gold Loan,190000,13.05,60,4327.95,2024-03-31,2029-03-31,Active,81,2024-03-12,2024-03-31,134166.45,29,2026-09-30,
372,890,Home Loan,7021000,8.27,216,62582.94,2022-06-01,2040-06-01,Closed,33,2022-05-06,2022-06-01,0.00,216,,
454,514,Business Loan,3932000,13.39,72,79743.04,2024-03-12,2030-03-12,Active,71,2024-03-04,2024-03-12,3428950.72,29,2026-09-12,
306,714,Business Loan,2189000,15.44,36,76354.92,2026-01-09,2029-01-09,Closed,12,2025-12-19,2026-01-09,0.00,36,,
629,501,Gold Loan,696000,12.26,12,61923.44,2021-11-17,2022-11-17,Closed,2,2021-11-06,2021-11-17,0.00,12,,
804,123,Business Loan,4130000,15.6,108,71381.55,2024-12-19,2033-12-19,Closed,62,2024-11-27,2024-12-19,0.00,108,,
320,952,Business Loan,2936000,9.01,24,134143.87,2021-09-19,2023-09-19,Pending,,,2021-09-19,2936000,0,,
648,1027,Gold Loan,161000,8.74,48,3986.64,2024-01-20,2028-01-20,Approved,4,2023-12-26,2024-01-20,67772.88,31,2026-09-20,
765,512,Education Loan,392000,9.79,72,7220.68,2022-06-16,2028-06-16,Closed,46,2022-06-06,2022-06-16,0.00,72,,
610,990,Personal Loan,598000,12.27,12,53207.14,2022-02-09,2023-02-09,Closed,82,2022-01-25,2022-02-09,0.00,12,,
87,637,Personal Loan,1355000,13.37,60,31087.67,2022-12-10,2027-12-10,Active,89,2022-11-15,2022-12-10,497402.72,44,2026-09-10,
917,1491,Business Loan,630000,9.8,60,13323.73,2023-03-16,2028-03-16,Active,64,2023-02-19,2023-03-16,253150.87,41,2026-09-16,
944,1080,Home Loan,3944000,9.15,228,36538.35,2025-07-05,2044-07-05,Active,39,2025-07-01,2025-07-05,7855745.25,13,2026-09-05,
854,60,Car Loan,564000,10.51,48,14443.03,2026-05-19,2030-05-19,Active,33,2026-04-24,2026-05-19,649936.35,3,2026-09-19,
917,1491,Personal Loan,1192000,15.68,12,107970.76,2023-10-20,2024-10-20,Rejected,,,2023-10-20,0.00,0,,Insufficient income
759,1287,Home Loan,2597000,7.34,228,21151.43,2025-03-29,2044-03-29,Active,86,2025-02-27,2025-03-29,4462951.73,17,2026-09-29,
204,1307,Education Loan,545000,10.09,120,7229.4,2023-08-19,2033-08-19,Approved,1,2023-08-02,2023-08-19,607269.60,36,2026-09-19,
653,675,Car Loan,1719000,10.89,60,37280.99,2024-08-15,2029-08-15,Active,46,2024-08-08,2024-08-15,1342115.64,24,2026-09-15,
693,1115,Car Loan,1476000,8.49,72,26233.63,2025-08-08,2031-08-08,Closed,86,2025-08-02,2025-08-08,0.00,72,,
880,1208,Gold Loan,237000,11.53,48,6186.57,2024-04-04,2028-04-04,Defaulted,91,2024-03-23,2024-04-04,123731.40,28,2026-09-04,
822,744,Business Loan,2340000,13.66,96,40197.84,2024-01-03,2032-01-03,Closed,6,2023-12-31,2024-01-03,0.00,96,,
600,1434,Home Loan,7825000,8.57,132,91745.01,2023-09-29,2034-09-29,Closed,31,2023-09-23,2023-09-29,0.00,132,,
507,1023,Home Loan,3102000,8.69,216,28450.78,2023-03-12,2041-03-12,Active,46,2023-03-04,2023-03-12,4978886.50,41,2026-09-12,
680,544,Gold Loan,931000,11.95,12,82696.45,2026-05-15,2027-05-15,Defaulted,59,2026-04-26,2026-05-15,744268.05,3,2026-09-15,
297,330,Car Loan,1674000,10.94,84,28610.18,2024-02-18,2031-02-18,Active,79,2024-02-11,2024-02-18,1544949.72,30,2026-09-18,
939,140,Personal Loan,121000,12.49,72,2396.52,2022-11-09,2028-11-09,Active,7,2022-11-02,2022-11-09,64706.04,45,2026-09-09,
16,1128,Home Loan,7966000,9.14,240,72390.99,2022-05-19,2042-05-19,Pending,,,2022-05-19,7966000,0,,
505,460,Gold Loan,438000,8.16,12,38133.34,2022-05-16,2023-05-16,Active,8,2022-05-12,2022-05-16,0.00,12,2023-06-16,
870,430,Business Loan,4573000,12.86,36,153774.25,2026-01-13,2029-01-13,Closed,76,2025-12-25,2026-01-13,0.00,36,,
102,585,Personal Loan,1250000,14.78,84,23966.91,2022-05-22,2029-05-22,Active,21,2022-05-20,2022-05-22,790908.03,51,2026-09-22,
122,54,Business Loan,2409000,13.51,84,44495.13,2022-09-15,2029-09-15,Active,32,2022-09-10,2022-09-15,1646319.81,47,2026-09-15,
675,317,Gold Loan,123000,11.86,12,10920.35,2024-09-01,2025-09-01,Rejected,,,2024-09-01,0.00,0,,Low credit score
594,163,Gold Loan,525000,13.94,60,12199.51,2022-09-04,2027-09-04,Active,47,2022-08-26,2022-09-04,158593.63,47,2026-09-04,
965,1126,Education Loan,1162000,7.35,144,12167.68,2024-01-20,2036-01-20,Active,43,2023-12-31,2024-01-20,1374947.84,31,2026-09-20,
654,159,Business Loan,4634000,9.71,36,148896.01,2023-10-15,2026-10-15,Active,62,2023-09-30,2023-10-15,297792.02,34,2026-09-15,
372,890,Education Loan,133000,9.55,168,1438.17,2024-03-12,2038-03-12,Pending,,,2024-03-12,133000,0,,
710,1357,Car Loan,1922000,11.19,36,63096.89,2025-05-09,2028-05-09,Approved,46,2025-04-14,2025-05-09,1325034.69,15,2026-09-09,
467,1190,Car Loan,1582000,7.61,36,49290.0,2025-02-14,2028-02-14,Active,58,2025-01-27,2025-02-14,887220.00,18,2026-09-14,
751,869,Education Loan,1461000,8.26,168,14699.67,2021-08-23,2035-08-23,Active,16,2021-08-17,2021-08-23,1587564.36,60,2026-09-23,
811,796,Gold Loan,461000,9.3,60,9636.86,2025-10-13,2030-10-13,Active,15,2025-10-05,2025-10-13,481843.00,10,2026-09-13,
534,752,Education Loan,523000,7.02,144,5384.01,2022-03-03,2034-03-03,Rejected,,,2022-03-03,0.00,0,,High existing liabilities
973,1142,Personal Loan,260000,17.93,36,9390.5,2024-07-29,2027-07-29,Active,59,2024-07-18,2024-07-29,103295.50,25,2026-09-29,
351,1167,Business Loan,4978000,10.19,84,83130.22,2025-01-31,2032-01-31,Active,53,2025-01-21,2025-01-31,5403464.30,19,2026-09-30,
135,1198,Gold Loan,885000,10.49,12,78007.39,2023-11-28,2024-11-28,Active,96,2023-11-05,2023-11-28,0.00,12,2024-12-28,
413,112,Home Loan,2476000,7.11,216,20351.25,2022-11-15,2040-11-15,Approved,81,2022-10-24,2022-11-15,3480063.75,45,2026-09-15,
29,257,Home Loan,4660000,8.33,216,41708.55,2025-08-21,2043-08-21,Active,29,2025-08-05,2025-08-21,8508544.20,12,2026-09-21,
301,1082,Education Loan,846000,6.56,168,7710.01,2022-05-11,2036-05-11,Closed,48,2022-04-12,2022-05-11,0.00,168,,
102,585,Business Loan,2713000,11.51,120,38159.07,2025-04-29,2035-04-29,Active,61,2025-04-20,2025-04-29,3968543.28,16,2026-09-29,
64,983,Gold Loan,510000,13.6,36,17331.67,2023-12-21,2026-12-21,Active,44,2023-11-21,2023-12-21,69326.68,32,2026-09-21,
955,780,Personal Loan,735000,10.98,24,34249.94,2022-07-27,2024-07-27,Pending,,,2022-07-27,735000,0,,
107,1297,Business Loan,3550000,14.59,72,74276.62,2025-09-26,2031-09-26,Approved,7,2025-08-27,2025-09-26,4530873.82,11,2026-09-26,
150,1299,Home Loan,4339000,8.93,204,41415.93,2023-10-04,2040-10-04,Active,24,2023-10-02,2023-10-04,7040708.10,34,2026-09-04,
357,1163,Education Loan,570000,9.54,108,7883.56,2023-06-30,2032-06-30,Rejected,,,2023-06-30,0.00,0,,Insufficient income
592,1107,Car Loan,536000,7.85,72,9358.61,2025-12-22,2031-12-22,Active,72,2025-12-17,2025-12-22,598951.04,8,2026-09-22,
488,482,Business Loan,2102000,10.2,36,68023.17,2022-04-24,2025-04-24,Pending,,,2022-04-24,2102000,0,,
535,1185,Car Loan,1156000,9.59,84,18946.97,2026-04-16,2033-04-16,Closed,5,2026-03-19,2026-04-16,0.00,84,,
985,458,Education Loan,1446000,9.59,144,16940.09,2024-05-11,2036-05-11,Active,78,2024-04-26,2024-05-11,1981990.53,27,2026-09-11,
339,891,Car Loan,780000,10.9,60,16920.22,2022-08-06,2027-08-06,Active,29,2022-07-10,2022-08-06,203042.64,48,2026-09-06,
341,95,Personal Loan,192000,13.74,72,3929.62,2025-03-22,2031-03-22,Pending,,,2025-03-22,192000,0,,
926,1235,Home Loan,5264000,7.33,144,55064.39,2026-06-19,2038-06-19,Active,89,2026-05-26,2026-06-19,7819143.38,2,2026-09-19,
170,250,Home Loan,5245000,8.41,144,57960.37,2025-03-14,2037-03-14,Active,37,2025-03-04,2025-03-14,7360966.99,17,2026-09-14,
797,898,Personal Loan,585000,16.38,24,28749.75,2026-07-02,2028-07-02,Defaulted,60,2026-06-06,2026-07-02,661244.25,1,2026-09-02,
425,605,Home Loan,3746000,8.08,120,45607.82,2026-02-02,2036-02-02,Active,51,2026-01-15,2026-02-02,5199291.48,6,2026-09-02,
884,19,Car Loan,1441000,7.58,36,44877.02,2022-02-26,2025-02-26,Active,14,2022-02-10,2022-02-26,0.00,36,2025-03-26,
359,583,Home Loan,7372000,8.46,240,63789.42,2023-07-21,2043-07-21,Approved,27,2023-06-25,2023-07-21,12949252.26,37,2026-09-21,
74,1057,Home Loan,1857000,9.5,120,24029.13,2024-12-21,2034-12-21,Active,79,2024-12-11,2024-12-21,2402913.00,20,2026-09-21,
949,1230,Home Loan,6464000,9.08,204,62295.46,2025-12-04,2042-12-04,Active,78,2025-11-17,2025-12-04,12209910.16,8,2026-09-04,
303,125,Car Loan,1004000,8.44,48,24718.47,2024-01-22,2028-01-22,Defaulted,53,2024-01-06,2024-01-22,420213.99,31,2026-09-22,
552,833,Gold Loan,950000,13.42,24,45352.37,2023-09-21,2025-09-21,Closed,37,2023-09-15,2023-09-21,0.00,24,,
820,677,Business Loan,2955000,9.81,36,95086.16,2022-04-10,2025-04-10,Closed,58,2022-03-14,2022-04-10,0.00,36,,
538,1123,Home Loan,7734000,8.87,192,75535.33,2024-12-23,2040-12-23,Defaulted,46,2024-12-03,2024-12-23,12992076.76,20,2026-09-23,
768,1061,Gold Loan,330000,10.71,48,8482.62,2021-08-31,2025-08-31,Closed,58,2021-08-19,2021-08-31,0.00,48,,
29,557,Car Loan,1212000,10.95,48,31295.35,2023-10-09,2027-10-09,Approved,82,2023-09-11,2023-10-09,438134.90,34,2026-09-09,
773,229,Personal Loan,524000,14.85,72,11037.35,2024-09-01,2030-09-01,Closed,79,2024-08-07,2024-09-01,0.00,72,,
116,1008,Home Loan,1037000,8.45,180,10181.38,2023-01-25,2038-01-25,Active,5,2023-01-13,2023-01-25,1394849.06,43,2026-09-25,
43,28,Gold Loan,579000,12.28,24,27331.31,2022-05-13,2024-05-13,Rejected,,,2022-05-13,0.00,0,,High existing liabilities
926,1183,Home Loan,5119000,7.36,216,42829.07,2023-05-21,2041-05-21,Active,4,2023-05-15,2023-05-21,7580745.39,39,2026-09-21,
884,1312,Car Loan,780000,10.77,60,16869.76,2022-11-13,2027-11-13,Active,100,2022-11-03,2022-11-13,253046.40,45,2026-09-13,
743,33,Home Loan,1711000,7.61,180,15968.32,2021-10-30,2036-10-30,Pending,,,2021-10-30,1711000,0,,
621,681,Business Loan,1677000,14.58,36,57789.43,2024-05-07,2027-05-07,Approved,30,2024-04-15,2024-05-07,520104.87,27,2026-09-07,
104,1482,Personal Loan,817000,15.79,12,74045.94,2022-06-17,2023-06-17,Approved,49,2022-05-25,2022-06-17,0.00,12,2023-07-17,
112,631,Home Loan,6444000,7.37,144,67546.63,2026-02-04,2038-02-04,Active,30,2026-01-13,2026-02-04,9321434.94,6,2026-09-04,
395,777,Car Loan,320000,11.35,84,5538.25,2026-05-27,2033-05-27,Rejected,,,2026-05-27,0.00,0,,Low credit score
661,40,Education Loan,696000,7.39,84,10637.69,2021-12-12,2028-12-12,Closed,31,2021-12-05,2021-12-12,0.00,84,,
269,41,Home Loan,5897000,7.33,144,61685.92,2021-11-09,2033-11-09,Pending,,,2021-11-09,5897000,0,,
941,281,Personal Loan,1159000,15.35,12,104800.89,2022-11-19,2023-11-19,Closed,12,2022-10-27,2022-11-19,0.00,12,,
289,202,Personal Loan,629000,13.1,48,16905.73,2025-09-24,2029-09-24,Active,93,2025-08-28,2025-09-24,625512.01,11,2026-09-24,
597,781,Business Loan,1173000,10.41,24,54350.24,2023-12-15,2025-12-15,Pending,,,2023-12-15,1173000,0,,
6,1117,Education Loan,1633000,8.17,60,33244.37,2022-08-08,2027-08-08,Closed,100,2022-08-04,2022-08-08,0.00,60,,
841,1446,Personal Loan,1082000,10.52,12,95386.87,2026-07-12,2027-07-12,Approved,37,2026-06-22,2026-07-12,1049255.57,1,2026-09-12,
267,1050,Home Loan,1287000,8.78,240,11398.0,2024-02-22,2044-02-22,Active,17,2024-01-23,2024-02-22,2393580.00,30,2026-09-22,
935,916,Education Loan,1678000,7.29,60,33456.48,2022-10-25,2027-10-25,Rejected,,,2022-10-25,0.00,0,,Low credit score
222,403,Home Loan,7072000,8.73,228,63637.47,2023-08-09,2042-08-09,Approved,81,2023-08-01,2023-08-09,12218394.24,36,2026-09-09,
827,1276,Business Loan,3559000,13.56,84,65833.64,2026-07-03,2033-07-03,Active,51,2026-06-08,2026-07-03,5464192.12,1,2026-09-03,
662,1145,Gold Loan,606000,13.67,60,13997.1,2023-05-03,2028-05-03,Active,54,2023-04-16,2023-05-03,293939.10,39,2026-09-03,
442,211,Home Loan,2846000,9.02,192,28053.77,2021-12-03,2037-12-03,Active,95,2021-12-01,2021-12-03,3815312.72,56,2026-09-03,
585,103,Personal Loan,1340000,14.46,48,36927.43,2022-04-15,2026-04-15,Defaulted,93,2022-04-14,2022-04-15,110782.29,45,2026-02-15,
916,748,Business Loan,3021000,13.06,120,45213.75,2025-09-12,2035-09-12,Active,38,2025-08-24,2025-09-12,4928298.75,11,2026-09-12,
955,997,Business Loan,3066000,15.95,84,60809.81,2022-01-07,2029-01-07,Active,80,2022-01-03,2022-01-07,1763484.49,55,2026-09-07,
906,411,Education Loan,644000,9.25,144,7419.89,2023-07-23,2035-07-23,Active,80,2023-07-20,2023-07-23,793928.23,37,2026-09-23,
250,315,Personal Loan,714000,13.22,84,13074.61,2023-03-01,2030-03-01,Rejected,,,2023-03-01,0.00,0,,High existing liabilities
448,67,Education Loan,741000,8.0,132,8458.85,2022-09-02,2033-09-02,Active,86,2022-08-14,2022-09-02,719002.25,47,2026-09-02,
128,242,Business Loan,4501000,12.9,60,102181.32,2021-12-24,2026-12-24,Active,72,2021-12-02,2021-12-24,408725.28,56,2026-09-24,
330,239,Home Loan,2086000,8.37,216,18721.45,2023-08-29,2041-08-29,Defaulted,24,2023-08-25,2023-08-29,3369861.00,36,2026-09-29,
989,1349,Gold Loan,465000,11.23,48,12070.17,2024-07-20,2028-07-20,Active,3,2024-07-12,2024-07-20,277613.91,25,2026-09-20,
941,281,Home Loan,5108000,7.7,132,57488.29,2024-04-25,2035-04-25,Active,98,2024-04-11,2024-04-25,5978782.16,28,2026-09-25,
904,212,Personal Loan,853000,11.72,72,16552.37,2022-03-02,2028-03-02,Closed,20,2022-02-11,2022-03-02,0.00,72,,
258,521,Home Loan,5844000,8.84,132,69383.57,2026-05-13,2037-05-13,Active,99,2026-05-11,2026-05-13,8950480.53,3,2026-09-13,
154,685,Car Loan,2022000,8.69,84,32214.9,2023-09-22,2030-09-22,Active,21,2023-09-06,2023-09-22,1578530.10,35,2026-09-22,
613,929,Home Loan,1500000,7.74,240,12304.98,2021-10-31,2041-10-31,Active,58,2021-10-06,2021-10-31,2239506.36,58,2026-09-30,
107,724,Gold Loan,352000,11.71,48,9219.47,2025-08-20,2029-08-20,Closed,86,2025-08-15,2025-08-20,0.00,48,,
974,1068,Personal Loan,627000,16.02,60,15254.09,2022-06-20,2027-06-20,Active,14,2022-05-28,2022-06-20,152540.90,50,2026-09-20,
916,748,Home Loan,5828000,8.41,120,71978.63,2025-11-06,2035-11-06,Pending,,,2025-11-06,5828000,0,,
495,498,Gold Loan,654000,12.91,36,22007.5,2024-02-21,2027-02-21,Closed,68,2024-01-25,2024-02-21,0.00,36,,
543,1278,Business Loan,1383000,15.74,108,24020.0,2023-02-20,2032-02-20,Closed,42,2023-01-21,2023-02-20,0.00,108,,
621,1223,Home Loan,3421000,8.6,216,31186.38,2022-04-03,2040-04-03,Active,33,2022-03-18,2022-04-03,5114566.32,52,2026-09-03,
21,619,Home Loan,1862000,8.22,156,19465.18,2024-07-04,2037-07-04,Closed,4,2024-06-21,2024-07-04,0.00,156,,
180,222,Education Loan,1725000,6.6,84,25698.87,2023-07-04,2030-07-04,Active,10,2023-06-30,2023-07-04,1207846.89,37,2026-09-04,
821,178,Home Loan,7351000,8.4,204,67794.34,2023-07-09,2040-07-09,Active,28,2023-06-15,2023-07-09,11321654.78,37,2026-09-09,
629,1358,Car Loan,988000,9.25,84,16021.65,2022-05-15,2029-05-15,Approved,3,2022-05-10,2022-05-15,528714.45,51,2026-09-15,
828,574,Home Loan,7516000,8.77,228,67821.92,2024-09-07,2043-09-07,Closed,74,2024-08-13,2024-09-07,0.00,228,,
738,1237,Car Loan,352000,9.08,60,7320.62,2024-08-21,2029-08-21,Pending,,,2024-08-21,352000,0,,
637,1019,Business Loan,3275000,9.61,120,42575.19,2025-11-16,2035-11-16,Closed,50,2025-11-09,2025-11-16,0.00,120,,
339,766,Car Loan,2396000,10.67,72,45201.7,2022-10-07,2028-10-07,Approved,2,2022-09-10,2022-10-07,1175244.20,46,2026-09-07,
405,275,Home Loan,7921000,7.41,144,83199.48,2022-07-02,2034-07-02,Active,37,2022-06-13,2022-07-02,7903950.60,49,2026-09-02,
929,90,Business Loan,589000,10.47,120,7937.78,2023-09-14,2033-09-14,Active,27,2023-08-18,2023-09-14,674711.30,35,2026-09-14,
245,326,Home Loan,6531000,8.72,228,58728.23,2023-12-20,2042-12-20,Defaulted,7,2023-11-21,2023-12-20,11510733.08,32,2026-09-20,
800,601,Personal Loan,368000,15.86,36,12912.37,2025-06-29,2028-06-29,Defaulted,54,2025-06-26,2025-06-29,284072.14,14,2026-09-29,
720,111,Car Loan,711000,10.77,48,18296.85,2023-01-12,2027-01-12,Closed,72,2023-01-04,2023-01-12,0.00,48,,
529,136,Home Loan,4222000,7.12,168,39772.05,2026-06-12,2040-06-12,Closed,78,2026-05-26,2026-06-12,0.00,168,,
841,742,Gold Loan,105000,10.35,48,2680.75,2022-10-28,2026-10-28,Active,19,2022-10-14,2022-10-28,5361.50,46,2026-09-28,
286,1473,Home Loan,5266000,9.43,132,64242.79,2022-03-20,2033-03-20,Rejected,,,2022-03-20,0.00,0,,Low credit score
660,1260,Home Loan,1187000,8.44,204,10975.74,2021-09-11,2038-09-11,Closed,16,2021-09-07,2021-09-11,0.00,204,,
866,540,Gold Loan,720000,10.67,12,63524.02,2024-06-29,2025-06-29,Pending,,,2024-06-29,720000,0,,
410,1270,Home Loan,3807000,8.76,156,40961.45,2024-06-13,2037-06-13,Active,39,2024-06-10,2024-06-13,5324988.50,26,2026-09-13,
838,1042,Gold Loan,466000,8.61,48,11510.33,2023-05-26,2027-05-26,Defaulted,74,2023-05-12,2023-05-26,103592.97,39,2026-09-26,
53,615,Business Loan,788000,14.65,72,16512.86,2023-05-07,2029-05-07,Defaulted,55,2023-04-15,2023-05-07,544924.38,39,2026-09-07,
478,1207,Home Loan,2090000,8.94,216,19493.45,2024-06-15,2042-06-15,Closed,83,2024-05-23,2024-06-15,0.00,216,,
43,1007,Gold Loan,569000,12.38,36,19002.38,2024-01-27,2027-01-27,Closed,12,2024-01-12,2024-01-27,0.00,36,,
127,1424,Home Loan,2419000,8.63,216,22096.77,2022-03-04,2040-03-04,Active,68,2022-02-28,2022-03-04,3601773.51,53,2026-09-04,
126,515,Business Loan,2155000,15.24,36,74957.31,2022-05-20,2025-05-20,Closed,61,2022-05-17,2022-05-20,0.00,36,,
724,1305,Home Loan,1063000,8.88,168,11075.77,2025-10-01,2039-10-01,Active,56,2025-09-20,2025-10-01,1749971.66,10,2026-09-01,
583,1328,Business Loan,1556000,12.23,60,34793.48,2025-10-04,2030-10-04,Pending,,,2025-10-04,1556000,0,,
6,1467,Gold Loan,175000,11.43,48,4559.6,2023-01-31,2027-01-31,Defaulted,64,2023-01-11,2023-01-31,22798.00,43,2026-09-30,
170,250,Business Loan,3823000,14.01,120,59381.35,2023-04-05,2033-04-05,Closed,80,2023-03-09,2023-04-05,0.00,120,,
32,193,Business Loan,2253000,14.18,24,108364.71,2023-06-20,2025-06-20,Pending,,,2023-06-20,2253000,0,,
10,862,Home Loan,1101000,7.52,192,9875.78,2021-10-11,2037-10-11,Pending,,,2021-10-11,1101000,0,,
746,900,Business Loan,754000,14.03,96,13110.99,2024-12-27,2032-12-27,Defaulted,6,2024-12-26,2024-12-27,996435.24,20,2026-09-27,
312,1288,Personal Loan,939000,10.84,24,43695.04,2025-08-28,2027-08-28,Closed,28,2025-08-17,2025-08-28,0.00,24,,
690,703,Car Loan,401000,9.82,48,10135.77,2023-04-18,2027-04-18,Rejected,,,2023-04-18,0.00,0,,High existing liabilities
105,1072,Business Loan,2801000,15.64,108,48479.02,2024-06-22,2033-06-22,Closed,69,2024-05-25,2024-06-22,0.00,108,,
716,641,Car Loan,1467000,10.07,36,47384.19,2022-03-03,2025-03-03,Closed,46,2022-02-21,2022-03-03,0.00,36,,
375,1329,Personal Loan,479000,10.8,36,15636.52,2023-02-11,2026-02-11,Active,9,2023-02-09,2023-02-11,0.00,36,2026-03-11,
148,1213,Car Loan,787000,7.55,60,15788.57,2023-06-21,2028-06-21,Pending,,,2023-06-21,787000,0,,
231,119,Business Loan,3154000,14.0,48,86187.71,2023-09-12,2027-09-12,Rejected,,,2023-09-12,0.00,0,,High existing liabilities
933,394,Home Loan,5061000,8.0,204,45460.78,2023-09-19,2040-09-19,Defaulted,92,2023-08-28,2023-09-19,7682871.82,35,2026-09-19,
861,1372,Business Loan,3366000,12.73,60,76122.41,2025-10-10,2030-10-10,Active,77,2025-09-17,2025-10-10,3806120.50,10,2026-09-10,
464,99,Personal Loan,883000,11.3,36,29033.9,2025-07-02,2028-07-02,Active,75,2025-06-18,2025-07-02,667779.70,13,2026-09-02,
281,205,Home Loan,3615000,9.08,180,36837.98,2026-03-29,2041-03-29,Approved,45,2026-03-19,2026-03-29,6446646.50,5,2026-09-29,
652,1090,Car Loan,2267000,11.47,72,43697.96,2023-02-06,2029-02-06,Pending,,,2023-02-06,2267000,0,,
680,544,Car Loan,866000,10.89,84,14777.99,2023-07-05,2030-07-05,Active,2,2023-06-06,2023-07-05,694565.53,37,2026-09-05,
846,167,Business Loan,3961000,14.96,24,191980.34,2026-02-06,2028-02-06,Closed,29,2026-01-10,2026-02-06,0.00,24,,
321,734,Business Loan,851000,14.28,120,13356.82,2022-06-14,2032-06-14,Active,33,2022-05-19,2022-06-14,934977.40,50,2026-09-14,
103,267,Home Loan,4697000,9.21,192,46841.34,2025-07-07,2041-07-07,Active,35,2025-06-25,2025-07-07,8384599.86,13,2026-09-07,
652,1090,Personal Loan,487000,11.97,24,22917.96,2022-04-17,2024-04-17,Active,25,2022-03-24,2022-04-17,0.00,24,2024-05-17,
51,712,Business Loan,3821000,14.68,24,184687.08,2022-10-26,2024-10-26,Active,81,2022-10-17,2022-10-26,0.00,24,2024-11-26,
558,369,Education Loan,1859000,8.48,168,18938.87,2023-09-15,2037-09-15,Active,69,2023-09-09,2023-09-15,2518869.71,35,2026-09-15,
175,1206,Personal Loan,489000,11.78,24,22968.72,2023-01-30,2025-01-30,Closed,6,2023-01-22,2023-01-30,0.00,24,,
658,322,Gold Loan,345000,10.34,24,15974.19,2022-10-11,2024-10-11,Pending,,,2022-10-11,345000,0,,
438,1258,Gold Loan,556000,11.5,36,18334.66,2026-01-08,2029-01-08,Active,46,2026-01-02,2026-01-08,531705.14,7,2026-09-08,
621,681,Business Loan,4601000,11.98,96,74728.77,2024-04-15,2032-04-15,Approved,10,2024-03-22,2024-04-15,5081556.36,28,2026-09-15,
154,685,Car Loan,835000,8.9,48,20739.38,2022-09-13,2026-09-13,Active,36,2022-09-12,2022-09-13,20739.38,47,2026-09-13,
941,281,Home Loan,6876000,8.98,216,64304.08,2024-05-31,2042-05-31,Defaulted,76,2024-05-04,2024-05-31,12153471.12,27,2026-09-30,
931,987,Car Loan,2166000,8.64,48,53531.51,2024-06-21,2028-06-21,Active,87,2024-05-22,2024-06-21,1177693.22,26,2026-09-21,
685,276,Business Loan,4562000,13.83,36,155541.94,2024-02-03,2027-02-03,Pending,,,2024-02-03,4562000,0,,
269,940,Personal Loan,212000,14.81,84,4068.35,2026-03-09,2033-03-09,Closed,40,2026-02-20,2026-03-09,0.00,84,,
639,1439,Home Loan,3240000,9.47,132,39598.89,2026-04-08,2037-04-08,Closed,39,2026-03-28,2026-04-08,0.00,132,,
683,286,Business Loan,1230000,10.63,24,57116.58,2023-08-21,2025-08-21,Active,74,2023-08-02,2023-08-21,0.00,24,2025-09-21,
884,1283,Education Loan,1666000,7.5,168,16045.97,2022-07-06,2036-07-06,Active,5,2022-06-23,2022-07-06,1909470.43,49,2026-09-06,
183,417,Personal Loan,639000,10.59,60,13763.11,2025-05-09,2030-05-09,Active,69,2025-04-24,2025-05-09,619339.95,15,2026-09-09,
563,341,Education Loan,1254000,9.48,96,18685.11,2024-01-28,2032-01-28,Rejected,,,2024-01-28,0.00,0,,Eligibility criteria not met
769,906,Home Loan,1528000,8.95,192,14997.21,2025-01-22,2041-01-22,Active,99,2025-01-14,2025-01-22,2594517.33,19,2026-09-22,
720,111,Home Loan,1740000,8.75,216,16023.49,2024-10-27,2042-10-27,Approved,96,2024-10-10,2024-10-27,3108557.06,22,2026-09-27,
556,1095,Personal Loan,176000,14.38,24,8481.9,2025-06-19,2027-06-19,Approved,29,2025-05-28,2025-06-19,84819.00,14,2026-09-19,
220,840,Personal Loan,1391000,12.19,12,123712.34,2025-02-25,2026-02-25,Active,43,2025-01-28,2025-02-25,0.00,12,2026-03-25,
203,687,Car Loan,2465000,11.26,72,47247.92,2023-04-09,2029-04-09,Active,61,2023-03-30,2023-04-09,1511933.44,40,2026-09-09,
820,292,Home Loan,2757000,7.92,192,25370.95,2023-06-11,2039-06-11,Approved,28,2023-05-17,2023-06-11,3907126.30,38,2026-09-11,
515,700,Education Loan,1538000,7.01,120,17865.41,2025-12-03,2035-12-03,Closed,58,2025-11-18,2025-12-03,0.00,120,,
786,221,Personal Loan,1166000,11.16,60,25444.8,2026-05-08,2031-05-08,Defaulted,60,2026-05-05,2026-05-08,1450353.60,3,2026-09-08,
434,715,Car Loan,1960000,10.34,84,32883.68,2026-05-23,2033-05-23,Closed,16,2026-05-17,2026-05-23,0.00,84,,
62,1396,Gold Loan,897000,13.71,12,80416.7,2024-11-02,2025-11-02,Active,7,2024-10-15,2024-11-02,0.00,12,2025-12-02,
709,1293,Gold Loan,749000,13.15,36,25290.92,2025-04-13,2028-04-13,Rejected,,,2025-04-13,0.00,0,,Eligibility criteria not met
304,816,Home Loan,4565000,7.59,228,37867.39,2022-03-03,2041-03-03,Active,6,2022-02-20,2022-03-03,6626793.25,53,2026-09-03,
562,688,Business Loan,4249000,12.27,60,95097.41,2026-04-24,2031-04-24,Closed,12,2026-04-14,2026-04-24,0.00,60,,
936,561,Education Loan,1997000,7.81,156,20419.3,2025-06-07,2038-06-07,Pending,,,2025-06-07,1997000,0,,
685,276,Gold Loan,248000,9.14,60,5164.94,2022-06-16,2027-06-16,Approved,23,2022-05-25,2022-06-16,51649.40,50,2026-09-16,
893,1417,Education Loan,421000,8.96,72,7580.4,2023-02-10,2029-02-10,Defaulted,49,2023-02-02,2023-02-10,227412.00,42,2026-09-10,
54,1414,Business Loan,4435000,14.39,72,92315.2,2026-06-22,2032-06-22,Active,91,2026-06-02,2026-06-22,6462064.00,2,2026-09-22,
410,26,Business Loan,1065000,9.72,36,34224.72,2022-06-22,2025-06-22,Active,21,2022-06-06,2022-06-22,0.00,36,2025-07-22,
965,1390,Home Loan,6939000,9.48,192,70344.95,2024-10-19,2040-10-19,Defaulted,5,2024-09-20,2024-10-19,11958641.50,22,2026-09-19,
664,570,Gold Loan,804000,9.72,60,16972.07,2025-03-08,2030-03-08,Closed,32,2025-02-17,2025-03-08,0.00,60,,
103,1317,Home Loan,6898000,8.24,192,64776.28,2024-10-15,2040-10-15,Defaulted,46,2024-10-05,2024-10-15,11011967.60,22,2026-09-15,
239,68,Car Loan,689000,8.34,84,10855.98,2021-10-21,2028-10-21,Active,27,2021-09-30,2021-10-21,282255.48,58,2026-09-21,
466,604,Home Loan,1415000,8.48,132,16520.81,2024-03-22,2035-03-22,Active,32,2024-03-05,2024-03-22,1701643.43,29,2026-09-22,
470,45,Education Loan,126000,7.67,156,1278.58,2025-05-27,2038-05-27,Active,83,2025-05-08,2025-05-27,180279.78,15,2026-09-27,
547,624,Home Loan,4055000,8.34,120,49929.87,2021-11-06,2031-11-06,Defaulted,60,2021-10-09,2021-11-06,3145581.81,57,2026-09-06,
468,673,Gold Loan,934000,11.29,12,82674.87,2021-09-18,2022-09-18,Closed,66,2021-09-09,2021-09-18,0.00,12,,
89,148,Car Loan,407000,9.76,36,13086.93,2023-01-17,2026-01-17,Active,74,2023-01-04,2023-01-17,0.00,36,2026-02-17,
351,1167,Business Loan,1317000,14.94,84,25369.51,2023-05-01,2030-05-01,Active,20,2023-04-15,2023-05-01,1141627.95,39,2026-09-01,
955,1221,Personal Loan,556000,12.47,36,18592.22,2021-12-30,2024-12-30,Active,26,2021-12-14,2021-12-30,0.00,36,2025-01-30,
304,1295,Home Loan,3142000,7.82,228,26502.41,2025-09-07,2044-09-07,Active,68,2025-08-31,2025-09-07,5751022.97,11,2026-09-07,
510,745,Gold Loan,842000,10.31,36,27291.68,2021-09-19,2024-09-19,Approved,63,2021-09-14,2021-09-19,0.00,36,2024-10-19,
699,309,Personal Loan,164000,15.68,36,5739.88,2025-01-14,2028-01-14,Approved,51,2024-12-21,2025-01-14,97577.96,19,2026-09-14,
97,591,Business Loan,567000,12.03,120,8144.64,2026-01-10,2036-01-10,Active,25,2026-01-01,2026-01-10,920344.32,7,2026-09-10,
344,1418,Gold Loan,597000,8.24,36,18773.98,2021-11-27,2024-11-27,Active,27,2021-11-15,2021-11-27,0.00,36,2024-12-27,
384,192,Car Loan,1573000,10.71,48,40433.83,2024-03-05,2028-03-05,Pending,,,2024-03-05,1573000,0,,
135,89,Education Loan,1480000,7.99,84,23060.22,2023-08-09,2030-08-09,Approved,12,2023-08-01,2023-08-09,1106890.56,36,2026-09-09,
850,23,Gold Loan,498000,12.27,60,11145.8,2023-07-18,2028-07-18,Pending,,,2023-07-18,498000,0,,
258,521,Education Loan,1281000,8.04,168,12727.9,2021-11-21,2035-11-21,Closed,27,2021-10-24,2021-11-21,0.00,168,,
487,128,Business Loan,3974000,14.65,72,83276.77,2024-03-29,2030-03-29,Active,61,2024-03-06,2024-03-29,3580901.11,29,2026-09-29,
777,1352,Home Loan,2210000,7.86,120,26650.19,2021-09-04,2031-09-04,Active,37,2021-08-24,2021-09-04,1625661.59,59,2026-09-04,
592,442,Education Loan,276000,8.08,132,3162.56,2024-01-07,2035-01-07,Closed,26,2023-12-18,2024-01-07,0.00,132,,
461,258,Home Loan,1890000,8.2,204,17203.03,2023-01-23,2040-01-23,Defaulted,54,2023-01-10,2023-01-23,2769687.83,43,2026-09-23,
515,700,Car Loan,1213000,8.82,48,30081.99,2025-06-03,2029-06-03,Active,55,2025-06-01,2025-06-03,1022787.66,14,2026-09-03,
821,178,Gold Loan,241000,12.49,36,8061.17,2023-07-10,2026-07-10,Pending,,,2023-07-10,241000,0,,
634,982,Education Loan,408000,10.34,120,5468.86,2024-12-28,2034-12-28,Defaulted,11,2024-12-13,2024-12-28,546886.00,20,2026-09-28,
867,971,Home Loan,7473000,7.59,180,69658.38,2025-12-21,2040-12-21,Closed,71,2025-12-08,2025-12-21,0.00,180,,
372,593,Gold Loan,162000,12.98,36,5456.86,2025-01-05,2028-01-05,Active,59,2024-12-14,2025-01-05,92766.62,19,2026-09-05,
366,272,Education Loan,1008000,7.6,132,11290.82,2022-07-02,2033-07-02,Active,6,2022-06-10,2022-07-02,937138.06,49,2026-09-02,
540,1430,Education Loan,740000,8.54,144,8230.87,2023-03-21,2035-03-21,Closed,95,2023-03-03,2023-03-21,0.00,144,,
994,445,Car Loan,1067000,8.54,72,18990.55,2022-09-08,2028-09-08,Active,94,2022-08-14,2022-09-08,474763.75,47,2026-09-08,
191,1403,Car Loan,750000,8.65,48,18539.39,2022-12-28,2026-12-28,Defaulted,69,2022-12-22,2022-12-28,74157.56,44,2026-09-28,
625,709,Car Loan,2279000,9.78,36,73301.75,2023-12-20,2026-12-20,Active,78,2023-11-24,2023-12-20,293207.00,32,2026-09-20,
418,1273,Business Loan,4866000,15.88,36,170785.98,2023-12-12,2026-12-12,Rejected,,,2023-12-12,0.00,0,,Eligibility criteria not met
848,1166,Education Loan,669000,9.51,120,8660.36,2024-10-31,2034-10-31,Approved,64,2024-10-05,2024-10-31,848715.28,22,2026-09-30,
720,827,Car Loan,964000,8.3,84,15169.6,2026-06-23,2033-06-23,Defaulted,85,2026-06-01,2026-06-23,1243907.20,2,2026-09-23,
12,337,Car Loan,2471000,10.48,60,53086.95,2024-11-21,2029-11-21,Active,75,2024-10-25,2024-11-21,2070391.05,21,2026-09-21,
408,185,Education Loan,994000,10.44,132,12693.51,2025-01-02,2036-01-02,Defaulted,1,2024-12-27,2025-01-02,1434366.63,19,2026-09-02,
428,879,Business Loan,623000,13.04,60,14187.92,2025-02-22,2030-02-22,Active,25,2025-01-24,2025-02-22,595892.64,18,2026-09-22,
417,933,Personal Loan,426000,13.04,48,11436.97,2023-10-08,2027-10-08,Rejected,,,2023-10-08,0.00,0,,Low credit score
661,40,Home Loan,3406000,7.17,204,28933.31,2021-09-23,2038-09-23,Active,25,2021-09-04,2021-09-23,4195329.95,59,2026-09-23,
751,869,Personal Loan,1345000,12.54,36,45020.94,2022-12-02,2025-12-02,Approved,49,2022-11-11,2022-12-02,0.00,36,2026-01-02,
628,1334,Gold Loan,702000,9.96,60,14901.61,2024-10-26,2029-10-26,Defaulted,28,2024-09-26,2024-10-26,566261.18,22,2026-09-26,
935,227,Education Loan,735000,6.57,156,7018.73,2024-05-11,2037-05-11,Pending,,,2024-05-11,735000,0,,
343,390,Personal Loan,653000,11.42,12,57841.23,2025-11-21,2026-11-21,Approved,18,2025-11-04,2025-11-21,173523.69,9,2026-09-21,
208,1485,Gold Loan,811000,11.25,48,21059.32,2022-06-17,2026-06-17,Pending,,,2022-06-17,811000,0,,
906,411,Personal Loan,453000,16.98,84,9252.18,2026-06-27,2033-06-27,Active,16,2026-06-02,2026-06-27,758678.76,2,2026-09-27,
781,1164,Car Loan,1964000,8.81,84,31409.9,2024-07-09,2031-07-09,Active,2,2024-06-30,2024-07-09,1853184.10,25,2026-09-09,
291,692,Gold Loan,923000,13.88,60,21419.22,2025-10-23,2030-10-23,Active,50,2025-10-18,2025-10-23,1070961.00,10,2026-09-23,
593,959,Car Loan,1094000,11.21,36,35925.05,2023-06-26,2026-06-26,Active,8,2023-06-03,2023-06-26,0.00,36,2026-07-26,
370,1441,Gold Loan,595000,12.99,12,53140.99,2023-04-11,2024-04-11,Closed,81,2023-03-22,2023-04-11,0.00,12,,
164,62,Car Loan,2355000,10.81,60,50980.54,2022-07-18,2027-07-18,Closed,64,2022-06-30,2022-07-18,0.00,60,,
394,365,Home Loan,7266000,7.18,228,58483.22,2022-10-14,2041-10-14,Active,80,2022-09-27,2022-10-14,10643946.04,46,2026-09-14,
530,116,Gold Loan,163000,10.62,48,4182.8,2025-06-16,2029-06-16,Active,22,2025-05-30,2025-06-16,142215.20,14,2026-09-16,
414,209,Education Loan,1027000,7.27,84,15636.09,2024-09-22,2031-09-22,Active,89,2024-09-13,2024-09-22,953801.49,23,2026-09-22,
867,765,Education Loan,801000,8.1,168,7986.01,2025-11-26,2039-11-26,Closed,94,2025-11-19,2025-11-26,0.00,168,,
363,70,Business Loan,4005000,13.03,24,190461.44,2021-11-20,2023-11-20,Active,80,2021-10-26,2021-11-20,0.00,24,2023-12-20,
464,99,Gold Loan,654000,13.45,12,58551.66,2023-09-14,2024-09-14,Active,51,2023-09-03,2023-09-14,0.00,12,2024-10-14,
468,143,Home Loan,4729000,8.97,192,46471.96,2022-08-25,2038-08-25,Active,25,2022-08-06,2022-08-25,6691962.24,48,2026-09-25,
493,844,Education Loan,1806000,9.65,180,19022.51,2021-09-06,2036-09-06,Active,33,2021-09-05,2021-09-06,2301723.71,59,2026-09-06,
178,1316,Home Loan,6477000,8.56,240,56455.12,2026-05-05,2046-05-05,Active,96,2026-04-08,2026-05-05,13379863.44,3,2026-09-05,
32,193,Gold Loan,238000,9.66,12,20886.36,2024-10-11,2025-10-11,Pending,,,2024-10-11,238000,0,,
249,960,Car Loan,1265000,11.44,36,41678.56,2024-10-12,2027-10-12,Active,58,2024-09-28,2024-10-12,583499.84,22,2026-09-12,
185,1062,Business Loan,3185000,14.97,60,75720.78,2024-08-23,2029-08-23,Rejected,,,2024-08-23,0.00,0,,Incomplete documentation
135,1153,Car Loan,1599000,9.86,60,33863.98,2025-10-11,2030-10-11,Active,90,2025-09-21,2025-10-11,1693199.00,10,2026-09-11,
790,1478,Car Loan,1773000,7.67,60,35670.69,2025-09-15,2030-09-15,Active,96,2025-09-04,2025-09-15,1747863.81,11,2026-09-15,
621,208,Business Loan,2272000,10.33,108,32394.18,2024-10-10,2033-10-10,Active,4,2024-10-03,2024-10-10,2785899.48,22,2026-09-10,
816,841,Gold Loan,484000,11.17,36,15884.53,2025-03-22,2028-03-22,Defaulted,37,2025-02-22,2025-03-22,301806.07,17,2026-09-22,
435,1479,Education Loan,196000,7.42,108,2493.13,2021-09-03,2030-09-03,Active,45,2021-08-15,2021-09-03,122163.37,59,2026-09-03,
288,271,Business Loan,646000,15.14,24,31365.36,2024-01-25,2026-01-25,Active,1,2023-12-27,2024-01-25,0.00,24,2026-02-25,
523,1114,Education Loan,1808000,10.07,120,23962.99,2025-05-16,2035-05-16,Pending,,,2025-05-16,1808000,0,,
412,680,Personal Loan,779000,14.88,36,26958.54,2022-07-16,2025-07-16,Active,2,2022-06-16,2022-07-16,0.00,36,2025-08-16,
173,156,Gold Loan,579000,9.74,48,14612.75,2026-03-11,2030-03-11,Closed,91,2026-02-24,2026-03-11,0.00,48,,
160,1039,Education Loan,1245000,8.11,60,25309.7,2023-11-19,2028-11-19,Active,6,2023-10-27,2023-11-19,683361.90,33,2026-09-19,
638,525,Home Loan,4987000,7.75,204,44056.23,2024-05-28,2041-05-28,Active,13,2024-05-20,2024-05-28,7797952.71,27,2026-09-28,
790,199,Business Loan,4874000,14.02,48,133238.15,2025-11-26,2029-11-26,Active,7,2025-11-13,2025-11-26,5196287.85,9,2026-09-26,
122,1395,Car Loan,1952000,9.22,60,40729.05,2026-07-11,2031-07-11,Active,73,2026-06-20,2026-07-11,2403013.95,1,2026-09-11,
203,308,Education Loan,1835000,10.46,180,20238.59,2024-11-11,2039-11-11,Rejected,,,2024-11-11,0.00,0,,Low credit score
280,43,Personal Loan,1235000,13.72,60,28557.33,2026-04-28,2031-04-28,Approved,52,2026-04-20,2026-04-28,1599210.48,4,2026-09-28,
577,1331,Car Loan,1095000,7.77,84,16941.7,2025-01-30,2032-01-30,Closed,15,2025-01-13,2025-01-30,0.00,84,,
733,1262,Car Loan,960000,10.94,48,24783.74,2022-01-05,2026-01-05,Rejected,,,2022-01-05,0.00,0,,Unstable employment history
556,64,Business Loan,4247000,12.18,36,141426.57,2025-11-26,2028-11-26,Closed,97,2025-11-01,2025-11-26,0.00,36,,
64,897,Business Loan,3811000,12.71,60,86147.25,2026-03-02,2031-03-02,Defaulted,23,2026-02-11,2026-03-02,4738098.75,5,2026-09-02,
125,856,Business Loan,3335000,10.97,24,155390.69,2023-09-01,2025-09-01,Approved,46,2023-08-23,2023-09-01,0.00,24,2025-10-01,
16,1128,Personal Loan,221000,12.34,12,19670.75,2026-01-14,2027-01-14,Active,70,2025-12-20,2026-01-14,98353.75,7,2026-09-14,
929,90,Business Loan,620000,12.51,72,12286.18,2023-12-23,2029-12-23,Closed,17,2023-11-23,2023-12-23,0.00,72,,
553,418,Business Loan,2190000,11.81,36,72540.76,2024-12-14,2027-12-14,Active,42,2024-12-05,2024-12-14,1160652.16,20,2026-09-14,
306,714,Gold Loan,621000,12.61,48,16539.92,2023-10-18,2027-10-18,Approved,88,2023-10-17,2023-10-18,231558.88,34,2026-09-18,
305,880,Home Loan,5685000,7.33,156,56625.09,2024-08-09,2037-08-09,Active,65,2024-08-03,2024-08-09,7474511.88,24,2026-09-09,
623,1447,Personal Loan,926000,12.94,24,43997.64,2022-04-26,2024-04-26,Active,89,2022-04-15,2022-04-26,0.00,24,2024-05-26,
525,1498,Business Loan,3869000,14.48,72,80721.43,2024-05-11,2030-05-11,Active,45,2024-05-08,2024-05-11,3632464.35,27,2026-09-11,
669,723,Education Loan,1166000,9.59,84,19110.87,2022-05-12,2029-05-12,Active,21,2022-04-24,2022-05-12,630658.71,51,2026-09-12,
946,1046,Home Loan,3774000,7.31,132,41692.52,2021-08-24,2032-08-24,Rejected,,,2021-08-24,0.00,0,,Unstable employment history
949,1078,Home Loan,5476000,9.49,168,59018.98,2024-01-24,2038-01-24,Closed,61,2024-01-21,2024-01-24,0.00,168,,
874,1094,Gold Loan,170000,8.21,60,3464.1,2023-09-08,2028-09-08,Approved,84,2023-08-15,2023-09-08,86602.50,35,2026-09-08,
865,4,Car Loan,683000,11.14,60,14897.81,2022-03-07,2027-03-07,Pending,,,2022-03-07,683000,0,,
745,42,Car Loan,1506000,10.37,72,28181.73,2021-10-24,2027-10-24,Pending,,,2021-10-24,1506000,0,,
912,32,Business Loan,1452000,13.57,96,24869.39,2025-11-14,2033-11-14,Closed,71,2025-10-20,2025-11-14,0.00,96,,
823,1058,Personal Loan,898000,14.91,24,43502.62,2024-01-11,2026-01-11,Active,93,2024-01-07,2024-01-11,0.00,24,2026-02-11,
250,86,Gold Loan,215000,9.83,60,4550.15,2024-01-20,2029-01-20,Rejected,,,2024-01-20,0.00,0,,Eligibility criteria not met
165,1020,Business Loan,785000,13.03,60,17873.22,2026-01-27,2031-01-27,Active,29,2026-01-02,2026-01-27,947280.66,7,2026-09-27,
758,901,Gold Loan,911000,8.57,48,22484.72,2022-02-04,2026-02-04,Active,59,2022-01-31,2022-02-04,0.00,48,2026-03-04,
870,426,Business Loan,1522000,13.58,108,24487.09,2023-04-02,2032-04-02,Active,76,2023-03-18,2023-04-02,1665122.12,40,2026-09-02,
878,477,Home Loan,7057000,9.08,144,80629.11,2023-05-04,2035-05-04,Closed,51,2023-04-09,2023-05-04,0.00,144,,
853,1404,Home Loan,7876000,7.31,192,69694.36,2025-03-10,2041-03-10,Defaulted,91,2025-02-18,2025-03-10,12196513.00,17,2026-09-10,
81,1240,Education Loan,1227000,9.76,120,16052.27,2023-02-26,2033-02-26,Active,61,2023-02-18,2023-02-26,1252077.06,42,2026-09-26,
368,424,Business Loan,3480000,12.3,24,164303.65,2022-01-03,2024-01-03,Active,39,2021-12-27,2022-01-03,0.00,24,2024-02-03,
304,816,Home Loan,4254000,7.12,180,38522.12,2026-03-07,2041-03-07,Approved,90,2026-03-03,2026-03-07,6741371.00,5,2026-09-07,
237,1363,Education Loan,604000,7.05,156,5923.94,2024-10-19,2037-10-19,Active,29,2024-09-21,2024-10-19,793807.96,22,2026-09-19,
395,777,Car Loan,751000,10.46,84,12646.71,2025-09-26,2032-09-26,Defaulted,67,2025-09-07,2025-09-26,923209.83,11,2026-09-26,
109,545,Personal Loan,1459000,13.98,12,130985.68,2025-11-27,2026-11-27,Pending,,,2025-11-27,1459000,0,,
731,431,Education Loan,1919000,10.47,84,32325.63,2021-12-14,2028-12-14,Closed,48,2021-11-25,2021-12-14,0.00,84,,
610,158,Personal Loan,607000,15.5,84,11884.06,2022-10-01,2029-10-01,Active,42,2022-09-26,2022-10-01,451594.28,46,2026-09-01,
339,891,Education Loan,126000,8.4,108,1666.6,2025-09-15,2034-09-15,Defaulted,37,2025-09-03,2025-09-15,161660.20,11,2026-09-15,
740,420,Business Loan,1414000,13.1,24,67290.57,2024-06-17,2026-06-17,Pending,,,2024-06-17,1414000,0,,
628,1334,Education Loan,1785000,7.79,60,36014.23,2021-11-08,2026-11-08,Approved,34,2021-10-09,2021-11-08,108042.69,57,2026-09-08,
471,679,Business Loan,1098000,12.72,84,19808.01,2022-01-04,2029-01-04,Active,54,2021-12-31,2022-01-04,574432.29,55,2026-09-04,
50,265,Personal Loan,1339000,13.2,72,27020.77,2023-01-27,2029-01-27,Active,90,2023-01-22,2023-01-27,783602.33,43,2026-09-27,
3,537,Education Loan,1011000,8.1,156,10500.88,2021-12-19,2034-12-19,Approved,92,2021-11-25,2021-12-19,1050088.00,56,2026-09-19,
709,1293,Gold Loan,622000,10.02,24,28707.89,2024-11-21,2026-11-21,Closed,78,2024-11-07,2024-11-21,0.00,24,,
6,1467,Home Loan,6704000,7.12,180,60708.1,2022-11-01,2037-11-01,Active,39,2022-10-12,2022-11-01,8195593.50,45,2026-09-01,
382,1320,Car Loan,997000,11.27,84,17212.94,2024-05-21,2031-05-21,Pending,,,2024-05-21,997000,0,,
191,1403,Personal Loan,1043000,14.05,60,24295.83,2024-05-19,2029-05-19,Pending,,,2024-05-19,1043000,0,,
101,580,Car Loan,2123000,10.24,84,35508.14,2023-07-20,2030-07-20,Rejected,,,2023-07-20,0.00,0,,Incomplete documentation
395,777,Home Loan,6432000,8.96,192,63168.49,2025-10-26,2041-10-26,Approved,65,2025-10-17,2025-10-26,11496665.18,10,2026-09-26,
366,69,Personal Loan,1121000,16.69,24,55257.95,2025-08-08,2027-08-08,Rejected,,,2025-08-08,0.00,0,,Eligibility criteria not met
127,1424,Home Loan,6567000,8.77,156,70695.14,2023-02-09,2036-02-09,Defaulted,15,2023-01-20,2023-02-09,8059245.96,42,2026-09-09,
752,321,Home Loan,1102000,7.92,180,10480.45,2022-08-09,2037-08-09,Closed,11,2022-07-10,2022-08-09,0.00,180,,
220,887,Education Loan,1413000,8.87,72,25379.01,2022-05-04,2028-05-04,Defaulted,27,2022-04-29,2022-05-04,532959.21,51,2026-09-04,
54,1414,Car Loan,2434000,7.57,36,75790.81,2025-07-01,2028-07-01,Active,21,2025-06-27,2025-07-01,1743188.63,13,2026-09-01,
975,1333,Gold Loan,910000,12.52,36,30451.53,2023-04-14,2026-04-14,Closed,23,2023-03-23,2023-04-14,0.00,36,,
600,946,Education Loan,1771000,6.88,96,24039.69,2024-04-17,2032-04-17,Active,49,2024-03-23,2024-04-17,1634698.92,28,2026-09-17,
145,707,Gold Loan,669000,12.94,60,15201.27,2026-05-05,2031-05-05,Rejected,,,2026-05-05,0.00,0,,High existing liabilities
191,611,Gold Loan,825000,12.43,12,73466.31,2025-02-17,2026-02-17,Active,20,2025-02-01,2025-02-17,0.00,12,2026-03-17,
443,1151,Car Loan,2343000,11.06,84,40191.82,2025-03-12,2032-03-12,Closed,75,2025-02-14,2025-03-12,0.00,84,,
570,1205,Personal Loan,392000,15.98,72,8498.89,2024-02-05,2030-02-05,Pending,,,2024-02-05,392000,0,,
878,477,Education Loan,1623000,9.02,156,17704.15,2023-04-23,2036-04-23,Active,86,2023-04-09,2023-04-23,2053681.40,40,2026-09-23,
410,1270,Home Loan,4599000,9.22,240,42031.34,2025-07-29,2045-07-29,Defaulted,14,2025-06-29,2025-07-29,9541114.18,13,2026-09-29,
348,1413,Personal Loan,244000,14.29,36,8373.75,2021-11-25,2024-11-25,Pending,,,2021-11-25,244000,0,,
314,801,Business Loan,4480000,12.71,72,89247.75,2022-06-24,2028-06-24,Active,13,2022-06-07,2022-06-24,1963450.50,50,2026-09-24,
147,835,Business Loan,1276000,9.89,48,32295.29,2023-04-20,2027-04-20,Active,47,2023-04-17,2023-04-20,258362.32,40,2026-09-20,
126,29,Gold Loan,637000,10.14,36,20596.09,2023-08-28,2026-08-28,Closed,50,2023-08-20,2023-08-28,0.00,36,,
250,1104,Car Loan,1545000,9.69,72,28381.48,2023-11-17,2029-11-17,Closed,64,2023-10-26,2023-11-17,0.00,72,,
586,94,Business Loan,2999000,10.88,24,139609.88,2023-06-12,2025-06-12,Pending,,,2023-06-12,2999000,0,,
838,770,Education Loan,1460000,7.89,120,17629.08,2024-12-17,2034-12-17,Defaulted,81,2024-11-29,2024-12-17,1762908.00,20,2026-09-17,
488,1018,Business Loan,2441000,10.35,36,79165.93,2023-08-01,2026-08-01,Closed,46,2023-07-26,2023-08-01,0.00,36,,
241,1365,Personal Loan,1243000,12.37,84,22189.06,2025-04-12,2032-04-12,Approved,28,2025-03-15,2025-04-12,1508856.08,16,2026-09-12,
540,1430,Car Loan,1505000,7.51,72,26028.91,2026-03-19,2032-03-19,Rejected,,,2026-03-19,0.00,0,,Incomplete documentation
846,662,Gold Loan,450000,12.54,12,40095.72,2022-08-19,2023-08-19,Pending,,,2022-08-19,450000,0,,
179,708,Gold Loan,294000,9.59,48,7398.84,2022-10-03,2026-10-03,Defaulted,70,2022-09-30,2022-10-03,22196.52,45,2026-08-03,
450,861,Personal Loan,1442000,15.87,12,130745.2,2022-06-20,2023-06-20,Closed,59,2022-05-24,2022-06-20,0.00,12,,
268,532,Home Loan,2111000,8.9,180,21285.77,2026-06-10,2041-06-10,Active,90,2026-05-19,2026-06-10,3788867.06,2,2026-09-10,
621,882,Education Loan,1428000,7.37,156,14254.78,2024-05-20,2037-05-20,Active,68,2024-05-14,2024-05-20,1838866.62,27,2026-09-20,
935,227,Personal Loan,680000,14.18,24,32706.61,2023-03-25,2025-03-25,Active,81,2023-03-18,2023-03-25,0.00,24,2025-04-25,
121,165,Business Loan,2717000,10.47,48,69525.02,2024-06-11,2028-06-11,Active,18,2024-06-07,2024-06-11,1529550.44,26,2026-09-11,
355,818,Education Loan,1536000,7.43,144,16150.19,2026-07-18,2038-07-18,Active,89,2026-06-21,2026-07-18,2309477.17,1,2026-09-18,
906,411,Personal Loan,621000,16.3,60,15200.68,2023-06-02,2028-06-02,Active,21,2023-05-31,2023-06-02,334414.96,38,2026-09-02,
742,600,Car Loan,2036000,9.4,60,42660.36,2026-06-20,2031-06-20,Active,63,2026-06-14,2026-06-20,2474300.88,2,2026-09-20,
366,272,Car Loan,1190000,9.68,48,29998.93,2024-09-14,2028-09-14,Active,44,2024-08-20,2024-09-14,749973.25,23,2026-09-14,
600,1092,Personal Loan,781000,14.38,72,16252.43,2025-09-27,2031-09-27,Active,83,2025-09-06,2025-09-27,991398.23,11,2026-09-27,
648,1027,Education Loan,253000,7.99,84,3942.05,2026-03-10,2033-03-10,Active,88,2026-03-09,2026-03-10,311421.95,5,2026-09-10,
728,1028,Business Loan,2664000,15.21,24,129434.39,2023-02-05,2025-02-05,Active,58,2023-01-31,2023-02-05,0.00,24,2025-03-05,
683,286,Personal Loan,1023000,10.98,84,17505.5,2022-10-12,2029-10-12,Active,22,2022-09-22,2022-10-12,665209.00,46,2026-09-12,
254,588,Personal Loan,1115000,16.67,72,24599.57,2022-07-22,2028-07-22,Defaulted,14,2022-06-22,2022-07-22,565790.11,49,2026-09-22,
931,1292,Gold Loan,302000,12.82,48,8074.95,2024-06-22,2028-06-22,Closed,74,2024-06-11,2024-06-22,0.00,48,,
875,1423,Gold Loan,766000,10.93,24,35676.71,2023-01-21,2025-01-21,Closed,31,2023-01-05,2023-01-21,0.00,24,,
950,1296,Education Loan,856000,6.94,120,9912.44,2022-04-21,2032-04-21,Active,20,2022-04-14,2022-04-21,674045.92,52,2026-09-21,
51,529,Car Loan,600000,11.13,72,11460.44,2025-01-05,2031-01-05,Pending,,,2025-01-05,600000,0,,
407,1302,Gold Loan,731000,8.93,48,18166.68,2022-12-15,2026-12-15,Active,89,2022-12-13,2022-12-15,72666.72,44,2026-09-15,
112,631,Car Loan,1122000,10.14,48,28532.31,2021-12-06,2025-12-06,Defaulted,19,2021-11-17,2021-12-06,85596.93,45,2025-10-06,
921,269,Home Loan,3970000,8.42,192,37704.26,2022-07-25,2038-07-25,Active,18,2022-06-25,2022-07-25,5391709.18,49,2026-09-25,
955,780,Home Loan,5944000,7.93,192,54733.72,2024-02-12,2040-02-12,Pending,,,2024-02-12,5944000,0,,
421,428,Gold Loan,519000,13.79,24,24867.23,2023-10-19,2025-10-19,Closed,16,2023-09-27,2023-10-19,0.00,24,,
239,849,Education Loan,505000,9.98,132,6316.82,2024-02-03,2035-02-03,Rejected,,,2024-02-03,0.00,0,,Incomplete documentation
884,1283,Personal Loan,983000,14.52,12,88501.43,2024-06-09,2025-06-09,Active,58,2024-06-01,2024-06-09,0.00,12,2025-07-09,
491,381,Business Loan,560000,14.65,48,15486.05,2022-05-12,2026-05-12,Active,3,2022-04-18,2022-05-12,0.00,48,2026-06-12,
519,378,Gold Loan,748000,9.14,36,23834.97,2023-12-07,2026-12-07,Active,26,2023-11-27,2023-12-07,95339.88,32,2026-09-07,
440,328,Business Loan,3656000,12.59,84,65697.61,2021-10-04,2028-10-04,Active,41,2021-10-01,2021-10-04,1708137.86,58,2026-09-04,
557,1250,Home Loan,2026000,8.37,168,20512.07,2023-11-27,2037-11-27,Active,3,2023-10-30,2023-11-27,2769129.45,33,2026-09-27,
50,1465,Personal Loan,788000,16.45,36,27879.13,2022-02-01,2025-02-01,Closed,52,2022-01-31,2022-02-01,0.00,36,,
168,981,Personal Loan,890000,14.32,84,16836.33,2022-04-06,2029-04-06,Active,19,2022-03-26,2022-04-06,538762.56,52,2026-09-06,
543,927,Personal Loan,248000,16.34,12,22541.17,2025-03-08,2026-03-08,Active,2,2025-03-04,2025-03-08,0.00,12,2026-04-08,
278,181,Car Loan,1088000,9.64,48,27406.77,2026-05-13,2030-05-13,Pending,,,2026-05-13,1088000,0,,
735,370,Business Loan,2259000,10.69,36,73625.57,2022-09-21,2025-09-21,Closed,12,2022-08-22,2022-09-21,0.00,36,,
357,1163,Car Loan,381000,8.36,48,9365.84,2024-08-01,2028-08-01,Closed,24,2024-07-16,2024-08-01,0.00,48,,
115,847,Car Loan,839000,10.58,84,14181.12,2022-09-07,2029-09-07,Rejected,,,2022-09-07,0.00,0,,Low credit score
929,671,Education Loan,1975000,9.0,156,21521.19,2022-11-24,2035-11-24,Active,69,2022-11-16,2022-11-24,2388852.09,45,2026-09-24,
202,704,Home Loan,3755000,7.02,168,35165.65,2024-12-20,2038-12-20,Closed,21,2024-12-07,2024-12-20,0.00,168,,
949,1078,Car Loan,630000,8.29,60,12861.74,2023-11-06,2028-11-06,Active,98,2023-10-11,2023-11-06,347266.98,33,2026-09-06,
182,1251,Car Loan,993000,10.6,84,16794.45,2022-08-16,2029-08-16,Active,78,2022-08-11,2022-08-16,604600.20,48,2026-09-16,
83,311,Education Loan,1544000,7.23,96,21227.62,2026-03-14,2034-03-14,Closed,36,2026-03-12,2026-03-14,0.00,96,,
381,1460,Gold Loan,565000,8.05,36,17718.08,2025-09-27,2028-09-27,Active,38,2025-09-26,2025-09-27,442952.00,11,2026-09-27,
889,30,Personal Loan,881000,10.56,84,14881.82,2021-12-28,2028-12-28,Approved,59,2021-12-25,2021-12-28,416690.96,56,2026-09-28,
935,1340,Car Loan,1379000,7.71,72,23983.54,2022-08-20,2028-08-20,Closed,56,2022-08-09,2022-08-20,0.00,72,,
292,1384,Gold Loan,410000,8.9,12,35836.1,2025-06-26,2026-06-26,Active,63,2025-06-11,2025-06-26,0.00,12,2026-07-26,
342,564,Gold Loan,622000,11.85,12,55220.31,2022-09-03,2023-09-03,Approved,3,2022-08-11,2022-09-03,0.00,12,2023-10-03,
462,213,Car Loan,1501000,11.49,36,49489.85,2026-06-05,2029-06-05,Pending,,,2026-06-05,1501000,0,,
172,129,Personal Loan,1274000,12.97,48,34159.26,2022-04-24,2026-04-24,Approved,69,2022-03-27,2022-04-24,0.00,48,2026-05-24,
168,75,Education Loan,1678000,7.51,168,16170.93,2023-11-11,2037-11-11,Active,87,2023-10-26,2023-11-11,2183075.55,33,2026-09-11,
803,922,Personal Loan,508000,15.06,84,9819.86,2022-12-17,2029-12-17,Approved,48,2022-11-20,2022-12-17,392794.40,44,2026-09-17,
966,1304,Home Loan,3858000,7.81,144,41360.15,2025-09-25,2037-09-25,Closed,61,2025-09-08,2025-09-25,0.00,144,,
173,1248,Gold Loan,768000,12.9,24,36476.06,2024-06-27,2026-06-27,Closed,1,2024-06-15,2024-06-27,0.00,24,,
706,954,Business Loan,1675000,12.34,24,79114.28,2025-07-25,2027-07-25,Active,43,2025-07-17,2025-07-25,870257.08,13,2026-09-25,
759,1287,Education Loan,246000,7.48,156,2470.51,2023-05-18,2036-05-18,Approved,62,2023-04-22,2023-05-18,289049.67,39,2026-09-18,
154,685,Gold Loan,726000,11.58,48,18968.99,2025-06-30,2029-06-30,Defaulted,1,2025-06-10,2025-06-30,644945.66,14,2026-09-30,
447,809,Home Loan,5808000,9.45,120,74995.2,2026-05-26,2036-05-26,Closed,92,2026-05-19,2026-05-26,0.00,120,,
367,232,Business Loan,704000,11.81,48,18473.41,2023-04-25,2027-04-25,Active,5,2023-04-15,2023-04-25,147787.28,40,2026-09-25,
158,610,Education Loan,1608000,7.4,108,20437.41,2025-05-03,2034-05-03,Pending,,,2025-05-03,1608000,0,,
758,901,Business Loan,1924000,12.63,96,31940.26,2023-07-25,2031-07-25,Active,86,2023-07-12,2023-07-25,1884475.34,37,2026-09-25,
108,860,Gold Loan,448000,11.24,60,9794.31,2024-12-05,2029-12-05,Active,23,2024-11-15,2024-12-05,391772.40,20,2026-09-05,
958,904,Gold Loan,225000,11.84,60,4986.83,2026-06-16,2031-06-16,Defaulted,65,2026-06-13,2026-06-16,289236.14,2,2026-09-16,
656,1215,Car Loan,518000,10.71,36,16887.61,2024-06-16,2027-06-16,Active,86,2024-05-17,2024-06-16,168876.10,26,2026-09-16,
398,956,Business Loan,4966000,11.4,24,232377.84,2025-01-30,2027-01-30,Active,77,2025-01-19,2025-01-30,1161889.20,19,2026-09-30,
611,283,Car Loan,2269000,8.0,60,46007.14,2025-04-29,2030-04-29,Active,69,2025-04-06,2025-04-29,2024314.16,16,2026-09-29,
255,182,Business Loan,2737000,10.95,60,59440.79,2024-12-10,2029-12-10,Approved,14,2024-11-12,2024-12-10,2377631.60,20,2026-09-10,
662,362,Education Loan,1385000,8.42,132,16125.29,2025-09-28,2036-09-28,Defaulted,47,2025-09-03,2025-09-28,1951160.09,11,2026-09-28,
764,297,Education Loan,1466000,7.38,168,14021.49,2026-04-23,2040-04-23,Pending,,,2026-04-23,1466000,0,,
43,581,Business Loan,688000,10.78,60,14883.41,2023-01-28,2028-01-28,Closed,12,2023-01-06,2023-01-28,0.00,60,,
116,1008,Car Loan,1529000,8.76,36,48451.18,2021-10-24,2024-10-24,Active,60,2021-10-08,2021-10-24,0.00,36,2024-11-24,
580,1468,Personal Loan,216000,12.84,48,5777.6,2025-10-02,2029-10-02,Rejected,,,2025-10-02,0.00,0,,Eligibility criteria not met
879,943,Business Loan,2940000,15.27,96,53219.86,2024-04-05,2032-04-05,Defaulted,1,2024-04-01,2024-04-05,3618950.48,28,2026-09-05,
574,1440,Gold Loan,783000,10.03,24,36142.32,2026-01-28,2028-01-28,Active,38,2026-01-21,2026-01-28,614419.44,7,2026-09-28,
413,112,Home Loan,1733000,7.61,168,16798.06,2023-05-31,2037-05-31,Closed,88,2023-05-07,2023-05-31,0.00,168,,
606,824,Car Loan,714000,9.6,36,22904.92,2025-11-20,2028-11-20,Approved,23,2025-11-12,2025-11-20,618432.84,9,2026-09-20,
537,852,Home Loan,6624000,7.89,192,60840.32,2023-06-02,2039-06-02,Active,37,2023-05-21,2023-06-02,9369409.28,38,2026-09-02,
822,1318,Home Loan,6349000,7.55,240,51341.4,2024-04-25,2044-04-25,Closed,50,2024-03-29,2024-04-25,0.00,240,,
580,233,Car Loan,941000,11.45,36,31008.05,2025-02-25,2028-02-25,Active,25,2025-02-20,2025-02-25,558144.90,18,2026-09-25,
803,1354,Gold Loan,826000,11.26,12,73103.46,2024-09-03,2025-09-03,Defaulted,59,2024-08-29,2024-09-03,219310.38,9,2025-07-03,
39,1425,Business Loan,1269000,12.96,96,21300.02,2022-04-14,2030-04-14,Defaulted,48,2022-03-17,2022-04-14,937200.88,52,2026-09-14,
790,410,Education Loan,236000,7.95,168,2332.82,2024-04-30,2038-04-30,Closed,47,2024-04-19,2024-04-30,0.00,168,,
19,717,Business Loan,3279000,14.42,36,112738.49,2021-09-25,2024-09-25,Defaulted,11,2021-09-22,2021-09-25,338215.47,33,2024-07-25,
462,684,Education Loan,871000,8.01,60,17664.91,2025-06-19,2030-06-19,Active,77,2025-05-25,2025-06-19,812585.86,14,2026-09-19,
42,1437,Business Loan,3092000,12.38,24,146100.48,2026-03-21,2028-03-21,Defaulted,37,2026-02-26,2026-03-21,2775909.12,5,2026-09-21,
491,964,Personal Loan,1006000,14.23,60,23527.99,2026-05-15,2031-05-15,Approved,23,2026-04-15,2026-05-15,1341095.43,3,2026-09-15,
912,240,Gold Loan,571000,9.37,24,26183.03,2023-08-13,2025-08-13,Active,99,2023-08-06,2023-08-13,0.00,24,2025-09-13,
173,156,Business Loan,3413000,10.13,72,63452.66,2026-06-24,2032-06-24,Active,85,2026-06-15,2026-06-24,4441686.20,2,2026-09-24,
746,900,Home Loan,1789000,7.58,204,15625.19,2023-04-22,2040-04-22,Closed,44,2023-04-05,2023-04-22,0.00,204,,
710,359,Personal Loan,279000,14.55,36,9610.26,2025-07-03,2028-07-03,Approved,24,2025-06-20,2025-07-03,221035.98,13,2026-09-03,
207,666,Education Loan,834000,7.28,180,7627.39,2023-04-01,2038-04-01,Closed,52,2023-03-17,2023-04-01,0.00,180,,
523,650,Home Loan,5821000,8.81,204,55133.84,2022-07-25,2039-07-25,Active,32,2022-07-21,2022-07-25,8545745.20,49,2026-09-25,
511,1497,Home Loan,4824000,7.44,180,44554.76,2024-07-19,2039-07-19,Active,18,2024-06-24,2024-07-19,6905987.80,25,2026-09-19,
816,459,Car Loan,1169000,9.08,60,24311.93,2026-05-26,2031-05-26,Approved,20,2026-05-07,2026-05-26,1385780.01,3,2026-09-26,
101,375,Gold Loan,287000,9.0,48,7142.01,2024-12-30,2028-12-30,Active,58,2024-12-11,2024-12-30,199976.28,20,2026-09-30,
51,712,Home Loan,7441000,7.01,168,69644.12,2024-05-19,2038-05-19,Rejected,,,2024-05-19,0.00,0,,Eligibility criteria not met
888,180,Gold Loan,513000,12.94,60,11656.58,2026-02-12,2031-02-12,Approved,50,2026-01-25,2026-02-12,629455.32,6,2026-09-12,
166,1389,Business Loan,3096000,13.5,24,147917.64,2021-10-04,2023-10-04,Approved,15,2021-09-07,2021-10-04,0.00,24,2023-11-04,
742,1049,Personal Loan,623000,15.78,72,13438.67,2024-10-13,2030-10-13,Rejected,,,2024-10-13,0.00,0,,Insufficient income
394,365,Personal Loan,830000,11.96,24,39055.48,2025-11-14,2027-11-14,Active,16,2025-11-13,2025-11-14,585832.20,9,2026-09-14,
160,1170,Home Loan,1405000,9.01,228,12891.31,2024-07-04,2043-07-04,Pending,,,2024-07-04,1405000,0,,
129,499,Education Loan,1092000,8.2,84,17129.16,2025-11-05,2032-11-05,Approved,17,2025-10-23,2025-11-05,1284687.00,9,2026-09-05,
855,802,Gold Loan,355000,11.42,48,9247.74,2022-10-11,2026-10-11,Closed,66,2022-10-05,2022-10-11,0.00,48,,
555,66,Gold Loan,583000,9.93,24,26883.66,2023-05-15,2025-05-15,Pending,,,2023-05-15,583000,0,,
209,485,Personal Loan,101000,13.47,36,3426.0,2022-04-06,2025-04-06,Pending,,,2022-04-06,101000,0,,
632,1045,Education Loan,700000,8.94,132,8349.38,2026-04-25,2037-04-25,Active,73,2026-04-19,2026-04-25,1068720.64,4,2026-09-25,
690,100,Gold Loan,145000,10.59,12,12787.63,2022-11-12,2023-11-12,Active,57,2022-10-20,2022-11-12,0.00,12,2023-12-12,
246,1488,Home Loan,7480000,7.61,204,65462.52,2022-01-06,2039-01-06,Active,38,2021-12-22,2022-01-06,9753915.48,55,2026-09-06,
412,339,Business Loan,2692000,11.5,96,43016.47,2022-07-19,2030-07-19,Active,68,2022-06-20,2022-07-19,2021774.09,49,2026-09-19,
238,1236,Business Loan,4044000,10.77,24,188050.56,2023-03-26,2025-03-26,Active,21,2023-03-12,2023-03-26,0.00,24,2025-04-26,
516,245,Business Loan,2717000,15.83,108,47336.61,2026-01-11,2035-01-11,Active,21,2025-12-14,2026-01-11,4780997.61,7,2026-09-11,
6,1467,Home Loan,3657000,8.74,228,32930.55,2022-01-20,2041-01-20,Defaulted,69,2022-01-14,2022-01-20,5696985.15,55,2026-09-20,
633,828,Home Loan,3111000,7.34,192,27582.65,2023-06-18,2039-06-18,Active,92,2023-06-16,2023-06-18,4247728.10,38,2026-09-18,
360,243,Gold Loan,618000,8.01,12,53761.71,2023-03-03,2024-03-03,Active,99,2023-02-18,2023-03-03,0.00,12,2024-04-03,
824,798,Gold Loan,334000,13.91,36,11400.73,2025-09-30,2028-09-30,Defaulted,78,2025-09-22,2025-09-30,285018.25,11,2026-09-30,
87,637,Car Loan,2048000,7.53,36,63733.76,2026-07-17,2029-07-17,Active,14,2026-07-13,2026-07-17,2230681.60,1,2026-09-17,
41,654,Business Loan,1494000,11.6,84,26054.67,2024-01-17,2031-01-17,Closed,60,2024-01-06,2024-01-17,0.00,84,,
742,1141,Car Loan,1284000,10.45,72,24079.58,2025-04-26,2031-04-26,Active,24,2025-04-07,2025-04-26,1348456.48,16,2026-09-26,
167,451,Business Loan,2049000,10.47,84,34515.49,2022-09-18,2029-09-18,Defaulted,2,2022-08-25,2022-09-18,1277073.13,47,2026-09-18,
273,811,Gold Loan,703000,13.62,60,16219.42,2025-06-06,2030-06-06,Closed,4,2025-05-09,2025-06-06,0.00,60,,
975,1333,Home Loan,7646000,9.13,192,75878.62,2025-05-06,2041-05-06,Closed,50,2025-04-12,2025-05-06,0.00,192,,
607,87,Personal Loan,1429000,15.88,48,40410.49,2022-12-27,2026-12-27,Defaulted,74,2022-11-28,2022-12-27,161641.96,44,2026-09-27,
523,650,Gold Loan,587000,13.02,48,15753.57,2024-12-22,2028-12-22,Closed,49,2024-11-23,2024-12-22,0.00,48,,
53,285,Home Loan,3120000,8.5,216,28250.27,2022-07-27,2040-07-27,Active,33,2022-07-17,2022-07-27,4717795.09,49,2026-09-27,
592,253,Gold Loan,721000,9.44,12,63199.72,2024-02-16,2025-02-16,Closed,44,2024-02-05,2024-02-16,0.00,12,,
241,300,Business Loan,1515000,15.97,84,30065.15,2022-11-01,2029-11-01,Active,97,2022-10-02,2022-11-01,1172540.85,45,2026-09-01,
819,216,Education Loan,844000,8.64,108,11269.81,2023-05-19,2032-05-19,Defaulted,38,2023-04-30,2023-05-19,777616.89,39,2026-09-19,
985,458,Home Loan,5643000,7.28,132,62250.47,2021-09-14,2032-09-14,Closed,73,2021-08-28,2021-09-14,0.00,132,,
800,1500,Car Loan,976000,7.68,84,15057.01,2024-06-01,2031-06-01,Defaulted,85,2024-05-09,2024-06-01,873306.58,26,2026-09-01,
545,149,Education Loan,1327000,8.6,132,15580.3,2025-07-06,2036-07-06,Defaulted,97,2025-06-30,2025-07-06,1854055.70,13,2026-09-06,
9,502,Gold Loan,950000,9.6,24,43662.5,2025-03-19,2027-03-19,Active,97,2025-02-21,2025-03-19,305637.50,17,2026-09-19,
905,6,Personal Loan,205000,15.66,72,4408.54,2022-06-02,2028-06-02,Active,68,2022-05-11,2022-06-02,96987.88,50,2026-09-02,
797,1065,Education Loan,585000,8.09,144,6361.25,2025-10-04,2037-10-04,Active,27,2025-09-11,2025-10-04,852407.50,10,2026-09-04,
490,236,Car Loan,1709000,10.2,48,43508.99,2023-12-03,2027-12-03,Active,48,2023-11-15,2023-12-03,696143.84,32,2026-09-03,
776,11,Business Loan,1325000,12.71,84,23895.94,2021-09-18,2028-09-18,Active,78,2021-08-29,2021-09-18,597398.50,59,2026-09-18,
124,1433,Education Loan,513000,7.0,72,8746.14,2023-12-02,2029-12-02,Pending,,,2023-12-02,513000,0,,
966,1304,Personal Loan,1135000,13.82,84,21157.21,2026-05-26,2033-05-26,Active,26,2026-05-14,2026-05-26,1713734.01,3,2026-09-26,
366,69,Personal Loan,1497000,12.03,84,26450.16,2022-12-16,2029-12-16,Active,14,2022-11-20,2022-12-16,1058006.40,44,2026-09-16,
932,10,Education Loan,1279000,9.78,84,21087.81,2021-12-21,2028-12-21,Closed,86,2021-12-04,2021-12-21,0.00,84,,
286,975,Business Loan,3048000,10.35,24,141142.62,2022-06-15,2024-06-15,Approved,62,2022-06-11,2022-06-15,0.00,24,2024-07-15,
355,81,Home Loan,4347000,8.96,192,42691.77,2022-12-11,2038-12-11,Approved,9,2022-11-27,2022-12-11,6318381.96,44,2026-09-11,
109,1412,Car Loan,634000,9.7,36,20368.22,2021-12-12,2024-12-12,Closed,90,2021-11-26,2021-12-12,0.00,36,,
972,976,Car Loan,1855000,8.0,48,45285.97,2023-04-04,2027-04-04,Pending,,,2023-04-04,1855000,0,,
490,236,Business Loan,3075000,13.22,96,52061.45,2023-02-21,2031-02-21,Pending,,,2023-02-21,3075000,0,,
949,1069,Education Loan,953000,8.37,144,10510.09,2023-02-13,2035-02-13,Active,44,2023-01-26,2023-02-13,1072029.18,42,2026-09-13,
322,1253,Home Loan,2955000,8.24,156,30924.51,2026-03-06,2039-03-06,Pending,,,2026-03-06,2955000,0,,
472,133,Business Loan,890000,14.41,48,24504.0,2025-12-28,2029-12-28,Closed,16,2025-12-16,2025-12-28,0.00,48,,
780,1362,Gold Loan,748000,8.72,12,65316.62,2024-01-22,2025-01-22,Closed,44,2024-01-13,2024-01-22,0.00,12,,
824,798,Business Loan,4866000,15.79,120,80876.22,2022-11-25,2032-11-25,Defaulted,60,2022-11-23,2022-11-25,6065716.50,45,2026-09-25,
867,592,Home Loan,5867000,7.47,168,56409.24,2023-02-05,2037-02-05,Closed,26,2023-01-12,2023-02-05,0.00,168,,
165,1020,Personal Loan,312000,13.37,72,6324.21,2022-12-18,2028-12-18,Closed,25,2022-11-22,2022-12-18,0.00,72,,
224,74,Personal Loan,204000,10.59,84,3449.16,2022-11-28,2029-11-28,Closed,29,2022-11-03,2022-11-28,0.00,84,,
840,1496,Gold Loan,138000,11.08,24,6437.01,2024-05-21,2026-05-21,Active,14,2024-05-14,2024-05-21,0.00,24,2026-06-21,
505,460,Home Loan,5467000,7.06,120,63645.69,2024-09-21,2034-09-21,Pending,,,2024-09-21,5467000,0,,
101,580,Business Loan,2710000,9.17,60,56479.0,2026-02-09,2031-02-09,Closed,97,2026-01-19,2026-02-09,0.00,60,,
142,504,Personal Loan,1413000,14.42,48,38910.67,2024-11-29,2028-11-29,Active,48,2024-11-17,2024-11-29,1050588.09,21,2026-09-29,
664,385,Education Loan,1024000,7.09,60,20319.94,2025-08-06,2030-08-06,Rejected,,,2025-08-06,0.00,0,,High existing liabilities
769,722,Car Loan,594000,10.97,72,11297.12,2025-03-11,2031-03-11,Defaulted,68,2025-02-25,2025-03-11,621341.60,17,2026-09-11,
938,441,Gold Loan,977000,10.67,36,31833.26,2022-10-20,2025-10-20,Active,84,2022-10-16,2022-10-20,0.00,36,2025-11-20,
882,357,Education Loan,952000,6.56,132,10143.39,2025-10-23,2036-10-23,Defaulted,58,2025-10-22,2025-10-23,1237493.58,10,2026-09-23,
91,826,Car Loan,666000,9.59,84,10915.81,2023-07-19,2030-07-19,Active,97,2023-06-28,2023-07-19,513043.07,37,2026-09-19,
239,335,Home Loan,1734000,9.28,192,17366.47,2024-09-16,2040-09-16,Active,89,2024-09-06,2024-09-16,2934933.43,23,2026-09-16,
125,856,Business Loan,4085000,14.5,36,140609.69,2024-12-17,2027-12-17,Approved,71,2024-11-25,2024-12-17,2249755.04,20,2026-09-17,
184,98,Education Loan,1950000,6.5,144,19537.46,2025-01-11,2037-01-11,Active,48,2024-12-18,2025-01-11,2442182.50,19,2026-09-11,
108,860,Car Loan,1601000,9.86,72,29546.96,2024-12-06,2030-12-06,Active,65,2024-11-29,2024-12-06,1536441.92,20,2026-09-06,
498,973,Personal Loan,325000,16.51,72,7141.42,2026-03-18,2032-03-18,Closed,43,2026-02-26,2026-03-18,0.00,72,,
456,51,Education Loan,760000,10.45,72,14252.71,2022-10-25,2028-10-25,Active,78,2022-10-23,2022-10-25,370570.46,46,2026-09-25,
948,343,Business Loan,4983000,11.64,48,130342.45,2024-03-09,2028-03-09,Pending,,,2024-03-09,4983000,0,,
908,35,Business Loan,4221000,10.56,120,57097.97,2022-05-08,2032-05-08,Active,65,2022-04-17,2022-05-08,3939759.93,51,2026-09-08,
16,1128,Gold Loan,167000,12.12,36,5556.37,2022-02-06,2025-02-06,Active,33,2022-02-02,2022-02-06,0.00,36,2025-03-06,
675,1088,Car Loan,336000,11.2,84,5788.53,2025-12-26,2032-12-26,Active,64,2025-12-12,2025-12-26,439928.28,8,2026-09-26,
330,503,Personal Loan,1278000,15.5,24,62269.97,2025-10-29,2027-10-29,Approved,90,2025-10-19,2025-10-29,871779.58,10,2026-09-29,
988,422,Car Loan,2410000,9.29,60,50367.52,2024-06-02,2029-06-02,Active,40,2024-05-12,2024-06-02,1712495.68,26,2026-09-02,
425,605,Car Loan,601000,10.38,60,12882.14,2026-06-06,2031-06-06,Active,7,2026-05-09,2026-06-06,747164.12,2,2026-09-06,
628,1334,Car Loan,2312000,8.88,36,73391.93,2026-02-13,2029-02-13,Active,33,2026-02-10,2026-02-13,2201757.90,6,2026-09-13,
882,357,Personal Loan,403000,12.38,48,10687.88,2022-04-10,2026-04-10,Closed,4,2022-04-08,2022-04-10,0.00,48,,
462,1244,Education Loan,500000,9.42,156,5569.62,2023-04-19,2036-04-19,Rejected,,,2023-04-19,0.00,0,,Eligibility criteria not met
785,640,Education Loan,1907000,10.38,120,25604.14,2023-12-29,2033-12-29,Rejected,,,2023-12-29,0.00,0,,Low credit score
583,873,Personal Loan,1340000,15.87,60,32493.71,2025-04-17,2030-04-17,Active,62,2025-03-28,2025-04-17,1429723.24,16,2026-09-17,
793,164,Car Loan,1356000,10.73,48,34869.0,2023-12-05,2027-12-05,Active,57,2023-11-14,2023-12-05,557904.00,32,2026-09-05,
165,1020,Gold Loan,914000,9.99,48,23177.01,2026-05-27,2030-05-27,Active,20,2026-05-20,2026-05-27,1042965.45,3,2026-09-27,
495,498,Home Loan,5623000,7.83,132,63675.54,2024-11-26,2035-11-26,Active,29,2024-11-21,2024-11-26,7067984.94,21,2026-09-26,
928,1071,Car Loan,1628000,7.64,48,39469.7,2022-12-18,2026-12-18,Pending,,,2022-12-18,1628000,0,,
938,333,Business Loan,3831000,12.5,60,86189.6,2023-04-14,2028-04-14,Closed,1,2023-03-23,2023-04-14,0.00,60,,
837,462,Education Loan,483000,7.0,72,8234.67,2026-07-15,2032-07-15,Closed,37,2026-07-07,2026-07-15,0.00,72,,
629,501,Gold Loan,572000,11.67,24,26837.96,2023-09-10,2025-09-10,Closed,88,2023-08-31,2023-09-10,0.00,24,,
295,397,Business Loan,1533000,12.63,108,23825.37,2024-10-15,2033-10-15,Closed,54,2024-10-08,2024-10-15,0.00,108,,
207,666,Home Loan,7756000,8.3,216,69276.57,2024-03-17,2042-03-17,Active,58,2024-03-07,2024-03-17,12954718.59,29,2026-09-17,
17,784,Car Loan,822000,10.49,84,13855.19,2024-12-03,2031-12-03,Pending,,,2024-12-03,822000,0,,
754,1326,Gold Loan,273000,13.2,48,7351.03,2022-12-01,2026-12-01,Active,55,2022-11-12,2022-12-01,29404.12,44,2026-09-01,
224,74,Personal Loan,799000,14.89,84,15368.84,2021-12-12,2028-12-12,Active,29,2021-12-09,2021-12-12,430327.52,56,2026-09-12,
987,1036,Personal Loan,1207000,10.5,48,30903.28,2023-02-28,2027-02-28,Approved,28,2023-02-06,2023-02-28,185419.68,42,2026-09-28,
52,323,Business Loan,1473000,12.29,60,32982.34,2025-02-13,2030-02-13,Active,20,2025-01-25,2025-02-13,1385258.28,18,2026-09-13,
924,118,Personal Loan,1188000,13.34,72,24061.75,2025-08-27,2031-08-27,Closed,56,2025-08-25,2025-08-27,0.00,72,,
759,1287,Education Loan,916000,7.51,168,8827.52,2022-01-15,2036-01-15,Approved,69,2021-12-29,2022-01-15,997509.76,55,2026-09-15,
339,947,Education Loan,1996000,6.5,72,33552.62,2024-01-18,2030-01-18,Defaulted,16,2023-12-21,2024-01-18,1375657.42,31,2026-09-18,
452,153,Home Loan,1051000,7.73,180,9880.77,2026-02-16,2041-02-16,Pending,,,2026-02-16,1051000,0,,
105,215,Gold Loan,709000,8.61,12,61874.94,2023-09-25,2024-09-25,Closed,20,2023-09-03,2023-09-25,0.00,12,,
330,503,Business Loan,2744000,12.24,108,42037.76,2023-09-28,2032-09-28,Active,8,2023-09-15,2023-09-28,3068756.48,35,2026-09-28,
939,140,Education Loan,363000,9.91,120,4779.0,2021-09-10,2031-09-10,Closed,40,2021-09-05,2021-09-10,0.00,120,,
586,94,Car Loan,2336000,11.2,84,40244.08,2024-10-30,2031-10-30,Active,99,2024-10-14,2024-10-30,2495132.96,22,2026-09-30,
624,661,Business Loan,3921000,10.32,84,65743.39,2025-11-05,2032-11-05,Closed,60,2025-10-17,2025-11-05,0.00,84,,
11,1154,Business Loan,1695000,11.66,120,23986.34,2023-07-30,2033-07-30,Active,83,2023-07-07,2023-07-30,1990866.22,37,2026-09-30,
731,431,Gold Loan,979000,12.63,12,87271.76,2022-10-02,2023-10-02,Closed,97,2022-09-03,2022-10-02,0.00,12,,
400,989,Business Loan,2283000,13.12,36,77055.31,2024-07-05,2027-07-05,Approved,16,2024-06-18,2024-07-05,847608.41,25,2026-09-05,
222,1171,Car Loan,622000,10.35,60,13323.03,2022-01-12,2027-01-12,Closed,99,2021-12-21,2022-01-12,0.00,60,,
836,303,Business Loan,1735000,11.85,24,81550.99,2022-05-03,2024-05-03,Defaulted,94,2022-04-10,2022-05-03,244652.97,21,2024-03-03,
527,1165,Business Loan,1310000,11.18,72,25055.58,2024-05-09,2030-05-09,Active,54,2024-04-23,2024-05-09,1127501.10,27,2026-09-09,
881,1279,Education Loan,1229000,8.72,96,17827.09,2025-05-12,2033-05-12,Active,14,2025-05-07,2025-05-12,1443994.29,15,2026-09-12,
932,612,Personal Loan,351000,11.77,12,31148.17,2025-10-21,2026-10-21,Defaulted,29,2025-10-09,2025-10-21,93444.51,9,2026-08-21,
197,1453,Home Loan,7564000,7.77,192,68944.46,2022-10-25,2038-10-25,Approved,34,2022-10-10,2022-10-25,10065891.16,46,2026-09-25,
156,194,Home Loan,1674000,8.58,144,18656.84,2023-06-03,2035-06-03,Rejected,,,2023-06-03,0.00,0,,High existing liabilities
915,812,Personal Loan,804000,17.02,48,23207.77,2022-09-23,2026-09-23,Closed,71,2022-08-29,2022-09-23,0.00,48,,
889,383,Business Loan,655000,11.16,36,21493.52,2025-02-21,2028-02-21,Active,1,2025-01-28,2025-02-21,386883.36,18,2026-09-21,
507,1040,Education Loan,1957000,7.25,96,26925.31,2025-04-09,2033-04-09,Rejected,,,2025-04-09,0.00,0,,High existing liabilities
109,909,Car Loan,1342000,10.43,60,28798.3,2022-04-01,2027-04-01,Defaulted,59,2022-03-23,2022-04-01,230386.40,52,2026-09-01,
585,834,Gold Loan,237000,9.7,48,5976.84,2022-05-01,2026-05-01,Active,56,2022-04-21,2022-05-01,0.00,48,2026-06-01,
75,380,Business Loan,4026000,15.18,36,139917.75,2023-11-14,2026-11-14,Active,90,2023-11-11,2023-11-14,419753.25,33,2026-09-14,
495,498,Business Loan,2994000,10.19,36,96875.26,2023-02-14,2026-02-14,Approved,35,2023-01-29,2023-02-14,0.00,36,2026-03-14,
56,1272,Education Loan,1774000,9.48,144,20671.23,2025-03-29,2037-03-29,Pending,,,2025-03-29,1774000,0,,
149,513,Gold Loan,515000,11.5,12,45636.75,2026-04-18,2027-04-18,Approved,10,2026-04-01,2026-04-18,365094.00,4,2026-09-18,
49,1411,Home Loan,1487000,8.62,132,17475.13,2024-10-01,2035-10-01,Active,84,2024-09-20,2024-10-01,1922264.30,22,2026-09-01,
790,713,Car Loan,809000,8.74,60,16691.61,2025-02-09,2030-02-09,Active,69,2025-02-08,2025-02-09,701047.62,18,2026-09-09,
29,557,Education Loan,1244000,10.29,60,26609.18,2021-11-02,2026-11-02,Active,24,2021-10-05,2021-11-02,79827.54,57,2026-09-02,
451,1096,Business Loan,1044000,9.15,36,33271.85,2021-09-11,2024-09-11,Approved,76,2021-08-12,2021-09-11,0.00,36,2024-10-11,
942,1079,Gold Loan,76000,9.65,60,1601.72,2021-09-22,2026-09-22,Pending,,,2021-09-22,76000,0,,
442,211,Home Loan,6178000,7.08,120,71986.8,2023-12-19,2033-12-19,Closed,45,2023-12-08,2023-12-19,0.00,120,,
556,1095,Home Loan,3014000,7.43,192,26878.61,2022-04-28,2038-04-28,Active,98,2022-04-19,2022-04-28,3763005.40,52,2026-09-28,
399,870,Business Loan,1310000,15.57,72,28107.08,2022-05-02,2028-05-02,Active,61,2022-04-09,2022-05-02,590248.68,51,2026-09-02,
281,205,Education Loan,1256000,9.48,180,13100.31,2025-06-19,2040-06-19,Approved,40,2025-05-31,2025-06-19,2174651.46,14,2026-09-19,
941,281,Education Loan,1408000,8.37,108,18601.52,2024-05-01,2033-05-01,Approved,2,2024-04-14,2024-05-01,1506723.12,27,2026-09-01,
143,5,Gold Loan,689000,12.63,24,32636.7,2025-02-22,2027-02-22,Active,58,2025-02-16,2025-02-22,195820.20,18,2026-09-22,
290,478,Car Loan,497000,10.37,48,12693.7,2023-02-13,2027-02-13,Closed,16,2023-02-02,2023-02-13,0.00,48,,
423,78,Gold Loan,956000,11.51,24,44783.79,2025-05-19,2027-05-19,Approved,90,2025-04-30,2025-05-19,403054.11,15,2026-09-19,
932,10,Car Loan,1359000,9.95,48,34435.13,2025-09-11,2029-09-11,Approved,60,2025-09-08,2025-09-11,1274099.81,11,2026-09-11,
547,624,Car Loan,2361000,8.86,48,58596.76,2023-06-13,2027-06-13,Approved,25,2023-06-04,2023-06-13,585967.60,38,2026-09-13,
637,1019,Home Loan,6204000,8.67,216,56824.83,2025-09-25,2043-09-25,Defaulted,45,2025-09-02,2025-09-25,11649090.15,11,2026-09-25,
780,234,Car Loan,996000,9.7,36,31998.02,2021-10-04,2024-10-04,Active,52,2021-09-27,2021-10-04,0.00,36,2024-11-04,
284,1059,Car Loan,2440000,10.44,60,52372.62,2023-03-02,2028-03-02,Active,59,2023-02-25,2023-03-02,995079.78,41,2026-09-02,
563,496,Gold Loan,952000,13.36,12,85190.92,2026-02-09,2027-02-09,Approved,55,2026-01-21,2026-02-09,511145.52,6,2026-09-09,
624,661,Personal Loan,930000,10.39,60,19938.69,2026-07-17,2031-07-17,Active,85,2026-07-02,2026-07-17,1176382.71,1,2026-09-17,
651,596,Education Loan,280000,9.58,120,3635.41,2026-05-07,2036-05-07,Active,78,2026-05-04,2026-05-07,425342.97,3,2026-09-07,
653,1234,Business Loan,3314000,12.33,60,74271.93,2025-11-23,2030-11-23,Active,97,2025-11-13,2025-11-23,3787868.43,9,2026-09-23,
288,843,Personal Loan,746000,12.14,24,35165.6,2023-12-12,2025-12-12,Approved,53,2023-11-21,2023-12-12,0.00,24,2026-01-12,
241,1365,Home Loan,1917000,8.48,240,16611.91,2025-02-27,2045-02-27,Closed,6,2025-02-16,2025-02-27,0.00,240,,
836,303,Gold Loan,865000,9.77,48,21843.21,2022-10-07,2026-10-07,Active,35,2022-09-21,2022-10-07,43686.42,46,2026-09-07,
538,823,Business Loan,3822000,13.42,24,182459.75,2023-03-01,2025-03-01,Active,61,2023-02-11,2023-03-01,0.00,24,2025-04-01,
99,88,Gold Loan,676000,11.66,36,22343.26,2023-02-11,2026-02-11,Pending,,,2023-02-11,676000,0,,
30,639,Education Loan,408000,6.67,84,6092.2,2024-02-08,2031-02-08,Defaulted,12,2024-02-05,2024-02-08,328978.80,30,2026-09-08,
867,765,Car Loan,2451000,10.67,60,52888.2,2026-05-16,2031-05-16,Closed,85,2026-04-23,2026-05-16,0.00,60,,
675,1088,Home Loan,1639000,8.62,204,15334.02,2026-07-14,2043-07-14,Active,14,2026-06-20,2026-07-14,3112806.06,1,2026-09-14,
601,1487,Home Loan,7359000,9.23,204,71602.79,2024-06-12,2041-06-12,Pending,,,2024-06-12,7359000,0,,
845,214,Personal Loan,1037000,12.0,72,20273.55,2022-09-07,2028-09-07,Closed,72,2022-08-29,2022-09-07,0.00,72,,
412,680,Gold Loan,784000,11.51,60,17246.14,2023-09-24,2028-09-24,Defaulted,40,2023-09-18,2023-09-24,431153.50,35,2026-09-24,
257,179,Business Loan,1289000,15.29,120,21025.59,2023-06-19,2033-06-19,Active,59,2023-05-30,2023-06-19,1724098.38,38,2026-09-19,
858,1130,Business Loan,2849000,11.56,120,40153.5,2022-07-24,2032-07-24,Rejected,,,2022-07-24,0.00,0,,Unstable employment history
781,548,Home Loan,2953000,7.38,240,23572.96,2023-02-25,2043-02-25,Defaulted,11,2023-01-29,2023-02-25,4667446.08,42,2026-09-25,
351,1167,Home Loan,6611000,8.6,204,61770.32,2023-05-30,2040-05-30,Active,17,2023-05-03,2023-05-30,10192102.80,39,2026-09-30,
63,372,Gold Loan,180000,9.67,36,5780.25,2023-03-28,2026-03-28,Defaulted,15,2023-03-16,2023-03-28,17340.75,33,2026-01-28,
306,714,Gold Loan,235000,13.46,12,21040.31,2026-05-10,2027-05-10,Active,89,2026-05-09,2026-05-10,189362.79,3,2026-09-10,
932,10,Gold Loan,627000,11.08,12,55438.7,2023-09-16,2024-09-16,Approved,82,2023-09-13,2023-09-16,0.00,12,2024-10-16,
632,1472,Personal Loan,1099000,15.93,12,99676.81,2024-03-20,2025-03-20,Approved,46,2024-03-11,2024-03-20,0.00,12,2025-04-20,
798,733,Education Loan,1615000,8.61,120,20118.83,2024-01-14,2034-01-14,Active,55,2023-12-28,2024-01-14,1790575.87,31,2026-09-14,
209,485,Car Loan,1834000,8.69,72,32777.37,2025-10-15,2031-10-15,Pending,,,2025-10-15,1834000,0,,
863,1143,Personal Loan,1223000,10.95,60,26560.5,2022-01-31,2027-01-31,Active,91,2022-01-01,2022-01-31,132802.50,55,2026-09-30,
323,1146,Gold Loan,612000,12.79,60,13859.18,2025-12-25,2030-12-25,Active,17,2025-11-30,2025-12-25,720677.36,8,2026-09-25,
206,1220,Business Loan,1134000,11.24,96,17960.48,2026-03-30,2034-03-30,Approved,47,2026-03-27,2026-03-30,1634403.68,5,2026-09-30,
904,810,Gold Loan,112000,8.76,12,9782.1,2023-08-04,2024-08-04,Rejected,,,2023-08-04,0.00,0,,Low credit score
970,17,Personal Loan,918000,17.53,72,20694.38,2023-11-14,2029-11-14,Active,36,2023-10-16,2023-11-14,807080.82,33,2026-09-14,
869,1284,Education Loan,593000,10.21,84,9908.97,2024-04-04,2031-04-04,Active,15,2024-03-10,2024-04-04,554902.32,28,2026-09-04,
208,573,Car Loan,957000,8.33,60,19556.0,2022-09-10,2027-09-10,Active,31,2022-08-24,2022-09-10,254228.00,47,2026-09-10,
204,1307,Personal Loan,1141000,13.32,36,38620.9,2023-10-20,2026-10-20,Active,99,2023-09-25,2023-10-20,77241.80,34,2026-09-20,
174,184,Business Loan,2133000,10.39,72,39936.4,2026-03-12,2032-03-12,Defaulted,78,2026-02-18,2026-03-12,2675738.80,5,2026-09-12,
338,1452,Car Loan,1742000,8.26,84,27377.39,2023-04-13,2030-04-13,Pending,,,2023-04-13,1742000,0,,
579,582,Education Loan,316000,8.57,72,5628.87,2021-11-10,2027-11-10,Active,93,2021-10-11,2021-11-10,84433.05,57,2026-09-10,
455,783,Personal Loan,1492000,11.21,12,132011.63,2021-09-24,2022-09-24,Closed,37,2021-09-13,2021-09-24,0.00,12,,
507,1489,Car Loan,1332000,9.6,84,21838.46,2025-02-23,2032-02-23,Defaulted,41,2025-01-25,2025-02-23,1441338.36,18,2026-09-23,
787,404,Personal Loan,1287000,10.19,24,59501.45,2022-01-16,2024-01-16,Active,43,2021-12-24,2022-01-16,0.00,24,2024-02-16,
518,1319,Car Loan,1084000,9.87,36,34911.51,2022-10-14,2025-10-14,Closed,46,2022-10-02,2022-10-14,0.00,36,,
528,907,Business Loan,4708000,14.29,108,77700.42,2022-08-07,2031-08-07,Active,67,2022-07-12,2022-08-07,4662025.20,48,2026-09-07,
597,781,Gold Loan,807000,10.02,24,37246.41,2025-06-05,2027-06-05,Active,39,2025-05-21,2025-06-05,372464.10,14,2026-09-05,
991,1275,Education Loan,1986000,9.28,132,24062.33,2023-01-25,2034-01-25,Active,96,2023-01-18,2023-01-25,2141547.37,43,2026-09-25,
788,58,Gold Loan,951000,8.67,60,19589.23,2025-12-02,2030-12-02,Closed,70,2025-11-04,2025-12-02,0.00,60,,
186,778,Education Loan,802000,7.71,132,9030.44,2025-12-06,2036-12-06,Closed,92,2025-11-23,2025-12-06,0.00,132,,
502,47,Business Loan,3596000,15.25,120,58567.82,2022-10-27,2032-10-27,Active,39,2022-09-28,2022-10-27,4334018.68,46,2026-09-27,
621,320,Home Loan,3930000,7.19,192,34506.44,2023-01-26,2039-01-26,Approved,33,2023-01-10,2023-01-26,5141459.56,43,2026-09-26,
798,1399,Business Loan,3829000,10.44,24,177467.53,2022-04-01,2024-04-01,Active,54,2022-03-28,2022-04-01,0.00,24,2024-05-01,
824,798,Business Loan,4985000,10.06,48,126576.17,2026-03-13,2030-03-13,Active,39,2026-02-19,2026-03-13,5442775.31,5,2026-09-13,
590,754,Car Loan,1533000,8.41,84,24208.01,2023-07-19,2030-07-19,Active,59,2023-07-03,2023-07-19,1137776.47,37,2026-09-19,
745,364,Education Loan,1011000,7.06,108,12674.59,2022-10-06,2031-10-06,Pending,,,2022-10-06,1011000,0,,
309,1140,Car Loan,1827000,10.38,60,39160.84,2026-05-04,2031-05-04,Active,85,2026-04-08,2026-05-04,2232167.88,3,2026-09-04,
632,1045,Home Loan,2478000,8.83,180,24883.55,2024-03-09,2039-03-09,Active,75,2024-02-14,2024-03-09,3757416.05,29,2026-09-09,
493,649,Home Loan,7391000,7.92,240,61453.81,2022-06-25,2042-06-25,Pending,,,2022-06-25,7391000,0,,
638,525,Home Loan,7546000,8.11,120,91993.0,2024-12-23,2034-12-23,Active,57,2024-12-10,2024-12-23,9199300.00,20,2026-09-23,
99,88,Gold Loan,227000,11.79,60,5025.43,2022-10-11,2027-10-11,Rejected,,,2022-10-11,0.00,0,,High existing liabilities
822,131,Gold Loan,170000,13.36,24,8110.89,2026-05-19,2028-05-19,Active,82,2026-04-30,2026-05-19,170328.69,3,2026-09-19,
640,1242,Home Loan,1425000,7.87,204,12690.01,2022-09-09,2039-09-09,Active,14,2022-08-27,2022-09-09,1992331.57,47,2026-09-09,
356,731,Gold Loan,625000,9.83,36,20117.15,2024-03-04,2027-03-04,Pending,,,2024-03-04,625000,0,,
496,934,Gold Loan,911000,12.36,48,24151.47,2023-09-01,2027-09-01,Active,64,2023-08-07,2023-09-01,313969.11,35,2026-09-01,
266,579,Business Loan,4466000,13.49,120,67979.1,2024-10-08,2034-10-08,Pending,,,2024-10-08,4466000,0,,
197,1289,Education Loan,1014000,9.65,108,14084.32,2024-01-06,2033-01-06,Pending,,,2024-01-06,1014000,0,,
91,826,Car Loan,2032000,8.47,36,64116.99,2022-11-22,2025-11-22,Closed,68,2022-11-11,2022-11-22,0.00,36,,
528,20,Home Loan,6364000,9.26,144,73359.31,2024-04-17,2036-04-17,Defaulted,30,2024-03-24,2024-04-17,8509679.96,28,2026-09-17,
958,814,Business Loan,655000,12.77,108,10232.2,2024-05-22,2033-05-22,Closed,95,2024-05-20,2024-05-22,0.00,108,,
988,422,Gold Loan,388000,10.14,12,34136.63,2024-11-16,2025-11-16,Approved,84,2024-11-10,2024-11-16,0.00,12,2025-12-16,
838,770,Home Loan,4514000,8.49,144,50082.82,2024-12-05,2036-12-05,Active,61,2024-11-22,2024-12-05,6210269.68,20,2026-09-05,
410,1152,Education Loan,176000,8.35,180,1717.7,2021-12-10,2036-12-10,Approved,54,2021-11-19,2021-12-10,212994.80,56,2026-09-10,
716,950,Gold Loan,345000,10.9,24,16063.69,2022-04-03,2024-04-03,Active,65,2022-03-23,2022-04-03,0.00,24,2024-05-03,
383,1199,Business Loan,753000,14.53,60,17728.58,2025-10-11,2030-10-11,Approved,29,2025-09-29,2025-10-11,886429.00,10,2026-09-11,
543,927,Gold Loan,350000,9.88,36,11273.81,2025-06-16,2028-06-16,Active,93,2025-06-04,2025-06-16,248023.82,14,2026-09-16,
107,191,Business Loan,2559000,13.9,60,59410.87,2021-12-17,2026-12-17,Defaulted,47,2021-11-27,2021-12-17,237643.48,56,2026-09-17,
173,156,Business Loan,4880000,10.86,60,105762.62,2026-02-03,2031-02-03,Rejected,,,2026-02-03,0.00,0,,High existing liabilities
383,1199,Personal Loan,932000,15.55,48,26198.84,2022-07-01,2026-07-01,Closed,18,2022-06-21,2022-07-01,0.00,48,,
81,1240,Car Loan,1627000,9.16,60,33900.33,2025-06-09,2030-06-09,Active,32,2025-05-24,2025-06-09,1559415.18,14,2026-09-09,
468,740,Education Loan,1900000,6.78,132,20461.31,2024-01-25,2035-01-25,Approved,61,2024-01-19,2024-01-25,2066592.31,31,2026-09-25,
299,463,Personal Loan,83000,10.69,12,7323.68,2022-12-15,2023-12-15,Closed,58,2022-11-16,2022-12-15,0.00,12,,
481,402,Gold Loan,506000,9.69,36,16253.65,2025-05-29,2028-05-29,Closed,10,2025-05-14,2025-05-29,0.00,36,,
765,1012,Home Loan,7186000,8.04,156,74397.2,2022-07-15,2035-07-15,Approved,29,2022-06-19,2022-07-15,7960500.40,49,2026-09-15,
932,10,Personal Loan,1054000,15.71,48,29714.34,2026-04-21,2030-04-21,Rejected,,,2026-04-21,0.00,0,,Low credit score
618,353,Gold Loan,240000,12.82,24,11389.76,2024-01-24,2026-01-24,Active,70,2024-01-23,2024-01-24,0.00,24,2026-02-24,
62,1379,Education Loan,1213000,9.43,120,15649.47,2024-10-02,2034-10-02,Active,38,2024-09-10,2024-10-02,1533648.06,22,2026-09-02,
860,134,Business Loan,666000,14.84,120,10679.75,2025-07-22,2035-07-22,Approved,69,2025-06-27,2025-07-22,1142733.25,13,2026-09-22,
758,787,Gold Loan,273000,8.47,48,6725.12,2024-07-08,2028-07-08,Closed,8,2024-06-28,2024-07-08,0.00,48,,
621,320,Home Loan,7445000,7.35,228,60680.92,2024-05-18,2043-05-18,Defaulted,84,2024-05-03,2024-05-18,12196864.92,27,2026-09-18,
580,233,Business Loan,4578000,11.31,48,119011.18,2023-09-14,2027-09-14,Closed,57,2023-08-20,2023-09-14,0.00,48,,
228,301,Business Loan,1452000,11.79,36,48081.67,2023-07-20,2026-07-20,Closed,44,2023-07-08,2023-07-20,0.00,36,,
529,1397,Car Loan,1992000,9.89,48,50417.1,2022-09-01,2026-09-01,Closed,80,2022-08-27,2022-09-01,0.00,48,,
754,1326,Personal Loan,107000,10.48,36,3476.75,2021-10-02,2024-10-02,Pending,,,2021-10-02,107000,0,,
960,1161,Gold Loan,438000,9.07,36,13942.56,2024-03-12,2027-03-12,Pending,,,2024-03-12,438000,0,,
454,1212,Business Loan,1927000,11.59,108,28816.28,2025-04-03,2034-04-03,Pending,,,2025-04-03,1927000,0,,
828,574,Home Loan,3646000,8.1,156,37869.65,2023-01-02,2036-01-02,Closed,57,2022-12-14,2023-01-02,0.00,156,,
719,871,Personal Loan,1342000,14.16,84,25267.86,2021-09-12,2028-09-12,Active,79,2021-09-11,2021-09-12,631696.50,59,2026-09-12,
599,761,Personal Loan,1068000,17.31,48,30988.74,2021-10-15,2025-10-15,Closed,21,2021-10-10,2021-10-15,0.00,48,,
280,43,Car Loan,1105000,10.31,60,23646.89,2023-07-09,2028-07-09,Active,96,2023-06-19,2023-07-09,543878.47,37,2026-09-09,
298,1268,Gold Loan,132000,12.97,60,3001.38,2026-02-10,2031-02-10,Pending,,,2026-02-10,132000,0,,
305,691,Car Loan,2061000,10.01,60,43800.3,2025-05-12,2030-05-12,Defaulted,36,2025-04-23,2025-05-12,1971013.50,15,2026-09-12,
996,1448,Home Loan,2147000,7.08,120,25017.1,2024-10-20,2034-10-20,Active,34,2024-10-14,2024-10-20,2451675.80,22,2026-09-20,
622,296,Business Loan,3199000,15.62,72,68724.64,2025-11-28,2031-11-28,Active,53,2025-10-31,2025-11-28,4329652.32,9,2026-09-28,
355,818,Education Loan,930000,8.0,180,8887.56,2025-02-14,2040-02-14,Active,74,2025-01-26,2025-02-14,1439784.72,18,2026-09-14,
926,1235,Car Loan,1194000,11.49,60,26253.18,2022-11-02,2027-11-02,Rejected,,,2022-11-02,0.00,0,,Incomplete documentation
331,225,Gold Loan,779000,13.37,60,17872.54,2025-06-20,2030-06-20,Active,41,2025-06-12,2025-06-20,822136.84,14,2026-09-20,
87,637,Car Loan,549000,9.46,84,8961.6,2024-07-06,2031-07-06,Pending,,,2024-07-06,549000,0,,
398,400,Business Loan,1033000,9.75,60,21821.34,2025-04-10,2030-04-10,Closed,10,2025-03-24,2025-04-10,0.00,60,,
498,973,Car Loan,2305000,9.77,72,42435.2,2025-05-02,2031-05-02,Pending,,,2025-05-02,2305000,0,,
586,575,Business Loan,4997000,15.15,72,106069.11,2026-03-29,2032-03-29,Closed,66,2026-03-18,2026-03-29,0.00,72,,
905,6,Education Loan,473000,8.75,156,5086.55,2026-05-30,2039-05-30,Closed,52,2026-05-01,2026-05-30,0.00,156,,
339,846,Car Loan,1012000,9.07,60,21041.85,2025-10-18,2030-10-18,Active,19,2025-10-01,2025-10-18,1052092.50,10,2026-09-18,
474,1364,Home Loan,2097000,9.29,192,21014.8,2023-02-21,2039-02-21,Active,28,2023-02-18,2023-02-21,3152220.00,42,2026-09-21,
259,729,Car Loan,1657000,9.76,36,53280.22,2023-10-15,2026-10-15,Active,68,2023-09-21,2023-10-15,106560.44,34,2026-09-15,
746,900,Personal Loan,349000,12.55,24,16518.42,2024-04-08,2026-04-08,Closed,84,2024-03-28,2024-04-08,0.00,24,,
834,374,Home Loan,5630000,9.33,216,53888.1,2022-04-29,2040-04-29,Closed,84,2022-04-05,2022-04-29,0.00,216,,
487,1374,Home Loan,3602000,7.36,132,39887.66,2025-01-14,2036-01-14,Closed,33,2025-01-10,2025-01-14,0.00,132,,
777,1147,Education Loan,1107000,9.26,96,16367.48,2023-10-20,2031-10-20,Rejected,,,2023-10-20,0.00,0,,Unstable employment history
362,1083,Home Loan,2164000,7.17,120,25315.89,2025-06-04,2035-06-04,Defaulted,71,2025-05-05,2025-06-04,2683484.34,14,2026-09-04,
370,1441,Gold Loan,516000,12.55,36,17274.45,2025-11-10,2028-11-10,Pending,,,2025-11-10,516000,0,,
470,1325,Business Loan,1710000,9.81,72,31515.59,2021-09-21,2027-09-21,Active,15,2021-09-06,2021-09-21,409702.67,59,2026-09-21,
42,1343,Business Loan,3441000,13.17,72,69384.12,2024-01-26,2030-01-26,Approved,49,2024-01-09,2024-01-26,2844748.92,31,2026-09-26,
191,518,Business Loan,911000,9.94,36,29369.75,2024-11-02,2027-11-02,Active,25,2024-10-30,2024-11-02,440546.25,21,2026-09-02,
21,619,Education Loan,967000,8.25,168,9723.82,2022-07-07,2036-07-07,Active,29,2022-07-03,2022-07-07,1157134.58,49,2026-09-07,
450,14,Personal Loan,176000,11.41,60,3862.75,2023-04-11,2028-04-11,Approved,60,2023-04-05,2023-04-11,77255.00,40,2026-09-11,
894,1466,Home Loan,7371000,8.21,216,65433.08,2022-03-27,2040-03-27,Active,54,2022-03-15,2022-03-27,10665592.04,53,2026-09-27,
943,984,Personal Loan,948000,17.24,12,86570.12,2025-12-12,2026-12-12,Pending,,,2025-12-12,948000,0,,
107,724,Education Loan,216000,7.09,96,2954.57,2022-03-19,2030-03-19,Active,30,2022-03-14,2022-03-19,127046.51,53,2026-09-19,
185,405,Personal Loan,1277000,10.74,60,27599.78,2024-07-31,2029-07-31,Defaulted,7,2024-07-06,2024-07-31,965992.30,25,2026-09-30,
451,721,Home Loan,2184000,7.47,120,25890.28,2026-03-12,2036-03-12,Active,47,2026-02-15,2026-03-12,2977382.20,5,2026-09-12,
701,1004,Education Loan,1543000,9.35,84,25100.4,2023-10-18,2030-10-18,Rejected,,,2023-10-18,0.00,0,,Low credit score
881,1279,Education Loan,1351000,7.91,96,19036.91,2025-07-17,2033-07-17,Pending,,,2025-07-17,1351000,0,,
427,474,Home Loan,6436000,7.87,144,69208.71,2024-03-19,2036-03-19,Active,91,2024-03-03,2024-03-19,7959001.65,29,2026-09-19,
416,599,Car Loan,1894000,10.47,72,35538.5,2024-06-18,2030-06-18,Active,16,2024-06-06,2024-06-18,1634771.00,26,2026-09-18,
51,85,Home Loan,1973000,8.62,120,24589.18,2023-07-03,2033-07-03,Active,39,2023-06-05,2023-07-03,2040901.94,37,2026-09-03,
966,132,Car Loan,1452000,9.07,36,46220.53,2024-02-16,2027-02-16,Active,52,2024-01-25,2024-02-16,277323.18,30,2026-09-16,
656,571,Home Loan,1647000,8.48,192,15700.84,2021-11-17,2037-11-17,Active,92,2021-10-23,2021-11-17,2119613.40,57,2026-09-17,
810,807,Business Loan,4732000,9.51,108,65371.25,2022-10-09,2031-10-09,Active,100,2022-10-08,2022-10-09,4053017.50,46,2026-09-09,
374,388,Education Loan,1766000,9.53,60,37115.18,2024-03-15,2029-03-15,Closed,17,2024-03-07,2024-03-15,0.00,60,,
904,212,Personal Loan,1270000,10.63,36,41356.0,2023-09-16,2026-09-16,Pending,,,2023-09-16,1270000,0,,
847,939,Business Loan,1141000,11.78,72,22176.45,2024-01-26,2030-01-26,Active,66,2024-01-24,2024-01-26,909234.45,31,2026-09-26,
16,1435,Gold Loan,659000,13.67,60,15221.27,2025-09-23,2030-09-23,Active,17,2025-09-18,2025-09-23,745842.23,11,2026-09-23,
665,874,Home Loan,6295000,7.46,144,66290.42,2022-04-04,2034-04-04,Defaulted,58,2022-03-05,2022-04-04,6098718.64,52,2026-09-04,
560,924,Home Loan,6166000,7.5,204,53564.62,2023-12-02,2040-12-02,Pending,,,2023-12-02,6166000,0,,
941,281,Personal Loan,315000,17.11,60,7847.2,2024-11-08,2029-11-08,Defaulted,62,2024-11-04,2024-11-08,306040.80,21,2026-09-08,
752,321,Home Loan,1603000,8.16,192,14977.4,2023-10-20,2039-10-20,Defaulted,87,2023-10-04,2023-10-20,2366429.20,34,2026-09-20,
524,547,Personal Loan,698000,15.34,36,24312.78,2024-12-24,2027-12-24,Closed,70,2024-12-21,2024-12-24,0.00,36,,
237,1363,Home Loan,7994000,9.4,144,92784.41,2022-12-02,2034-12-02,Pending,,,2022-12-02,7994000,0,,
835,665,Personal Loan,396000,16.53,12,36028.81,2024-03-19,2025-03-19,Approved,39,2024-03-18,2024-03-19,0.00,12,2025-04-19,
904,212,Education Loan,308000,7.05,108,3859.74,2022-05-29,2031-05-29,Active,37,2022-04-29,2022-05-29,220005.18,51,2026-09-29,
179,708,Business Loan,4491000,15.17,24,218116.45,2022-09-03,2024-09-03,Active,14,2022-08-22,2022-09-03,0.00,24,2024-10-03,
983,1335,Car Loan,1301000,11.44,60,28573.21,2024-03-25,2029-03-25,Closed,38,2024-03-12,2024-03-25,0.00,60,,
666,61,Gold Loan,722000,13.61,60,16654.05,2022-05-05,2027-05-05,Active,23,2022-04-23,2022-05-05,149886.45,51,2026-09-05,
299,463,Car Loan,1101000,11.38,72,21171.44,2024-09-15,2030-09-15,Active,47,2024-09-06,2024-09-15,1037400.56,23,2026-09-15,
774,448,Education Loan,460000,8.38,168,4659.87,2023-04-21,2037-04-21,Pending,,,2023-04-21,460000,0,,
906,655,Home Loan,7927000,7.01,240,61505.54,2021-08-20,2041-08-20,Active,11,2021-08-09,2021-08-20,11070997.20,60,2026-09-20,
878,175,Business Loan,4355000,14.85,36,150647.8,2023-06-17,2026-06-17,Active,1,2023-06-07,2023-06-17,0.00,36,2026-07-17,
71,1029,Gold Loan,530000,8.42,48,13043.59,2021-11-16,2025-11-16,Active,34,2021-10-31,2021-11-16,0.00,48,2025-12-16,
606,154,Gold Loan,537000,11.92,36,17815.57,2023-12-05,2026-12-05,Active,20,2023-11-25,2023-12-05,71262.28,32,2026-09-05,
156,1337,Gold Loan,71000,8.3,24,3220.86,2023-05-09,2025-05-09,Rejected,,,2023-05-09,0.00,0,,Unstable employment history
798,733,Home Loan,1600000,7.26,180,14614.83,2021-12-19,2036-12-19,Closed,40,2021-11-22,2021-12-19,0.00,180,,
890,467,Personal Loan,52000,17.33,24,2579.25,2026-07-02,2028-07-02,Active,67,2026-06-25,2026-07-02,59322.75,1,2026-09-02,
847,732,Gold Loan,958000,9.69,36,30772.72,2022-03-27,2025-03-27,Defaulted,61,2022-03-26,2022-03-27,92318.16,33,2025-01-27,
495,416,Gold Loan,78000,13.32,12,6978.46,2025-08-14,2026-08-14,Pending,,,2025-08-14,78000,0,,
708,435,Education Loan,1391000,8.62,156,14855.65,2025-07-16,2038-07-16,Active,64,2025-07-07,2025-07-16,2124357.95,13,2026-09-16,
451,721,Education Loan,1963000,9.55,96,29321.52,2024-02-23,2032-02-23,Active,3,2024-02-05,2024-02-23,1935220.32,30,2026-09-23,
242,1214,Personal Loan,292000,16.25,12,26527.97,2024-06-12,2025-06-12,Active,85,2024-06-09,2024-06-12,0.00,12,2025-07-12,
687,931,Gold Loan,768000,11.69,24,36041.35,2023-12-17,2025-12-17,Active,31,2023-11-28,2023-12-17,0.00,24,2026-01-17,
428,228,Personal Loan,705000,12.36,12,62757.19,2022-05-17,2023-05-17,Defaulted,97,2022-05-08,2022-05-17,188271.57,9,2023-03-17,
729,775,Education Loan,1288000,7.59,168,12470.2,2022-02-11,2036-02-11,Closed,3,2022-01-13,2022-02-11,0.00,168,,
446,183,Gold Loan,976000,13.34,24,46556.84,2024-05-08,2026-05-08,Defaulted,16,2024-05-01,2024-05-08,139670.52,21,2026-03-08,
98,1366,Car Loan,2476000,8.51,60,50810.87,2025-12-25,2030-12-25,Active,15,2025-12-21,2025-12-25,2642165.24,8,2026-09-25,
843,749,Car Loan,898000,8.32,36,28272.81,2021-08-21,2024-08-21,Closed,19,2021-07-23,2021-08-21,0.00,36,,
157,1247,Education Loan,531000,8.46,156,5622.84,2021-08-20,2034-08-20,Active,79,2021-08-14,2021-08-20,539792.64,60,2026-09-20,
848,1166,Personal Loan,1446000,17.88,24,72106.44,2024-05-20,2026-05-20,Defaulted,98,2024-05-10,2024-05-20,216319.32,21,2026-03-20,
657,278,Car Loan,847000,9.27,48,21186.39,2024-05-01,2028-05-01,Active,75,2024-04-04,2024-05-01,444914.19,27,2026-09-01,
187,1444,Education Loan,1535000,8.03,180,14695.86,2023-03-02,2038-03-02,Approved,75,2023-02-28,2023-03-02,2042724.54,41,2026-09-02,
97,591,Gold Loan,563000,13.73,24,26959.5,2022-04-08,2024-04-08,Active,89,2022-03-29,2022-04-08,0.00,24,2024-05-08,
135,1153,Home Loan,3417000,8.61,240,29891.84,2025-02-02,2045-02-02,Active,83,2025-01-25,2025-02-02,6635988.48,18,2026-09-02,
413,112,Car Loan,959000,10.69,48,24641.73,2024-03-06,2028-03-06,Pending,,,2024-03-06,959000,0,,
191,518,Gold Loan,315000,10.81,60,6819.05,2023-04-27,2028-04-27,Closed,34,2023-04-02,2023-04-27,0.00,60,,
503,1188,Home Loan,7123000,9.09,192,70515.44,2024-10-11,2040-10-11,Closed,79,2024-09-27,2024-10-11,0.00,192,,
443,1157,Education Loan,1077000,9.1,72,19467.0,2024-03-14,2030-03-14,Closed,19,2024-02-20,2024-03-14,0.00,72,,
644,1308,Personal Loan,1040000,11.36,12,92091.66,2023-02-07,2024-02-07,Active,89,2023-01-26,2023-02-07,0.00,12,2024-03-07,
438,1258,Home Loan,6565000,7.89,180,62322.38,2026-06-15,2041-06-15,Active,1,2026-05-29,2026-06-15,11093383.64,2,2026-09-15,
461,587,Gold Loan,402000,8.86,36,12757.32,2024-02-12,2027-02-12,Closed,71,2024-02-09,2024-02-12,0.00,36,,
637,1019,Business Loan,1995000,12.11,60,44488.65,2021-11-18,2026-11-18,Defaulted,39,2021-10-19,2021-11-18,133465.95,57,2026-09-18,
221,72,Education Loan,464000,6.85,72,7877.36,2023-07-31,2029-07-31,Pending,,,2023-07-31,464000,0,,
917,769,Business Loan,2989000,15.13,48,83383.21,2023-01-26,2027-01-26,Closed,10,2023-01-12,2023-01-26,0.00,48,,
483,1470,Gold Loan,479000,11.87,60,10623.65,2025-12-21,2030-12-21,Pending,,,2025-12-21,479000,0,,
820,928,Personal Loan,1277000,14.27,60,29892.61,2026-04-17,2031-04-17,Active,79,2026-04-04,2026-04-17,1673986.16,4,2026-09-17,
882,447,Gold Loan,323000,10.29,12,28440.42,2023-01-12,2024-01-12,Active,97,2022-12-14,2023-01-12,0.00,12,2024-02-12,
692,340,Business Loan,3258000,11.43,24,152499.58,2023-02-12,2025-02-12,Approved,91,2023-01-30,2023-02-12,0.00,24,2025-03-12,
64,556,Gold Loan,358000,10.59,60,7710.79,2022-07-18,2027-07-18,Closed,18,2022-06-20,2022-07-18,0.00,60,,
758,260,Gold Loan,745000,13.06,60,16973.93,2025-07-20,2030-07-20,Closed,95,2025-07-12,2025-07-20,0.00,60,,
601,176,Education Loan,1498000,9.04,60,31125.11,2023-12-15,2028-12-15,Active,78,2023-11-26,2023-12-15,871503.08,32,2026-09-15,
612,1014,Business Loan,4573000,15.86,60,110866.59,2023-07-11,2028-07-11,Active,90,2023-06-27,2023-07-11,2549931.57,37,2026-09-11,
624,661,Business Loan,2039000,14.05,120,31720.15,2023-04-12,2033-04-12,Active,80,2023-03-25,2023-04-12,2537612.00,40,2026-09-12,
942,1180,Home Loan,7257000,7.57,216,61622.16,2025-01-15,2043-01-15,Closed,7,2024-12-31,2025-01-15,0.00,216,,
685,56,Business Loan,2176000,9.9,108,30517.51,2022-09-28,2031-09-28,Approved,27,2022-09-23,2022-09-28,1861568.11,47,2026-09-28,
787,138,Car Loan,2352000,11.09,36,77101.75,2021-10-09,2024-10-09,Closed,87,2021-09-19,2021-10-09,0.00,36,,
973,595,Education Loan,795000,8.44,60,16287.66,2022-07-05,2027-07-05,Active,66,2022-06-26,2022-07-05,179164.26,49,2026-09-05,
897,851,Education Loan,678000,10.36,120,9095.53,2021-09-22,2031-09-22,Active,39,2021-08-31,2021-09-22,554827.33,59,2026-09-22,
455,313,Education Loan,205000,10.35,156,2395.56,2025-02-03,2038-02-03,Closed,51,2025-01-11,2025-02-03,0.00,156,,
126,515,Gold Loan,829000,8.67,24,37747.26,2025-03-07,2027-03-07,Closed,31,2025-02-23,2025-03-07,0.00,24,,
204,706,Home Loan,3042000,7.52,168,29332.85,2023-07-28,2037-07-28,Approved,95,2023-07-07,2023-07-28,3842603.35,37,2026-09-28,
474,669,Business Loan,3340000,14.09,48,91421.29,2022-03-08,2026-03-08,Pending,,,2022-03-08,3340000,0,,
601,1487,Gold Loan,564000,10.14,24,26062.2,2021-11-02,2023-11-02,Active,5,2021-10-20,2021-11-02,0.00,24,2023-12-02,
752,207,Education Loan,959000,7.44,60,19189.06,2024-02-17,2029-02-17,Active,44,2024-02-04,2024-02-17,575671.80,30,2026-09-17,
39,124,Car Loan,1545000,11.36,48,40201.98,2025-01-05,2029-01-05,Active,42,2025-01-02,2025-01-05,1165857.42,19,2026-09-05,
332,913,Education Loan,1637000,7.01,108,20481.07,2024-02-03,2033-02-03,Active,96,2024-02-02,2024-02-03,1597523.46,30,2026-09-03,
344,1418,Personal Loan,834000,17.88,72,18965.16,2022-02-11,2028-02-11,Pending,,,2022-02-11,834000,0,,
472,1464,Car Loan,1440000,11.1,36,47211.98,2023-02-26,2026-02-26,Rejected,,,2023-02-26,0.00,0,,Low credit score
800,601,Personal Loan,1442000,10.2,60,30780.34,2024-09-18,2029-09-18,Active,45,2024-09-12,2024-09-18,1138872.58,23,2026-09-18,
262,516,Business Loan,533000,14.19,72,11037.16,2024-04-23,2030-04-23,Active,14,2024-04-02,2024-04-23,485635.04,28,2026-09-23,
621,882,Gold Loan,659000,9.81,12,57878.35,2026-03-20,2027-03-20,Defaulted,51,2026-03-12,2026-03-20,405148.45,5,2026-09-20,
154,685,Gold Loan,719000,9.89,48,18197.74,2025-12-30,2029-12-30,Approved,14,2025-12-05,2025-12-30,727909.60,8,2026-09-30,
326,483,Business Loan,584000,14.63,60,13780.15,2023-03-08,2028-03-08,Active,76,2023-03-07,2023-03-08,261822.85,41,2026-09-08,
109,545,Home Loan,1221000,7.76,192,11122.08,2023-08-05,2039-08-05,Active,89,2023-07-14,2023-08-05,1735044.48,36,2026-09-05,
710,1357,Education Loan,1539000,9.29,144,17766.6,2024-09-19,2036-09-19,Defaulted,95,2024-08-26,2024-09-19,2149758.60,23,2026-09-19,
487,128,Home Loan,7015000,9.35,228,65885.31,2022-08-09,2041-08-09,Active,83,2022-07-22,2022-08-09,11859355.80,48,2026-09-09,
126,1148,Personal Loan,1239000,10.67,84,21000.33,2025-06-28,2032-06-28,Defaulted,46,2025-06-21,2025-06-28,1470023.10,14,2026-09-28,
260,12,Business Loan,1062000,12.35,36,35451.39,2022-12-10,2025-12-10,Active,54,2022-12-02,2022-12-10,0.00,36,2026-01-10,
954,555,Home Loan,1872000,9.16,156,20571.1,2026-05-15,2039-05-15,Active,35,2026-04-29,2026-05-15,3147378.30,3,2026-09-15,
160,795,Gold Loan,260000,11.56,24,12185.75,2025-09-17,2027-09-17,Closed,6,2025-09-09,2025-09-17,0.00,24,,
706,421,Car Loan,605000,7.93,36,18938.97,2023-07-06,2026-07-06,Approved,89,2023-06-20,2023-07-06,0.00,36,2026-08-06,
491,1438,Business Loan,1389000,15.32,48,38882.59,2026-02-24,2030-02-24,Active,14,2026-01-28,2026-02-24,1633068.78,6,2026-09-24,
208,1485,Gold Loan,396000,10.97,48,10229.06,2025-11-06,2029-11-06,Closed,87,2025-10-14,2025-11-06,0.00,48,,
472,1464,Car Loan,1423000,11.08,60,30996.27,2026-06-29,2031-06-29,Closed,97,2026-06-13,2026-06-29,0.00,60,,
529,546,Gold Loan,884000,12.37,36,29517.91,2024-01-10,2027-01-10,Closed,85,2023-12-22,2024-01-10,0.00,36,,
820,677,Business Loan,653000,10.61,108,9410.46,2023-07-11,2032-07-11,Active,55,2023-07-09,2023-07-11,668142.66,37,2026-09-11,
39,1425,Home Loan,2582000,7.23,156,25576.76,2024-08-08,2037-08-08,Active,72,2024-07-30,2024-08-08,3376132.32,24,2026-09-08,
35,699,Gold Loan,226000,12.78,36,7590.91,2025-05-03,2028-05-03,Active,60,2025-04-16,2025-05-03,159409.11,15,2026-09-03,
836,303,Personal Loan,1439000,15.72,12,130371.11,2024-06-27,2025-06-27,Defaulted,48,2024-06-24,2024-06-27,391113.33,9,2025-04-27,
582,1255,Gold Loan,433000,13.37,24,20660.94,2023-01-27,2025-01-27,Active,26,2023-01-22,2023-01-27,0.00,24,2025-02-27,
996,1125,Personal Loan,177000,17.09,60,4407.48,2025-01-18,2030-01-18,Active,10,2025-01-06,2025-01-18,180706.68,19,2026-09-18,
303,560,Home Loan,5376000,9.29,144,62061.88,2023-08-11,2035-08-11,Closed,64,2023-07-23,2023-08-11,0.00,144,,
320,952,Gold Loan,50000,11.26,12,4425.15,2022-10-04,2023-10-04,Rejected,,,2022-10-04,0.00,0,,Unstable employment history
89,148,Gold Loan,173000,9.56,12,15174.07,2023-01-17,2024-01-17,Closed,92,2022-12-18,2023-01-17,0.00,12,,
332,993,Home Loan,6637000,7.52,216,56159.84,2021-12-27,2039-12-27,Active,25,2021-12-04,2021-12-27,8985574.40,56,2026-09-27,
304,816,Education Loan,1394000,10.38,60,29879.7,2024-04-30,2029-04-30,Active,61,2024-04-23,2024-04-30,956150.40,28,2026-09-30,
183,417,Gold Loan,217000,12.14,36,7222.02,2026-04-14,2029-04-14,Active,12,2026-04-08,2026-04-14,231104.64,4,2026-09-14,
768,1121,Personal Loan,1239000,13.58,36,42093.78,2023-09-26,2026-09-26,Active,16,2023-08-31,2023-09-26,42093.78,35,2026-09-26,
75,771,Home Loan,1384000,8.05,120,16828.33,2025-01-18,2035-01-18,Active,66,2025-01-11,2025-01-18,1699661.33,19,2026-09-18,
422,495,Home Loan,4063000,9.4,132,49498.74,2024-12-03,2035-12-03,Approved,32,2024-11-13,2024-12-03,5543858.88,20,2026-09-03,
837,462,Education Loan,140000,10.05,180,1508.73,2025-11-13,2040-11-13,Closed,52,2025-10-14,2025-11-13,0.00,180,,
365,204,Gold Loan,986000,9.04,36,31372.9,2023-10-26,2026-10-26,Closed,20,2023-10-15,2023-10-26,0.00,36,,
893,586,Home Loan,7862000,8.99,168,82421.52,2022-06-10,2036-06-10,Active,10,2022-05-13,2022-06-10,9725739.36,50,2026-09-10,
793,164,Gold Loan,934000,10.86,36,30516.08,2026-04-29,2029-04-29,Closed,74,2026-04-05,2026-04-29,0.00,36,,
600,1092,Education Loan,1428000,6.93,132,15490.14,2024-02-16,2035-02-16,Active,4,2024-01-17,2024-02-16,1579994.28,30,2026-09-16,
390,16,Car Loan,2056000,10.55,48,52690.21,2024-12-19,2028-12-19,Active,14,2024-12-03,2024-12-19,1475325.88,20,2026-09-19,
595,999,Car Loan,1627000,7.56,36,50654.66,2025-07-07,2028-07-07,Defaulted,92,2025-06-23,2025-07-07,1165057.18,13,2026-09-07,
776,11,Home Loan,3637000,7.12,144,37635.27,2024-06-09,2036-06-09,Active,90,2024-05-16,2024-06-09,4440961.86,26,2026-09-09,
618,1429,Education Loan,630000,7.87,60,12734.97,2023-11-27,2028-11-27,Active,73,2023-11-08,2023-11-27,343844.19,33,2026-09-27,
208,1485,Gold Loan,396000,11.09,24,18473.26,2023-12-08,2025-12-08,Approved,30,2023-12-06,2023-12-08,0.00,24,2026-01-08,
156,194,Home Loan,5448000,8.17,192,50934.73,2025-12-19,2041-12-19,Closed,64,2025-12-16,2025-12-19,0.00,192,,
798,1399,Home Loan,6346000,8.79,120,79668.99,2024-09-30,2034-09-30,Active,50,2024-09-26,2024-09-30,7727892.03,23,2026-09-30,
863,1143,Home Loan,3362000,8.46,168,34212.22,2022-05-31,2036-05-31,Active,52,2022-05-11,2022-05-31,4002829.74,51,2026-09-30,
733,1160,Education Loan,1598000,8.33,120,19667.92,2026-04-24,2036-04-24,Active,23,2026-04-12,2026-04-24,2281478.72,4,2026-09-24,
943,984,Car Loan,1999000,10.22,84,33413.44,2024-07-20,2031-07-20,Active,28,2024-06-21,2024-07-20,1971392.96,25,2026-09-20,
658,322,Business Loan,2696000,11.34,24,126080.73,2024-05-27,2026-05-27,Closed,92,2024-05-15,2024-05-27,0.00,24,,
708,435,Gold Loan,717000,10.29,24,33181.96,2024-11-05,2026-11-05,Closed,50,2024-10-13,2024-11-05,0.00,24,,
208,553,Car Loan,1633000,9.59,72,29916.15,2024-06-28,2030-06-28,Closed,93,2024-06-12,2024-06-28,0.00,72,,
194,1076,Car Loan,2308000,7.84,72,40286.65,2024-08-31,2030-08-31,Defaulted,19,2024-08-06,2024-08-31,1933759.20,24,2026-09-30,
57,850,Home Loan,6295000,9.0,192,61975.27,2025-04-30,2041-04-30,Defaulted,92,2025-04-05,2025-04-30,10907647.52,16,2026-09-30,
148,1213,Home Loan,6362000,8.91,168,66399.14,2021-09-04,2035-09-04,Active,25,2021-08-29,2021-09-04,7237506.26,59,2026-09-04,
733,1160,Business Loan,3933000,12.34,48,104228.75,2024-04-03,2028-04-03,Active,98,2024-03-14,2024-04-03,2084575.00,28,2026-09-03,
974,866,Gold Loan,888000,10.61,36,28908.25,2023-01-07,2026-01-07,Closed,6,2023-01-03,2023-01-07,0.00,36,,
404,1132,Gold Loan,134000,12.6,24,6345.46,2023-10-20,2025-10-20,Active,60,2023-10-04,2023-10-20,0.00,24,2025-11-20,
600,946,Car Loan,733000,11.41,84,12709.32,2022-06-28,2029-06-28,Defaulted,38,2022-06-10,2022-06-28,432116.88,50,2026-09-28,
845,214,Gold Loan,344000,10.04,48,8731.34,2024-11-03,2028-11-03,Closed,53,2024-10-31,2024-11-03,0.00,48,,
740,420,Education Loan,1334000,6.53,96,17876.94,2023-02-24,2031-02-24,Active,8,2023-02-07,2023-02-24,965354.76,42,2026-09-24,
206,1474,Personal Loan,1016000,16.0,36,35719.55,2022-03-02,2025-03-02,Approved,72,2022-02-04,2022-03-02,0.00,36,2025-04-02,
283,1120,Car Loan,1039000,9.31,60,21724.59,2024-09-30,2029-09-30,Closed,89,2024-09-29,2024-09-30,0.00,60,,
232,231,Business Loan,3019000,10.55,72,56770.46,2022-01-09,2028-01-09,Active,43,2021-12-30,2022-01-09,965097.82,55,2026-09-09,
525,1291,Gold Loan,599000,12.82,12,53450.48,2022-08-12,2023-08-12,Pending,,,2022-08-12,599000,0,,
204,1307,Business Loan,1420000,15.62,36,49656.99,2022-08-27,2025-08-27,Defaulted,7,2022-08-04,2022-08-27,148970.97,33,2025-06-27,
641,55,Education Loan,120000,9.15,180,1227.85,2023-11-06,2038-11-06,Active,79,2023-10-19,2023-11-06,180493.95,33,2026-09-06,
470,45,Education Loan,1956000,10.08,156,22544.22,2024-03-02,2037-03-02,Active,74,2024-02-16,2024-03-02,2863115.94,29,2026-09-02,
820,1176,Car Loan,1104000,10.67,60,23822.35,2025-06-29,2030-06-29,Active,45,2025-06-01,2025-06-29,1095828.10,14,2026-09-29,
577,1331,Business Loan,2748000,10.55,60,59133.33,2024-06-26,2029-06-26,Rejected,,,2024-06-26,0.00,0,,Incomplete documentation
297,1332,Personal Loan,1245000,11.61,12,110389.73,2023-05-29,2024-05-29,Active,79,2023-05-20,2023-05-29,0.00,12,2024-06-29,
579,582,Car Loan,666000,7.52,48,16109.37,2022-06-30,2026-06-30,Active,93,2022-06-26,2022-06-30,0.00,48,2026-07-30,
6,1117,Gold Loan,152000,9.63,12,13337.07,2024-06-25,2025-06-25,Active,51,2024-06-20,2024-06-25,0.00,12,2025-07-25,
746,900,Personal Loan,923000,17.17,60,23023.38,2025-04-25,2030-04-25,Active,66,2025-04-19,2025-04-25,1013028.72,16,2026-09-25,
422,1108,Gold Loan,185000,11.83,48,4856.33,2023-01-09,2027-01-09,Active,76,2023-01-08,2023-01-09,24281.65,43,2026-09-09,
246,1488,Education Loan,1375000,10.1,156,15864.05,2026-02-10,2039-02-10,Approved,17,2026-01-20,2026-02-10,2379607.50,6,2026-09-10,
493,649,Personal Loan,895000,15.49,36,31240.66,2026-04-22,2029-04-22,Active,70,2026-03-30,2026-04-22,999701.12,4,2026-09-22,
513,967,Personal Loan,573000,12.56,72,11369.83,2025-01-21,2031-01-21,Defaulted,69,2025-01-16,2025-01-21,602600.99,19,2026-09-21,
77,73,Gold Loan,611000,9.53,60,12841.1,2026-04-11,2031-04-11,Pending,,,2026-04-11,611000,0,,
502,47,Education Loan,408000,8.31,180,3972.43,2025-11-26,2040-11-26,Approved,8,2025-11-16,2025-11-26,679285.53,9,2026-09-26,
269,41,Business Loan,639000,15.28,84,12431.22,2021-09-11,2028-09-11,Active,92,2021-08-17,2021-09-11,310780.50,59,2026-09-11,
190,607,Home Loan,6645000,7.47,132,73972.61,2022-12-25,2033-12-25,Closed,18,2022-12-10,2022-12-25,0.00,132,,
597,781,Personal Loan,1217000,17.74,60,30731.93,2024-01-14,2029-01-14,Active,63,2023-12-20,2024-01-14,891225.97,31,2026-09-14,
451,721,Education Loan,1035000,7.63,180,9671.2,2021-11-13,2036-11-13,Active,90,2021-10-16,2021-11-13,1189557.60,57,2026-09-13,
921,269,Gold Loan,646000,9.03,60,13419.31,2023-09-11,2028-09-11,Active,1,2023-08-16,2023-09-11,335482.75,35,2026-09-11,
64,558,Personal Loan,159000,12.33,72,3135.83,2023-06-26,2029-06-26,Active,81,2023-06-20,2023-06-26,106618.22,38,2026-09-26,
906,411,Car Loan,460000,11.22,72,8807.6,2023-02-16,2029-02-16,Active,46,2023-01-21,2023-02-16,264228.00,42,2026-09-16,
822,131,Personal Loan,822000,16.03,60,20002.55,2026-01-10,2031-01-10,Rejected,,,2026-01-10,0.00,0,,Insufficient income
343,252,Car Loan,1138000,7.78,84,17612.64,2022-06-06,2029-06-06,Rejected,,,2022-06-06,0.00,0,,Incomplete documentation
422,1108,Gold Loan,695000,12.98,48,18638.21,2023-04-18,2027-04-18,Pending,,,2023-04-18,695000,0,,
652,1090,Gold Loan,120000,11.88,48,3152.99,2025-12-29,2029-12-29,Pending,,,2025-12-29,120000,0,,
475,622,Car Loan,1816000,10.56,84,30675.81,2022-11-07,2029-11-07,Closed,22,2022-10-31,2022-11-07,0.00,84,,
259,729,Education Loan,1511000,9.48,60,31719.05,2022-05-28,2027-05-28,Approved,20,2022-05-09,2022-05-28,285471.45,51,2026-09-28,
139,998,Education Loan,1130000,8.51,96,16268.91,2022-02-01,2030-02-01,Pending,,,2022-02-01,1130000,0,,
834,374,Education Loan,1445000,10.25,96,22118.28,2025-12-26,2033-12-26,Active,15,2025-12-05,2025-12-26,1946408.64,8,2026-09-26,
819,859,Car Loan,315000,10.93,72,5984.45,2024-04-10,2030-04-10,Rejected,,,2024-04-10,0.00,0,,Eligibility criteria not met
654,159,Gold Loan,471000,11.91,60,10455.73,2023-08-30,2028-08-30,Active,61,2023-08-11,2023-08-30,250937.52,36,2026-09-30,
297,330,Education Loan,1233000,7.33,180,11311.27,2021-11-13,2036-11-13,Defaulted,62,2021-11-08,2021-11-13,1391286.21,57,2026-09-13,
184,886,Education Loan,1675000,10.49,168,19058.58,2023-10-13,2037-10-13,Active,53,2023-10-08,2023-10-13,2553849.72,34,2026-09-13,
570,1205,Gold Loan,851000,13.71,36,28965.44,2023-04-02,2026-04-02,Active,61,2023-03-03,2023-04-02,0.00,36,2026-05-02,
798,733,Car Loan,1397000,10.48,72,26220.02,2024-06-18,2030-06-18,Active,38,2024-06-17,2024-06-18,1206120.92,26,2026-09-18,
547,121,Education Loan,404000,9.3,132,4899.35,2023-05-18,2034-05-18,Active,47,2023-04-30,2023-05-18,455639.55,39,2026-09-18,
871,270,Business Loan,2822000,15.26,72,60070.41,2023-05-09,2029-05-09,Closed,64,2023-04-11,2023-05-09,0.00,72,,
418,994,Business Loan,2191000,14.84,108,36872.64,2022-12-31,2031-12-31,Active,83,2022-12-20,2022-12-31,2359848.96,44,2026-09-30,
483,1470,Home Loan,3938000,7.66,144,41896.28,2024-03-14,2036-03-14,Closed,35,2024-02-15,2024-03-14,0.00,144,,
965,1390,Gold Loan,921000,10.85,12,81335.08,2023-08-28,2024-08-28,Active,100,2023-08-01,2023-08-28,0.00,12,2024-09-28,
828,1093,Personal Loan,343000,12.8,72,6849.26,2021-12-03,2027-12-03,Active,1,2021-11-23,2021-12-03,109588.16,56,2026-09-03,
160,1039,Business Loan,2359000,15.87,36,82784.12,2024-08-25,2027-08-25,Active,31,2024-08-08,2024-08-25,993409.44,24,2026-09-25,
138,836,Gold Loan,675000,12.72,24,32002.03,2023-07-17,2025-07-17,Approved,9,2023-06-24,2023-07-17,0.00,24,2025-08-17,
201,1113,Business Loan,3663000,9.62,48,92236.1,2023-04-06,2027-04-06,Active,69,2023-03-28,2023-04-06,737888.80,40,2026-09-06,
71,1029,Home Loan,4521000,7.25,228,36577.95,2023-03-19,2042-03-19,Pending,,,2023-03-19,4521000,0,,
409,725,Personal Loan,625000,12.09,48,16486.28,2023-12-04,2027-12-04,Active,10,2023-11-04,2023-12-04,263780.48,32,2026-09-04,
746,1342,Gold Loan,195000,11.79,60,4317.0,2026-03-25,2031-03-25,Active,39,2026-03-01,2026-03-25,237435.00,5,2026-09-25,
949,1069,Car Loan,1210000,8.43,60,24784.2,2022-03-08,2027-03-08,Pending,,,2022-03-08,1210000,0,,
728,1028,Business Loan,1339000,15.84,108,23336.66,2025-12-31,2034-12-31,Active,1,2025-12-10,2025-12-31,2333666.00,8,2026-09-30,
170,1106,Home Loan,4937000,8.55,180,48761.4,2024-08-16,2039-08-16,Active,42,2024-07-29,2024-08-16,7606778.40,24,2026-09-16,
250,315,Home Loan,3472000,9.45,168,37338.12,2025-08-23,2039-08-23,Active,44,2025-08-12,2025-08-23,5824746.72,12,2026-09-23,
363,70,Gold Loan,391000,11.29,48,10160.75,2023-10-08,2027-10-08,Active,47,2023-09-10,2023-10-08,142250.50,34,2026-09-08,
684,238,Business Loan,564000,13.96,36,19265.23,2021-12-10,2024-12-10,Pending,,,2021-12-10,564000,0,,
362,1083,Business Loan,3690000,9.9,60,78220.16,2024-12-05,2029-12-05,Active,36,2024-12-01,2024-12-05,3128806.40,20,2026-09-05,
398,956,Education Loan,1075000,9.16,96,15838.34,2024-11-25,2032-11-25,Closed,34,2024-11-17,2024-11-25,0.00,96,,
376,630,Personal Loan,243000,15.0,72,5138.24,2022-09-02,2028-09-02,Active,26,2022-08-21,2022-09-02,128456.00,47,2026-09-02,
565,506,Business Loan,1294000,10.45,96,19944.83,2022-05-30,2030-05-30,Active,20,2022-05-12,2022-05-30,897517.35,51,2026-09-30,
468,1416,Personal Loan,1195000,15.22,24,58066.53,2024-03-10,2026-03-10,Closed,82,2024-03-02,2024-03-10,0.00,24,,
64,897,Business Loan,3682000,12.01,84,65017.05,2025-04-12,2032-04-12,Active,57,2025-03-27,2025-04-12,4421159.40,16,2026-09-12,
573,31,Home Loan,4994000,7.56,240,40414.74,2022-09-07,2042-09-07,Rejected,,,2022-09-07,0.00,0,,Incomplete documentation
740,420,Car Loan,1832000,8.37,60,37471.61,2022-04-18,2027-04-18,Active,51,2022-03-30,2022-04-18,299772.88,52,2026-09-18,
738,319,Education Loan,307000,9.7,168,3347.08,2025-05-11,2039-05-11,Approved,64,2025-04-19,2025-05-11,512103.24,15,2026-09-11,
66,170,Car Loan,2180000,8.2,84,34195.57,2022-06-12,2029-06-12,Active,23,2022-05-22,2022-06-12,1162649.38,50,2026-09-12,
949,1230,Business Loan,657000,11.63,84,11468.25,2025-04-18,2032-04-18,Approved,90,2025-03-20,2025-04-18,779841.00,16,2026-09-18,
827,1276,Car Loan,1237000,8.74,36,39186.75,2024-06-09,2027-06-09,Active,24,2024-05-11,2024-06-09,391867.50,26,2026-09-09,
390,16,Education Loan,1690000,7.81,120,20335.09,2024-05-06,2034-05-06,Active,89,2024-04-24,2024-05-06,1891163.37,27,2026-09-06,
976,1129,Home Loan,6757000,7.32,168,64401.36,2025-01-31,2039-01-31,Pending,,,2025-01-31,6757000,0,,
71,1029,Education Loan,1781000,9.3,180,18383.31,2024-02-10,2039-02-10,Active,80,2024-01-11,2024-02-10,2757496.50,30,2026-09-10,
906,655,Personal Loan,1457000,10.93,84,24893.8,2026-01-02,2033-01-02,Pending,,,2026-01-02,1457000,0,,
203,308,Car Loan,1084000,8.65,48,26795.59,2025-11-11,2029-11-11,Pending,,,2025-11-11,1084000,0,,
879,1200,Car Loan,866000,9.5,84,14153.89,2023-01-15,2030-01-15,Active,52,2022-12-25,2023-01-15,580309.49,43,2026-09-15,
610,158,Gold Loan,958000,9.99,36,30907.47,2024-07-17,2027-07-17,Closed,95,2024-06-28,2024-07-17,0.00,36,,
485,1246,Personal Loan,527000,17.73,48,15406.37,2021-12-14,2025-12-14,Rejected,,,2021-12-14,0.00,0,,Insufficient income
600,946,Business Loan,3259000,13.8,72,66805.59,2024-08-25,2030-08-25,Active,73,2024-08-12,2024-08-25,3206668.32,24,2026-09-25,
450,861,Education Loan,959000,9.57,60,20173.61,2026-07-12,2031-07-12,Approved,28,2026-06-27,2026-07-12,1190242.99,1,2026-09-12,
769,906,Car Loan,2085000,10.99,36,68250.35,2025-02-06,2028-02-06,Closed,2,2025-01-07,2025-02-06,0.00,36,,
941,281,Gold Loan,206000,8.69,60,4245.29,2023-01-19,2028-01-19,Approved,41,2023-01-18,2023-01-19,72169.93,43,2026-09-19,
114,845,Personal Loan,1322000,11.45,36,43562.85,2023-05-10,2026-05-10,Active,100,2023-05-08,2023-05-10,0.00,36,2026-06-10,
727,995,Car Loan,1296000,9.25,36,41363.41,2025-09-08,2028-09-08,Active,57,2025-08-21,2025-09-08,1034085.25,11,2026-09-08,
963,793,Gold Loan,795000,10.54,12,70092.95,2023-10-26,2024-10-26,Closed,59,2023-10-23,2023-10-26,0.00,12,,
52,323,Business Loan,2972000,10.08,36,96009.75,2026-04-05,2029-04-05,Closed,70,2026-03-18,2026-04-05,0.00,36,,
552,1313,Car Loan,1443000,10.42,72,27039.42,2025-07-17,2031-07-17,Approved,5,2025-07-05,2025-07-17,1595325.78,13,2026-09-17,
635,664,Gold Loan,615000,12.84,60,13942.82,2022-11-09,2027-11-09,Rejected,,,2022-11-09,0.00,0,,Eligibility criteria not met
661,40,Personal Loan,1337000,11.81,60,29612.62,2025-03-02,2030-03-02,Active,95,2025-02-24,2025-03-02,1273342.66,17,2026-09-02,
488,1018,Personal Loan,1137000,13.8,12,101980.99,2024-09-22,2025-09-22,Defaulted,78,2024-09-09,2024-09-22,305942.97,9,2025-07-22,
165,350,Personal Loan,538000,16.59,60,13252.37,2022-05-23,2027-05-23,Rejected,,,2022-05-23,0.00,0,,Incomplete documentation
333,406,Business Loan,4758000,13.43,48,128663.02,2022-05-30,2026-05-30,Active,82,2022-05-14,2022-05-30,0.00,48,2026-06-30,
776,1419,Home Loan,7553000,8.21,168,75777.66,2023-07-29,2037-07-29,Active,57,2023-07-21,2023-07-29,9926873.46,37,2026-09-29,
675,1355,Car Loan,2026000,7.76,72,35285.4,2024-01-23,2030-01-23,Active,85,2024-01-06,2024-01-23,1446701.40,31,2026-09-23,
61,449,Home Loan,3047000,7.26,240,24101.22,2025-03-19,2045-03-19,Closed,10,2025-02-27,2025-03-19,0.00,240,,
421,428,Home Loan,2737000,7.08,132,29904.7,2026-05-25,2037-05-25,Approved,87,2026-05-18,2026-05-25,3857706.30,3,2026-09-25,
66,170,Personal Loan,1332000,13.04,84,24260.67,2024-01-14,2031-01-14,Closed,59,2024-01-08,2024-01-14,0.00,84,,
803,922,Gold Loan,765000,12.52,36,25599.36,2025-07-12,2028-07-12,Active,34,2025-07-09,2025-07-12,588785.28,13,2026-09-12,
374,388,Home Loan,2176000,7.54,240,17582.97,2023-10-02,2043-10-02,Rejected,,,2023-10-02,0.00,0,,Eligibility criteria not met
451,721,Education Loan,566000,8.26,96,8076.36,2023-12-19,2031-12-19,Approved,76,2023-12-01,2023-12-19,516887.04,32,2026-09-19,
248,1053,Personal Loan,850000,15.26,36,29573.87,2021-09-13,2024-09-13,Closed,48,2021-08-22,2021-09-13,0.00,36,,
191,1403,Education Loan,1742000,10.39,120,23398.51,2024-10-26,2034-10-26,Approved,82,2024-09-29,2024-10-26,2293053.98,22,2026-09-26,
403,1442,Personal Loan,882000,12.07,36,29324.52,2024-12-09,2027-12-09,Active,11,2024-11-28,2024-12-09,469192.32,20,2026-09-09,
589,274,Car Loan,1087000,8.12,72,19122.39,2023-12-19,2029-12-19,Closed,91,2023-12-03,2023-12-19,0.00,72,,
556,64,Personal Loan,1365000,13.34,84,25085.04,2024-11-04,2031-11-04,Closed,60,2024-10-10,2024-11-04,0.00,84,,
498,973,Gold Loan,332000,9.83,48,8393.3,2025-02-18,2029-02-18,Active,35,2025-02-07,2025-02-18,251799.00,18,2026-09-18,
409,725,Education Loan,502000,10.25,156,5836.39,2025-07-15,2038-07-15,Approved,97,2025-06-16,2025-07-15,834603.77,13,2026-09-15,
884,1283,Home Loan,4136000,8.66,168,42566.03,2023-08-30,2037-08-30,Active,72,2023-08-04,2023-08-30,5618715.96,36,2026-09-30,
854,60,Home Loan,1891000,7.09,132,20671.17,2025-05-05,2036-05-05,Defaulted,33,2025-04-09,2025-05-05,2418526.89,15,2026-09-05,
727,995,Gold Loan,646000,13.9,36,22047.39,2023-12-05,2026-12-05,Defaulted,35,2023-11-16,2023-12-05,88189.56,32,2026-09-05,
592,442,Home Loan,4943000,8.76,180,49431.94,2021-10-13,2036-10-13,Closed,41,2021-09-14,2021-10-13,0.00,180,,
850,23,Personal Loan,854000,16.52,72,18770.19,2022-05-29,2028-05-29,Defaulted,33,2022-05-17,2022-05-29,394173.99,51,2026-09-29,
916,1041,Education Loan,1105000,10.34,180,12105.28,2025-01-27,2040-01-27,Closed,26,2025-01-03,2025-01-27,0.00,180,,
276,757,Personal Loan,1480000,11.37,72,28451.71,2022-09-05,2028-09-05,Closed,42,2022-08-15,2022-09-05,0.00,72,,
90,926,Personal Loan,1322000,10.98,12,116828.22,2023-03-16,2024-03-16,Pending,,,2023-03-16,1322000,0,,
682,701,Gold Loan,906000,12.46,60,20364.7,2024-11-18,2029-11-18,Pending,,,2024-11-18,906000,0,,
604,494,Car Loan,570000,8.98,60,11826.73,2023-05-03,2028-05-03,Pending,,,2023-05-03,570000,0,,
308,367,Business Loan,1454000,14.23,120,22777.25,2022-05-27,2032-05-27,Active,13,2022-05-09,2022-05-27,1571630.25,51,2026-09-27,
280,1201,Personal Loan,609000,17.82,84,12735.69,2026-01-05,2033-01-05,Approved,80,2025-12-07,2026-01-05,980648.13,7,2026-09-05,
32,193,Business Loan,1281000,15.22,60,30623.03,2025-12-14,2030-12-14,Approved,54,2025-11-25,2025-12-14,1592397.56,8,2026-09-14,
823,872,Personal Loan,948000,11.28,48,24630.66,2023-05-05,2027-05-05,Closed,29,2023-04-15,2023-05-05,0.00,48,,
692,340,Business Loan,1425000,10.55,72,26796.26,2025-02-04,2031-02-04,Defaulted,97,2025-01-22,2025-02-04,1446998.04,18,2026-09-04,
83,311,Car Loan,2179000,11.41,84,37781.18,2022-12-09,2029-12-09,Active,50,2022-11-18,2022-12-09,1511247.20,44,2026-09-09,
235,1203,Gold Loan,902000,11.1,60,19656.68,2023-08-05,2028-08-05,Closed,34,2023-07-21,2023-08-05,0.00,60,,
820,292,Gold Loan,924000,10.94,12,81638.79,2023-02-24,2024-02-24,Active,89,2023-02-16,2023-02-24,0.00,12,2024-03-24,
953,399,Car Loan,1451000,8.34,72,25682.29,2022-02-17,2028-02-17,Closed,76,2022-02-04,2022-02-17,0.00,72,,
892,863,Education Loan,310000,7.21,72,5316.51,2025-01-25,2031-01-25,Active,23,2025-01-07,2025-01-25,281775.03,19,2026-09-25,
33,109,Gold Loan,802000,11.37,60,17585.77,2023-12-11,2028-12-11,Active,51,2023-11-14,2023-12-11,492401.56,32,2026-09-11,
786,221,Personal Loan,757000,12.68,84,13639.96,2022-05-24,2029-05-24,Pending,,,2022-05-24,757000,0,,
593,530,Car Loan,1668000,10.26,84,27915.37,2022-12-20,2029-12-20,Active,80,2022-12-14,2022-12-20,1116614.80,44,2026-09-20,
461,1420,Home Loan,4052000,7.99,144,43838.76,2024-10-15,2036-10-15,Active,17,2024-09-30,2024-10-15,5348328.72,22,2026-09-15,
291,692,Home Loan,2440000,8.83,204,23140.4,2024-01-19,2041-01-19,Closed,38,2023-12-23,2024-01-19,0.00,204,,
719,508,Personal Loan,1016000,17.13,72,22675.83,2026-06-17,2032-06-17,Pending,,,2026-06-17,1016000,0,,
322,1119,Gold Loan,619000,10.0,36,19973.39,2023-06-29,2026-06-29,Closed,35,2023-06-19,2023-06-29,0.00,36,,
555,66,Car Loan,1337000,9.16,36,42615.87,2024-07-21,2027-07-21,Pending,,,2024-07-21,1337000,0,,
122,1395,Education Loan,1211000,7.75,84,18724.42,2022-02-22,2029-02-22,Closed,21,2022-01-23,2022-02-22,0.00,84,,
719,280,Car Loan,2212000,9.52,36,70877.57,2025-10-02,2028-10-02,Rejected,,,2025-10-02,0.00,0,,Incomplete documentation
75,771,Education Loan,538000,6.97,72,9164.62,2025-11-14,2031-11-14,Active,50,2025-11-05,2025-11-14,577371.06,9,2026-09-14,
461,1420,Home Loan,3066000,8.02,144,33221.63,2022-04-29,2034-04-29,Closed,52,2022-04-14,2022-04-29,0.00,144,,
855,802,Gold Loan,425000,12.91,36,14301.51,2026-02-10,2029-02-10,Active,35,2026-02-08,2026-02-10,429045.30,6,2026-09-10,
410,107,Education Loan,1701000,8.69,180,16940.4,2024-09-08,2039-09-08,Closed,4,2024-08-13,2024-09-08,0.00,180,,
160,196,Education Loan,1780000,6.83,180,15830.44,2024-01-02,2039-01-02,Active,82,2023-12-29,2024-01-02,2358735.56,31,2026-09-02,
336,910,Education Loan,1410000,9.58,72,25823.78,2026-04-03,2032-04-03,Active,70,2026-03-14,2026-04-03,1756017.04,4,2026-09-03,
913,470,Education Loan,785000,6.73,132,8433.31,2024-01-07,2035-01-07,Pending,,,2024-01-07,785000,0,,
729,670,Gold Loan,634000,13.86,12,56883.28,2022-02-07,2023-02-07,Closed,37,2022-01-20,2022-02-07,0.00,12,,
220,840,Business Loan,3346000,11.74,24,157101.88,2021-10-28,2023-10-28,Active,72,2021-10-18,2021-10-28,0.00,24,2023-11-28,
428,354,Gold Loan,234000,11.18,12,20700.96,2023-08-04,2024-08-04,Defaulted,57,2023-07-11,2023-08-04,62102.88,9,2024-06-04,
54,1414,Home Loan,5249000,8.49,204,48694.27,2023-09-16,2040-09-16,Defaulted,87,2023-08-29,2023-09-16,8229331.63,35,2026-09-16,
500,290,Personal Loan,168000,17.84,48,4920.97,2022-09-15,2026-09-15,Approved,84,2022-09-12,2022-09-15,4920.97,47,2026-09-15,
473,1348,Gold Loan,216000,10.77,24,10044.24,2021-10-14,2023-10-14,Closed,4,2021-10-12,2021-10-14,0.00,24,,
510,1233,Gold Loan,983000,10.0,36,31718.65,2022-12-09,2025-12-09,Rejected,,,2022-12-09,0.00,0,,Incomplete documentation
936,561,Car Loan,1135000,9.5,36,36357.4,2025-09-10,2028-09-10,Closed,46,2025-08-26,2025-09-10,0.00,36,,
656,1215,Education Loan,1173000,9.79,180,12454.85,2023-05-22,2038-05-22,Closed,78,2023-05-19,2023-05-22,0.00,180,,
302,2,Education Loan,961000,9.27,180,9902.06,2025-07-09,2040-07-09,Closed,40,2025-06-13,2025-07-09,0.00,180,,
759,1287,Personal Loan,536000,13.06,84,9768.38,2025-08-12,2032-08-12,Pending,,,2025-08-12,536000,0,,
249,960,Education Loan,768000,8.84,120,9662.32,2024-03-31,2034-03-31,Active,37,2024-03-07,2024-03-31,879271.12,29,2026-09-30,
204,1338,Gold Loan,493000,9.13,36,15707.11,2023-05-19,2026-05-19,Active,22,2023-04-27,2023-05-19,0.00,36,2026-06-19,
182,1251,Personal Loan,1031000,17.91,72,23462.41,2025-08-01,2031-08-01,Active,91,2025-07-09,2025-08-01,1407744.60,12,2026-09-01,
521,1001,Home Loan,5711000,7.71,180,53625.49,2025-08-24,2040-08-24,Closed,54,2025-07-26,2025-08-24,0.00,180,,
343,252,Gold Loan,687000,11.33,48,17866.17,2022-02-21,2026-02-21,Closed,72,2022-02-11,2022-02-21,0.00,48,,
187,1444,Gold Loan,472000,12.52,12,42051.53,2023-08-10,2024-08-10,Approved,18,2023-07-25,2023-08-10,0.00,12,2024-09-10,
125,856,Personal Loan,883000,14.93,12,79668.93,2024-10-28,2025-10-28,Closed,64,2024-10-18,2024-10-28,0.00,12,,
185,405,Car Loan,958000,11.29,36,31495.42,2025-03-02,2028-03-02,Closed,9,2025-02-01,2025-03-02,0.00,36,,
994,445,Education Loan,609000,8.28,168,6134.35,2025-06-21,2039-06-21,Approved,63,2025-05-29,2025-06-21,944689.90,14,2026-09-21,
831,1456,Personal Loan,946000,17.91,36,34157.47,2022-03-01,2025-03-01,Approved,18,2022-02-10,2022-03-01,0.00,36,2025-04-01,
623,1447,Gold Loan,463000,9.93,60,9821.44,2022-08-29,2027-08-29,Active,1,2022-08-07,2022-08-29,117857.28,48,2026-09-29,
765,785,Car Loan,1974000,10.86,84,33654.56,2021-11-08,2028-11-08,Closed,5,2021-10-26,2021-11-08,0.00,84,,
230,648,Car Loan,926000,10.5,84,15612.98,2024-04-09,2031-04-09,Pending,,,2024-04-09,926000,0,,
867,765,Home Loan,3289000,7.2,144,34175.12,2025-07-27,2037-07-27,Closed,3,2025-07-22,2025-07-27,0.00,144,,
140,985,Gold Loan,97000,11.96,12,8616.52,2023-10-22,2024-10-22,Defaulted,28,2023-10-09,2023-10-22,25849.56,9,2024-08-22,
461,258,Home Loan,2571000,8.56,132,30129.91,2024-10-19,2035-10-19,Active,64,2024-09-24,2024-10-19,3314290.10,22,2026-09-19,
225,1150,Education Loan,1628000,7.22,144,16933.57,2021-11-27,2033-11-27,Approved,71,2021-10-29,2021-11-27,1473220.59,57,2026-09-27,
6,1117,Personal Loan,621000,14.93,12,56029.9,2024-01-29,2025-01-29,Active,34,2024-01-21,2024-01-29,0.00,12,2025-02-28,
487,128,Personal Loan,397000,10.78,60,8588.25,2026-02-14,2031-02-14,Closed,76,2026-02-06,2026-02-14,0.00,60,,
487,1374,Car Loan,573000,7.64,60,11519.9,2021-10-16,2026-10-16,Approved,40,2021-10-14,2021-10-16,23039.80,58,2026-09-16,
632,1472,Education Loan,559000,8.06,60,11350.56,2024-08-30,2029-08-30,Pending,,,2024-08-30,559000,0,,
834,374,Personal Loan,1255000,10.94,84,21449.09,2022-06-24,2029-06-24,Active,48,2022-06-13,2022-06-24,729269.06,50,2026-09-24,
6,1467,Business Loan,3621000,9.16,60,75447.5,2022-07-14,2027-07-14,Rejected,,,2022-07-14,0.00,0,,Insufficient income
259,1182,Home Loan,7722000,7.76,120,92712.77,2024-08-24,2034-08-24,Approved,64,2024-08-06,2024-08-24,8900425.92,24,2026-09-24,
838,770,Business Loan,1586000,10.8,36,51773.52,2023-09-21,2026-09-21,Rejected,,,2023-09-21,0.00,0,,Incomplete documentation
738,319,Gold Loan,580000,8.75,36,18376.43,2024-08-05,2027-08-05,Active,82,2024-07-30,2024-08-05,220517.16,24,2026-09-05,
513,967,Business Loan,2041000,9.22,120,26098.16,2021-12-27,2031-12-27,Active,89,2021-12-10,2021-12-27,1670282.24,56,2026-09-27,
125,856,Business Loan,2183000,9.71,48,55062.99,2023-01-13,2027-01-13,Active,73,2022-12-15,2023-01-13,275314.95,43,2026-09-13,
564,1228,Business Loan,1681000,15.29,60,40247.22,2025-06-01,2030-06-01,Approved,78,2025-05-21,2025-06-01,1851372.12,14,2026-09-01,
691,84,Business Loan,1314000,11.28,48,34139.97,2022-06-04,2026-06-04,Approved,30,2022-05-27,2022-06-04,0.00,48,2026-07-04,
846,167,Gold Loan,246000,13.01,12,21973.2,2024-05-07,2025-05-07,Closed,59,2024-04-26,2024-05-07,0.00,12,,
496,488,Personal Loan,919000,10.64,84,15562.11,2023-06-30,2030-06-30,Approved,48,2023-06-11,2023-06-30,715857.06,38,2026-09-30,
531,877,Gold Loan,760000,11.29,60,16634.37,2022-08-21,2027-08-21,Active,39,2022-08-06,2022-08-21,199612.44,48,2026-09-21,
523,650,Car Loan,1863000,10.95,84,31850.14,2023-03-13,2030-03-13,Approved,32,2023-03-04,2023-03-13,1369556.02,41,2026-09-13,
185,1062,Gold Loan,272000,11.38,24,12725.37,2024-12-17,2026-12-17,Closed,39,2024-12-15,2024-12-17,0.00,24,,
675,1088,Education Loan,1145000,10.24,108,16269.28,2021-09-17,2030-09-17,Defaulted,85,2021-09-09,2021-09-17,797194.72,59,2026-09-17,
224,74,Personal Loan,311000,15.8,84,6141.73,2024-01-20,2031-01-20,Closed,52,2023-12-30,2024-01-20,0.00,84,,
936,1290,Gold Loan,159000,8.59,24,7234.0,2022-03-31,2024-03-31,Defaulted,71,2022-03-02,2022-03-31,21702.00,21,2024-01-31,
884,19,Education Loan,1228000,10.31,144,14896.32,2025-03-03,2037-03-03,Closed,75,2025-02-25,2025-03-03,0.00,144,,
114,1310,Personal Loan,1309000,14.14,36,44827.58,2024-10-19,2027-10-19,Active,68,2024-10-18,2024-10-19,627586.12,22,2026-09-19,
714,1261,Gold Loan,535000,8.42,48,13166.64,2024-04-24,2028-04-24,Active,66,2024-04-15,2024-04-24,263332.80,28,2026-09-24,
869,646,Home Loan,4620000,7.03,192,40143.71,2024-05-05,2040-05-05,Approved,59,2024-05-01,2024-05-05,6623712.15,27,2026-09-05,
790,713,Car Loan,2272000,11.19,84,39129.52,2024-03-17,2031-03-17,Closed,80,2024-02-21,2024-03-17,0.00,84,,
936,1290,Car Loan,1473000,7.93,48,35911.85,2025-09-01,2029-09-01,Active,84,2025-08-16,2025-09-01,1328738.45,11,2026-09-01,
760,965,Home Loan,2376000,7.66,168,23097.4,2026-05-09,2040-05-09,Pending,,,2026-05-09,2376000,0,,
629,1358,Car Loan,896000,10.79,36,29244.87,2021-12-20,2024-12-20,Active,20,2021-12-17,2021-12-20,0.00,36,2025-01-20,
199,520,Business Loan,3983000,14.58,48,110003.74,2026-04-17,2030-04-17,Pending,,,2026-04-17,3983000,0,,
991,1275,Car Loan,1431000,8.81,48,35481.53,2024-09-20,2028-09-20,Active,99,2024-09-16,2024-09-20,887038.25,23,2026-09-20,
160,196,Education Loan,1874000,6.69,132,20093.54,2023-01-21,2034-01-21,Active,87,2022-12-27,2023-01-21,1788325.06,43,2026-09-21,
803,1354,Personal Loan,1237000,16.36,84,24823.68,2025-11-23,2032-11-23,Active,81,2025-10-24,2025-11-23,1861776.00,9,2026-09-23,
146,1002,Car Loan,591000,10.45,72,11083.36,2026-06-20,2032-06-20,Active,85,2026-05-30,2026-06-20,775835.20,2,2026-09-20,
986,1480,Business Loan,954000,10.47,84,16070.17,2021-12-01,2028-12-01,Defaulted,11,2021-11-28,2021-12-01,449964.76,56,2026-09-01,
107,724,Personal Loan,1218000,15.13,36,42299.95,2021-12-12,2024-12-12,Active,3,2021-11-14,2021-12-12,0.00,36,2025-01-12,
457,1159,Home Loan,3346000,8.94,204,31958.24,2025-10-29,2042-10-29,Active,47,2025-10-26,2025-10-29,6199898.56,10,2026-09-29,
338,1383,Home Loan,2300000,9.1,180,23465.15,2022-11-15,2037-11-15,Rejected,,,2022-11-15,0.00,0,,High existing liabilities
65,39,Car Loan,662000,8.98,36,21045.26,2026-01-13,2029-01-13,Active,66,2025-12-30,2026-01-13,610312.54,7,2026-09-13,
628,1334,Home Loan,4783000,8.53,156,50837.46,2024-10-11,2037-10-11,Active,51,2024-10-03,2024-10-11,6812219.64,22,2026-09-11,
955,780,Business Loan,618000,15.95,60,15012.15,2025-05-04,2030-05-04,Defaulted,34,2025-04-24,2025-05-04,675546.75,15,2026-09-04,
74,614,Education Loan,634000,10.18,72,11803.01,2022-03-26,2028-03-26,Pending,,,2022-03-26,634000,0,,
395,777,Gold Loan,868000,13.29,48,23411.4,2024-08-03,2028-08-03,Active,23,2024-07-24,2024-08-03,561873.60,24,2026-09-03,
97,963,Personal Loan,479000,14.19,12,43050.86,2026-06-21,2027-06-21,Active,62,2026-05-27,2026-06-21,430508.60,2,2026-09-21,
206,1377,Business Loan,3964000,13.64,96,68050.98,2023-06-14,2031-06-14,Active,56,2023-06-11,2023-06-14,3946956.84,38,2026-09-14,
857,1330,Car Loan,1955000,10.18,72,36395.72,2023-03-06,2029-03-06,Closed,96,2023-02-19,2023-03-06,0.00,72,,
566,115,Car Loan,2440000,10.89,72,46305.8,2025-10-16,2031-10-16,Active,35,2025-09-21,2025-10-16,2870959.60,10,2026-09-16,
822,744,Car Loan,960000,10.24,84,16056.44,2024-12-23,2031-12-23,Closed,13,2024-12-05,2024-12-23,0.00,84,,
699,309,Personal Loan,99000,11.95,48,2604.62,2024-01-25,2028-01-25,Approved,68,2024-01-07,2024-01-25,44278.54,31,2026-09-25,
399,870,Personal Loan,1063000,12.07,24,50073.86,2024-10-05,2026-10-05,Active,52,2024-09-07,2024-10-05,100147.72,22,2026-09-05,
487,1374,Car Loan,2311000,7.61,48,55996.15,2022-01-05,2026-01-05,Rejected,,,2022-01-05,0.00,0,,Low credit score
385,93,Gold Loan,660000,12.11,36,21956.14,2021-09-11,2024-09-11,Closed,28,2021-09-08,2021-09-11,0.00,36,,
228,1499,Home Loan,4311000,8.49,204,39992.57,2025-06-20,2042-06-20,Pending,,,2025-06-20,4311000,0,,
254,743,Education Loan,1020000,8.06,132,11676.73,2021-12-04,2032-12-04,Defaulted,64,2021-11-27,2021-12-04,887431.48,56,2026-09-04,
291,692,Car Loan,1566000,10.59,60,33729.31,2024-07-22,2029-07-22,Active,100,2024-07-14,2024-07-22,1180525.85,25,2026-09-22,
39,1425,Business Loan,1069000,15.02,84,20640.23,2026-03-06,2033-03-06,Defaulted,98,2026-02-28,2026-03-06,1630578.17,5,2026-09-06,
543,1278,Education Loan,969000,9.77,72,17839.35,2023-03-22,2029-03-22,Active,75,2023-02-24,2023-03-22,553019.85,41,2026-09-22,
693,1066,Business Loan,3191000,10.53,60,68634.47,2022-03-12,2027-03-12,Active,82,2022-02-14,2022-03-12,480441.29,53,2026-09-12,
922,977,Education Loan,553000,7.66,120,6610.48,2023-03-26,2033-03-26,Active,48,2023-03-04,2023-03-26,522227.92,41,2026-09-26,
624,661,Education Loan,649000,9.59,120,8429.91,2022-02-07,2032-02-07,Approved,90,2022-01-30,2022-02-07,556374.06,54,2026-09-07,
299,621,Personal Loan,1169000,11.28,36,38426.75,2023-09-05,2026-09-05,Active,18,2023-09-01,2023-09-05,38426.75,35,2026-09-05,
687,893,Personal Loan,150000,10.19,48,3818.09,2026-03-28,2030-03-28,Approved,31,2026-03-23,2026-03-28,164177.87,5,2026-09-28,
758,260,Gold Loan,904000,10.2,12,79560.08,2022-07-02,2023-07-02,Pending,,,2022-07-02,904000,0,,
906,655,Gold Loan,622000,8.28,12,54187.36,2025-10-15,2026-10-15,Active,28,2025-09-24,2025-10-15,108374.72,10,2026-09-15,
429,1321,Home Loan,3130000,7.09,132,34215.1,2021-08-26,2032-08-26,Active,7,2021-08-09,2021-08-26,2463487.20,60,2026-09-26,
43,581,Gold Loan,664000,13.88,12,59581.16,2023-08-24,2024-08-24,Active,52,2023-08-07,2023-08-24,0.00,12,2024-09-24,
582,1255,Personal Loan,1330000,12.75,12,118636.04,2025-06-28,2026-06-28,Active,12,2025-06-23,2025-06-28,0.00,12,2026-07-28,
928,1071,Business Loan,4976000,15.77,108,86513.45,2024-01-15,2033-01-15,Pending,,,2024-01-15,4976000,0,,
425,1211,Business Loan,3238000,9.48,60,67972.38,2022-02-06,2027-02-06,Defaulted,35,2022-01-07,2022-02-06,407834.28,54,2026-09-06,
250,1104,Car Loan,1430000,7.66,36,44587.05,2025-07-31,2028-07-31,Closed,29,2025-07-01,2025-07-31,0.00,36,,
7,899,Education Loan,1046000,7.56,144,11071.63,2024-11-08,2036-11-08,Closed,65,2024-10-17,2024-11-08,0.00,144,,
141,277,Business Loan,2084000,13.47,36,70690.9,2025-08-06,2028-08-06,Defaulted,98,2025-08-02,2025-08-06,1696581.60,12,2026-09-06,
704,1219,Business Loan,4074000,9.97,84,67570.09,2023-06-15,2030-06-15,Closed,92,2023-05-26,2023-06-15,0.00,84,,
651,920,Home Loan,6715000,7.68,192,60854.56,2025-10-14,2041-10-14,Closed,100,2025-10-08,2025-10-14,0.00,192,,
525,1498,Car Loan,2049000,8.16,84,32099.73,2021-08-23,2028-08-23,Closed,13,2021-08-07,2021-08-23,0.00,84,,
872,865,Business Loan,2810000,11.29,96,44581.4,2025-10-18,2033-10-18,Rejected,,,2025-10-18,0.00,0,,Eligibility criteria not met
507,1040,Business Loan,2171000,12.31,120,31537.84,2026-05-28,2036-05-28,Defaulted,87,2026-05-20,2026-05-28,3689927.28,3,2026-09-28,
510,361,Business Loan,2389000,15.71,36,83648.51,2021-09-12,2024-09-12,Pending,,,2021-09-12,2389000,0,,
670,363,Education Loan,586000,7.84,60,11837.15,2023-04-09,2028-04-09,Pending,,,2023-04-09,586000,0,,
184,98,Gold Loan,444000,13.36,36,15037.22,2021-11-21,2024-11-21,Active,82,2021-11-01,2021-11-21,0.00,36,2024-12-21,
984,656,Gold Loan,402000,11.58,48,10503.49,2022-02-25,2026-02-25,Active,22,2022-01-31,2022-02-25,0.00,48,2026-03-25,
485,1246,Education Loan,1152000,7.17,84,17482.66,2024-12-17,2031-12-17,Active,65,2024-11-28,2024-12-17,1118890.24,20,2026-09-17,
207,666,Personal Loan,290000,17.22,24,14368.93,2025-12-14,2027-12-14,Active,71,2025-11-15,2025-12-14,229902.88,8,2026-09-14,
284,1059,Home Loan,2419000,7.9,240,20083.2,2024-11-15,2044-11-15,Active,20,2024-10-18,2024-11-15,4398220.80,21,2026-09-15,
547,624,Gold Loan,649000,8.01,12,56458.49,2022-03-28,2023-03-28,Active,3,2022-03-26,2022-03-28,0.00,12,2023-04-28,
943,984,Gold Loan,324000,11.32,60,7096.36,2022-08-02,2027-08-02,Pending,,,2022-08-02,324000,0,,
194,1076,Education Loan,701000,8.42,180,6870.19,2023-04-10,2038-04-10,Closed,11,2023-03-26,2023-04-10,0.00,180,,
758,901,Personal Loan,1455000,17.31,84,29995.34,2022-10-27,2029-10-27,Active,80,2022-10-02,2022-10-27,1139822.92,46,2026-09-27,
266,822,Business Loan,1613000,11.91,48,42405.23,2026-06-04,2030-06-04,Closed,45,2026-06-03,2026-06-04,0.00,48,,
374,388,Home Loan,3892000,8.79,168,40348.33,2021-09-02,2035-09-02,Defaulted,82,2021-08-27,2021-09-02,4397967.97,59,2026-09-02,
821,178,Gold Loan,75000,8.36,12,6536.62,2022-02-06,2023-02-06,Approved,95,2022-01-14,2022-02-06,0.00,12,2023-03-06,
802,617,Education Loan,559000,9.46,120,7221.09,2025-08-03,2035-08-03,Approved,95,2025-07-16,2025-08-03,779877.72,12,2026-09-03,
336,366,Gold Loan,766000,12.66,36,25684.3,2026-03-25,2029-03-25,Active,75,2026-03-14,2026-03-25,796213.30,5,2026-09-25,
13,188,Personal Loan,1069000,17.96,72,24357.36,2023-07-02,2029-07-02,Closed,34,2023-06-18,2023-07-02,0.00,72,,
135,1198,Car Loan,1514000,8.82,72,27155.61,2026-06-06,2032-06-06,Defaulted,51,2026-05-14,2026-06-06,1900892.70,2,2026-09-06,
160,1039,Gold Loan,858000,12.16,60,19155.18,2024-02-17,2029-02-17,Closed,84,2024-01-27,2024-02-17,0.00,60,,
604,855,Business Loan,2269000,13.98,120,35202.67,2023-08-14,2033-08-14,Active,99,2023-07-15,2023-08-14,2957024.28,36,2026-09-14,
999,197,Gold Loan,465000,9.02,36,14791.2,2024-03-20,2027-03-20,Active,60,2024-02-24,2024-03-20,103538.40,29,2026-09-20,
276,757,Home Loan,6548000,9.03,180,66531.08,2026-04-19,2041-04-19,Active,51,2026-04-12,2026-04-19,11709470.08,4,2026-09-19,
141,277,Car Loan,645000,11.31,72,12379.64,2024-10-23,2030-10-23,Pending,,,2024-10-23,645000,0,,
583,873,Education Loan,1129000,7.44,180,10427.51,2025-02-12,2040-02-12,Active,39,2025-01-17,2025-02-12,1689256.62,18,2026-09-12,
570,763,Business Loan,3958000,14.03,84,74238.58,2023-09-28,2030-09-28,Active,2,2023-09-15,2023-09-28,3637690.42,35,2026-09-28,
139,130,Business Loan,830000,12.47,108,12823.89,2024-09-06,2033-09-06,Active,23,2024-09-01,2024-09-06,1090030.65,23,2026-09-06,
606,154,Business Loan,4376000,12.18,108,66891.15,2023-08-10,2032-08-10,Closed,32,2023-08-04,2023-08-10,0.00,108,,
800,601,Personal Loan,1238000,14.84,12,111646.34,2026-06-30,2027-06-30,Pending,,,2026-06-30,1238000,0,,
124,1433,Gold Loan,374000,9.33,60,7823.66,2024-10-15,2029-10-15,Active,27,2024-10-02,2024-10-15,297299.08,22,2026-09-15,
472,1105,Business Loan,1956000,9.9,84,32370.94,2023-06-22,2030-06-22,Active,47,2023-05-25,2023-06-22,1489063.24,38,2026-09-22,
821,1339,Personal Loan,1146000,12.84,12,102271.59,2023-12-06,2024-12-06,Active,64,2023-11-09,2023-12-06,0.00,12,2025-01-06,
563,341,Education Loan,588000,7.7,120,7041.19,2022-01-08,2032-01-08,Active,14,2021-12-17,2022-01-08,457677.35,55,2026-09-08,
498,973,Home Loan,1766000,9.37,132,21485.3,2025-08-25,2036-08-25,Active,26,2025-07-27,2025-08-25,2578236.00,12,2026-09-25,
976,1129,Business Loan,3595000,12.22,96,58864.39,2022-11-14,2030-11-14,Closed,44,2022-11-10,2022-11-14,0.00,96,,
122,54,Personal Loan,1181000,10.37,12,104032.0,2026-03-23,2027-03-23,Active,88,2026-02-21,2026-03-23,728224.00,5,2026-09-23,
913,470,Business Loan,4173000,14.5,120,66053.08,2024-10-10,2034-10-10,Closed,40,2024-10-05,2024-10-10,0.00,120,,
198,336,Education Loan,1230000,7.28,168,11695.86,2023-08-06,2037-08-06,Pending,,,2023-08-06,1230000,0,,
810,807,Car Loan,479000,7.61,84,7373.07,2022-02-12,2029-02-12,Active,95,2022-02-03,2022-02-12,221192.10,54,2026-09-12,
495,918,Gold Loan,364000,10.0,60,7733.92,2025-01-27,2030-01-27,Active,42,2025-01-26,2025-01-27,317090.72,19,2026-09-27,
269,1454,Education Loan,1063000,8.01,72,18643.03,2023-06-25,2029-06-25,Active,92,2023-06-06,2023-06-25,633863.02,38,2026-09-25,
841,325,Home Loan,3631000,9.37,180,37631.49,2023-09-17,2038-09-17,Rejected,,,2023-09-17,0.00,0,,Unstable employment history
976,1129,Home Loan,7203000,8.34,120,88691.69,2023-06-05,2033-06-05,Active,26,2023-05-30,2023-06-05,7272718.58,38,2026-09-05,
468,1416,Business Loan,933000,10.95,84,15950.72,2025-10-28,2032-10-28,Active,68,2025-10-16,2025-10-28,1180353.28,10,2026-09-28,
758,901,Personal Loan,1283000,10.89,60,27825.2,2022-07-08,2027-07-08,Closed,62,2022-06-09,2022-07-08,0.00,60,,
847,1294,Home Loan,3630000,8.88,240,32380.43,2025-08-14,2045-08-14,Approved,6,2025-08-02,2025-08-14,7382738.04,12,2026-09-14,
145,660,Gold Loan,391000,11.86,48,10269.67,2025-01-10,2029-01-10,Defaulted,62,2025-01-06,2025-01-10,297820.43,19,2026-09-10,
173,1248,Personal Loan,1291000,11.7,24,60591.14,2022-01-25,2024-01-25,Pending,,,2022-01-25,1291000,0,,
428,879,Personal Loan,1071000,14.66,48,29622.47,2025-01-23,2029-01-23,Closed,60,2025-01-04,2025-01-23,0.00,48,,
669,562,Education Loan,278000,9.36,60,5819.52,2023-12-20,2028-12-20,Rejected,,,2023-12-20,0.00,0,,High existing liabilities
585,230,Business Loan,3600000,14.41,96,63380.32,2022-07-16,2030-07-16,Active,1,2022-06-30,2022-07-16,2978875.04,49,2026-09-16,
953,399,Business Loan,3536000,15.09,48,98570.92,2022-02-04,2026-02-04,Closed,96,2022-01-19,2022-02-04,0.00,48,,
943,534,Home Loan,3572000,7.62,120,42624.32,2022-11-10,2032-11-10,Pending,,,2022-11-10,3572000,0,,
744,1401,Home Loan,4196000,8.43,120,51867.44,2025-05-06,2035-05-06,Active,50,2025-04-24,2025-05-06,5446081.20,15,2026-09-06,
462,401,Business Loan,1352000,10.72,60,29207.32,2023-08-13,2028-08-13,Active,89,2023-07-24,2023-08-13,700975.68,36,2026-09-13,
870,919,Business Loan,3029000,9.91,60,64223.25,2021-12-30,2026-12-30,Active,65,2021-12-11,2021-12-30,256893.00,56,2026-09-30,
988,422,Business Loan,615000,13.61,72,12544.46,2023-11-25,2029-11-25,Active,55,2023-10-26,2023-11-25,489233.94,33,2026-09-25,
468,1416,Business Loan,4526000,15.99,72,98152.35,2023-12-21,2029-12-21,Closed,51,2023-12-18,2023-12-21,0.00,72,,
258,1111,Gold Loan,256000,11.63,12,22701.0,2026-02-11,2027-02-11,Closed,46,2026-02-08,2026-02-11,0.00,12,,
853,1404,Business Loan,1980000,12.51,60,44555.99,2025-11-15,2030-11-15,Active,1,2025-10-17,2025-11-15,2272355.49,9,2026-09-15,
227,1359,Car Loan,491000,11.42,60,10778.66,2025-11-26,2030-11-26,Active,70,2025-11-11,2025-11-26,549711.66,9,2026-09-26,
109,1412,Car Loan,1201000,7.74,48,29173.57,2022-01-04,2026-01-04,Defaulted,77,2021-12-23,2022-01-04,87520.71,45,2025-11-04,
674,355,Personal Loan,748000,17.86,84,15660.02,2021-12-12,2028-12-12,Defaulted,89,2021-12-08,2021-12-12,438480.56,56,2026-09-12,
974,21,Gold Loan,423000,12.24,36,14098.19,2023-02-07,2026-02-07,Active,80,2023-01-27,2023-02-07,0.00,36,2026-03-07,
742,1049,Education Loan,755000,9.57,84,12366.79,2026-01-28,2033-01-28,Active,44,2026-01-23,2026-01-28,952242.83,7,2026-09-28,
557,1250,Education Loan,1866000,7.63,60,37506.19,2024-11-19,2029-11-19,Active,81,2024-10-22,2024-11-19,1462741.41,21,2026-09-19,
227,923,Education Loan,944000,9.77,132,11696.25,2024-09-01,2035-09-01,Defaulted,9,2024-08-13,2024-09-01,1274891.25,23,2026-09-01,
87,776,Personal Loan,1415000,11.1,36,46392.32,2025-12-19,2028-12-19,Closed,28,2025-12-05,2025-12-19,0.00,36,,
938,441,Education Loan,873000,9.84,72,16102.71,2022-12-18,2028-12-18,Defaulted,30,2022-12-07,2022-12-18,450875.88,44,2026-09-18,
726,551,Car Loan,1649000,8.8,48,40879.01,2025-11-16,2029-11-16,Rejected,,,2025-11-16,0.00,0,,Low credit score
783,1155,Gold Loan,211000,10.78,24,9812.72,2025-05-10,2027-05-10,Defaulted,91,2025-04-10,2025-05-10,88314.48,15,2026-09-10,
988,422,Education Loan,1128000,9.8,96,16997.32,2023-07-30,2031-07-30,Closed,95,2023-07-28,2023-07-30,0.00,96,,
28,1124,Home Loan,3974000,7.28,144,41463.41,2023-08-01,2035-08-01,Active,30,2023-07-15,2023-08-01,4478048.28,36,2026-09-01,
443,1385,Business Loan,3974000,15.4,48,111406.84,2023-03-10,2027-03-10,Pending,,,2023-03-10,3974000,0,,
596,858,Personal Loan,911000,12.39,24,43050.04,2021-09-09,2023-09-09,Active,98,2021-08-16,2021-09-09,0.00,24,2023-10-09,
422,1108,Personal Loan,322000,12.69,12,28713.35,2025-08-06,2026-08-06,Active,16,2025-07-17,2025-08-06,0.00,12,2026-09-06,
356,979,Business Loan,4414000,12.3,120,64095.93,2026-01-14,2036-01-14,Defaulted,46,2025-12-31,2026-01-14,7242840.09,7,2026-09-14,
75,771,Gold Loan,569000,10.91,60,12345.92,2023-06-05,2028-06-05,Approved,16,2023-05-22,2023-06-05,271610.24,38,2026-09-05,
394,365,Home Loan,7218000,7.05,216,59073.96,2021-08-23,2039-08-23,Approved,49,2021-08-02,2021-08-23,9215537.76,60,2026-09-23,
414,209,Car Loan,2195000,11.32,48,57072.63,2024-03-10,2028-03-10,Closed,2,2024-02-18,2024-03-10,0.00,48,,
28,1124,Business Loan,1293000,13.42,60,29698.47,2024-07-06,2029-07-06,Approved,28,2024-06-14,2024-07-06,1039446.45,25,2026-09-06,
661,40,Education Loan,1296000,8.94,120,16375.13,2025-05-01,2035-05-01,Active,60,2025-04-16,2025-05-01,1719388.65,15,2026-09-01,
90,926,Car Loan,1177000,7.61,84,18117.12,2023-05-27,2030-05-27,Defaulted,26,2023-04-27,2023-05-27,815270.40,39,2026-09-27,
594,163,Business Loan,4102000,14.42,108,68013.21,2025-10-11,2034-10-11,Active,54,2025-10-06,2025-10-11,6665294.58,10,2026-09-11,
121,332,Home Loan,1447000,8.85,192,14114.92,2026-06-25,2042-06-25,Approved,61,2026-06-21,2026-06-25,2681834.80,2,2026-09-25,
222,468,Gold Loan,594000,12.68,60,13418.22,2024-07-09,2029-07-09,Pending,,,2024-07-09,594000,0,,
909,813,Car Loan,1486000,8.38,36,46826.78,2024-06-11,2027-06-11,Active,3,2024-05-16,2024-06-11,468267.80,26,2026-09-11,
927,150,Personal Loan,696000,17.63,12,63686.78,2025-01-01,2026-01-01,Pending,,,2025-01-01,696000,0,,
49,1411,Education Loan,649000,9.43,72,11837.56,2022-04-29,2028-04-29,Active,28,2022-04-28,2022-04-29,236751.20,52,2026-09-29,
126,29,Business Loan,1494000,14.79,36,51636.49,2026-01-19,2029-01-19,Pending,,,2026-01-19,1494000,0,,
109,545,Car Loan,1466000,11.03,48,37910.9,2024-12-13,2028-12-13,Closed,57,2024-11-28,2024-12-13,0.00,48,,
279,915,Education Loan,1678000,7.01,156,16421.18,2022-06-05,2035-06-05,Approved,40,2022-05-13,2022-06-05,1740645.08,50,2026-09-05,
183,417,Home Loan,5438000,7.5,192,48715.1,2025-03-16,2041-03-16,Pending,,,2025-03-16,5438000,0,,
866,65,Gold Loan,580000,9.81,36,18663.27,2023-11-01,2026-11-01,Active,24,2023-10-18,2023-11-01,55989.81,33,2026-09-01,
303,560,Personal Loan,570000,10.1,72,10588.49,2025-10-10,2031-10-10,Active,38,2025-09-21,2025-10-10,656486.38,10,2026-09-10,
248,1053,Education Loan,1028000,7.78,132,11613.66,2021-12-30,2032-12-30,Active,56,2021-12-01,2021-12-30,882638.16,56,2026-09-30,
938,441,Home Loan,5587000,8.52,120,69330.58,2022-10-17,2032-10-17,Active,66,2022-10-16,2022-10-17,5130462.92,46,2026-09-17,
820,292,Gold Loan,303000,13.21,48,8160.35,2023-04-26,2027-04-26,Approved,34,2023-03-31,2023-04-26,65282.80,40,2026-09-26,
472,1464,Gold Loan,280000,10.57,36,9109.93,2023-05-10,2026-05-10,Active,87,2023-05-06,2023-05-10,0.00,36,2026-06-10,
640,1242,Gold Loan,459000,10.47,48,11745.3,2025-01-12,2029-01-12,Active,35,2024-12-26,2025-01-12,340613.70,19,2026-09-12,
99,88,Business Loan,4615000,15.04,120,74569.17,2022-01-02,2032-01-02,Active,26,2021-12-18,2022-01-02,4846996.05,55,2026-09-02,
453,1368,Business Loan,3501000,10.73,48,90026.81,2022-10-20,2026-10-20,Pending,,,2022-10-20,3501000,0,,
149,513,Home Loan,7458000,8.35,120,91871.29,2023-08-15,2033-08-15,Active,15,2023-08-08,2023-08-15,7717188.36,36,2026-09-15,
355,81,Personal Loan,1206000,17.9,36,43539.31,2022-05-27,2025-05-27,Closed,29,2022-04-27,2022-05-27,0.00,36,,
107,191,Gold Loan,855000,9.89,60,18119.98,2024-09-18,2029-09-18,Approved,47,2024-09-01,2024-09-18,670439.26,23,2026-09-18,
618,353,Home Loan,5124000,9.02,144,58370.42,2023-10-30,2035-10-30,Defaulted,41,2023-09-30,2023-10-30,6420746.20,34,2026-09-30,
691,1073,Personal Loan,807000,16.06,84,16056.28,2023-11-16,2030-11-16,Defaulted,68,2023-10-28,2023-11-16,818870.28,33,2026-09-16,
657,278,Home Loan,6107000,8.45,144,67621.49,2023-12-25,2035-12-25,Approved,67,2023-12-02,2023-12-25,7573606.88,32,2026-09-25,
824,798,Personal Loan,430000,14.88,36,14880.83,2026-01-28,2029-01-28,Active,11,2026-01-23,2026-01-28,431544.07,7,2026-09-28,
709,1293,Personal Loan,1420000,16.97,12,129490.53,2024-05-25,2025-05-25,Active,87,2024-05-21,2024-05-25,0.00,12,2025-06-25,
122,1395,Personal Loan,1236000,13.86,24,59262.21,2025-02-13,2027-02-13,Active,67,2025-02-09,2025-02-13,355573.26,18,2026-09-13,
548,978,Education Loan,1683000,9.48,120,21759.18,2025-04-28,2035-04-28,Active,42,2025-04-05,2025-04-28,2262954.72,16,2026-09-28,
624,661,Gold Loan,96000,8.41,12,8369.1,2024-05-30,2025-05-30,Closed,12,2024-05-26,2024-05-30,0.00,12,,
592,253,Education Loan,1394000,7.95,156,14362.18,2021-09-13,2034-09-13,Active,96,2021-09-10,2021-09-13,1393131.46,59,2026-09-13,
955,780,Gold Loan,584000,9.36,48,14632.9,2024-08-20,2028-08-20,Active,94,2024-07-23,2024-08-20,351189.60,24,2026-09-20,
716,950,Education Loan,829000,10.38,120,11130.48,2025-06-13,2035-06-13,Active,74,2025-05-26,2025-06-13,1179830.88,14,2026-09-13,
625,709,Home Loan,1154000,9.07,204,11114.32,2024-04-18,2041-04-18,Active,75,2024-03-25,2024-04-18,1956120.32,28,2026-09-18,
764,297,Car Loan,2321000,9.79,84,38279.97,2024-07-24,2031-07-24,Pending,,,2024-07-24,2321000,0,,
464,99,Car Loan,626000,11.21,84,10787.89,2026-03-14,2033-03-14,Closed,29,2026-03-09,2026-03-14,0.00,84,,
787,404,Personal Loan,162000,13.05,24,7705.58,2024-04-29,2026-04-29,Pending,,,2024-04-29,162000,0,,
605,466,Business Loan,1948000,15.91,96,35991.05,2025-12-16,2033-12-16,Pending,,,2025-12-16,1948000,0,,
407,1302,Education Loan,1017000,9.63,180,10699.69,2022-10-18,2037-10-18,Closed,66,2022-10-17,2022-10-18,0.00,180,,
746,900,Personal Loan,1381000,13.37,24,65895.52,2026-04-05,2028-04-05,Approved,55,2026-03-15,2026-04-05,1317910.40,4,2026-09-05,
472,1105,Business Loan,1419000,13.0,24,67461.85,2023-02-14,2025-02-14,Active,49,2023-01-31,2023-02-14,0.00,24,2025-03-14,
675,317,Personal Loan,53000,14.37,48,1458.16,2025-01-30,2029-01-30,Active,87,2025-01-11,2025-01-30,42286.64,19,2026-09-30,
372,593,Car Loan,1376000,10.96,60,29890.13,2023-03-29,2028-03-29,Active,64,2023-03-25,2023-03-29,567912.47,41,2026-09-29,
537,852,Home Loan,6441000,8.28,180,62599.2,2022-07-19,2037-07-19,Closed,65,2022-06-27,2022-07-19,0.00,180,,
828,574,Business Loan,2509000,9.75,96,37740.89,2022-01-27,2030-01-27,Active,85,2022-01-22,2022-01-27,1547376.49,55,2026-09-27,
503,1188,Business Loan,3676000,14.01,120,57098.05,2022-10-23,2032-10-23,Rejected,,,2022-10-23,0.00,0,,Unstable employment history
545,187,Personal Loan,241000,16.96,36,8587.51,2026-04-18,2029-04-18,Active,10,2026-03-20,2026-04-18,274800.32,4,2026-09-18,
570,1205,Education Loan,1390000,8.28,144,15260.31,2024-12-26,2036-12-26,Active,40,2024-12-09,2024-12-26,1892278.44,20,2026-09-26,
786,895,Home Loan,2871000,9.06,228,26433.42,2022-09-06,2041-09-06,Pending,,,2022-09-06,2871000,0,,
834,126,Car Loan,1399000,9.52,60,29395.28,2023-12-27,2028-12-27,Active,63,2023-11-29,2023-12-27,823067.84,32,2026-09-27,
810,1043,Education Loan,1185000,7.04,168,11110.61,2022-05-22,2036-05-22,Closed,8,2022-04-29,2022-05-22,0.00,168,,
926,1235,Car Loan,2335000,10.06,60,49680.81,2023-06-29,2028-06-29,Active,19,2023-06-28,2023-06-29,1092977.82,38,2026-09-29,
13,188,Home Loan,6652000,9.17,144,76340.09,2025-03-07,2037-03-07,Pending,,,2025-03-07,6652000,0,,
896,348,Business Loan,2227000,11.73,120,31604.35,2021-08-20,2031-08-20,Rejected,,,2021-08-20,0.00,0,,Eligibility criteria not met
42,1437,Education Loan,958000,7.1,72,16378.99,2022-10-31,2028-10-31,Approved,77,2022-10-13,2022-10-31,425853.74,46,2026-09-30,
785,640,Home Loan,7187000,7.64,240,58514.78,2022-10-10,2042-10-10,Rejected,,,2022-10-10,0.00,0,,High existing liabilities
811,935,Home Loan,3449000,8.67,216,31590.72,2024-08-10,2042-08-10,Closed,80,2024-07-13,2024-08-10,0.00,216,,
423,78,Car Loan,1270000,8.9,84,20368.74,2026-02-01,2033-02-01,Active,68,2026-01-29,2026-02-01,1588761.72,6,2026-09-01,
781,548,Business Loan,824000,10.93,108,12019.85,2025-10-23,2034-10-23,Closed,97,2025-09-23,2025-10-23,0.00,108,,
678,1347,Gold Loan,659000,8.22,48,16156.26,2023-04-21,2027-04-21,Closed,5,2023-04-13,2023-04-21,0.00,48,,
783,1155,Home Loan,5710000,7.98,204,51222.44,2024-06-08,2041-06-08,Approved,5,2024-05-22,2024-06-08,9117594.32,26,2026-09-08,
8,1064,Education Loan,693000,9.58,180,7269.97,2023-11-09,2038-11-09,Closed,57,2023-11-07,2023-11-09,0.00,180,,
704,1177,Car Loan,1729000,8.73,72,30934.97,2021-12-31,2027-12-31,Closed,37,2021-12-22,2021-12-31,0.00,72,,
33,698,Gold Loan,62000,12.82,24,2942.35,2023-05-05,2025-05-05,Pending,,,2023-05-05,62000,0,,
128,242,Education Loan,1653000,9.49,60,34708.0,2022-10-25,2027-10-25,Approved,68,2022-10-01,2022-10-25,485912.00,46,2026-09-25,
223,1252,Home Loan,3549000,9.2,240,32389.19,2024-10-16,2044-10-16,Active,28,2024-10-05,2024-10-16,7060843.42,22,2026-09-16,
545,149,Personal Loan,1275000,14.76,36,44048.59,2025-09-16,2028-09-16,Closed,90,2025-08-22,2025-09-16,0.00,36,,
222,1171,Home Loan,5937000,8.81,156,64048.57,2025-10-18,2038-10-18,Active,71,2025-09-22,2025-10-18,9351091.22,10,2026-09-18,
75,771,Gold Loan,320000,8.47,36,10097.16,2025-11-15,2028-11-15,Approved,4,2025-10-27,2025-11-15,272623.32,9,2026-09-15,
804,1322,Car Loan,2272000,11.11,36,74500.77,2025-09-24,2028-09-24,Active,27,2025-09-22,2025-09-24,1862519.25,11,2026-09-24,
212,492,Car Loan,2327000,11.36,60,51013.4,2025-06-30,2030-06-30,Closed,24,2025-06-24,2025-06-30,0.00,60,,
937,452,Personal Loan,725000,17.54,24,36034.04,2021-10-07,2023-10-07,Pending,,,2021-10-07,725000,0,,
868,1398,Education Loan,1564000,6.81,60,30829.07,2023-04-29,2028-04-29,Closed,94,2023-04-02,2023-04-29,0.00,60,,
920,1089,Education Loan,1555000,7.76,72,27082.33,2024-06-02,2030-06-02,Active,63,2024-05-19,2024-06-02,1245787.18,26,2026-09-02,
507,1040,Home Loan,5884000,8.1,120,71700.45,2026-06-12,2036-06-12,Approved,68,2026-06-02,2026-06-12,8460653.10,2,2026-09-12,
269,1454,Business Loan,1388000,14.78,96,24731.84,2023-11-10,2031-11-10,Defaulted,84,2023-11-02,2023-11-10,1558105.92,33,2026-09-10,
662,362,Home Loan,3231000,9.36,168,34574.49,2022-01-07,2036-01-07,Active,23,2021-12-31,2022-01-07,3906917.37,55,2026-09-07,
462,684,Education Loan,980000,9.76,120,12820.88,2023-12-22,2033-12-22,Active,35,2023-12-21,2023-12-22,1128237.44,32,2026-09-22,
921,1360,Gold Loan,181000,12.72,60,4092.41,2025-06-09,2030-06-09,Active,73,2025-05-20,2025-06-09,188250.86,14,2026-09-09,
714,1261,Gold Loan,684000,11.13,24,31921.06,2022-05-11,2024-05-11,Closed,43,2022-04-13,2022-05-11,0.00,24,,
804,123,Business Loan,1024000,12.49,108,15832.94,2022-10-10,2031-10-10,Active,95,2022-09-11,2022-10-10,981642.28,46,2026-09-10,
966,190,Education Loan,330000,10.43,120,4439.93,2024-06-14,2034-06-14,Closed,86,2024-05-21,2024-06-14,0.00,120,,
557,1250,Gold Loan,465000,12.88,36,15640.82,2026-01-01,2029-01-01,Approved,96,2025-12-24,2026-01-01,453583.78,7,2026-09-01,
258,1111,Gold Loan,231000,11.42,36,7608.67,2022-12-09,2025-12-09,Approved,21,2022-11-12,2022-12-09,0.00,36,2026-01-09,
259,729,Home Loan,3832000,7.62,144,40685.34,2022-02-01,2034-02-01,Defaulted,56,2022-01-17,2022-02-01,3661680.60,54,2026-09-01,
94,568,Home Loan,3964000,7.19,240,31186.56,2025-10-02,2045-10-02,Rejected,,,2025-10-02,0.00,0,,Low credit score
145,660,Business Loan,2896000,14.12,36,99147.29,2023-02-27,2026-02-27,Closed,98,2023-02-18,2023-02-27,0.00,36,,
340,1386,Business Loan,4133000,14.97,72,87325.02,2023-04-12,2029-04-12,Active,18,2023-03-13,2023-04-12,2794400.64,40,2026-09-12,
996,1448,Business Loan,4307000,13.43,48,116467.34,2025-11-12,2029-11-12,Approved,92,2025-10-15,2025-11-12,4542226.26,9,2026-09-12,
356,731,Gold Loan,886000,14.0,24,42539.41,2023-02-12,2025-02-12,Active,21,2023-02-03,2023-02-12,0.00,24,2025-03-12,
317,1087,Car Loan,335000,11.31,36,11016.72,2026-01-30,2029-01-30,Closed,70,2026-01-24,2026-01-30,0.00,36,,
928,1071,Car Loan,2180000,11.13,72,41639.59,2026-04-25,2032-04-25,Active,70,2026-04-09,2026-04-25,2831492.12,4,2026-09-25,
996,1125,Business Loan,1515000,10.81,60,32796.4,2025-05-18,2030-05-18,Approved,90,2025-05-13,2025-05-18,1475838.00,15,2026-09-18,
289,161,Car Loan,737000,10.25,36,23867.52,2024-08-31,2027-08-31,Active,94,2024-08-26,2024-08-31,286410.24,24,2026-09-30,
657,278,Education Loan,1755000,9.56,96,26223.81,2026-05-22,2034-05-22,Active,30,2026-05-19,2026-05-22,2438814.33,3,2026-09-22,
198,336,Education Loan,1864000,6.98,72,31761.45,2023-12-19,2029-12-19,Active,91,2023-11-27,2023-12-19,1270458.00,32,2026-09-19,
865,755,Gold Loan,582000,9.04,60,12092.66,2022-03-24,2027-03-24,Active,35,2022-03-19,2022-03-24,84648.62,53,2026-09-24,
398,400,Car Loan,1675000,10.52,84,28259.09,2021-09-29,2028-09-29,Rejected,,,2021-09-29,0.00,0,,Eligibility criteria not met
511,1497,Car Loan,1563000,11.1,48,40472.5,2024-01-20,2028-01-20,Defaulted,42,2023-12-28,2024-01-20,688032.50,31,2026-09-20,
91,826,Business Loan,2377000,9.92,48,60195.58,2025-09-07,2029-09-07,Closed,53,2025-08-10,2025-09-07,0.00,48,,
661,40,Education Loan,862000,9.19,168,9137.83,2022-09-15,2036-09-15,Closed,89,2022-08-27,2022-09-15,0.00,168,,
248,1053,Car Loan,1367000,7.92,84,21251.91,2023-12-29,2030-12-29,Approved,55,2023-12-01,2023-12-29,1105099.32,32,2026-09-29,
566,115,Car Loan,2283000,9.72,48,57596.27,2022-04-28,2026-04-28,Approved,43,2022-04-04,2022-04-28,0.00,48,2026-05-28,
294,443,Business Loan,3853000,12.78,72,76898.86,2025-11-14,2031-11-14,Active,96,2025-10-23,2025-11-14,4844628.18,9,2026-09-14,
548,978,Personal Loan,1354000,14.87,84,26029.15,2022-09-07,2029-09-07,Active,74,2022-09-05,2022-09-07,963078.55,47,2026-09-07,
706,421,Education Loan,384000,10.34,84,6442.52,2022-02-14,2029-02-14,Pending,,,2022-02-14,384000,0,,
485,1436,Personal Loan,554000,14.53,48,15286.57,2022-11-18,2026-11-18,Active,92,2022-10-19,2022-11-18,45859.71,45,2026-09-18,
854,996,Business Loan,634000,11.55,96,10148.19,2023-10-13,2031-10-13,Defaulted,17,2023-09-15,2023-10-13,629187.78,34,2026-09-13,
777,1147,Gold Loan,559000,11.4,24,26157.71,2025-04-15,2027-04-15,Pending,,,2025-04-15,559000,0,,
592,253,Business Loan,3875000,13.09,96,65323.34,2025-06-29,2033-06-29,Active,94,2025-06-25,2025-06-29,5356513.88,14,2026-09-29,
390,16,Car Loan,1188000,8.21,60,24207.93,2025-09-24,2030-09-24,Active,100,2025-09-15,2025-09-24,1186188.57,11,2026-09-24,
206,1220,Car Loan,461000,11.23,36,15142.81,2026-02-24,2029-02-24,Closed,97,2026-01-27,2026-02-24,0.00,36,,
227,1359,Home Loan,6674000,9.14,228,61787.35,2024-05-29,2043-05-29,Closed,15,2024-05-08,2024-05-29,0.00,228,,
179,135,Home Loan,6621000,7.49,228,54522.33,2022-09-18,2041-09-18,Rejected,,,2022-09-18,0.00,0,,Eligibility criteria not met
995,155,Education Loan,1568000,8.95,108,21193.75,2024-07-07,2033-07-07,Active,74,2024-06-19,2024-07-07,1759081.25,25,2026-09-07,
224,988,Gold Loan,496000,9.69,60,10463.04,2022-10-23,2027-10-23,Active,36,2022-09-23,2022-10-23,146482.56,46,2026-09-23,
588,536,Business Loan,547000,11.09,36,17931.4,2026-04-07,2029-04-07,Defaulted,87,2026-03-15,2026-04-07,573804.80,4,2026-09-07,
328,1122,Gold Loan,978000,9.33,48,24491.11,2024-05-31,2028-05-31,Active,28,2024-05-08,2024-05-31,514313.31,27,2026-09-30,
