account_id,card_number,card_holder_name,card_type,card_network,issue_date,expiry_date,card_status,daily_limit,international_usage,contactless_enabled,created_at,block_reason
1021,4019877446325263,ANAY RAVAL,Debit,RuPay,2021-10-15,2025-10-15,Expired,200000,0,1,2021-10-15,Card Expired
874,4161446597719253,EKTA DAS,Debit,RuPay,2021-12-27,2025-12-27,Expired,200000,1,1,2021-12-27,Card Expired
1425,4613339915385378,DARIKA KULKARNI,Debit,RuPay,2024-03-02,2029-03-02,Active,200000,0,1,2024-03-02,
1038,4190713143177370,VICTOR CHAHAL,Debit,RuPay,2024-03-05,2029-03-05,Active,100000,0,1,2024-03-05,
840,4292994451476658,DHRUV GULATI,Debit,Mastercard,2024-12-07,2027-12-07,Active,50000,0,1,2024-12-07,
1069,4130111173287961,AAYUSH DEOL,Credit,RuPay,2026-01-02,2029-01-02,Active,500000,0,1,2026-01-02,
280,4556244083467814,TIMOTHY GADE,Debit,Mastercard,2021-01-29,2026-01-29,Expired,100000,0,1,2021-01-29,Card Expired
1185,4929145145457893,FALAK SAHOTA,Debit,Visa,2025-04-11,2028-04-11,Active,100000,0,1,2025-04-11,
515,4991970949322664,ZARNA RADHAKRISHNAN,Credit,Mastercard,2022-08-22,2026-08-22,Inactive,50000,1,0,2022-08-22,
929,4199217657434069,JALSA DEVI,Debit,RuPay,2026-04-25,2030-04-25,Active,200000,0,1,2026-04-25,
45,4063787847185612,FORUM BHASIN,Credit,Visa,2023-12-31,2028-12-31,Expired,300000,0,0,2023-12-31,Card Expired
716,4163747053377799,JACK CHAUDHARY,Debit,Visa,2025-04-09,2029-04-09,Active,200000,0,1,2025-04-09,
842,4260147251113805,MEGHA VASA,Credit,Visa,2024-01-09,2027-01-09,Active,50000,0,0,2024-01-09,
1347,4805666131742416,ABHIRAM BHATT,Debit,RuPay,2024-03-12,2028-03-12,Active,50000,1,1,2024-03-12,
628,4620695622117746,QUINCY SRINIVAS,Debit,Visa,2023-07-06,2028-07-06,Blocked,200000,0,1,2023-07-06,Multiple Failed PIN Attempts
296,4224146971383213,ARYAN KRISHNA,Debit,Mastercard,2025-11-04,2029-11-04,Active,25000,0,0,2025-11-04,
1362,4016363516132848,JASON PURI,Debit,Visa,2024-02-22,2029-02-22,Active,75000,1,1,2024-02-22,
144,4015119711838783,ANIRUDH MOHAN,Virtual,Mastercard,2026-03-26,2029-03-26,Active,50000,0,1,2026-03-26,
1039,4488476594734087,MANYA MUKHOPADHYAY,Prepaid,RuPay,2022-02-10,2027-02-10,Active,25000,0,1,2022-02-10,
119,4416628562245193,EKANSH SESHADRI,Debit,Visa,2022-03-25,2027-03-25,Active,200000,1,1,2022-03-25,
1062,4723153991468299,EKANI AGARWAL,Debit,RuPay,2022-06-19,2025-06-19,Expired,150000,0,1,2022-06-19,Card Expired
472,4465749821558839,BENJAMIN BOASE,Debit,Mastercard,2023-10-02,2027-10-02,Active,150000,0,1,2023-10-02,
1314,4431952259565837,GIRISH NAGARAJAN,Credit,RuPay,2022-11-17,2025-11-17,Expired,100000,0,1,2022-11-17,Card Expired
1389,4192407121006161,JONATHAN WAGLE,Credit,Mastercard,2023-09-03,2028-09-03,Active,500000,0,1,2023-09-03,
1393,4533351553747238,OESHI MOHAN,Debit,Visa,2024-01-19,2028-01-19,Active,50000,0,0,2024-01-19,
706,4272480052933315,SATHVIK PATLA,Debit,Visa,2021-11-19,2026-11-19,Active,150000,0,1,2021-11-19,
151,4997566836134792,DEVANSH SANI,Credit,RuPay,2025-07-03,2029-07-03,Active,50000,0,1,2025-07-03,
482,4061481977761223,REHAAN BALI,Debit,Visa,2025-05-27,2028-05-27,Active,50000,0,1,2025-05-27,
1131,4883575994009509,ISHANI RAGHAVAN,Debit,RuPay,2025-04-29,2028-04-29,Active,200000,0,1,2025-04-29,
744,4114870612909983,VANYA SOM,Debit,RuPay,2025-02-24,2030-02-24,Active,100000,1,1,2025-02-24,
616,4323986833542768,VASUDHA KALLA,Credit,Visa,2021-03-10,2025-03-10,Expired,50000,0,1,2021-03-10,Card Expired
518,4756905095298246,URVASHI CHAUDRY,Credit,RuPay,2025-02-26,2029-02-26,Expired,300000,0,0,2025-02-26,Card Expired
159,4576627268036467,KRITIKA MITAL,Debit,RuPay,2026-01-02,2029-01-02,Inactive,25000,0,1,2026-01-02,
1127,4447742074288168,SUHANI ROY,Debit,Mastercard,2021-05-05,2024-05-05,Expired,200000,1,1,2021-05-05,Card Expired
829,4089169073642194,ABHIMANYU SACHAR,Debit,Visa,2022-03-23,2025-03-23,Expired,100000,0,1,2022-03-23,Card Expired
641,4577843613278314,ATHARV GOYAL,Debit,Visa,2024-09-10,2029-09-10,Active,75000,0,1,2024-09-10,
941,4184659349666033,MEKHALA MASTER,Debit,Mastercard,2024-07-04,2029-07-04,Inactive,25000,0,1,2024-07-04,
517,4517564670782093,SIDDHARTH PATLA,Prepaid,Visa,2024-03-31,2029-03-31,Active,25000,0,1,2024-03-31,
304,4541643967855449,ORINDER MOHANTY,Prepaid,RuPay,2021-04-29,2025-04-29,Expired,25000,0,1,2021-04-29,Card Expired
1359,4248225594025022,FINN DUGAR,Prepaid,RuPay,2024-09-11,2027-09-11,Active,75000,0,1,2024-09-11,
1120,4291742856949158,KASHVI SAMA,Debit,Mastercard,2026-04-27,2030-04-27,Active,75000,0,1,2026-04-27,
1260,4686967155196398,SHRAVYA VYAS,Credit,Visa,2024-11-14,2029-11-14,Active,100000,1,1,2024-11-14,
232,4612124325166872,CHANDANI SANDHU,Credit,Mastercard,2025-10-26,2029-10-26,Active,500000,0,1,2025-10-26,
1455,4848769084339465,LIPIKA SALVI,Debit,Mastercard,2024-08-03,2027-08-03,Active,50000,0,1,2024-08-03,
24,4195657065789758,RISHI DUGAR,Debit,RuPay,2024-10-01,2028-10-01,Active,50000,0,0,2024-10-01,
456,4422358132823692,KRISHNA DYAL,Debit,Mastercard,2026-04-17,2031-04-17,Active,100000,0,1,2026-04-17,
1330,4342940935573219,LIAM PALLA,Prepaid,RuPay,2024-06-27,2027-06-27,Active,50000,0,1,2024-06-27,
1472,4167629248112723,MAYA IYER,Debit,Visa,2025-02-09,2028-02-09,Inactive,150000,1,0,2025-02-09,
775,4192445260567327,ANDREW SODHI,Debit,Mastercard,2026-01-22,2030-01-22,Blocked,150000,0,1,2026-01-22,Multiple Failed PIN Attempts
884,4611932914368862,THOMAS SAINI,Debit,Visa,2022-02-19,2025-02-19,Expired,25000,0,1,2022-02-19,Card Expired
98,4100840152987742,SHRAVYA BORRA,Debit,RuPay,2023-06-14,2027-06-14,Active,150000,0,1,2023-06-14,
923,4240742054849075,AARNAV COMAR,Debit,RuPay,2021-02-18,2025-02-18,Expired,150000,0,0,2021-02-18,Card Expired
549,4145657084606949,NITARA MINHAS,Debit,RuPay,2023-11-18,2028-11-18,Active,100000,0,1,2023-11-18,
1029,4905748787435327,IKSHITA BANSAL,Prepaid,Visa,2025-06-11,2028-06-11,Active,10000,0,1,2025-06-11,
1458,4893359486141122,UNNI KUMER,Debit,Visa,2022-10-30,2026-10-30,Active,200000,0,0,2022-10-30,
238,4849368574729309,INDIRA GOEL,Debit,Visa,2024-05-18,2029-05-18,Active,50000,0,1,2024-05-18,
121,4272976616857605,ABHIMANYU PERI,Prepaid,Visa,2026-03-06,2030-03-06,Active,50000,0,1,2026-03-06,
852,4843831336143564,MICHAEL KALA,Credit,RuPay,2025-02-18,2029-02-18,Active,150000,0,1,2025-02-18,
274,4574377028068740,ONKAR CHANDRAN,Credit,Mastercard,2021-09-24,2024-09-24,Expired,100000,0,1,2021-09-24,Card Expired
396,4703705857721916,MANTHAN GANESH,Debit,Visa,2024-11-17,2028-11-17,Active,200000,0,1,2024-11-17,
1330,4188262040555284,BISHAKHA NADKARNI,Debit,Visa,2025-01-11,2030-01-11,Active,75000,1,1,2025-01-11,
1330,4380618374161165,DEVIKA YADAV,Prepaid,Mastercard,2025-12-15,2030-12-15,Active,75000,0,1,2025-12-15,
67,4745585254142069,JASON BUCH,Debit,RuPay,2021-12-06,2026-12-06,Active,25000,0,1,2021-12-06,
162,4435240566108789,DAKSH KANT,Debit,Visa,2021-02-15,2025-02-15,Expired,150000,1,1,2021-02-15,Card Expired
378,4015214351242281,SUDIKSHA GARG,Credit,Mastercard,2023-03-05,2026-03-05,Expired,200000,0,1,2023-03-05,Card Expired
613,4485759470803370,XAVIER VORA,Debit,Visa,2025-08-14,2030-08-14,Active,200000,0,0,2025-08-14,
748,4751414566712528,VASUDHA ZACHARIAH,Debit,Mastercard,2025-02-01,2030-02-01,Active,200000,1,1,2025-02-01,
557,4745799658269516,VARSHA KOTA,Debit,RuPay,2021-12-11,2024-12-11,Expired,150000,0,0,2021-12-11,Card Expired
723,4586372741408803,DAKSH DOSHI,Debit,Visa,2021-09-07,2026-09-07,Active,75000,0,1,2021-09-07,
248,4392878461075227,BHAVIKA SARAF,Debit,RuPay,2026-02-08,2031-02-08,Active,75000,1,1,2026-02-08,
391,4280319052634628,LIBNI KULKARNI,Debit,RuPay,2022-06-07,2027-06-07,Active,25000,1,1,2022-06-07,
296,4277318071293216,UDANT SHUKLA,Debit,Visa,2023-06-17,2028-06-17,Active,100000,1,1,2023-06-17,
745,4975301813371288,WAKEETA MAJUMDAR,Debit,Mastercard,2026-03-24,2031-03-24,Active,100000,0,1,2026-03-24,
122,4721839282796205,ISAAC SEHGAL,Debit,Mastercard,2023-11-21,2028-11-21,Active,150000,1,1,2023-11-21,
1237,4196336514933784,CHAKRIKA MODI,Debit,Visa,2024-06-18,2027-06-18,Active,150000,1,1,2024-06-18,
280,4114758846527200,IDIKA JAIN,Virtual,RuPay,2023-01-29,2027-01-29,Expired,10000,0,1,2023-01-29,Card Expired
776,4620127793741828,ATHARV DADA,Debit,Mastercard,2022-04-14,2025-04-14,Expired,150000,1,1,2022-04-14,Card Expired
370,4766880875295395,DAKSHESH SHARMA,Debit,Mastercard,2023-02-25,2026-02-25,Expired,150000,0,1,2023-02-25,Card Expired
347,4480951818523714,PRATYUSH CHOWDHURY,Debit,RuPay,2021-01-12,2025-01-12,Expired,75000,0,1,2021-01-12,Card Expired
171,4861524376178085,ZARNA ACHARYA,Credit,Visa,2024-04-22,2027-04-22,Active,100000,0,1,2024-04-22,
1276,4192220560927206,CHAVVI GULATI,Virtual,Mastercard,2024-10-30,2029-10-30,Hotlisted,25000,0,1,2024-10-30,Fraud Suspected
418,4867719454484089,ANVI TIWARI,Prepaid,Visa,2022-04-13,2027-04-13,Active,25000,0,0,2022-04-13,
636,4751231491926592,ZEHAAN SUBRAMANIAN,Debit,RuPay,2025-04-20,2029-04-20,Active,150000,1,1,2025-04-20,
512,4489926963123998,KARAN WALI,Debit,RuPay,2024-05-01,2028-05-01,Active,150000,0,0,2024-05-01,
998,4463948448526370,AVNI DUBE,Debit,Mastercard,2022-02-01,2025-02-01,Expired,50000,0,0,2022-02-01,Card Expired
1028,4891623093589563,ARJUN SARRAF,Credit,Visa,2021-04-13,2025-04-13,Expired,50000,0,1,2021-04-13,Card Expired
27,4431721196035270,KAMYA RADHAKRISHNAN,Debit,RuPay,2022-04-11,2027-04-11,Active,200000,0,0,2022-04-11,
414,4949793241785160,CHASMUM HAYER,Debit,Visa,2022-01-13,2026-01-13,Expired,150000,1,1,2022-01-13,Card Expired
1306,4758147135159566,LAKSH BALASUBRAMANIAN,Virtual,Visa,2024-02-20,2028-02-20,Active,100000,1,1,2024-02-20,
1095,4306797624613792,YADAVI MANGAL,Credit,RuPay,2026-05-21,2029-05-21,Active,200000,0,1,2026-05-21,
402,4978993459241203,ALKA PAI,Credit,Visa,2024-03-21,2028-03-21,Active,500000,0,0,2024-03-21,
506,4809413630893364,MOHINI DESHMUKH,Debit,RuPay,2023-05-07,2026-05-07,Expired,150000,0,0,2023-05-07,Card Expired
952,4413500994109695,SAI PAREKH,Prepaid,Visa,2026-04-06,2030-04-06,Active,10000,0,0,2026-04-06,
1070,4600181289896683,RAJESHRI SOOD,Debit,RuPay,2022-07-13,2026-07-13,Expired,75000,0,1,2022-07-13,Card Expired
542,4168335931395167,WRIDDHISH HANDA,Debit,Mastercard,2022-10-07,2026-10-07,Active,150000,1,1,2022-10-07,
688,4071280177908954,AAYUSH CHANDRAN,Debit,Visa,2025-04-18,2028-04-18,Active,25000,0,1,2025-04-18,
1296,4127702743315102,ORINDER PARIKH,Debit,Visa,2021-11-16,2025-11-16,Expired,75000,0,1,2021-11-16,Card Expired
1485,4166386133124680,TANVEER KUMER,Debit,Visa,2024-08-09,2027-08-09,Active,75000,0,1,2024-08-09,
507,4309175976535501,SAMUEL BATH,Virtual,Visa,2024-03-22,2029-03-22,Active,25000,1,0,2024-03-22,
775,4202533665919722,NOAH BAIL,Debit,Visa,2021-02-14,2024-02-14,Expired,75000,0,1,2021-02-14,Card Expired
1464,4460824795884044,LAVANYA BIR,Credit,RuPay,2025-07-20,2028-07-20,Active,100000,0,0,2025-07-20,
1423,4873812621997112,MEERA SETTY,Debit,Visa,2026-02-07,2031-02-07,Active,75000,0,1,2026-02-07,
529,4518726168438853,IKSHITA SOMAN,Debit,Visa,2024-08-03,2028-08-03,Active,75000,0,1,2024-08-03,
1450,4034655988634968,HARRISON CHOUDHRY,Credit,Mastercard,2022-05-20,2026-05-20,Expired,100000,0,1,2022-05-20,Card Expired
134,4093166863163200,AADI MAHAJAN,Debit,Mastercard,2023-12-20,2028-12-20,Hotlisted,75000,1,1,2023-12-20,Card Reported Lost
1499,4028625331032704,QARIN MASTER,Debit,RuPay,2026-04-27,2029-04-27,Active,75000,0,1,2026-04-27,
1203,4587718325917841,DAKSH PATIL,Debit,Visa,2022-10-22,2025-10-22,Expired,200000,0,1,2022-10-22,Card Expired
1266,4522428993611009,SHIVANSH DE,Virtual,Mastercard,2024-01-05,2029-01-05,Active,25000,0,1,2024-01-05,
765,4504718211001283,ADVIKA NARULA,Credit,Mastercard,2025-12-20,2028-12-20,Active,100000,0,1,2025-12-20,
1143,4098153873636812,FARIQ WADHWA,Credit,Visa,2021-04-08,2026-04-08,Expired,500000,0,1,2021-04-08,Card Expired
551,4571860671429779,ZILMIL SRINIVASAN,Debit,Mastercard,2021-08-12,2025-08-12,Expired,25000,0,1,2021-08-12,Card Expired
1494,4587152613308358,SUDIKSHA GUPTA,Credit,Visa,2022-10-22,2027-10-22,Active,150000,0,1,2022-10-22,
793,4673585114109553,RAAGINI THAKER,Debit,Visa,2024-11-22,2028-11-22,Active,50000,0,1,2024-11-22,
209,4103987316774604,CHARAN BAKSHI,Debit,Mastercard,2024-02-11,2029-02-11,Active,200000,1,1,2024-02-11,
781,4131419113497835,ADWETA YOHANNAN,Debit,Mastercard,2026-04-26,2031-04-26,Active,200000,0,0,2026-04-26,
1447,4487934570817607,THOMAS SHARAF,Debit,RuPay,2021-11-21,2025-11-21,Expired,150000,0,1,2021-11-21,Card Expired
588,4136791648409358,FARHAN REGE,Prepaid,RuPay,2024-06-29,2027-06-29,Active,50000,0,1,2024-06-29,
488,4009863215645986,VANYA SHROFF,Debit,Visa,2022-02-21,2025-02-21,Expired,100000,0,1,2022-02-21,Card Expired
1055,4184346651969808,YOCHANA NAGY,Credit,Mastercard,2021-12-22,2026-12-22,Active,200000,0,1,2021-12-22,
779,4868223552791961,WRIDDHISH LATA,Debit,Visa,2022-01-03,2025-01-03,Expired,150000,0,1,2022-01-03,Card Expired
47,4844180298485331,ZANSI NANDA,Debit,Visa,2022-12-05,2026-12-05,Active,200000,0,1,2022-12-05,
1254,4931534171539535,JACOB PRADHAN,Debit,RuPay,2022-06-29,2027-06-29,Active,100000,1,1,2022-06-29,
1144,4619811326696681,RIA ANDRA,Credit,Visa,2023-12-30,2028-12-30,Active,500000,0,1,2023-12-30,
790,4854705881761612,DEVIKA VYAS,Debit,Visa,2023-02-14,2026-02-14,Expired,25000,1,1,2023-02-14,Card Expired
890,4801179984392078,AARINI PERI,Debit,RuPay,2025-05-13,2029-05-13,Active,150000,0,1,2025-05-13,
585,4761344142749909,OMAJA KAUR,Debit,Visa,2021-07-14,2025-07-14,Expired,50000,0,1,2021-07-14,Card Expired
854,4163838939841281,SAMAR DUGAR,Debit,Mastercard,2025-10-17,2029-10-17,Active,150000,1,1,2025-10-17,
1440,4161366230312878,BAHADURJIT GOSWAMI,Debit,RuPay,2021-12-21,2024-12-21,Expired,150000,0,1,2021-12-21,Card Expired
567,4532436521226051,AARUSH SHANKER,Virtual,Visa,2022-05-13,2027-05-13,Expired,25000,1,1,2022-05-13,Card Expired
594,4495442740236194,MITALI KAPADIA,Debit,Mastercard,2023-04-25,2026-04-25,Expired,100000,0,1,2023-04-25,Card Expired
663,4285589310047627,JACKSON KEER,Credit,Mastercard,2024-08-26,2027-08-26,Inactive,150000,1,1,2024-08-26,
504,4512323050699625,FARIS DESAI,Debit,Mastercard,2023-10-28,2027-10-28,Active,100000,0,0,2023-10-28,
1111,4436802488558191,BALVAN SAXENA,Credit,RuPay,2024-09-12,2029-09-12,Active,50000,0,1,2024-09-12,
926,4860731385856123,VEDHIKA DUGAR,Debit,RuPay,2022-09-20,2025-09-20,Expired,150000,0,1,2022-09-20,Card Expired
1246,4126771717783752,ANJALI DEWAN,Debit,Mastercard,2026-06-29,2030-06-29,Active,50000,0,0,2026-06-29,
1326,4258996529208385,NIDHI MOHANTY,Prepaid,Mastercard,2026-01-27,2030-01-27,Active,10000,0,1,2026-01-27,
1191,4478777939262432,HIRAL SACHDEVA,Debit,Mastercard,2025-01-16,2030-01-16,Active,100000,0,1,2025-01-16,
536,4389629540161893,ZAID KANT,Credit,RuPay,2025-10-04,2029-10-04,Active,200000,0,1,2025-10-04,
465,4465238537359679,NATHANIEL MALLICK,Debit,RuPay,2021-01-23,2025-01-23,Expired,150000,0,1,2021-01-23,Card Expired
904,4658249528864206,JALSA TAK,Debit,Visa,2025-10-08,2028-10-08,Active,50000,0,1,2025-10-08,
1113,4906340893307487,BIMALA KARAN,Credit,Mastercard,2024-07-02,2027-07-02,Active,150000,0,1,2024-07-02,
815,4384588745331524,BIMALA MEMON,Debit,Mastercard,2023-05-29,2027-05-29,Active,75000,0,1,2023-05-29,
1010,4861803813141889,ANUSHA AHUJA,Debit,Visa,2022-02-04,2027-02-04,Active,200000,0,1,2022-02-04,
1129,4178725429741894,ARUNIMA ARYA,Debit,Mastercard,2023-09-22,2028-09-22,Active,50000,0,1,2023-09-22,
1481,4728296033811790,GIRISH PRABHAKAR,Prepaid,RuPay,2023-11-08,2028-11-08,Active,75000,0,1,2023-11-08,
590,4615879040683364,NILIMA PATLA,Debit,Mastercard,2023-07-13,2028-07-13,Active,75000,0,1,2023-07-13,
1045,4062749591051984,AASHI RANDHAWA,Debit,Mastercard,2023-12-21,2026-12-21,Hotlisted,75000,0,1,2023-12-21,Fraud Suspected
1280,4296301162888021,ETHAN WALLA,Debit,Mastercard,2024-03-08,2028-03-08,Active,50000,1,1,2024-03-08,
470,4067436025717298,ZAID LATA,Debit,Mastercard,2025-03-24,2029-03-24,Active,75000,0,1,2025-03-24,
236,4554207868467536,RAYAAN JOSHI,Credit,RuPay,2024-12-01,2028-12-01,Active,50000,0,1,2024-12-01,
279,4909388311743442,PATRICK ARYA,Credit,Mastercard,2022-01-29,2025-01-29,Expired,200000,0,1,2022-01-29,Card Expired
152,4249207658334103,ANYA D’ALIA,Debit,Mastercard,2022-01-31,2027-01-31,Hotlisted,25000,0,1,2022-01-31,Security Risk
966,4580650233348534,OVIYA NAZARETH,Debit,Mastercard,2021-04-18,2026-04-18,Expired,100000,0,1,2021-04-18,Card Expired
1006,4694215332768934,AARINI HAYRE,Debit,RuPay,2023-06-19,2026-06-19,Expired,150000,1,1,2023-06-19,Card Expired
702,4622295185461905,JANANI SHENOY,Debit,Visa,2022-04-22,2025-04-22,Expired,100000,0,0,2022-04-22,Card Expired
890,4814114681824881,WAIDA NARAYAN,Debit,RuPay,2022-08-22,2026-08-22,Active,75000,0,1,2022-08-22,
311,4249574241828544,ORINDER BAL,Debit,Visa,2022-01-20,2025-01-20,Expired,25000,0,1,2022-01-20,Card Expired
1018,4434510198461349,HARITA VIG,Virtual,RuPay,2023-11-16,2028-11-16,Active,50000,0,1,2023-11-16,
645,4313234447369855,NAKUL GABA,Credit,Visa,2021-09-01,2026-09-01,Active,50000,0,1,2021-09-01,
228,4722708574279809,JACOB GADE,Debit,Visa,2025-01-08,2030-01-08,Active,25000,0,1,2025-01-08,
1183,4876745228705073,XALAK DUTT,Debit,RuPay,2025-12-26,2030-12-26,Active,50000,0,1,2025-12-26,
774,4947961219039533,YATIN SINGH,Debit,RuPay,2024-12-22,2028-12-22,Inactive,75000,0,1,2024-12-22,
1051,4394729689033426,FARIS PALLA,Virtual,Mastercard,2024-02-02,2028-02-02,Active,10000,1,1,2024-02-02,
1206,4686273884794169,HIRAL YOHANNAN,Debit,Mastercard,2023-02-24,2027-02-24,Active,25000,0,1,2023-02-24,
470,4274579146866413,ROBERT NAIK,Credit,RuPay,2021-05-04,2024-05-04,Expired,150000,1,1,2021-05-04,Card Expired
505,4197830783258925,BHAVANI PARMAR,Debit,Visa,2025-12-26,2028-12-26,Active,50000,1,1,2025-12-26,
1308,4283701897869145,CHAMPAK KUMAR,Debit,RuPay,2021-10-28,2025-10-28,Expired,150000,0,1,2021-10-28,Card Expired
1029,4229837834618369,CHARVI NAYAK,Debit,RuPay,2023-09-26,2028-09-26,Active,75000,0,1,2023-09-26,
1379,4230189025717594,ATHARV DIVAN,Debit,RuPay,2024-01-14,2027-01-14,Inactive,50000,0,0,2024-01-14,
813,4565649774872899,GOPAL BAVA,Debit,Visa,2025-10-02,2028-10-02,Blocked,100000,0,1,2025-10-02,Customer Request
520,4485814870387110,AAHANA SAHNI,Debit,Visa,2024-04-19,2029-04-19,Active,200000,0,1,2024-04-19,
335,4176845846119199,VEDANT OOMMEN,Debit,Mastercard,2024-11-17,2028-11-17,Active,75000,0,1,2024-11-17,
1118,4769177755363226,ORINDER VAIDYA,Debit,RuPay,2024-02-26,2027-02-26,Active,25000,1,1,2024-02-26,
1141,4488237255395083,MATTHEW MOHANTY,Credit,Visa,2023-05-23,2028-05-23,Active,100000,0,1,2023-05-23,
1136,4964100493236024,TURVI DATE,Debit,RuPay,2022-02-24,2027-02-24,Active,200000,0,1,2022-02-24,
819,4427725287442469,URVI PARMER,Debit,Visa,2024-11-04,2028-11-04,Active,150000,0,1,2024-11-04,
405,4606616170314216,AZAAN MALHOTRA,Debit,Mastercard,2025-11-02,2028-11-02,Active,25000,0,1,2025-11-02,
1386,4181586719109311,ZILMIL RATTA,Virtual,RuPay,2022-02-24,2027-02-24,Active,10000,1,0,2022-02-24,
869,4335895687518807,KRISHA CHANA,Debit,RuPay,2026-01-03,2029-01-03,Active,100000,0,1,2026-01-03,
358,4962485172349309,EKALINGA MALHOTRA,Debit,Mastercard,2026-04-05,2031-04-05,Blocked,200000,0,0,2026-04-05,Customer Request
836,4429368373357924,ORINDER RADHAKRISHNAN,Debit,Visa,2024-07-16,2027-07-16,Active,200000,1,1,2024-07-16,
1089,4096709025447649,SAANVI SEM,Debit,RuPay,2025-10-27,2029-10-27,Active,100000,1,1,2025-10-27,
1370,4645694918625265,NEHA OAK,Credit,RuPay,2025-09-30,2028-09-30,Expired,300000,0,1,2025-09-30,Card Expired
137,4064465746121448,UNNI PAI,Debit,Visa,2024-11-13,2029-11-13,Active,100000,0,1,2024-11-13,
559,4843631071503628,BINA SAHA,Credit,Visa,2021-10-30,2025-10-30,Expired,50000,0,1,2021-10-30,Card Expired
44,4818293395348025,WIDISHA NIGAM,Prepaid,RuPay,2022-01-03,2027-01-03,Active,25000,0,1,2022-01-03,
696,4419668820386358,ANTHONY SUNDER,Debit,Visa,2022-02-03,2025-02-03,Expired,100000,0,1,2022-02-03,Card Expired
1441,4364183016599566,UNNI BHAGAT,Debit,RuPay,2021-07-03,2025-07-03,Expired,50000,0,1,2021-07-03,Card Expired
517,4699818145413096,BAGHYAWATI HANS,Debit,RuPay,2023-09-10,2027-09-10,Blocked,150000,0,1,2023-09-10,Customer Request
997,4782249138722434,MOHINI PANCHAL,Debit,Mastercard,2022-08-10,2027-08-10,Active,100000,1,1,2022-08-10,
890,4176542227081146,BALJIWAN SACHDEVA,Debit,Mastercard,2023-08-26,2026-08-26,Active,200000,0,0,2023-08-26,
1013,4699852291789479,GAUTAMI PAU,Credit,Visa,2026-05-19,2031-05-19,Active,150000,0,1,2026-05-19,
1253,4720587566968102,CHANCHAL GROVER,Debit,Visa,2025-02-09,2029-02-09,Active,75000,0,1,2025-02-09,
816,4646864674936433,JATIN AHUJA,Debit,Visa,2023-07-26,2027-07-26,Active,150000,0,1,2023-07-26,
213,4350746922297366,DAMINI DUA,Debit,Visa,2023-02-23,2027-02-23,Inactive,150000,0,1,2023-02-23,
1137,4940536458365953,VASATIKA RADHAKRISHNAN,Debit,RuPay,2024-03-14,2027-03-14,Active,50000,0,1,2024-03-14,
741,4994657836116478,SAUMYA MISHRA,Debit,Visa,2024-08-19,2029-08-19,Active,25000,1,1,2024-08-19,
675,4666276693158900,YASHVI KOTHARI,Virtual,Mastercard,2023-03-21,2028-03-21,Active,100000,0,1,2023-03-21,
1469,4786352836344840,NEHA MAHARAJ,Debit,RuPay,2021-01-02,2025-01-02,Expired,25000,0,0,2021-01-02,Card Expired
815,4616771651947494,GEETIKA KAR,Prepaid,RuPay,2022-12-13,2027-12-13,Active,10000,0,1,2022-12-13,
220,4172273875581281,CHANAKYA KAMDAR,Debit,RuPay,2024-02-19,2028-02-19,Active,25000,0,1,2024-02-19,
630,4088254096657667,AYUSHMAN KRISHNAMURTHY,Debit,Mastercard,2024-07-11,2028-07-11,Active,25000,0,1,2024-07-11,
1276,4104165061332719,EKIYA KHURANA,Debit,Mastercard,2022-09-26,2027-09-26,Active,25000,0,0,2022-09-26,
100,4140325564991707,GUNEET LALA,Credit,Visa,2022-03-20,2025-03-20,Expired,200000,0,1,2022-03-20,Card Expired
629,4334129164295318,IRA SABHARWAL,Debit,RuPay,2022-01-23,2027-01-23,Active,50000,0,1,2022-01-23,
860,4953360619346592,OSCAR DASH,Debit,RuPay,2025-08-18,2028-08-18,Active,75000,0,1,2025-08-18,
33,4174179335405286,ANUSHA KOTHARI,Debit,Visa,2023-08-19,2027-08-19,Active,25000,0,1,2023-08-19,
753,4097792570987862,GANGA PRADHAN,Debit,Visa,2024-06-05,2029-06-05,Active,50000,1,0,2024-06-05,
750,4443449982316447,MITALI KARA,Debit,RuPay,2023-04-29,2028-04-29,Active,50000,1,1,2023-04-29,
744,4898523170228637,AARUSH REDDY,Debit,RuPay,2024-10-08,2027-10-08,Active,200000,0,0,2024-10-08,
987,4954463153165507,IRA GOLLA,Debit,Mastercard,2023-02-19,2027-02-19,Active,75000,0,1,2023-02-19,
630,4489910053044535,GEORGE BHAKTA,Debit,Visa,2022-12-22,2027-12-22,Active,150000,1,1,2022-12-22,
1433,4285217121593516,BENJAMIN BHANDARI,Prepaid,RuPay,2022-09-02,2026-09-02,Active,10000,0,0,2022-09-02,
247,4062466481054684,UPADHRITI BRAHMBHATT,Credit,Mastercard,2024-12-31,2028-12-31,Active,500000,1,1,2024-12-31,
734,4361524496604154,SARA KRISHNA,Debit,RuPay,2024-10-22,2029-10-22,Active,100000,0,1,2024-10-22,
509,4485680736586948,GAVIN DASH,Debit,RuPay,2021-03-31,2024-03-31,Expired,25000,0,1,2021-03-31,Card Expired
1464,4041767016236236,NEELIMA MAHAJAN,Debit,Mastercard,2023-04-22,2028-04-22,Expired,75000,0,1,2023-04-22,Card Expired
79,4419879565511902,WARDA CHOKSHI,Debit,Mastercard,2023-04-07,2026-04-07,Expired,50000,0,0,2023-04-07,Card Expired
481,4248685576626552,NIKITA BATTA,Debit,RuPay,2022-08-01,2025-08-01,Expired,150000,0,0,2022-08-01,Card Expired
846,4183396222879226,GAURI SINGHAL,Debit,RuPay,2024-01-24,2029-01-24,Active,200000,0,1,2024-01-24,
1084,4491785011621652,JASON CHANA,Debit,RuPay,2021-02-10,2026-02-10,Expired,150000,1,1,2021-02-10,Card Expired
403,4976185174501481,VASATIKA DEEP,Debit,Mastercard,2026-03-03,2029-03-03,Active,150000,1,1,2026-03-03,
1099,4545270270923916,GUNEET BHATT,Virtual,RuPay,2022-06-07,2027-06-07,Expired,10000,1,0,2022-06-07,Card Expired
1263,4296281057245713,GUNEET DANI,Debit,RuPay,2022-12-06,2027-12-06,Active,100000,1,1,2022-12-06,
1023,4070351090771753,ABEER RAMAN,Debit,RuPay,2022-11-19,2025-11-19,Expired,25000,1,1,2022-11-19,Card Expired
392,4894729710959745,FALGUNI DE,Debit,Mastercard,2022-06-19,2026-06-19,Expired,100000,0,0,2022-06-19,Card Expired
561,4027211777458386,KEYA KAKAR,Credit,RuPay,2025-08-26,2028-08-26,Hotlisted,150000,0,1,2025-08-26,Card Reported Lost
1168,4566994096035196,ISHAAN MUTTI,Debit,RuPay,2021-02-03,2026-02-03,Expired,50000,0,1,2021-02-03,Card Expired
538,4865695392181354,JATIN MANN,Debit,Mastercard,2021-03-03,2025-03-03,Expired,100000,1,1,2021-03-03,Card Expired
1207,4608403780009833,WATIKA DUA,Debit,RuPay,2022-07-25,2026-07-25,Expired,25000,1,1,2022-07-25,Card Expired
545,4497665553769114,RACHIT SANGHA,Credit,RuPay,2022-10-28,2027-10-28,Active,500000,0,0,2022-10-28,
746,4313116763743758,OJASVI BATRA,Debit,Mastercard,2024-09-13,2027-09-13,Active,25000,0,1,2024-09-13,
1039,4480735333394849,MICHAEL PANDIT,Virtual,Mastercard,2022-05-29,2027-05-29,Active,10000,0,1,2022-05-29,
1465,4802347365131549,QASIM TRIPATHI,Debit,Visa,2024-07-05,2027-07-05,Active,100000,0,1,2024-07-05,
461,4329476265285662,FARIS ANAND,Debit,Visa,2022-01-14,2026-01-14,Expired,50000,1,1,2022-01-14,Card Expired
396,4820766455667224,CHAAYA TANK,Debit,Mastercard,2024-05-16,2029-05-16,Active,25000,0,1,2024-05-16,
263,4443894085942270,GAYATHRI BHATT,Debit,Visa,2023-04-01,2027-04-01,Active,50000,0,1,2023-04-01,
18,4653793331313172,EDHITHA DESAI,Prepaid,Visa,2023-11-13,2027-11-13,Active,10000,0,0,2023-11-13,
1253,4705138698783067,JONATHAN NAGARAJAN,Prepaid,RuPay,2025-11-19,2029-11-19,Active,10000,0,0,2025-11-19,
213,4380701640282394,FARIQ SULE,Debit,Visa,2023-06-08,2028-06-08,Active,150000,0,1,2023-06-08,
853,4906315047191921,PRATYUSH MINHAS,Credit,Visa,2023-09-04,2028-09-04,Active,200000,0,1,2023-09-04,
86,4237231144567105,SUHANI BANERJEE,Prepaid,Mastercard,2023-11-26,2027-11-26,Active,25000,0,1,2023-11-26,
257,4072397384649130,DALAJA BAKSHI,Credit,RuPay,2023-08-26,2027-08-26,Active,500000,0,1,2023-08-26,
408,4149859145429279,ANIKA MANNE,Debit,Visa,2023-05-18,2026-05-18,Expired,200000,0,1,2023-05-18,Card Expired
1211,4173218161723247,JEREMIAH LAL,Debit,RuPay,2023-03-28,2026-03-28,Expired,150000,0,1,2023-03-28,Card Expired
535,4606107528195129,EKBAL ANAND,Debit,Mastercard,2026-03-05,2029-03-05,Active,100000,0,0,2026-03-05,
1229,4740141746077394,WAZIR DEO,Debit,Visa,2021-03-30,2026-03-30,Expired,150000,1,1,2021-03-30,Card Expired
1004,4112155854199491,SIMON KANDA,Debit,Visa,2022-11-25,2026-11-25,Active,100000,0,1,2022-11-25,
1280,4843800750283569,LOPA MOHAN,Credit,Visa,2024-10-08,2028-10-08,Active,50000,0,1,2024-10-08,
1485,4817384285911408,ATHARV GOPAL,Debit,Visa,2022-04-19,2026-04-19,Expired,100000,0,1,2022-04-19,Card Expired
1457,4621956862822355,JHALAK GANGULY,Prepaid,Mastercard,2021-07-28,2026-07-28,Expired,25000,0,1,2021-07-28,Card Expired
803,4669926254714466,AMARA BEDI,Debit,Mastercard,2021-07-02,2024-07-02,Expired,75000,0,1,2021-07-02,Card Expired
63,4897566014292482,WILLIAM GOLE,Credit,Visa,2021-10-13,2024-10-13,Expired,200000,0,1,2021-10-13,Card Expired
1075,4197862896756497,BRINDA KADE,Debit,RuPay,2023-04-25,2026-04-25,Expired,25000,0,0,2023-04-25,Card Expired
127,4500852181133891,ARIN THAKUR,Debit,RuPay,2026-05-13,2031-05-13,Active,50000,0,0,2026-05-13,
958,4237709810291437,ORINDER VARMA,Prepaid,Mastercard,2021-07-22,2026-07-22,Expired,25000,0,1,2021-07-22,Card Expired
750,4411486178487059,MAHIKA BATTA,Debit,Visa,2022-12-26,2025-12-26,Expired,150000,0,1,2022-12-26,Card Expired
971,4923652815981753,SHIVANSH CHADHA,Credit,Visa,2023-09-05,2028-09-05,Active,500000,0,1,2023-09-05,
717,4556520336571444,ELIJAH LAD,Debit,Visa,2022-01-09,2026-01-09,Expired,100000,1,1,2022-01-09,Card Expired
966,4471594644295053,ISHANI GOSWAMI,Credit,RuPay,2024-02-29,2028-02-29,Active,500000,0,0,2024-02-29,
391,4747755244986335,SHAURYA DASH,Debit,Visa,2022-04-18,2025-04-18,Expired,100000,0,1,2022-04-18,Card Expired
969,4196328948758263,PAHAL NAGARAJAN,Debit,RuPay,2022-12-15,2025-12-15,Expired,25000,0,1,2022-12-15,Card Expired
1020,4781239537739577,EKANI HEGDE,Credit,RuPay,2025-07-15,2028-07-15,Active,300000,0,1,2025-07-15,
53,4937519655695478,RAYAAN BALAN,Credit,Visa,2024-12-29,2027-12-29,Inactive,200000,0,1,2024-12-29,
204,4561739171106012,BAKHSHI RAY,Prepaid,RuPay,2021-12-10,2024-12-10,Expired,25000,0,1,2021-12-10,Card Expired
780,4334165169546349,GAURAV RAU,Debit,Mastercard,2024-03-19,2028-03-19,Active,75000,0,1,2024-03-19,
629,4906988476084372,RACHITA TAILOR,Debit,Visa,2021-01-28,2025-01-28,Expired,50000,0,1,2021-01-28,Card Expired
365,4385960298223362,DEVIKA PRABHU,Prepaid,RuPay,2022-04-15,2025-04-15,Expired,10000,0,1,2022-04-15,Card Expired
1475,4500662560564669,HIRAL MADAN,Debit,Visa,2024-01-17,2028-01-17,Active,100000,0,1,2024-01-17,
37,4333655149359941,AVI GANESH,Credit,Mastercard,2024-10-12,2029-10-12,Expired,150000,1,1,2024-10-12,Card Expired
403,4535692553992616,AARNAV GOYAL,Debit,Visa,2023-11-20,2028-11-20,Active,75000,0,1,2023-11-20,
956,4572391585964420,CHARVI PAU,Credit,RuPay,2025-12-22,2028-12-22,Active,50000,0,1,2025-12-22,
543,4293187316509854,TURVI DYAL,Debit,Mastercard,2022-04-04,2025-04-04,Expired,150000,0,0,2022-04-04,Card Expired
1281,4830944455754279,VASANA PARIKH,Debit,Visa,2022-07-23,2027-07-23,Active,200000,1,1,2022-07-23,
1230,4693512698785271,UCCHAL BAKSHI,Virtual,Mastercard,2026-02-01,2030-02-01,Active,25000,0,1,2026-02-01,
850,4194369327493733,AZAD PRADHAN,Debit,Visa,2023-10-24,2027-10-24,Active,75000,0,1,2023-10-24,
1412,4624174714686434,ANSH DOCTOR,Debit,Visa,2021-09-01,2024-09-01,Expired,25000,0,1,2021-09-01,Card Expired
703,4736430588865595,NIDRA SANKAR,Debit,Mastercard,2024-01-26,2027-01-26,Active,150000,0,1,2024-01-26,
203,4567710339193079,NIHARIKA BHARDWAJ,Debit,Visa,2023-03-16,2028-03-16,Active,150000,0,1,2023-03-16,
820,4426674981677006,JANYA NANDA,Debit,RuPay,2023-07-16,2026-07-16,Expired,50000,0,1,2023-07-16,Card Expired
557,4016254030629646,FALGUNI KOTHARI,Debit,Visa,2021-05-27,2025-05-27,Expired,75000,0,1,2021-05-27,Card Expired
877,4918444591354307,VEDANT YOGI,Debit,Visa,2023-06-30,2027-06-30,Active,50000,0,1,2023-06-30,
225,4295730114128398,ANMOL BARMAN,Debit,Mastercard,2021-04-03,2026-04-03,Expired,25000,0,1,2021-04-03,Card Expired
820,4748883315664745,VINCENT LOKE,Debit,RuPay,2021-10-20,2024-10-20,Expired,100000,0,0,2021-10-20,Card Expired
1403,4003886884928773,EKBAL SHARMA,Debit,Visa,2023-06-24,2028-06-24,Active,100000,0,1,2023-06-24,
246,4780105623616961,GAVIN KANDA,Virtual,Mastercard,2022-06-15,2026-06-15,Expired,25000,0,1,2022-06-15,Card Expired
329,4187414857322908,ETHAN CHOUDHURY,Debit,Mastercard,2022-02-06,2026-02-06,Expired,150000,0,0,2022-02-06,Card Expired
943,4329945750853508,TANISH KARPE,Credit,RuPay,2025-12-03,2030-12-03,Expired,150000,1,0,2025-12-03,Card Expired
37,4472725131048256,HARDIK DUA,Debit,Mastercard,2021-01-05,2024-01-05,Expired,25000,0,1,2021-01-05,Card Expired
1048,4534879983665504,ONI SRIVASTAVA,Prepaid,Mastercard,2025-03-02,2028-03-02,Inactive,25000,0,1,2025-03-02,
1157,4215872653173387,RYAN KARPE,Debit,Visa,2023-07-09,2026-07-09,Expired,75000,1,0,2023-07-09,Card Expired
221,4219675420612923,ARYA BHASIN,Prepaid,Visa,2024-04-25,2028-04-25,Active,75000,0,1,2024-04-25,
246,4589141728004220,EKAJA AGATE,Debit,RuPay,2024-05-03,2028-05-03,Blocked,150000,0,0,2024-05-03,Fraud Suspected
939,4289704221739788,UMANG MAND,Credit,Visa,2025-10-05,2028-10-05,Expired,500000,0,1,2025-10-05,Card Expired
753,4856641641509842,ADVAY VENKATARAMAN,Credit,Visa,2023-04-04,2027-04-04,Active,300000,0,1,2023-04-04,
1116,4382125115764200,WRIDESH DUTTA,Debit,Visa,2024-03-20,2029-03-20,Active,25000,0,1,2024-03-20,
673,4770746639554913,SIDDHARTH SHERE,Debit,Visa,2022-09-22,2026-09-22,Active,100000,0,1,2022-09-22,
692,4038257246872457,SHIVANI DORA,Debit,Mastercard,2024-07-11,2028-07-11,Active,25000,0,1,2024-07-11,
885,4125560345121128,LABAN CHAKRABARTI,Debit,Visa,2024-10-21,2029-10-21,Active,50000,0,0,2024-10-21,
23,4732666842437048,ALEXANDER SHERE,Debit,Mastercard,2025-08-18,2030-08-18,Active,200000,0,1,2025-08-18,
37,4144733120013774,EKTA CHAKRABARTI,Credit,RuPay,2025-08-20,2029-08-20,Active,300000,1,1,2025-08-20,
181,4944567987599413,RAJATA PAREKH,Debit,RuPay,2021-05-19,2025-05-19,Expired,150000,0,1,2021-05-19,Card Expired
906,4042738869029197,SAANVI RANDHAWA,Debit,RuPay,2022-10-07,2027-10-07,Active,100000,1,1,2022-10-07,
529,4455732871778109,JEREMIAH WALIA,Credit,Mastercard,2021-10-04,2024-10-04,Expired,100000,1,1,2021-10-04,Card Expired
1221,4639306211527846,JALSA PALLA,Prepaid,RuPay,2025-04-04,2029-04-04,Active,50000,0,1,2025-04-04,
186,4635131727397529,VASATIKA GARG,Debit,RuPay,2024-06-26,2028-06-26,Active,100000,0,1,2024-06-26,
297,4384350448782010,ISHA MITAL,Debit,Visa,2023-02-03,2026-02-03,Expired,150000,0,0,2023-02-03,Card Expired
56,4396754747847024,YASHICA CHADA,Debit,RuPay,2026-01-29,2030-01-29,Active,50000,0,0,2026-01-29,
1119,4848285768103947,ONKAR SWAMINATHAN,Debit,RuPay,2025-09-23,2028-09-23,Hotlisted,75000,0,1,2025-09-23,Security Risk
378,4371710277041565,SATHVIK SAHOTA,Credit,RuPay,2024-08-02,2027-08-02,Active,50000,1,1,2024-08-02,
1343,4299916110432038,DEVIKA BAWA,Virtual,Mastercard,2025-11-23,2028-11-23,Inactive,25000,0,1,2025-11-23,
627,4088873018295078,SAMAR GHOSE,Credit,Visa,2026-05-27,2031-05-27,Active,50000,0,1,2026-05-27,
1310,4554736214786432,HARSHIL GARG,Debit,Visa,2024-07-20,2029-07-20,Active,25000,0,1,2024-07-20,
1142,4808385655318056,CHAKRIKA BALA,Debit,Visa,2023-06-19,2027-06-19,Active,25000,0,1,2023-06-19,
408,4862618553893147,NIRJA DUBE,Debit,Visa,2021-01-20,2024-01-20,Expired,150000,0,1,2021-01-20,Card Expired
279,4536303353173488,UTKARSH KOSHY,Credit,RuPay,2024-02-26,2028-02-26,Active,500000,0,1,2024-02-26,
153,4353620417175662,CHATURA BAL,Debit,Visa,2025-04-29,2029-04-29,Active,50000,0,0,2025-04-29,
193,4063949737632718,JANANI MAHAJAN,Debit,Visa,2025-08-21,2029-08-21,Active,100000,0,1,2025-08-21,
565,4112768274302917,ESHANA AGGARWAL,Prepaid,Mastercard,2025-09-26,2028-09-26,Active,25000,0,1,2025-09-26,
547,4886842914541995,RIYA CHERIAN,Debit,Mastercard,2022-11-09,2025-11-09,Expired,75000,0,1,2022-11-09,Card Expired
1450,4149379119032231,RANVEER WALI,Debit,Mastercard,2024-11-01,2029-11-01,Hotlisted,75000,0,1,2024-11-01,Fraud Suspected
860,4137549058533693,DAMYANTI PAL,Debit,RuPay,2026-03-01,2029-03-01,Active,50000,0,1,2026-03-01,
493,4806711520909285,INDIRA LALA,Debit,RuPay,2023-07-11,2026-07-11,Expired,200000,0,1,2023-07-11,Card Expired
593,4893750014784091,AMARA BORDE,Credit,Mastercard,2024-12-07,2028-12-07,Active,300000,0,0,2024-12-07,
1360,4958846552339367,OMYA ATWAL,Prepaid,RuPay,2021-07-17,2025-07-17,Expired,25000,0,0,2021-07-17,Card Expired
1021,4079623190392476,KASHISH SARRAF,Debit,RuPay,2023-03-30,2026-03-30,Expired,100000,0,0,2023-03-30,Card Expired
380,4818534433118279,JOSHUA BUMB,Credit,Visa,2022-03-03,2025-03-03,Expired,50000,0,1,2022-03-03,Card Expired
586,4537562977912433,KRITIKA MADAN,Virtual,Visa,2021-04-04,2025-04-04,Expired,10000,0,0,2021-04-04,Card Expired
1098,4336323410444799,DAYITA PATIL,Debit,Visa,2024-11-27,2029-11-27,Blocked,25000,1,1,2024-11-27,Customer Request
353,4839464738633941,RACHITA MODI,Credit,Visa,2024-11-21,2029-11-21,Active,150000,0,1,2024-11-21,
1420,4000959986668226,RAJATA MANE,Debit,Visa,2024-08-11,2027-08-11,Hotlisted,200000,1,1,2024-08-11,Security Risk
570,4073560511618366,RUDRA BHAGAT,Debit,Mastercard,2024-04-25,2029-04-25,Active,200000,0,1,2024-04-25,
749,4844738029027107,QARIN SEM,Debit,Visa,2022-05-16,2027-05-16,Active,50000,0,1,2022-05-16,
769,4996801650445757,LOPA GOEL,Credit,RuPay,2022-03-11,2025-03-11,Expired,100000,0,1,2022-03-11,Card Expired
1036,4530971174294289,SATHVIK PALAN,Virtual,Visa,2021-04-17,2024-04-17,Expired,25000,0,1,2021-04-17,Card Expired
1082,4625265612818900,UNNI KARNIK,Debit,RuPay,2021-03-27,2024-03-27,Expired,200000,0,1,2021-03-27,Card Expired
964,4202249423016900,WISHI KANDA,Debit,RuPay,2023-11-03,2028-11-03,Active,150000,0,0,2023-11-03,
659,4537702852325676,VIVAAN LALL,Debit,Visa,2023-07-23,2026-07-23,Expired,100000,0,1,2023-07-23,Card Expired
339,4894814647878895,SAMARTH HAYRE,Debit,Visa,2021-08-05,2026-08-05,Expired,200000,0,1,2021-08-05,Card Expired
1363,4280121731108136,GIRIK NAGY,Debit,Visa,2021-12-20,2025-12-20,Expired,75000,1,0,2021-12-20,Card Expired
1363,4673177636426619,GAURI OM,Credit,RuPay,2026-02-15,2030-02-15,Active,100000,0,1,2026-02-15,
939,4480381755943678,KALA SARAN,Debit,RuPay,2023-04-15,2026-04-15,Expired,150000,0,1,2023-04-15,Card Expired
1082,4540950453189691,YASHAWINI GANESAN,Debit,Mastercard,2025-04-14,2029-04-14,Active,100000,0,1,2025-04-14,
1148,4983470531996830,DIYA CHANDER,Debit,Mastercard,2025-02-24,2028-02-24,Active,150000,0,1,2025-02-24,
538,4274140144013988,YASHVI SUBRAMANIAM,Debit,RuPay,2022-06-17,2025-06-17,Expired,100000,0,1,2022-06-17,Card Expired
1303,4898610284941420,RADHIKA ANDRA,Virtual,RuPay,2022-10-12,2027-10-12,Active,25000,1,1,2022-10-12,
1319,4454783227566428,AMRUTA SRINIVASAN,Credit,RuPay,2024-10-06,2029-10-06,Hotlisted,100000,0,1,2024-10-06,Fraud Suspected
349,4458512016387149,BALJIWAN JOHAL,Debit,RuPay,2024-12-02,2029-12-02,Active,25000,0,0,2024-12-02,
1388,4459576026374719,LUKE AURORA,Debit,RuPay,2025-07-30,2029-07-30,Active,100000,0,1,2025-07-30,
782,4663952453367830,ZILMIL PILLAI,Credit,Visa,2022-09-20,2026-09-20,Active,100000,0,1,2022-09-20,
836,4204870280329339,BHAVNA JOHAL,Debit,RuPay,2022-02-19,2027-02-19,Active,25000,1,1,2022-02-19,
235,4887127178733281,BALVEER NAGAR,Virtual,Visa,2022-03-29,2027-03-29,Active,100000,0,1,2022-03-29,
362,4968559230722018,TRIYA RAM,Debit,Visa,2024-06-05,2027-06-05,Blocked,50000,0,1,2024-06-05,Suspicious Activity
169,4543259082424061,EDHITHA KRISHNAN,Debit,RuPay,2021-01-27,2024-01-27,Expired,50000,1,1,2021-01-27,Card Expired
1451,4896781677231806,ABHA ACHARYA,Credit,Visa,2024-08-29,2029-08-29,Active,200000,0,1,2024-08-29,
794,4706519960932816,SARTHAK CHAUDHRY,Virtual,Visa,2021-08-23,2026-08-23,Blocked,50000,0,0,2021-08-23,Security Concern
1089,4813727325145150,TEJAS WALIA,Credit,Visa,2026-06-15,2030-06-15,Active,200000,0,1,2026-06-15,
66,4232716259615043,VYANJANA DESAI,Credit,RuPay,2026-02-21,2030-02-21,Hotlisted,100000,0,0,2026-02-21,Fraud Suspected
242,4460728159773203,DEVIKA KATA,Virtual,Visa,2026-03-29,2030-03-29,Active,10000,1,1,2026-03-29,
1069,4500112140252369,WRIDDHISH ISSAC,Debit,RuPay,2021-03-10,2025-03-10,Expired,150000,1,1,2021-03-10,Card Expired
1386,4360161081439153,AAHANA OAK,Debit,RuPay,2023-03-20,2026-03-20,Expired,25000,0,0,2023-03-20,Card Expired
1343,4159198774356601,JALSA SONI,Debit,Mastercard,2024-10-17,2028-10-17,Expired,200000,1,1,2024-10-17,Card Expired
186,4265380539319818,SAANVI GULATI,Debit,Visa,2021-06-18,2025-06-18,Expired,75000,0,1,2021-06-18,Card Expired
594,4866539846903239,JONATHAN KRISHNAN,Debit,Visa,2024-02-05,2027-02-05,Active,50000,0,1,2024-02-05,
1133,4431765373029591,ARUNIMA SINGHAL,Debit,Mastercard,2023-08-21,2028-08-21,Inactive,100000,1,1,2023-08-21,
1383,4493685319631075,DAMINI NATH,Credit,Visa,2025-10-08,2028-10-08,Hotlisted,500000,0,1,2025-10-08,Card Reported Stolen
607,4043928046989648,DAYITA MUKHOPADHYAY,Credit,Visa,2021-09-26,2025-09-26,Expired,50000,0,1,2021-09-26,Card Expired
1310,4215911071907006,AADHYA RAJ,Debit,Visa,2023-02-05,2027-02-05,Active,100000,0,1,2023-02-05,
1166,4195359424311896,AYUSH LAD,Credit,Visa,2023-07-23,2026-07-23,Expired,500000,0,1,2023-07-23,Card Expired
529,4643411186652944,VANSHA BASU,Debit,RuPay,2023-11-24,2028-11-24,Hotlisted,150000,1,1,2023-11-24,Card Reported Stolen
1450,4207436893225650,PALLAVI RAJ,Debit,RuPay,2021-03-02,2024-03-02,Expired,25000,0,1,2021-03-02,Card Expired
1207,4837986747858583,MUGDHA MANDER,Debit,Visa,2023-05-28,2027-05-28,Active,25000,1,1,2023-05-28,
107,4404340388189274,KRISHA MAJUMDAR,Debit,Visa,2021-03-16,2024-03-16,Expired,50000,0,1,2021-03-16,Card Expired
272,4324569130423515,LUKE SAVANT,Credit,Visa,2023-01-07,2027-01-07,Active,200000,1,1,2023-01-07,
793,4908465447478846,EKTA MANE,Virtual,RuPay,2021-06-24,2025-06-24,Expired,25000,1,1,2021-06-24,Card Expired
798,4218431048137269,IMARAN RAJAGOPAL,Debit,RuPay,2022-01-04,2027-01-04,Active,75000,1,1,2022-01-04,
1466,4023315179688727,BANJEET VENKATESH,Debit,Visa,2024-04-09,2027-04-09,Active,200000,0,1,2024-04-09,
349,4259167675111926,BENJAMIN RANGANATHAN,Debit,RuPay,2021-01-18,2026-01-18,Expired,75000,0,1,2021-01-18,Card Expired
1255,4940584442484579,NIHAL ZACHARIAH,Debit,RuPay,2022-09-19,2027-09-19,Active,25000,0,1,2022-09-19,
1382,4958713916469273,PALLAVI DASS,Credit,Mastercard,2023-07-02,2027-07-02,Active,200000,1,0,2023-07-02,
408,4316311326768936,DAYITA CHOUDHURY,Debit,Mastercard,2024-05-04,2027-05-04,Inactive,50000,1,1,2024-05-04,
1146,4489994775532145,EKAVIR DAVE,Debit,Mastercard,2025-10-21,2030-10-21,Active,25000,0,1,2025-10-21,
208,4840243644941705,AMARA BHAKTA,Debit,RuPay,2023-02-25,2027-02-25,Active,200000,0,1,2023-02-25,
389,4606218681069731,LUKE KANDA,Debit,Visa,2024-06-03,2028-06-03,Active,200000,0,1,2024-06-03,
732,4029452594151889,PANINI MANN,Debit,Visa,2024-01-07,2028-01-07,Inactive,200000,0,1,2024-01-07,
567,4600908598776437,OMYA DEY,Debit,Mastercard,2024-03-06,2027-03-06,Active,100000,1,1,2024-03-06,
666,4258910816405517,VAMAKSHI RAMAKRISHNAN,Debit,RuPay,2024-09-22,2027-09-22,Active,100000,0,1,2024-09-22,
461,4783869142447972,EKIYA RAM,Debit,RuPay,2025-07-26,2030-07-26,Active,100000,0,1,2025-07-26,
1072,4695770178449340,VRISHTI SODHI,Virtual,RuPay,2024-07-23,2029-07-23,Active,10000,0,1,2024-07-23,
161,4406737578606619,ZINAL SAHNI,Debit,Visa,2021-02-23,2026-02-23,Expired,25000,1,1,2021-02-23,Card Expired
759,4965887260987561,AMAIRA RAMESH,Prepaid,Visa,2021-04-29,2025-04-29,Expired,25000,0,0,2021-04-29,Card Expired
1426,4642258710451710,FIYAZ SAGAR,Debit,RuPay,2023-04-18,2026-04-18,Expired,100000,0,1,2023-04-18,Card Expired
791,4716668526704792,ONKAR SANE,Debit,Visa,2025-05-02,2030-05-02,Active,75000,0,1,2025-05-02,
990,4074557232613099,ISHANVI RAMACHANDRAN,Debit,RuPay,2022-05-07,2027-05-07,Active,75000,0,1,2022-05-07,
207,4461541991793572,ANIRUDH BORRA,Debit,Visa,2022-04-09,2025-04-09,Expired,150000,1,1,2022-04-09,Card Expired
923,4271399132543947,ANSH CHAR,Debit,RuPay,2025-04-14,2029-04-14,Active,75000,0,1,2025-04-14,
556,4022157081839082,QARIN DATTA,Credit,RuPay,2023-10-08,2028-10-08,Active,50000,0,1,2023-10-08,
741,4303139994248105,AADI GOLA,Debit,RuPay,2022-07-02,2027-07-02,Expired,25000,1,1,2022-07-02,Card Expired
706,4841435228574639,VINAYA GULATI,Debit,Visa,2023-07-19,2027-07-19,Active,100000,0,0,2023-07-19,
653,4442546057745380,QABIL WARRIOR,Debit,Visa,2024-02-10,2027-02-10,Active,200000,0,1,2024-02-10,
1147,4356488947416390,AZAAN PURI,Debit,Mastercard,2024-08-14,2029-08-14,Active,100000,0,1,2024-08-14,
387,4923350090685654,ROHAN BALA,Prepaid,RuPay,2024-05-12,2027-05-12,Active,50000,0,1,2024-05-12,
698,4232130240304077,PRISHA HAYER,Debit,RuPay,2025-01-11,2028-01-11,Active,75000,0,0,2025-01-11,
160,4327307956796108,JACK MITTAL,Virtual,RuPay,2023-08-09,2026-08-09,Expired,10000,0,1,2023-08-09,Card Expired
551,4008772239581388,KRISHNA VAIDYA,Debit,Visa,2026-02-18,2029-02-18,Inactive,100000,0,1,2026-02-18,
294,4485394247847734,BALVAN MISTRY,Debit,Visa,2021-10-01,2026-10-01,Active,50000,0,1,2021-10-01,
516,4424248355203663,WAZIR LOYAL,Debit,Visa,2023-02-07,2028-02-07,Active,150000,0,0,2023-02-07,
61,4930264419663148,AASHI DESAI,Debit,Mastercard,2023-05-14,2028-05-14,Active,25000,0,1,2023-05-14,
1407,4946690720879194,JANAKI D’ALIA,Debit,RuPay,2023-08-29,2028-08-29,Active,150000,0,1,2023-08-29,
414,4070158468527587,ABHA SHENOY,Credit,Visa,2025-08-20,2029-08-20,Active,50000,0,0,2025-08-20,
188,4603503116091135,HITESH RANDHAWA,Debit,RuPay,2022-10-16,2025-10-16,Expired,200000,1,0,2022-10-16,Card Expired
325,4307707689598348,EKANTA RATTAN,Debit,Mastercard,2025-03-04,2030-03-04,Inactive,200000,0,1,2025-03-04,
246,4856499983977354,ANAY MODI,Debit,Visa,2022-04-04,2027-04-04,Active,100000,0,1,2022-04-04,
428,4128472373986545,AVI NAGAR,Debit,Visa,2024-12-12,2027-12-12,Active,75000,0,1,2024-12-12,
813,4083595974064706,LOGAN ANAND,Debit,Visa,2021-09-29,2026-09-29,Inactive,25000,0,1,2021-09-29,
320,4658692487268305,OMAJA HAYRE,Debit,Visa,2024-12-23,2029-12-23,Hotlisted,50000,1,1,2024-12-23,Card Reported Stolen
1373,4274405735268615,POOJA LAL,Debit,Mastercard,2022-12-11,2027-12-11,Active,50000,1,1,2022-12-11,
644,4906870368427388,OLIVER NATT,Debit,Mastercard,2024-04-17,2029-04-17,Active,100000,0,0,2024-04-17,
543,4712307919709693,AARUSH LALLA,Debit,Visa,2026-01-25,2030-01-25,Active,50000,0,1,2026-01-25,
1360,4133358413094677,PUSHTI DUBEY,Debit,Visa,2024-12-15,2028-12-15,Active,200000,0,1,2024-12-15,
1108,4566478189502428,NIRJA SUBRAMANIAM,Debit,Visa,2022-08-07,2027-08-07,Blocked,150000,0,1,2022-08-07,Fraud Suspected
1410,4314179533812597,FARIS RAMA,Debit,RuPay,2026-05-11,2029-05-11,Active,150000,1,1,2026-05-11,
211,4393941690757847,SHIVANSH KIBE,Debit,Visa,2024-11-30,2029-11-30,Active,75000,0,1,2024-11-30,
990,4514104862254646,PUSHTI BHATTACHARYYA,Debit,Visa,2026-04-04,2029-04-04,Active,100000,0,1,2026-04-04,
869,4997799578722479,ZARNA VARTY,Prepaid,Mastercard,2026-06-08,2029-06-08,Active,50000,1,1,2026-06-08,
443,4575529490195974,MADHAVI CHOWDHURY,Credit,Mastercard,2023-12-01,2028-12-01,Expired,500000,0,1,2023-12-01,Card Expired
631,4958848412823137,CHAMAN RAMACHANDRAN,Credit,Mastercard,2025-09-29,2030-09-29,Active,100000,0,1,2025-09-29,
543,4110926842251066,ISHANVI NARANG,Debit,Visa,2021-05-08,2026-05-08,Expired,200000,0,0,2021-05-08,Card Expired
864,4714949210465280,EKARAJ MANGAT,Virtual,Visa,2023-08-18,2027-08-18,Active,10000,0,1,2023-08-18,
1140,4500936782965241,URVI SARMA,Debit,Visa,2021-07-09,2025-07-09,Expired,100000,0,0,2021-07-09,Card Expired
1180,4389552073628478,CHATURA SALVI,Credit,RuPay,2022-09-19,2027-09-19,Active,300000,0,1,2022-09-19,
283,4149701588359819,HEMANGINI RANA,Credit,RuPay,2024-03-26,2029-03-26,Active,500000,0,1,2024-03-26,
697,4851726544088658,EKANSH MANNAN,Prepaid,Mastercard,2024-04-12,2028-04-12,Active,25000,0,1,2024-04-12,
937,4996224640531292,SARTHAK PRASHAD,Virtual,Visa,2021-10-16,2026-10-16,Active,25000,0,1,2021-10-16,
753,4507103132993460,NAKSH LALL,Debit,Visa,2023-11-12,2028-11-12,Active,200000,0,0,2023-11-12,
631,4523683289209995,IMARAN GABA,Debit,RuPay,2022-01-28,2026-01-28,Expired,50000,0,1,2022-01-28,Card Expired
1307,4774630689885218,WISHI BALI,Debit,Visa,2022-07-23,2027-07-23,Active,50000,0,1,2022-07-23,
925,4005645873273412,GAYATHRI BOASE,Debit,RuPay,2024-12-24,2028-12-24,Expired,75000,0,1,2024-12-24,Card Expired
684,4801795264614518,UPASNA KHURANA,Debit,Visa,2023-10-11,2026-10-11,Active,100000,0,0,2023-10-11,
1402,4308762934054416,TRIPTI KAPADIA,Prepaid,Visa,2021-06-16,2025-06-16,Expired,75000,0,0,2021-06-16,Card Expired
1467,4565575360767446,ANTHONY MAHAJAN,Debit,RuPay,2025-05-15,2030-05-15,Active,200000,0,1,2025-05-15,
337,4970179262961936,AARUSH BALAKRISHNAN,Credit,Mastercard,2026-03-14,2029-03-14,Active,150000,0,1,2026-03-14,
719,4425838919039219,RADHA CHATTERJEE,Debit,Visa,2025-12-26,2029-12-26,Active,100000,0,1,2025-12-26,
1008,4698613745916668,MAANAV SHETTY,Debit,Mastercard,2023-07-20,2026-07-20,Expired,100000,0,1,2023-07-20,Card Expired
1217,4736566842065386,ABHIMANYU BADAL,Debit,Mastercard,2022-11-25,2026-11-25,Active,150000,0,1,2022-11-25,
109,4290694110437317,VEDHIKA VERMA,Debit,Visa,2021-04-15,2025-04-15,Expired,75000,0,1,2021-04-15,Card Expired
420,4520453826659931,CHAKRADEV CHOKSHI,Debit,Visa,2025-08-07,2030-08-07,Active,150000,0,1,2025-08-07,
1336,4563404845808151,XALAK SARNA,Debit,Visa,2025-10-17,2029-10-17,Active,75000,0,1,2025-10-17,
758,4479120412402430,DAKSHESH LOKE,Debit,Visa,2022-09-17,2027-09-17,Expired,150000,1,1,2022-09-17,Card Expired
1046,4668366461124265,OMKAAR SETH,Debit,Visa,2023-03-16,2028-03-16,Active,50000,0,1,2023-03-16,
831,4432279548161390,KALA TANK,Debit,Visa,2025-03-18,2030-03-18,Active,200000,0,0,2025-03-18,
1317,4535364088669110,SHIVANSH KHATRI,Debit,RuPay,2021-03-12,2026-03-12,Expired,50000,0,0,2021-03-12,Card Expired
234,4999815876308229,ADVIKA RAU,Virtual,RuPay,2023-03-05,2026-03-05,Expired,50000,0,1,2023-03-05,Card Expired
1308,4019624855698412,NICHOLAS NATARAJAN,Debit,RuPay,2021-01-14,2026-01-14,Expired,75000,0,0,2021-01-14,Card Expired
26,4489877135013231,YOSHITA PALL,Debit,Mastercard,2023-02-14,2026-02-14,Expired,150000,1,0,2023-02-14,Card Expired
1445,4380920465805279,HARSHIL GHOSE,Debit,RuPay,2022-01-14,2025-01-14,Expired,50000,0,1,2022-01-14,Card Expired
278,4725852266794014,DANIEL KOSHY,Debit,RuPay,2023-09-22,2027-09-22,Active,200000,0,1,2023-09-22,
533,4900883812622094,AGASTYA LAD,Credit,RuPay,2026-01-22,2031-01-22,Expired,500000,1,1,2026-01-22,Card Expired
1489,4401998765823110,ANJALI KANDA,Debit,Mastercard,2022-05-15,2026-05-15,Expired,150000,0,1,2022-05-15,Card Expired
243,4739282141523770,OMKAAR DEWAN,Prepaid,Visa,2022-10-18,2025-10-18,Expired,25000,0,1,2022-10-18,Card Expired
1244,4216216692235403,SARTHAK OAK,Debit,Visa,2024-07-29,2028-07-29,Active,25000,1,1,2024-07-29,
492,4985325947054907,ANMOL BHATTACHARYYA,Prepaid,RuPay,2021-09-04,2024-09-04,Expired,50000,0,1,2021-09-04,Card Expired
875,4692778649322480,JEEVIKA VARKEY,Virtual,RuPay,2022-07-20,2026-07-20,Expired,100000,1,1,2022-07-20,Card Expired
251,4516924874899290,RISHI GILL,Credit,Visa,2023-03-16,2027-03-16,Active,500000,0,1,2023-03-16,
8,4811875362727761,ZINAL MENON,Debit,Visa,2024-01-20,2027-01-20,Active,150000,0,1,2024-01-20,
846,4951641266235386,HAMSINI MORAR,Debit,RuPay,2023-10-24,2026-10-24,Active,50000,0,1,2023-10-24,
1262,4350495734106438,ABEER CHAUHAN,Credit,Visa,2024-01-07,2027-01-07,Active,300000,0,1,2024-01-07,
192,4792497492569157,FALGUNI BALAKRISHNAN,Prepaid,Mastercard,2021-09-07,2024-09-07,Expired,25000,0,1,2021-09-07,Card Expired
92,4454392862366990,MEKHALA SHAH,Debit,RuPay,2026-04-22,2030-04-22,Hotlisted,25000,0,1,2026-04-22,Fraud Suspected
562,4518921137933833,JAGDISH LANKA,Prepaid,Mastercard,2025-08-04,2030-08-04,Active,75000,1,1,2025-08-04,
177,4865872033634750,VRINDA RAMESH,Debit,RuPay,2023-04-18,2026-04-18,Expired,75000,1,1,2023-04-18,Card Expired
929,4414736991059142,REYANSH MURTY,Credit,RuPay,2021-12-16,2024-12-16,Expired,50000,0,1,2021-12-16,Card Expired
273,4694148830233093,ADWETA SHA,Debit,RuPay,2026-04-08,2029-04-08,Blocked,200000,0,1,2026-04-08,Suspicious Activity
453,4634733353309733,QABIL BAKSHI,Debit,Visa,2021-06-17,2025-06-17,Expired,100000,0,1,2021-06-17,Card Expired
489,4280312811492763,LEELA DOSHI,Debit,RuPay,2021-09-15,2024-09-15,Expired,100000,0,1,2021-09-15,Card Expired
140,4412156036544830,HRITIK BHALLA,Debit,Visa,2026-01-15,2031-01-15,Active,25000,1,1,2026-01-15,
1200,4551112074649996,TRISTAN TANDON,Virtual,Visa,2024-05-05,2029-05-05,Active,10000,1,1,2024-05-05,
969,4377446031997365,AADI BOSE,Debit,Mastercard,2021-09-23,2026-09-23,Active,200000,0,1,2021-09-23,
585,4872965360447012,MAANAS SAMA,Prepaid,Visa,2025-12-30,2030-12-30,Blocked,25000,0,1,2025-12-30,Customer Request
181,4008832538057367,EKAPAD THAMAN,Debit,Visa,2021-02-26,2025-02-26,Expired,75000,0,1,2021-02-26,Card Expired
628,4873255823819383,VEDIKA RAGHAVAN,Credit,RuPay,2024-12-02,2028-12-02,Inactive,200000,1,1,2024-12-02,
96,4259149465498419,ZAITRA BARIA,Debit,Mastercard,2024-02-09,2027-02-09,Expired,200000,0,1,2024-02-09,Card Expired
381,4762454291858304,ROHAN BANDI,Credit,RuPay,2021-02-05,2025-02-05,Expired,100000,0,0,2021-02-05,Card Expired
1189,4884539532671759,NICHOLAS OM,Prepaid,Visa,2022-03-25,2026-03-25,Expired,75000,0,1,2022-03-25,Card Expired
607,4412652645448899,DAKSHA DEWAN,Prepaid,Mastercard,2024-09-29,2027-09-29,Expired,25000,0,1,2024-09-29,Card Expired
150,4740483416987881,ADVIKA BUCH,Debit,Visa,2024-03-18,2028-03-18,Active,50000,1,1,2024-03-18,
486,4926934725795241,GAURANGI BHATIA,Debit,Mastercard,2022-05-15,2026-05-15,Expired,100000,0,1,2022-05-15,Card Expired
325,4661724547827361,DAVID KOTA,Debit,RuPay,2025-03-20,2029-03-20,Active,200000,0,1,2025-03-20,
478,4875246159155149,NAVEEN BAHRI,Debit,Visa,2021-07-30,2024-07-30,Expired,200000,0,1,2021-07-30,Card Expired
177,4061140859243926,REYANSH DORA,Credit,Visa,2023-12-28,2027-12-28,Active,150000,0,1,2023-12-28,
1153,4859385214112417,NICHOLAS DE,Debit,Visa,2022-03-09,2025-03-09,Expired,50000,0,1,2022-03-09,Card Expired
967,4500756526598998,DARPAN MOHAN,Credit,Visa,2024-05-07,2028-05-07,Blocked,300000,0,0,2024-05-07,Customer Request
1376,4602273867306916,AISHANI BAJWA,Debit,Visa,2021-08-17,2026-08-17,Active,75000,0,0,2021-08-17,
1119,4750553624125529,SANAYA SUNDER,Prepaid,Visa,2025-12-19,2030-12-19,Active,25000,0,1,2025-12-19,
1052,4209790329543794,PRIYA GUPTA,Virtual,Visa,2024-03-11,2029-03-11,Blocked,10000,0,1,2024-03-11,Fraud Suspected
590,4205853487514656,NIKITA BASSI,Debit,RuPay,2025-04-06,2029-04-06,Expired,25000,0,1,2025-04-06,Card Expired
1068,4339318019367747,BANJEET TANEJA,Debit,RuPay,2025-11-17,2029-11-17,Active,50000,1,1,2025-11-17,
192,4968924473163871,ADWETA PATHAK,Debit,Visa,2021-08-05,2024-08-05,Expired,100000,0,0,2021-08-05,Card Expired
1092,4013258387634158,OSHA MAHAL,Credit,RuPay,2025-11-29,2030-11-29,Active,200000,0,1,2025-11-29,
681,4541114454579617,HARDIK MORE,Credit,RuPay,2025-06-13,2029-06-13,Hotlisted,100000,0,1,2025-06-13,Security Risk
1254,4236578588503849,ANYA RADHAKRISHNAN,Debit,Visa,2024-03-29,2027-03-29,Active,200000,0,1,2024-03-29,
446,4752438295698152,EKAVIR KARAN,Debit,RuPay,2026-06-14,2031-06-14,Active,50000,0,1,2026-06-14,
70,4894716118501367,JEREMIAH BARMAN,Debit,RuPay,2026-05-30,2029-05-30,Active,75000,0,1,2026-05-30,
430,4209788678879201,GAURI BUCH,Debit,Visa,2026-06-06,2030-06-06,Hotlisted,50000,1,1,2026-06-06,Card Reported Stolen
952,4135206763181850,RAYAAN VERMA,Virtual,Mastercard,2024-05-25,2029-05-25,Hotlisted,50000,0,1,2024-05-25,Card Reported Lost
1084,4106337519425078,OM JAYARAMAN,Debit,RuPay,2022-08-02,2027-08-02,Active,200000,0,1,2022-08-02,
361,4233590279537739,GUNEET CONTRACTOR,Debit,Mastercard,2025-04-28,2030-04-28,Active,75000,0,1,2025-04-28,
346,4599560724793801,KIAAN DESHPANDE,Credit,RuPay,2022-07-05,2026-07-05,Expired,500000,0,1,2022-07-05,Card Expired
92,4279524540515412,YASHODA VASA,Credit,Mastercard,2023-05-08,2026-05-08,Expired,500000,0,1,2023-05-08,Card Expired
482,4645912595904803,ORINDER SAXENA,Credit,RuPay,2025-09-24,2029-09-24,Active,50000,0,1,2025-09-24,
1236,4997801774387315,BINA DUGAL,Credit,Visa,2025-10-21,2030-10-21,Inactive,500000,0,1,2025-10-21,
565,4449149857426844,NIMRAT PADMANABHAN,Credit,Visa,2021-05-24,2026-05-24,Expired,50000,0,1,2021-05-24,Card Expired
908,4219436639228608,JONATHAN CHADHA,Credit,Mastercard,2022-03-21,2026-03-21,Expired,200000,0,1,2022-03-21,Card Expired
656,4990208727417230,CHARVI SAMA,Debit,Mastercard,2023-05-14,2026-05-14,Expired,75000,1,1,2023-05-14,Card Expired
220,4540406765745444,DAMINI MADAN,Debit,RuPay,2021-09-18,2026-09-18,Active,100000,0,1,2021-09-18,
567,4115551015832189,FALGUNI SHAN,Credit,Visa,2024-10-23,2029-10-23,Active,150000,0,1,2024-10-23,
1413,4513680741949591,DEEPA SWAMINATHAN,Debit,RuPay,2023-07-29,2026-07-29,Expired,25000,0,1,2023-07-29,Card Expired
319,4317808047945237,YAUVANI NIGAM,Debit,Mastercard,2023-03-29,2028-03-29,Active,100000,0,0,2023-03-29,
1437,4003475568089288,SANYA KIBE,Prepaid,Mastercard,2024-07-18,2027-07-18,Expired,75000,0,0,2024-07-18,Card Expired
284,4290697659412680,IRYA DEWAN,Credit,Mastercard,2022-10-17,2027-10-17,Active,300000,0,1,2022-10-17,
722,4688767773608519,KAMYA YOGI,Debit,RuPay,2021-01-04,2026-01-04,Expired,75000,0,1,2021-01-04,Card Expired
1340,4473862198532340,BAKHSHI MITTAL,Debit,Mastercard,2025-06-27,2029-06-27,Active,25000,0,1,2025-06-27,
1069,4099879118487172,ESHANA KAMDAR,Debit,RuPay,2021-07-22,2025-07-22,Expired,150000,0,1,2021-07-22,Card Expired
30,4144555129496437,TANVEER MANGAL,Debit,RuPay,2021-09-27,2024-09-27,Expired,50000,0,1,2021-09-27,Card Expired
83,4008678577983990,CHARITA JHAVERI,Debit,RuPay,2022-03-20,2025-03-20,Expired,25000,0,0,2022-03-20,Card Expired
284,4184786779914510,AACHAL GANGULY,Debit,RuPay,2022-02-09,2026-02-09,Expired,75000,0,1,2022-02-09,Card Expired
1337,4311249496247023,URMI SUBRAMANIAM,Debit,Mastercard,2025-08-20,2028-08-20,Active,50000,0,1,2025-08-20,
128,4947203120522530,LIPIKA HAYRE,Debit,Mastercard,2024-05-15,2028-05-15,Inactive,50000,0,1,2024-05-15,
1318,4387108315309682,YASHICA DAS,Virtual,Visa,2022-02-19,2027-02-19,Expired,100000,0,1,2022-02-19,Card Expired
676,4190690940348071,SAMUEL BORA,Prepaid,RuPay,2025-02-16,2030-02-16,Active,25000,0,1,2025-02-16,
841,4195430768721565,AZAD DASH,Credit,Visa,2024-01-14,2028-01-14,Active,500000,1,1,2024-01-14,
322,4180740011971655,ZARNA CHAUDRY,Debit,Visa,2022-03-19,2027-03-19,Active,25000,1,1,2022-03-19,
391,4232109219203400,JAIRAJ VALA,Credit,Mastercard,2024-06-25,2029-06-25,Active,500000,1,1,2024-06-25,
547,4639612567219932,ESHANA CONTRACTOR,Debit,Visa,2023-11-29,2026-11-29,Active,50000,0,0,2023-11-29,
457,4339330899101244,CHANAKYA DHINGRA,Credit,RuPay,2025-05-02,2029-05-02,Active,200000,0,1,2025-05-02,
594,4535571212079145,DEVIKA HALDER,Credit,RuPay,2026-02-17,2029-02-17,Active,100000,0,1,2026-02-17,
179,4360121560765904,YASHODA KEER,Debit,Visa,2023-01-07,2026-01-07,Expired,200000,0,1,2023-01-07,Card Expired
935,4202636319729483,RONITH SUNDER,Debit,Visa,2025-06-08,2028-06-08,Active,25000,0,1,2025-06-08,
454,4901225379437981,OMKAAR SETHI,Debit,RuPay,2025-01-01,2030-01-01,Active,50000,0,1,2025-01-01,
58,4494194465776618,JEREMIAH KRISHNAMURTHY,Debit,RuPay,2023-11-08,2026-11-08,Active,50000,1,1,2023-11-08,
265,4344987292441546,WIDISHA KALA,Credit,Mastercard,2026-04-30,2029-04-30,Active,50000,0,1,2026-04-30,
1311,4035855535785838,AYUSHMAN SETHI,Prepaid,Mastercard,2024-12-05,2029-12-05,Active,25000,0,1,2024-12-05,
1253,4517787273777338,ANYA MAHARAJ,Debit,Visa,2021-04-13,2024-04-13,Expired,25000,0,1,2021-04-13,Card Expired
968,4276576097084559,YASHICA SURI,Debit,RuPay,2024-04-26,2028-04-26,Active,25000,0,1,2024-04-26,
1048,4880862380947957,AISHANI BAIL,Debit,Mastercard,2026-05-26,2029-05-26,Active,100000,1,1,2026-05-26,
738,4864806573495330,CHATRESH KURIAN,Credit,Visa,2023-12-09,2028-12-09,Active,500000,0,1,2023-12-09,
466,4164919550906073,UDARSH AHLUWALIA,Prepaid,Mastercard,2021-01-04,2024-01-04,Expired,50000,1,1,2021-01-04,Card Expired
1410,4675640741364287,IKSHITA BATH,Debit,Visa,2021-02-03,2024-02-03,Expired,25000,0,0,2021-02-03,Card Expired
1473,4800673993661580,OMAJA KRISHNA,Debit,Mastercard,2024-11-02,2028-11-02,Active,75000,1,1,2024-11-02,
1144,4857707676126590,LEKHA MERCHANT,Credit,RuPay,2022-04-13,2025-04-13,Expired,200000,1,1,2022-04-13,Card Expired
1272,4968261230697731,LILA TANDON,Debit,RuPay,2023-02-21,2027-02-21,Active,150000,0,1,2023-02-21,
1269,4589431289924650,ATHARV MAHAJAN,Credit,Mastercard,2026-05-17,2029-05-17,Active,500000,0,1,2026-05-17,
250,4631405975191316,BALHAAR MODI,Debit,RuPay,2025-07-27,2029-07-27,Active,150000,0,1,2025-07-27,
734,4631921679962405,FARIS KOSHY,Debit,RuPay,2024-04-11,2027-04-11,Active,50000,0,1,2024-04-11,
1467,4419458814126544,RAYAAN KOTHARI,Debit,RuPay,2025-06-04,2029-06-04,Active,150000,0,0,2025-06-04,
182,4937772537039399,TANMAYI CHANA,Credit,Visa,2021-04-13,2024-04-13,Expired,150000,0,1,2021-04-13,Card Expired
621,4988125914626535,RAGHAV KANNAN,Debit,RuPay,2023-07-09,2027-07-09,Active,75000,0,1,2023-07-09,
373,4244337627952856,SARTHAK PERI,Credit,Visa,2023-03-29,2026-03-29,Expired,50000,0,1,2023-03-29,Card Expired
780,4152560177493255,SHIVANI KATA,Debit,Visa,2022-04-06,2027-04-06,Active,200000,1,1,2022-04-06,
844,4113700585029453,IDIKA SAGAR,Debit,Mastercard,2022-07-17,2026-07-17,Expired,100000,0,1,2022-07-17,Card Expired
1170,4367948872341999,AAYUSH BHATNAGAR,Credit,RuPay,2024-04-07,2029-04-07,Active,150000,0,1,2024-04-07,
851,4064379416138322,ALEXANDER CHAHAL,Credit,RuPay,2023-11-04,2026-11-04,Active,100000,0,1,2023-11-04,
694,4708845646523181,HARINAKSHI SALVI,Credit,Visa,2025-06-07,2030-06-07,Blocked,200000,0,1,2025-06-07,Fraud Suspected
1485,4135190336828856,LAKSHIT ANAND,Debit,RuPay,2023-01-08,2028-01-08,Active,150000,1,1,2023-01-08,
1154,4044667515269652,PRANAV BHATIA,Debit,Visa,2023-12-25,2028-12-25,Active,50000,0,1,2023-12-25,
1314,4772598411054640,GAUTAMI ROUT,Debit,Visa,2024-12-16,2027-12-16,Inactive,75000,0,1,2024-12-16,
597,4078567496985703,MAX RAM,Debit,RuPay,2024-01-13,2029-01-13,Active,75000,0,1,2024-01-13,
1338,4412119137969759,RAGHAV D’ALIA,Credit,Visa,2025-06-17,2028-06-17,Inactive,200000,0,1,2025-06-17,
821,4532256297962061,BHAVYA NATH,Debit,RuPay,2023-03-27,2026-03-27,Expired,75000,0,1,2023-03-27,Card Expired
1352,4255394434785667,BRIJESH SHETH,Credit,Visa,2024-02-08,2028-02-08,Active,500000,0,1,2024-02-08,
311,4838372882517744,ESHANA SHETH,Credit,Mastercard,2023-01-10,2027-01-10,Hotlisted,50000,0,1,2023-01-10,Card Reported Stolen
1176,4507296479904878,HEMANI MADAN,Debit,Visa,2021-09-14,2025-09-14,Expired,25000,0,0,2021-09-14,Card Expired
1241,4289716785413511,TIMOTHY MAJUMDAR,Virtual,Mastercard,2025-01-23,2028-01-23,Active,10000,0,1,2025-01-23,
1252,4928305285226140,RAJESHRI BANDI,Credit,RuPay,2023-04-19,2026-04-19,Expired,200000,0,1,2023-04-19,Card Expired
63,4705959071928109,RIDHI SARNA,Credit,Visa,2024-08-27,2027-08-27,Active,200000,0,1,2024-08-27,
1003,4710688295654398,KRISHNA RATTA,Debit,Visa,2023-11-28,2026-11-28,Active,100000,0,1,2023-11-28,
1286,4356773671116725,THEODORE PAU,Debit,Mastercard,2025-10-14,2028-10-14,Active,200000,0,0,2025-10-14,
349,4241688453657269,NIDHI THAMAN,Credit,Visa,2025-01-24,2028-01-24,Inactive,500000,0,1,2025-01-24,
1067,4162406548211582,JASON KUMAR,Debit,RuPay,2022-02-28,2025-02-28,Expired,75000,1,1,2022-02-28,Card Expired
298,4439877861739526,FRADO SHAH,Virtual,Visa,2025-09-27,2028-09-27,Active,50000,0,1,2025-09-27,
783,4243609833244952,ANMOL SAVANT,Debit,RuPay,2021-06-03,2024-06-03,Expired,150000,0,1,2021-06-03,Card Expired
689,4868366036274893,GUNEET KARNIK,Prepaid,Mastercard,2022-06-06,2025-06-06,Expired,75000,0,1,2022-06-06,Card Expired
839,4715769444326527,AAHANA ZACHARIA,Debit,Visa,2021-10-05,2026-10-05,Expired,150000,0,1,2021-10-05,Card Expired
700,4577712081757175,PUSHTI WALLA,Debit,Mastercard,2024-05-16,2027-05-16,Expired,100000,0,0,2024-05-16,Card Expired
244,4947351956666245,ISHAAN MITAL,Prepaid,Visa,2025-08-13,2028-08-13,Active,25000,0,1,2025-08-13,
757,4882185040274961,ISHANVI PATEL,Credit,RuPay,2023-06-07,2027-06-07,Active,300000,0,1,2023-06-07,
258,4001964563203449,AAYUSH LOYAL,Debit,RuPay,2022-11-25,2025-11-25,Expired,150000,1,1,2022-11-25,Card Expired
1201,4429614681188626,GAYATHRI OAK,Debit,Visa,2024-06-11,2029-06-11,Hotlisted,150000,1,1,2024-06-11,Security Risk
947,4071284357578233,RIYA BALI,Debit,RuPay,2021-09-25,2024-09-25,Expired,25000,0,1,2021-09-25,Card Expired
1171,4050235878378900,IRA KHOSLA,Debit,Visa,2025-07-12,2029-07-12,Active,200000,0,1,2025-07-12,
824,4795699562987165,ARADHANA KANNAN,Debit,RuPay,2022-06-01,2026-06-01,Expired,75000,0,1,2022-06-01,Card Expired
785,4771249250696192,IMARAN LALA,Debit,Visa,2021-08-30,2024-08-30,Expired,150000,1,1,2021-08-30,Card Expired
106,4698524410778014,ANYA KAUR,Debit,Mastercard,2026-06-16,2029-06-16,Blocked,75000,0,1,2026-06-16,Customer Request
321,4740902824811580,TRIPTI BAHRI,Debit,Mastercard,2021-04-11,2026-04-11,Expired,50000,0,1,2021-04-11,Card Expired
979,4060716454563522,ANDREW SESHADRI,Debit,RuPay,2021-10-26,2025-10-26,Expired,25000,0,1,2021-10-26,Card Expired
1316,4718484132814053,GEETIKA NAGAR,Debit,Visa,2021-12-14,2026-12-14,Active,200000,0,1,2021-12-14,
204,4916629870716570,LADLI GARA,Virtual,Visa,2025-04-11,2028-04-11,Active,25000,0,1,2025-04-11,
5,4450282659656213,QUINCY DHAR,Prepaid,Visa,2024-04-22,2029-04-22,Active,25000,0,1,2024-04-22,
1243,4160335988144365,BINA BHARGAVA,Credit,RuPay,2023-11-06,2028-11-06,Active,300000,0,1,2023-11-06,
544,4229430550266844,PANINI CHERIAN,Debit,Visa,2021-05-06,2026-05-06,Expired,100000,0,1,2021-05-06,Card Expired
260,4293932745115592,WAIDA BANDI,Virtual,Visa,2021-10-14,2026-10-14,Inactive,10000,0,1,2021-10-14,
788,4960337010384940,OSCAR GOEL,Debit,Mastercard,2021-02-28,2024-02-28,Expired,25000,0,0,2021-02-28,Card Expired
489,4788824827739587,QABIL GULATI,Debit,Mastercard,2026-04-12,2030-04-12,Active,100000,0,1,2026-04-12,
1264,4249902296354721,CHASMUM SETHI,Debit,Visa,2022-11-19,2025-11-19,Expired,50000,0,1,2022-11-19,Card Expired
748,4041236342668121,SACHI PARMER,Debit,Mastercard,2023-11-13,2026-11-13,Active,25000,0,1,2023-11-13,
112,4914376174326939,LADLI BABU,Debit,Mastercard,2022-07-17,2027-07-17,Active,75000,0,1,2022-07-17,
715,4385926751043840,PARTH MANDA,Debit,Mastercard,2026-05-14,2029-05-14,Active,200000,0,1,2026-05-14,
415,4263547390853093,GAUTAM BANSAL,Virtual,RuPay,2024-03-19,2029-03-19,Active,100000,0,1,2024-03-19,
914,4646302058889980,SAUMYA KATA,Debit,Visa,2022-09-15,2027-09-15,Active,150000,0,1,2022-09-15,
1125,4956552876275816,BALHAAR MADAN,Virtual,Visa,2021-07-10,2025-07-10,Expired,10000,1,0,2021-07-10,Card Expired
422,4870238491152558,UDYATI BADAMI,Debit,Visa,2025-01-18,2029-01-18,Active,150000,1,1,2025-01-18,
1100,4315363111687798,WAKEETA KAPUR,Debit,Visa,2024-10-10,2029-10-10,Active,75000,0,1,2024-10-10,
231,4097640721846494,LEELA WAGLE,Prepaid,Visa,2025-07-22,2028-07-22,Active,25000,1,1,2025-07-22,
533,4637901837892624,MAYA AGGARWAL,Debit,Visa,2021-07-30,2025-07-30,Expired,75000,0,0,2021-07-30,Card Expired
47,4394831596438530,RUDRA BALA,Debit,RuPay,2025-02-01,2030-02-01,Active,75000,0,0,2025-02-01,
1187,4522698933909904,JAGDISH CHHABRA,Debit,RuPay,2022-05-27,2025-05-27,Expired,200000,0,1,2022-05-27,Card Expired
380,4452757478643236,MEGHANA WALI,Debit,RuPay,2025-12-11,2029-12-11,Active,200000,0,1,2025-12-11,
861,4418909997856076,BINA BHAKTA,Debit,RuPay,2025-01-19,2030-01-19,Active,25000,0,1,2025-01-19,
166,4019111532953211,YOSHITA GALA,Debit,Visa,2023-10-29,2026-10-29,Active,200000,0,1,2023-10-29,
1016,4710783132138809,CHAMPAK KUMER,Debit,RuPay,2024-07-09,2027-07-09,Active,50000,1,1,2024-07-09,
711,4504674047498147,CHANDRAN DOCTOR,Debit,RuPay,2024-04-05,2027-04-05,Active,200000,1,1,2024-04-05,
1211,4476108447207998,QASIM ANNE,Debit,Visa,2021-07-26,2025-07-26,Expired,50000,1,1,2021-07-26,Card Expired
1177,4447812213646184,ISHANVI SHROFF,Credit,Mastercard,2026-03-08,2029-03-08,Active,200000,0,1,2026-03-08,
882,4148506884613786,THEODORE BADAMI,Debit,Mastercard,2021-12-27,2025-12-27,Expired,200000,0,1,2021-12-27,Card Expired
489,4336931218167088,VEDA RAVEL,Debit,Visa,2022-03-03,2026-03-03,Expired,50000,0,1,2022-03-03,Card Expired
582,4314475685772614,HEMA VARMA,Credit,Mastercard,2021-05-10,2026-05-10,Expired,100000,1,1,2021-05-10,Card Expired
402,4768925443696502,MITALI KUMER,Prepaid,Mastercard,2023-11-20,2027-11-20,Active,10000,1,1,2023-11-20,
161,4414699023618324,ABHA AGATE,Credit,RuPay,2026-05-21,2029-05-21,Active,500000,0,1,2026-05-21,
656,4543611859124561,RIYA IYER,Debit,Mastercard,2022-08-07,2025-08-07,Expired,150000,0,1,2022-08-07,Card Expired
941,4911280295349824,VANSHA AGRAWAL,Credit,Visa,2025-12-25,2030-12-25,Active,200000,0,1,2025-12-25,
1086,4649717741115656,AYAAN KORPAL,Credit,Visa,2021-01-09,2026-01-09,Expired,200000,1,1,2021-01-09,Card Expired
633,4571578026351350,ANJALI VASA,Debit,RuPay,2021-12-21,2026-12-21,Active,75000,1,1,2021-12-21,
360,4913977743046530,ADVAY RAU,Debit,Visa,2026-03-13,2030-03-13,Active,100000,1,1,2026-03-13,
528,4488548151201063,PRANAV TAILOR,Debit,RuPay,2025-11-13,2028-11-13,Active,75000,0,1,2025-11-13,
1007,4546858258844623,YASHASVI BERA,Debit,Visa,2025-09-12,2028-09-12,Active,150000,0,1,2025-09-12,
1465,4105392249181487,PRIYA DUGAR,Debit,RuPay,2023-03-31,2027-03-31,Active,150000,0,0,2023-03-31,
975,4986659127681938,SAMAR MADAN,Debit,RuPay,2024-10-08,2027-10-08,Active,75000,0,1,2024-10-08,
18,4298896421332428,JONATHAN KHURANA,Debit,RuPay,2023-07-12,2026-07-12,Expired,50000,0,1,2023-07-12,Card Expired
767,4387981184353022,ETHAN PANDIT,Debit,RuPay,2022-12-19,2025-12-19,Expired,150000,0,1,2022-12-19,Card Expired
643,4450420033352781,LOHIT WARRIOR,Debit,RuPay,2021-01-27,2024-01-27,Expired,75000,0,1,2021-01-27,Card Expired
775,4916328669692212,ARJUN SHANKAR,Prepaid,Visa,2021-04-17,2024-04-17,Expired,25000,1,1,2021-04-17,Card Expired
189,4721104965993061,BIMALA NAGI,Debit,RuPay,2024-12-18,2029-12-18,Active,50000,1,1,2024-12-18,
1484,4090519059019250,FITAN SAINI,Credit,Mastercard,2023-07-28,2027-07-28,Active,150000,0,1,2023-07-28,
555,4519294818947963,AMRUTA WABLE,Virtual,Visa,2021-01-14,2024-01-14,Expired,100000,0,1,2021-01-14,Card Expired
639,4923354717805660,SACHI WASON,Credit,Visa,2024-07-07,2027-07-07,Active,150000,0,1,2024-07-07,
1497,4892129962339038,JAGAT CHOPRA,Debit,Visa,2021-02-09,2026-02-09,Expired,25000,0,1,2021-02-09,Card Expired
1126,4450192837947602,VEDANT PATLA,Debit,Mastercard,2025-05-07,2028-05-07,Active,200000,1,1,2025-05-07,
1021,4848999460423996,FORUM PANDIT,Virtual,Visa,2021-01-08,2025-01-08,Expired,50000,1,1,2021-01-08,Card Expired
993,4368237942693674,BACHITTAR TAILOR,Debit,Visa,2026-02-06,2029-02-06,Active,100000,0,1,2026-02-06,
178,4815724089184518,HARRISON SUBRAMANIAN,Debit,RuPay,2023-02-15,2027-02-15,Blocked,75000,0,1,2023-02-15,Customer Request
957,4298675475022700,WARDA LOYAL,Debit,Mastercard,2024-05-28,2028-05-28,Active,150000,0,0,2024-05-28,
251,4080953420673775,VAMAKSHI SIBAL,Debit,Visa,2024-01-30,2029-01-30,Hotlisted,50000,0,1,2024-01-30,Card Reported Stolen
276,4648750136596412,XALAK KUNDA,Debit,Mastercard,2024-07-10,2029-07-10,Active,100000,1,1,2024-07-10,
829,4625649246024117,UPKAAR DHILLON,Credit,RuPay,2024-07-30,2028-07-30,Active,300000,0,1,2024-07-30,
855,4178203693399944,VIRAJ WALI,Prepaid,Mastercard,2022-03-16,2025-03-16,Expired,25000,0,1,2022-03-16,Card Expired
1166,4028345649732202,DAMINI BASSI,Debit,Mastercard,2026-04-05,2031-04-05,Active,100000,0,1,2026-04-05,
441,4582625748592185,LEELA SHAN,Virtual,Visa,2022-04-14,2026-04-14,Expired,100000,0,1,2022-04-14,Card Expired
1169,4849358126445200,HEMANGINI GULATI,Credit,Mastercard,2022-09-06,2027-09-06,Blocked,100000,0,0,2022-09-06,Multiple Failed PIN Attempts
193,4404953499599391,ANMOL KOHLI,Debit,RuPay,2023-07-28,2027-07-28,Hotlisted,75000,0,1,2023-07-28,Card Reported Stolen
1413,4021400735071603,BAGHYAWATI VENKATARAMAN,Prepaid,RuPay,2024-03-13,2028-03-13,Active,75000,1,0,2024-03-13,
573,4794266933891419,PATRICK RAVAL,Debit,RuPay,2025-02-27,2030-02-27,Active,100000,1,1,2025-02-27,
291,4209291811783689,SAMARTH D’ALIA,Debit,RuPay,2024-05-10,2027-05-10,Blocked,25000,0,0,2024-05-10,Fraud Suspected
85,4363600257881192,DANIEL KHANNA,Debit,Visa,2025-10-21,2029-10-21,Active,200000,0,1,2025-10-21,
604,4093967594578311,NILIMA SOM,Credit,Visa,2021-07-19,2026-07-19,Expired,50000,1,0,2021-07-19,Card Expired
542,4210298848549394,PRANIT GULATI,Virtual,RuPay,2026-05-25,2030-05-25,Active,25000,0,1,2026-05-25,
406,4523152438369095,FALAN DYAL,Virtual,RuPay,2026-01-31,2031-01-31,Active,10000,0,1,2026-01-31,
120,4288725645792007,AARNAV SURI,Credit,Visa,2021-11-08,2026-11-08,Inactive,150000,0,1,2021-11-08,
1289,4810380115171448,FARIQ SIBAL,Debit,RuPay,2025-03-11,2030-03-11,Active,50000,0,1,2025-03-11,
949,4501295972251323,GAVIN BATTA,Debit,Mastercard,2023-03-22,2027-03-22,Active,150000,0,1,2023-03-22,
879,4093697520266067,AZAAN PALAN,Credit,Mastercard,2025-09-15,2028-09-15,Active,200000,1,1,2025-09-15,
996,4981913991116186,DANIEL RATTAN,Debit,Mastercard,2024-09-10,2028-09-10,Active,25000,1,0,2024-09-10,
67,4275437747157540,AMRITA SUNDARAM,Debit,Visa,2021-03-03,2025-03-03,Expired,75000,1,1,2021-03-03,Card Expired
254,4034808147374180,ANMOL KALA,Debit,Visa,2022-06-28,2027-06-28,Active,100000,0,1,2022-06-28,
1494,4141326886599397,JACK ARORA,Virtual,RuPay,2026-03-23,2030-03-23,Active,25000,0,1,2026-03-23,
208,4286419196744886,MANTHAN HARI,Virtual,RuPay,2024-04-17,2028-04-17,Hotlisted,100000,1,1,2024-04-17,Fraud Suspected
506,4309342388235875,ISHANVI BAINS,Debit,Visa,2022-06-27,2025-06-27,Expired,75000,0,1,2022-06-27,Card Expired
112,4406722572521035,LIBNI CHAR,Debit,Visa,2021-12-10,2025-12-10,Expired,25000,1,1,2021-12-10,Card Expired
821,4325270295091705,YASHODHARA SEN,Prepaid,Visa,2023-04-06,2026-04-06,Expired,75000,0,1,2023-04-06,Card Expired
1497,4490167318518624,PRANAV LANKA,Credit,RuPay,2021-06-02,2025-06-02,Expired,300000,1,1,2021-06-02,Card Expired
854,4044152965068189,ALKA MALHOTRA,Debit,RuPay,2021-02-07,2026-02-07,Expired,50000,0,1,2021-02-07,Card Expired
1356,4556767625474376,EKAVIR SEM,Debit,Mastercard,2022-11-18,2027-11-18,Active,50000,0,1,2022-11-18,
357,4803368717817239,AASHI GALA,Debit,RuPay,2021-02-24,2024-02-24,Expired,75000,0,1,2021-02-24,Card Expired
1155,4074113652669248,MANBIR CHANDER,Debit,Mastercard,2025-04-06,2028-04-06,Active,150000,0,1,2025-04-06,
1180,4136356423409338,NITESH NARANG,Credit,Visa,2021-01-03,2024-01-03,Expired,500000,1,1,2021-01-03,Card Expired
1398,4476893917986559,AASHI NARANG,Debit,Mastercard,2023-03-29,2026-03-29,Expired,25000,0,1,2023-03-29,Card Expired
1164,4124626180554729,ABHIRAM WALI,Prepaid,RuPay,2024-08-25,2028-08-25,Active,10000,0,1,2024-08-25,
166,4552866664178412,ISAAC DIXIT,Virtual,Visa,2026-04-14,2031-04-14,Active,100000,0,0,2026-04-14,
1169,4676934194845688,AZAD JAYARAMAN,Debit,RuPay,2021-01-30,2024-01-30,Expired,200000,1,1,2021-01-30,Card Expired
440,4188868682296239,CHARLES MADAN,Debit,Visa,2022-02-23,2026-02-23,Expired,50000,0,1,2022-02-23,Card Expired
335,4712247846862394,SUDIKSHA LOKE,Debit,Visa,2026-04-12,2030-04-12,Active,50000,0,0,2026-04-12,
1378,4838767088479303,URMI BHAVSAR,Prepaid,Visa,2025-10-02,2028-10-02,Hotlisted,10000,0,1,2025-10-02,Card Reported Lost
863,4858662263071875,VYANJANA NAIR,Virtual,Visa,2024-11-15,2029-11-15,Active,50000,0,0,2024-11-15,
908,4465835258499322,LAVANYA BEDI,Debit,Visa,2021-10-04,2025-10-04,Expired,25000,0,1,2021-10-04,Card Expired
1002,4348154547075321,REYANSH D’ALIA,Debit,Visa,2022-06-03,2025-06-03,Expired,100000,0,1,2022-06-03,Card Expired
374,4210419375688208,WARINDER BOBAL,Debit,Mastercard,2026-03-19,2029-03-19,Active,150000,1,1,2026-03-19,
993,4876572594372847,NIHARIKA BANDI,Debit,RuPay,2025-04-15,2029-04-15,Active,25000,1,1,2025-04-15,
1326,4915896114005261,MADHAVI SIDHU,Debit,Visa,2021-11-10,2024-11-10,Expired,150000,0,1,2021-11-10,Card Expired
355,4771851178183436,PRATYUSH KRISHNAN,Prepaid,Mastercard,2024-01-21,2028-01-21,Active,25000,0,1,2024-01-21,
1161,4797559064628246,AMOL TANEJA,Debit,Visa,2025-02-19,2030-02-19,Blocked,25000,0,1,2025-02-19,Customer Request
455,4472935477056009,SUDIKSHA KAUL,Debit,Visa,2023-11-06,2026-11-06,Active,50000,0,1,2023-11-06,
314,4766407366884954,OSHA CHEEMA,Credit,RuPay,2023-05-14,2028-05-14,Active,50000,0,1,2023-05-14,
148,4601658921929438,HIRAL SHAN,Credit,RuPay,2023-04-16,2027-04-16,Active,50000,0,1,2023-04-16,
50,4047732425422835,DIVYA KUMAR,Debit,RuPay,2026-04-09,2029-04-09,Active,150000,0,1,2026-04-09,
875,4057185879906868,CHATURA BRAHMBHATT,Debit,RuPay,2026-04-25,2030-04-25,Active,75000,1,1,2026-04-25,
1223,4420100646335138,EKIYA NAGY,Debit,Visa,2023-11-19,2027-11-19,Active,25000,0,0,2023-11-19,
1374,4028410456636018,YASH PAU,Debit,Visa,2025-02-26,2029-02-26,Blocked,200000,0,1,2025-02-26,Customer Request
16,4120806153982245,ROHAN DUA,Prepaid,RuPay,2025-11-30,2030-11-30,Active,10000,0,1,2025-11-30,
722,4645686068319674,JASON SUBRAMANIAM,Credit,RuPay,2024-07-22,2027-07-22,Active,200000,0,1,2024-07-22,
1486,4219216050794556,SAMUEL CHAKRABORTY,Credit,Visa,2024-06-18,2027-06-18,Active,200000,0,1,2024-06-18,
348,4109791923719078,OMKAAR DHAR,Credit,Mastercard,2026-06-15,2030-06-15,Blocked,500000,1,0,2026-06-15,Security Concern
1310,4505587926499266,VANYA MAHARAJ,Debit,Visa,2025-08-04,2030-08-04,Active,200000,0,1,2025-08-04,
1192,4839689355108264,EKAPAD GADE,Credit,Visa,2023-02-13,2028-02-13,Active,50000,0,1,2023-02-13,
61,4654581465547692,NIDHI SARAN,Debit,RuPay,2025-09-04,2029-09-04,Active,150000,0,1,2025-09-04,
1491,4961474473182334,RADHA BADAL,Debit,RuPay,2024-04-26,2027-04-26,Active,150000,0,1,2024-04-26,
203,4342207747957213,ARYAN RAJA,Debit,Visa,2025-09-03,2030-09-03,Active,25000,0,1,2025-09-03,
1074,4974799499598275,DALBIR RAVAL,Debit,Visa,2026-06-28,2030-06-28,Active,100000,0,1,2026-06-28,
216,4591646595397773,ISHITA TANK,Credit,Mastercard,2023-12-12,2028-12-12,Active,50000,0,1,2023-12-12,
336,4371699379224048,ADVAITH CHADA,Prepaid,Mastercard,2023-11-11,2026-11-11,Active,25000,0,1,2023-11-11,
982,4146809316851188,CALEB BATTA,Prepaid,Mastercard,2021-05-01,2024-05-01,Expired,10000,0,1,2021-05-01,Card Expired
191,4875840417972467,FREDERICK EDWIN,Debit,Mastercard,2026-04-14,2031-04-14,Active,200000,0,1,2026-04-14,
156,4015379583764178,CHASMUM PRABHAKAR,Debit,RuPay,2024-12-18,2028-12-18,Active,200000,0,1,2024-12-18,
1085,4069729384285855,BALJIWAN CHERIAN,Debit,RuPay,2021-05-22,2024-05-22,Expired,150000,1,1,2021-05-22,Card Expired
787,4708784497549550,RAJATA BALAY,Debit,Visa,2021-04-09,2025-04-09,Expired,75000,0,1,2021-04-09,Card Expired
501,4099737986414115,AARNA MAGAR,Prepaid,Visa,2025-05-30,2030-05-30,Active,10000,0,1,2025-05-30,
411,4880199195329618,INAYA DEOL,Debit,Visa,2023-01-27,2028-01-27,Active,75000,0,1,2023-01-27,
1052,4731780535422801,VEER SODHI,Credit,Visa,2023-06-29,2026-06-29,Expired,300000,0,1,2023-06-29,Card Expired
842,4191901847165704,FAQID UPADHYAY,Debit,Visa,2023-03-18,2027-03-18,Active,150000,0,1,2023-03-18,
616,4912259827783611,OVIYA KARI,Debit,Visa,2022-10-04,2026-10-04,Active,25000,1,0,2022-10-04,
423,4939233598187050,PRATYUSH MODY,Virtual,RuPay,2024-01-16,2029-01-16,Active,10000,1,1,2024-01-16,
768,4114392391086522,ADYA VARGHESE,Credit,Visa,2026-02-12,2031-02-12,Active,150000,0,1,2026-02-12,
991,4912328614771422,VEDA PARMER,Debit,RuPay,2021-07-27,2026-07-27,Expired,75000,0,1,2021-07-27,Card Expired
1464,4419747150882198,VINCENT CHACKO,Debit,Visa,2025-11-07,2030-11-07,Active,200000,0,1,2025-11-07,
180,4246438668443009,HITESH KUMAR,Debit,Mastercard,2024-05-16,2027-05-16,Active,75000,0,1,2024-05-16,
516,4980913792987180,AZAAN AGARWAL,Debit,Mastercard,2025-06-28,2029-06-28,Active,75000,0,1,2025-06-28,
13,4767845139642975,BHAVINI HARI,Credit,Visa,2023-06-26,2028-06-26,Active,150000,0,1,2023-06-26,
955,4259155716876235,RADHA KAR,Debit,Mastercard,2025-11-04,2030-11-04,Active,25000,1,1,2025-11-04,
281,4506843681417729,BAGHYAWATI TRIVEDI,Debit,RuPay,2025-12-04,2028-12-04,Active,200000,0,1,2025-12-04,
1347,4072223643068246,XAVIER NADKARNI,Debit,RuPay,2022-03-13,2025-03-13,Expired,50000,0,1,2022-03-13,Card Expired
686,4046620036916230,YACHANA ANAND,Virtual,Mastercard,2021-11-29,2025-11-29,Expired,25000,0,1,2021-11-29,Card Expired
779,4059618758255251,OSCAR GHOSE,Debit,Visa,2021-04-05,2024-04-05,Expired,75000,0,1,2021-04-05,Card Expired
612,4955202649108967,ISHANI PARMAR,Prepaid,RuPay,2021-08-23,2026-08-23,Active,25000,0,1,2021-08-23,
782,4793791251501228,BAKHSHI BARMAN,Credit,RuPay,2022-09-02,2025-09-02,Expired,100000,0,0,2022-09-02,Card Expired
1218,4439667748517730,NATHANIEL DEO,Debit,Mastercard,2022-01-31,2027-01-31,Blocked,50000,0,1,2022-01-31,Multiple Failed PIN Attempts
1434,4267293151985722,UDYATI BARMAN,Debit,Visa,2026-03-25,2029-03-25,Active,200000,0,1,2026-03-25,
1265,4037601428758349,ORINDER SHETTY,Virtual,Visa,2023-08-30,2026-08-30,Active,25000,1,1,2023-08-30,
587,4082698140312546,CHANCHAL DASS,Debit,RuPay,2021-12-22,2025-12-22,Expired,100000,0,1,2021-12-22,Card Expired
1317,4594671679387150,LAKSHMI ZACHARIAH,Debit,Mastercard,2021-02-24,2026-02-24,Expired,150000,0,1,2021-02-24,Card Expired
1324,4672893955223625,DIPTA DE,Debit,RuPay,2022-08-01,2025-08-01,Expired,75000,0,1,2022-08-01,Card Expired
347,4819478155279835,DIYA SARAF,Debit,Visa,2023-11-21,2028-11-21,Active,200000,0,1,2023-11-21,
869,4882365641687464,JALSA BUCH,Debit,RuPay,2022-11-30,2027-11-30,Inactive,50000,1,1,2022-11-30,
639,4658276617759091,OJAS VENKATESH,Prepaid,Visa,2024-10-12,2027-10-12,Active,50000,0,1,2024-10-12,
528,4861683680838222,VEER CHAKRABORTY,Debit,Visa,2021-08-26,2024-08-26,Expired,150000,0,1,2021-08-26,Card Expired
1465,4281516219505692,KEVIN RAMACHANDRAN,Debit,Visa,2025-04-20,2030-04-20,Active,100000,1,1,2025-04-20,
1002,4349406857767723,VRISHTI RAVAL,Debit,RuPay,2021-03-26,2025-03-26,Expired,75000,1,1,2021-03-26,Card Expired
488,4282685565648369,DHRITI KASHYAP,Virtual,Mastercard,2024-03-24,2028-03-24,Hotlisted,50000,0,1,2024-03-24,Card Reported Stolen
6,4682105233772313,LUCKY BRAR,Debit,RuPay,2023-05-07,2028-05-07,Active,25000,0,0,2023-05-07,
869,4795699349763060,JACOB MEMON,Debit,Mastercard,2022-06-06,2026-06-06,Expired,25000,1,0,2022-06-06,Card Expired
396,4758227724511333,LABAN MOHANTY,Debit,Visa,2026-05-22,2029-05-22,Active,150000,0,1,2026-05-22,
253,4747986646563696,YATAN JAGGI,Debit,Visa,2024-09-30,2029-09-30,Active,200000,0,1,2024-09-30,
967,4535559275457553,AGASTYA PATEL,Debit,Visa,2024-04-17,2028-04-17,Active,50000,0,1,2024-04-17,
952,4386324046464601,LOHIT DIN,Debit,RuPay,2024-05-15,2027-05-15,Blocked,25000,0,0,2024-05-15,Multiple Failed PIN Attempts
684,4155268647016220,XAVIER RATTI,Virtual,RuPay,2021-07-24,2026-07-24,Expired,100000,0,1,2021-07-24,Card Expired
998,4478925814067227,ATHARV PALLA,Virtual,Mastercard,2022-02-18,2026-02-18,Expired,10000,0,1,2022-02-18,Card Expired
570,4543385595164023,TANISH ATWAL,Credit,Mastercard,2021-07-03,2026-07-03,Expired,300000,0,1,2021-07-03,Card Expired
119,4812757134869464,RAGHAV REDDY,Debit,Visa,2021-01-02,2026-01-02,Expired,25000,0,1,2021-01-02,Card Expired
1079,4691683320387790,LIBNI PATLA,Virtual,RuPay,2025-01-02,2029-01-02,Active,10000,0,1,2025-01-02,
684,4504574824316153,KALA THAKKAR,Debit,RuPay,2021-01-19,2024-01-19,Expired,100000,0,1,2021-01-19,Card Expired
415,4067834875099857,KEYA BHAVSAR,Debit,Mastercard,2025-05-10,2029-05-10,Active,200000,1,1,2025-05-10,
1000,4058206882449755,ADYA BATRA,Debit,Visa,2025-07-31,2029-07-31,Active,100000,1,1,2025-07-31,
624,4861882680051838,BALVEER SACHDEV,Debit,Mastercard,2023-10-24,2026-10-24,Inactive,25000,0,0,2023-10-24,
3,4117489569614269,CHANCHAL KADE,Virtual,Visa,2025-12-12,2028-12-12,Blocked,100000,1,1,2025-12-12,Multiple Failed PIN Attempts
996,4808162783513380,LUCKY TANEJA,Credit,Visa,2022-05-14,2027-05-14,Active,300000,0,1,2022-05-14,
700,4259339635989339,MAANAV MORE,Debit,Visa,2024-12-07,2028-12-07,Hotlisted,75000,0,1,2024-12-07,Security Risk
459,4747825519062297,DOMINIC MANE,Credit,Mastercard,2022-07-07,2026-07-07,Expired,50000,0,1,2022-07-07,Card Expired
1108,4467617197234593,ATHARV AGATE,Debit,Visa,2026-01-18,2031-01-18,Blocked,25000,0,1,2026-01-18,Suspicious Activity
1163,4198966883661361,SHIVANSH ANAND,Prepaid,Mastercard,2022-06-21,2026-06-21,Expired,50000,0,1,2022-06-21,Card Expired
1231,4470322272292930,ISHWAR SAHA,Debit,Visa,2022-05-31,2026-05-31,Expired,75000,0,1,2022-05-31,Card Expired
86,4821419965777231,FIYAZ BARAL,Debit,Mastercard,2022-02-22,2027-02-22,Active,200000,0,1,2022-02-22,
645,4290634673779201,NETRA KOHLI,Credit,RuPay,2022-05-06,2027-05-06,Active,150000,1,1,2022-05-06,
644,4113670198943718,NIHARIKA SANE,Debit,Mastercard,2022-11-03,2027-11-03,Inactive,25000,0,0,2022-11-03,
1061,4563142234953382,IRA KONDA,Debit,RuPay,2026-04-16,2031-04-16,Active,100000,1,1,2026-04-16,
1347,4510611847971900,NAKSH DATE,Debit,Visa,2025-07-17,2028-07-17,Active,75000,0,1,2025-07-17,
1281,4840908725541661,IKBAL ARORA,Credit,Mastercard,2021-02-03,2025-02-03,Expired,150000,1,0,2021-02-03,Card Expired
140,4190173664144342,WILLIAM SARRAF,Prepaid,Mastercard,2025-07-02,2029-07-02,Hotlisted,10000,0,1,2025-07-02,Security Risk
490,4746566721048899,NOAH BADAL,Prepaid,RuPay,2022-04-07,2026-04-07,Expired,10000,0,1,2022-04-07,Card Expired
1285,4883859980622692,VAMAKSHI SODHI,Debit,Visa,2023-08-05,2028-08-05,Active,25000,1,1,2023-08-05,
79,4970649352312286,HARSHIL MITTER,Credit,RuPay,2025-06-17,2029-06-17,Active,500000,0,1,2025-06-17,
105,4623915133297857,FAQID WABLE,Debit,Visa,2025-11-08,2028-11-08,Active,25000,0,1,2025-11-08,
608,4947952719067633,EKANI DORA,Credit,RuPay,2024-05-21,2027-05-21,Blocked,300000,0,1,2024-05-21,Security Concern
1085,4771687190619032,RADHA DASH,Debit,Mastercard,2026-01-05,2029-01-05,Active,75000,0,1,2026-01-05,
249,4958680293453543,KALPIT VORA,Debit,Mastercard,2025-05-09,2030-05-09,Active,50000,0,1,2025-05-09,
438,4522362016993670,BACHITTAR GANDHI,Debit,Mastercard,2022-10-21,2026-10-21,Hotlisted,200000,0,0,2022-10-21,Card Reported Stolen
57,4742568835108979,BHAVANI RANDHAWA,Prepaid,Mastercard,2024-07-12,2028-07-12,Active,25000,0,1,2024-07-12,
1252,4332910323985844,NANDINI SAVANT,Debit,Mastercard,2024-12-18,2029-12-18,Hotlisted,50000,0,1,2024-12-18,Security Risk
679,4604353740607344,VAISHNAVI SARMA,Debit,Mastercard,2024-06-07,2027-06-07,Active,25000,0,1,2024-06-07,
799,4678965962994156,SUHANI D’ALIA,Debit,Visa,2023-10-18,2028-10-18,Active,100000,0,1,2023-10-18,
961,4985520814723838,MANBIR SANI,Debit,Visa,2023-04-27,2028-04-27,Active,50000,0,1,2023-04-27,
1476,4303470411931477,SANYA PALLA,Credit,Visa,2023-07-29,2026-07-29,Expired,100000,0,1,2023-07-29,Card Expired
1214,4357359242133904,AVNI MURTHY,Debit,Visa,2024-10-24,2028-10-24,Active,25000,0,1,2024-10-24,
1490,4453879573366260,CHAKRADEV MANE,Prepaid,RuPay,2025-10-04,2028-10-04,Active,75000,0,1,2025-10-04,
80,4578575329302363,YATAN SAHNI,Debit,RuPay,2021-12-17,2026-12-17,Active,25000,0,1,2021-12-17,
1035,4690756750741863,KASHVI GHOSE,Debit,Mastercard,2023-01-26,2028-01-26,Inactive,200000,0,1,2023-01-26,
947,4006722941039813,XAVIER SARNA,Credit,Visa,2026-03-05,2031-03-05,Active,500000,0,1,2026-03-05,
1477,4957466165432767,SIYA PRASAD,Virtual,Visa,2024-01-30,2029-01-30,Active,100000,1,1,2024-01-30,
460,4697490297689679,CHATRESH CHADA,Credit,RuPay,2024-06-23,2029-06-23,Active,200000,0,1,2024-06-23,
21,4256604476525535,SACHI TANK,Debit,Visa,2023-11-29,2027-11-29,Blocked,150000,0,1,2023-11-29,Security Concern
1416,4518167358036443,CHAITALY CHAND,Debit,Visa,2021-12-04,2024-12-04,Expired,50000,0,1,2021-12-04,Card Expired
1380,4739786255002818,FARIS AGRAWAL,Debit,Visa,2021-06-18,2025-06-18,Expired,25000,1,1,2021-06-18,Card Expired
520,4031471920643453,JACKSON DIN,Debit,RuPay,2025-06-08,2029-06-08,Active,75000,0,1,2025-06-08,
460,4091125980729814,NIRJA DORA,Debit,Visa,2022-07-08,2025-07-08,Expired,100000,0,1,2022-07-08,Card Expired
1474,4254588329704815,NITESH KAR,Virtual,RuPay,2023-09-03,2028-09-03,Active,10000,1,1,2023-09-03,
114,4448111932089954,ISHANI RASTOGI,Debit,Mastercard,2023-10-06,2026-10-06,Active,200000,0,1,2023-10-06,
173,4947832442944012,JONATHAN SULE,Credit,Visa,2025-06-24,2028-06-24,Active,150000,1,0,2025-06-24,
908,4920723489846275,DHRUV BALA,Virtual,Mastercard,2022-06-28,2026-06-28,Expired,100000,1,1,2022-06-28,Card Expired
1471,4307328340569633,DARPAN PALLA,Debit,Visa,2023-02-12,2026-02-12,Expired,75000,1,0,2023-02-12,Card Expired
122,4115601228099794,UCCHAL BHATTI,Credit,RuPay,2025-04-26,2029-04-26,Active,100000,0,1,2025-04-26,
85,4254355931568907,REVA KURUVILLA,Debit,Mastercard,2026-02-09,2030-02-09,Inactive,25000,0,1,2026-02-09,
1039,4875981635631567,FRADO BARAD,Credit,Mastercard,2021-09-17,2026-09-17,Active,50000,0,1,2021-09-17,
795,4946410086925109,YASHVI NANDA,Debit,RuPay,2024-11-16,2028-11-16,Inactive,100000,0,1,2024-11-16,
1222,4826749983027304,ISHANI GULATI,Debit,RuPay,2021-11-03,2024-11-03,Expired,50000,0,1,2021-11-03,Card Expired
340,4185255925326248,YASHODHARA SHETTY,Virtual,Mastercard,2024-03-24,2029-03-24,Active,25000,0,1,2024-03-24,
666,4274512293847275,VEER JOSHI,Debit,Visa,2022-01-26,2027-01-26,Active,25000,0,0,2022-01-26,
1057,4841430538262089,KRISHNA THAKER,Debit,RuPay,2025-09-08,2030-09-08,Active,25000,0,1,2025-09-08,
348,4020166584413611,HARDIK GOPAL,Prepaid,Visa,2021-12-15,2024-12-15,Expired,75000,0,1,2021-12-15,Card Expired
341,4650760754217669,WAIDA AMBLE,Debit,Mastercard,2023-06-05,2028-06-05,Active,75000,0,1,2023-06-05,
455,4697553648627464,XAVIER TANDON,Prepaid,Visa,2025-04-21,2028-04-21,Expired,50000,0,1,2025-04-21,Card Expired
63,4401329030492986,HRITIK BANDI,Credit,RuPay,2023-03-28,2028-03-28,Blocked,300000,0,1,2023-03-28,Multiple Failed PIN Attempts
1052,4718192464012260,OMYA SHARMA,Debit,Visa,2024-09-19,2028-09-19,Expired,200000,0,1,2024-09-19,Card Expired
1179,4558239160075315,DIYA SOLANKI,Debit,RuPay,2021-11-24,2024-11-24,Expired,50000,0,1,2021-11-24,Card Expired
881,4166211650122379,DEVIKA SHETH,Prepaid,RuPay,2023-03-26,2027-03-26,Active,10000,0,1,2023-03-26,
619,4587229148182817,MAX MINHAS,Debit,Mastercard,2023-06-05,2026-06-05,Expired,25000,0,1,2023-06-05,Card Expired
1416,4513210363979509,UDANT VYAS,Credit,RuPay,2026-01-16,2030-01-16,Active,200000,1,1,2026-01-16,
113,4206207019088256,DAMYANTI CHATTERJEE,Debit,RuPay,2023-12-03,2027-12-03,Active,150000,0,1,2023-12-03,
278,4979562213722572,NAKSH SARIN,Debit,RuPay,2025-06-24,2028-06-24,Active,150000,0,1,2025-06-24,
1112,4662216782115839,UPMA CHATTERJEE,Virtual,Visa,2025-07-20,2029-07-20,Active,25000,0,1,2025-07-20,
1430,4686944395715479,MOHAMMED NARANG,Debit,RuPay,2023-08-03,2028-08-03,Active,200000,0,0,2023-08-03,
1107,4423571987744603,TANISH SUNDER,Credit,Visa,2022-06-10,2026-06-10,Expired,100000,0,1,2022-06-10,Card Expired
976,4006857739397873,RANVEER LALL,Debit,Visa,2022-02-01,2027-02-01,Active,25000,0,1,2022-02-01,
1185,4693942649444039,ISHA BAHL,Debit,Visa,2026-06-23,2029-06-23,Active,50000,0,1,2026-06-23,
811,4705116276721290,OMYA BRAR,Debit,RuPay,2025-08-08,2029-08-08,Active,200000,0,1,2025-08-08,
930,4625895913983309,JATIN NATT,Debit,Mastercard,2021-05-10,2026-05-10,Expired,75000,0,1,2021-05-10,Card Expired
825,4859404434018685,ETHAN SEKHON,Debit,Visa,2025-07-29,2028-07-29,Active,75000,0,1,2025-07-29,
297,4406268995893912,BRIJESH SANGHA,Debit,RuPay,2023-11-07,2028-11-07,Active,150000,1,0,2023-11-07,
965,4301222836535833,WRIDESH KURUVILLA,Debit,RuPay,2021-12-24,2024-12-24,Expired,200000,1,1,2021-12-24,Card Expired
398,4873853311455530,FALAN SEHGAL,Prepaid,Mastercard,2023-07-17,2027-07-17,Active,25000,0,1,2023-07-17,
78,4012452716743423,EKAJA MALL,Debit,Visa,2025-02-21,2030-02-21,Inactive,200000,0,1,2025-02-21,
690,4906952757325653,RANVEER BHATIA,Debit,Mastercard,2021-07-05,2024-07-05,Expired,25000,0,1,2021-07-05,Card Expired
61,4847815469686927,AARNA BOSE,Credit,Mastercard,2021-03-01,2025-03-01,Expired,200000,0,1,2021-03-01,Card Expired
214,4291625376877835,CHAMAN CHOKSHI,Virtual,Visa,2022-09-05,2025-09-05,Expired,25000,0,1,2022-09-05,Card Expired
761,4174773263763482,ANAMIKA VARGHESE,Virtual,Visa,2026-04-05,2030-04-05,Active,100000,0,1,2026-04-05,
161,4068431399272751,ALEXANDER VOHRA,Debit,Visa,2023-09-15,2027-09-15,Active,25000,0,1,2023-09-15,
1031,4920953647882090,BALHAAR TOOR,Credit,RuPay,2024-09-03,2028-09-03,Active,200000,1,1,2024-09-03,
1319,4337176576941922,VINCENT SAXENA,Debit,RuPay,2021-09-10,2024-09-10,Expired,50000,0,1,2021-09-10,Card Expired
805,4318711982195561,MADHAVI VIG,Credit,Visa,2025-12-15,2028-12-15,Expired,500000,0,1,2025-12-15,Card Expired
1361,4663546632098110,KABIR SHETTY,Debit,RuPay,2025-07-02,2028-07-02,Blocked,200000,0,1,2025-07-02,Fraud Suspected
1136,4147454654902829,GAURI MADAN,Virtual,Visa,2025-06-15,2029-06-15,Active,10000,0,1,2025-06-15,
1068,4067203578796956,AVNI SODHI,Virtual,RuPay,2021-08-09,2024-08-09,Expired,50000,1,1,2021-08-09,Card Expired
596,4784243721407512,YASHASVI LALLA,Debit,Visa,2022-05-14,2025-05-14,Expired,150000,0,1,2022-05-14,Card Expired
245,4617656446215860,AISHANI KASHYAP,Debit,Visa,2021-12-02,2025-12-02,Expired,50000,1,0,2021-12-02,Card Expired
373,4100489666666380,ESHANA PANDYA,Credit,Visa,2025-12-04,2030-12-04,Active,100000,0,1,2025-12-04,
973,4392836746206648,BHAVANI MANE,Prepaid,Visa,2023-10-10,2026-10-10,Active,25000,0,1,2023-10-10,
1143,4172556557986624,YUG TANK,Debit,Mastercard,2022-03-14,2027-03-14,Active,50000,0,1,2022-03-14,
758,4258879145172011,RIDHI SAXENA,Debit,Visa,2023-09-02,2026-09-02,Active,25000,0,0,2023-09-02,
1374,4039474735747873,RACHANA AHLUWALIA,Credit,RuPay,2023-03-31,2026-03-31,Expired,50000,0,1,2023-03-31,Card Expired
96,4987481552061165,ALEXANDER KUMAR,Debit,Mastercard,2023-02-05,2027-02-05,Active,25000,0,1,2023-02-05,
240,4260219221363626,CHAKRIKA SHAH,Debit,RuPay,2024-09-12,2027-09-12,Blocked,75000,0,1,2024-09-12,Multiple Failed PIN Attempts
727,4548557480338554,WILLIAM BISWAS,Debit,Visa,2021-11-12,2024-11-12,Expired,200000,0,1,2021-11-12,Card Expired
895,4251944762361396,LAKSHMI VARKEY,Debit,Visa,2022-09-25,2026-09-25,Active,100000,0,1,2022-09-25,
1139,4329348172572653,KRISHA KRISHNA,Credit,RuPay,2021-10-27,2025-10-27,Expired,500000,0,1,2021-10-27,Card Expired
709,4557950488342719,RAJESHRI DORA,Credit,RuPay,2023-03-27,2026-03-27,Expired,50000,1,1,2023-03-27,Card Expired
922,4811449064293932,WAZIR BUCH,Credit,Mastercard,2023-02-26,2027-02-26,Inactive,100000,1,1,2023-02-26,
606,4259701284944861,BAGHYAWATI ROY,Debit,RuPay,2024-02-23,2029-02-23,Active,200000,0,1,2024-02-23,
1029,4099739686639802,HIRAL GOEL,Prepaid,RuPay,2021-04-05,2025-04-05,Expired,10000,0,1,2021-04-05,Card Expired
127,4252290152939041,DALBIR SHETTY,Credit,Visa,2025-06-05,2029-06-05,Active,200000,0,1,2025-06-05,
173,4614835995474531,EKANTIKA DHILLON,Credit,Visa,2025-02-14,2030-02-14,Hotlisted,500000,0,1,2025-02-14,Card Reported Lost
895,4421260823405272,TANAY HARI,Debit,Visa,2026-03-02,2029-03-02,Active,50000,0,1,2026-03-02,
1370,4944586790663805,GABRIEL SEN,Debit,RuPay,2024-11-17,2027-11-17,Hotlisted,150000,0,1,2024-11-17,Security Risk
214,4061429250547346,AMRITA PRASHAD,Debit,Visa,2024-12-17,2029-12-17,Active,50000,0,1,2024-12-17,
529,4649541532335715,HRITIK DEOL,Credit,RuPay,2026-06-29,2029-06-29,Active,300000,0,1,2026-06-29,
990,4061865012599545,GAURIKA SRINIVAS,Credit,Visa,2026-04-12,2030-04-12,Active,300000,0,0,2026-04-12,
474,4728168873529632,SIDDHARTH LOKE,Debit,Visa,2021-10-31,2024-10-31,Expired,200000,1,1,2021-10-31,Card Expired
1468,4446266918824214,MANBIR VARTY,Debit,Visa,2021-05-08,2024-05-08,Expired,50000,0,1,2021-05-08,Card Expired
1328,4560620826817478,DAKSHESH RANA,Credit,Mastercard,2021-10-10,2025-10-10,Expired,150000,0,1,2021-10-10,Card Expired
777,4794989623258171,JHALAK RAJAGOPALAN,Debit,RuPay,2023-10-22,2028-10-22,Active,25000,0,1,2023-10-22,
438,4604624081226573,DARSH GUHA,Debit,Visa,2022-01-14,2026-01-14,Expired,150000,0,1,2022-01-14,Card Expired
268,4849383056522951,QUINCY BHATIA,Virtual,RuPay,2021-10-16,2025-10-16,Expired,10000,0,1,2021-10-16,Card Expired
643,4945392264707406,MUGDHA PATEL,Debit,Visa,2024-01-07,2027-01-07,Active,100000,0,0,2024-01-07,
1122,4858379022149956,ADVAITH GOUR,Debit,Visa,2025-01-29,2028-01-29,Active,150000,1,1,2025-01-29,
538,4772884395677236,JACK TATA,Debit,Visa,2021-08-13,2026-08-13,Expired,150000,1,1,2021-08-13,Card Expired
106,4591305381699000,ANITA RAMESH,Debit,RuPay,2022-08-08,2027-08-08,Active,150000,1,1,2022-08-08,
1186,4255380961455193,UBIKA PRABHU,Debit,RuPay,2023-01-03,2026-01-03,Expired,75000,0,1,2023-01-03,Card Expired
1007,4689561038548004,UPKAAR GOEL,Debit,Visa,2026-03-17,2031-03-17,Active,100000,0,1,2026-03-17,
3,4358626883577391,YOCHANA SALVI,Debit,RuPay,2024-03-04,2028-03-04,Blocked,150000,1,1,2024-03-04,Multiple Failed PIN Attempts
482,4699256940693580,GABRIEL PATLA,Debit,RuPay,2021-02-03,2024-02-03,Expired,200000,0,1,2021-02-03,Card Expired
926,4310861253082803,GEETIKA SHAN,Credit,RuPay,2024-06-01,2028-06-01,Active,500000,0,1,2024-06-01,
1033,4347488393019063,FORUM CHAND,Credit,Mastercard,2022-08-15,2026-08-15,Active,100000,0,1,2022-08-15,
921,4757401474888396,INDIRA CHACKO,Prepaid,RuPay,2022-01-30,2026-01-30,Expired,25000,0,1,2022-01-30,Card Expired
1255,4024718674367672,YUTIKA GOPAL,Debit,Visa,2025-07-22,2029-07-22,Active,150000,0,1,2025-07-22,
654,4431123364392742,ABHIRAM SATHE,Debit,RuPay,2023-01-28,2026-01-28,Expired,75000,0,1,2023-01-28,Card Expired
1093,4450975030497686,SARTHAK RANGANATHAN,Credit,RuPay,2022-01-03,2026-01-03,Expired,200000,0,1,2022-01-03,Card Expired
1126,4400319540894862,IKBAL LALL,Prepaid,Mastercard,2024-01-07,2027-01-07,Inactive,50000,1,1,2024-01-07,
1196,4260781545101459,BALJIWAN MALLICK,Debit,Visa,2021-12-15,2025-12-15,Expired,200000,1,1,2021-12-15,Card Expired
1159,4098446072164194,ARADHANA DADA,Credit,RuPay,2025-09-10,2028-09-10,Active,200000,0,1,2025-09-10,
586,4386198131042825,VASATIKA SUNDER,Debit,Visa,2025-08-30,2028-08-30,Active,100000,0,0,2025-08-30,
1407,4874933718655237,RIDHI BAKSHI,Debit,RuPay,2023-06-29,2026-06-29,Expired,150000,0,0,2023-06-29,Card Expired
163,4838643965591606,TANVI AGRAWAL,Debit,Visa,2022-12-16,2026-12-16,Active,25000,0,1,2022-12-16,
518,4160243520137412,GAGAN WARRIOR,Virtual,Visa,2023-04-23,2026-04-23,Expired,50000,0,0,2023-04-23,Card Expired
1080,4122882230579510,BISHAKHA NADKARNI,Debit,RuPay,2026-06-20,2031-06-20,Active,100000,0,1,2026-06-20,
146,4912864951777552,JACOB BASSI,Debit,Visa,2024-02-27,2028-02-27,Active,75000,0,1,2024-02-27,
1121,4686627783071880,GAURANGI PAREKH,Debit,Visa,2025-01-28,2029-01-28,Active,25000,0,1,2025-01-28,
294,4948557491002060,JONATHAN CHAUDHARY,Debit,RuPay,2021-10-05,2026-10-05,Active,75000,0,1,2021-10-05,
1104,4785995792972310,OJAS BHATT,Debit,Visa,2025-07-20,2030-07-20,Active,100000,1,1,2025-07-20,
742,4607932525049994,AMAIRA NARASIMHAN,Debit,RuPay,2025-05-04,2028-05-04,Active,200000,0,1,2025-05-04,
93,4726999188427302,YUVRAJ PALLA,Debit,Visa,2024-08-21,2028-08-21,Active,100000,0,1,2024-08-21,
1148,4816421933269135,CHATRESH SUBRAMANIAM,Debit,RuPay,2022-07-11,2025-07-11,Expired,100000,0,1,2022-07-11,Card Expired
983,4622363955146947,VARSHA VARTY,Credit,RuPay,2024-07-08,2028-07-08,Active,50000,0,1,2024-07-08,
116,4594464170621309,VEDA BOBAL,Credit,RuPay,2025-10-17,2029-10-17,Blocked,100000,0,1,2025-10-17,Customer Request
158,4585274045153695,HARISH MANDER,Virtual,Visa,2026-04-04,2029-04-04,Active,10000,0,1,2026-04-04,
983,4822413872382789,KEVIN SOLANKI,Debit,RuPay,2026-06-20,2031-06-20,Active,75000,0,1,2026-06-20,
157,4190568782877613,SAMESH WAGLE,Prepaid,Visa,2025-01-22,2028-01-22,Active,25000,1,1,2025-01-22,
477,4556395569584084,ANUSHA BAINS,Credit,RuPay,2026-01-21,2030-01-21,Inactive,100000,0,0,2026-01-21,
1067,4601355874493153,TANVEER IYER,Debit,Visa,2026-04-15,2031-04-15,Hotlisted,100000,0,1,2026-04-15,Security Risk
235,4846402974381385,ATHARV HALDER,Debit,Mastercard,2026-06-25,2030-06-25,Active,150000,0,1,2026-06-25,
1007,4700415396118589,AAHANA DATE,Credit,Visa,2024-01-01,2027-01-01,Active,150000,0,0,2024-01-01,
1443,4639816883705807,NEEL BEDI,Debit,Mastercard,2025-09-27,2029-09-27,Active,25000,0,1,2025-09-27,
1311,4090305580741444,ARYA BORDE,Credit,Mastercard,2023-12-31,2027-12-31,Active,300000,0,1,2023-12-31,
1445,4861403847731559,RAJESHRI BHALLA,Debit,Mastercard,2025-12-24,2028-12-24,Active,150000,0,0,2025-12-24,
512,4238364453104880,HEMANG NATH,Debit,RuPay,2021-03-21,2026-03-21,Expired,75000,0,1,2021-03-21,Card Expired
1323,4936747153104125,ANAMIKA SAWHNEY,Virtual,Mastercard,2023-02-11,2028-02-11,Inactive,100000,0,1,2023-02-11,
624,4261107322766751,YAHVI TANEJA,Credit,Visa,2023-11-15,2027-11-15,Active,200000,0,1,2023-11-15,
96,4856135111344028,MOHAMMED BHAGAT,Credit,RuPay,2026-01-22,2029-01-22,Active,50000,0,1,2026-01-22,
1445,4824955144462862,MANTHAN KOSHY,Debit,Mastercard,2023-03-01,2026-03-01,Expired,150000,0,1,2023-03-01,Card Expired
725,4583800378181803,DHRUV MURTY,Credit,Mastercard,2023-09-06,2026-09-06,Active,150000,1,1,2023-09-06,
196,4270923115926979,SUHANI BORRA,Debit,Mastercard,2024-10-01,2028-10-01,Active,25000,0,0,2024-10-01,
664,4412482648758022,AAHANA KONDA,Debit,RuPay,2026-04-27,2029-04-27,Active,25000,0,1,2026-04-27,
1465,4650432218103421,DARPAN GOUR,Virtual,Visa,2023-03-21,2027-03-21,Active,10000,0,1,2023-03-21,
674,4955831999234435,UPMA KHOSLA,Debit,Visa,2022-12-03,2026-12-03,Inactive,150000,0,1,2022-12-03,
1350,4732311899553135,KAVYA NADIG,Prepaid,Visa,2021-09-13,2026-09-13,Active,10000,0,1,2021-09-13,
565,4369296452923916,YATIN JOSHI,Debit,Visa,2024-10-25,2028-10-25,Active,200000,0,1,2024-10-25,
687,4068344139514513,NIDRA BHATTI,Credit,Visa,2025-09-26,2028-09-26,Active,50000,0,1,2025-09-26,
263,4399966029717821,SNEHA DHINGRA,Debit,Visa,2025-02-24,2029-02-24,Hotlisted,50000,0,1,2025-02-24,Fraud Suspected
305,4552426338985007,PETER RANDHAWA,Debit,RuPay,2026-01-05,2029-01-05,Active,100000,0,0,2026-01-05,
582,4680896392085740,ADITYA NAZARETH,Debit,Visa,2025-04-29,2028-04-29,Active,200000,0,1,2025-04-29,
1463,4015952690966892,JATIN VENKATARAMAN,Virtual,Visa,2023-03-09,2026-03-09,Expired,10000,1,1,2023-03-09,Card Expired
352,4589403677176317,VEDHIKA WALI,Debit,Visa,2024-10-02,2029-10-02,Active,150000,0,1,2024-10-02,
1391,4744680644297886,MICHAEL JAYARAMAN,Credit,Mastercard,2021-01-01,2024-01-01,Expired,200000,0,1,2021-01-01,Card Expired
796,4771351736261310,JAGDISH SOM,Debit,Visa,2026-03-20,2030-03-20,Inactive,200000,0,1,2026-03-20,
1339,4223353479971144,BHAVYA SOLANKI,Debit,RuPay,2024-07-13,2029-07-13,Blocked,50000,1,1,2024-07-13,Multiple Failed PIN Attempts
239,4118873316363353,BHAVNA SABHARWAL,Debit,Visa,2023-04-19,2028-04-19,Inactive,75000,0,1,2023-04-19,
966,4267482981045737,VAISHNAVI SETTY,Debit,RuPay,2025-10-04,2028-10-04,Active,50000,0,1,2025-10-04,
1478,4088139047674247,KRISH SHA,Debit,Visa,2023-01-13,2028-01-13,Active,50000,0,1,2023-01-13,
1229,4342218332785921,AZAD GREWAL,Credit,Visa,2026-03-26,2029-03-26,Active,100000,0,1,2026-03-26,
988,4616920669849118,ADVAY SODHI,Prepaid,Mastercard,2021-08-15,2025-08-15,Expired,25000,0,1,2021-08-15,Card Expired
1018,4917454113221781,FINN PRASHAD,Debit,Visa,2024-01-24,2029-01-24,Blocked,150000,0,1,2024-01-24,Security Concern
215,4489613923508522,ADYA SUNDER,Prepaid,Mastercard,2022-09-25,2027-09-25,Active,50000,1,0,2022-09-25,
106,4080919119994579,BALENDRA BHAT,Debit,RuPay,2025-07-13,2030-07-13,Active,50000,0,1,2025-07-13,
463,4046468150452793,WRIDESH KANDA,Credit,Visa,2023-02-23,2027-02-23,Active,100000,0,1,2023-02-23,
210,4716922080142206,SUDIKSHA TRIPATHI,Debit,RuPay,2025-06-14,2030-06-14,Active,200000,0,1,2025-06-14,
193,4861950059823559,TANAY BALA,Credit,Visa,2024-04-01,2028-04-01,Blocked,100000,0,1,2024-04-01,Suspicious Activity
902,4949138722837629,VASATIKA DAYAL,Debit,RuPay,2026-05-01,2030-05-01,Active,50000,0,1,2026-05-01,
927,4060643383079207,ANTHONY BHATTI,Debit,Mastercard,2022-05-09,2026-05-09,Expired,50000,0,1,2022-05-09,Card Expired
572,4701420818193443,PALLAVI MANGAT,Debit,RuPay,2024-03-20,2029-03-20,Active,75000,0,1,2024-03-20,
1071,4517243614349508,HEMANG LALLA,Debit,RuPay,2021-12-23,2024-12-23,Expired,25000,1,1,2021-12-23,Card Expired
1109,4064288258001299,WRIDDHISH SAHOTA,Credit,Visa,2023-02-05,2028-02-05,Active,300000,0,1,2023-02-05,
767,4844728947066339,ELIJAH PATEL,Debit,Visa,2024-11-21,2029-11-21,Expired,75000,0,0,2024-11-21,Card Expired
923,4194170764157881,YAMINI NAGI,Debit,Mastercard,2021-06-11,2024-06-11,Expired,100000,0,0,2021-06-11,Card Expired
663,4501123187914829,QUSHI SESHADRI,Credit,RuPay,2021-08-28,2026-08-28,Active,500000,1,1,2021-08-28,
246,4151698610827861,ARIN BARMAN,Debit,Mastercard,2022-11-26,2027-11-26,Inactive,25000,1,0,2022-11-26,
1201,4234159386018679,GAGAN GARA,Credit,Mastercard,2025-12-04,2029-12-04,Active,500000,1,1,2025-12-04,
1096,4379946271435263,QABIL NAIK,Credit,RuPay,2021-03-27,2024-03-27,Expired,200000,0,1,2021-03-27,Card Expired
300,4367844196614407,SHRAVYA TRIVEDI,Credit,RuPay,2021-02-26,2025-02-26,Expired,200000,1,1,2021-02-26,Card Expired
488,4921231159722666,ANIKA CHAUDHURI,Debit,RuPay,2023-07-11,2028-07-11,Active,75000,0,0,2023-07-11,
1247,4569422611925959,AZAAN BAWA,Debit,RuPay,2024-03-23,2027-03-23,Active,50000,0,1,2024-03-23,
1376,4106157232921699,ANIKA BADAL,Prepaid,Visa,2023-08-15,2026-08-15,Active,75000,0,1,2023-08-15,
680,4364737893553105,ANVI PAL,Credit,RuPay,2023-06-22,2027-06-22,Active,300000,0,1,2023-06-22,
1455,4699973994605137,MUGDHA KOTHARI,Credit,Visa,2024-02-21,2027-02-21,Active,500000,1,1,2024-02-21,
576,4538719623215240,RAJATA RAM,Debit,Visa,2025-04-09,2030-04-09,Active,75000,0,1,2025-04-09,
207,4821938166612015,AYUSHMAN SANKARAN,Debit,Mastercard,2022-05-12,2027-05-12,Active,150000,0,1,2022-05-12,
1423,4491956188272913,PRANEEL BOSE,Debit,Visa,2025-04-04,2029-04-04,Active,25000,0,1,2025-04-04,
960,4909585524371724,GAURI BAHRI,Debit,Mastercard,2025-08-11,2029-08-11,Inactive,100000,0,1,2025-08-11,
1481,4537738087027786,BHAVINI BATH,Virtual,Visa,2022-04-05,2026-04-05,Expired,25000,0,1,2022-04-05,Card Expired
672,4245709792848415,WAIDA DARA,Credit,Visa,2025-07-20,2028-07-20,Active,50000,0,1,2025-07-20,
60,4042447642469794,ALKA VARGHESE,Debit,RuPay,2024-10-17,2028-10-17,Active,150000,1,1,2024-10-17,
501,4399356628193169,WAIDA BASSI,Debit,Visa,2024-09-28,2028-09-28,Active,150000,0,1,2024-09-28,
675,4009728517496801,CHARAN PANCHAL,Debit,Mastercard,2021-04-24,2024-04-24,Expired,100000,1,0,2021-04-24,Card Expired
99,4087629028849144,OM MALLICK,Debit,Visa,2026-01-13,2029-01-13,Active,50000,1,1,2026-01-13,
861,4258643832926990,ATHARV HALDER,Debit,Mastercard,2026-03-08,2030-03-08,Active,150000,0,1,2026-03-08,
264,4352901710041668,YAHVI SEN,Debit,Mastercard,2022-11-21,2027-11-21,Active,200000,1,1,2022-11-21,
102,4260481740998084,VRISHTI DEVAN,Debit,RuPay,2025-12-22,2029-12-22,Active,100000,0,0,2025-12-22,
1290,4509665070304069,CHRISTOPHER RANDHAWA,Debit,RuPay,2022-08-05,2027-08-05,Active,50000,0,1,2022-08-05,
784,4170357766594724,LADLI KURUVILLA,Virtual,Visa,2021-04-25,2025-04-25,Expired,25000,0,1,2021-04-25,Card Expired
146,4389779674903602,LILA DESAI,Debit,Visa,2025-09-07,2030-09-07,Active,75000,0,0,2025-09-07,
167,4874257620367434,ARADHANA RAJU,Debit,Visa,2026-01-02,2029-01-02,Active,150000,1,1,2026-01-02,
1281,4682673043548584,UDYATI JHAVERI,Debit,Mastercard,2024-05-17,2029-05-17,Active,50000,0,0,2024-05-17,
1470,4588424144651716,LUCKY RAMAN,Debit,Visa,2026-06-07,2030-06-07,Active,50000,0,0,2026-06-07,
414,4705782817509354,MEGHA KAPOOR,Virtual,RuPay,2024-06-30,2028-06-30,Active,10000,0,1,2024-06-30,
748,4586258521617470,FALAN SANI,Debit,Mastercard,2022-12-25,2027-12-25,Active,50000,1,1,2022-12-25,
1042,4738999963185577,VASUDHA PUROHIT,Debit,Mastercard,2024-11-25,2028-11-25,Expired,150000,0,1,2024-11-25,Card Expired
58,4098525141025384,ARUNIMA RAMACHANDRAN,Credit,RuPay,2021-06-08,2026-06-08,Expired,50000,0,0,2021-06-08,Card Expired
118,4425831276938082,FALAK REDDY,Credit,RuPay,2023-07-07,2027-07-07,Active,50000,0,1,2023-07-07,
1049,4711374871043570,NICHOLAS TRIPATHI,Credit,Visa,2025-01-31,2029-01-31,Active,150000,0,1,2025-01-31,
1112,4674264773501239,TRIYA LAD,Debit,RuPay,2022-06-16,2027-06-16,Active,50000,0,0,2022-06-16,
1359,4550637991445932,YOSHITA BHARGAVA,Debit,Mastercard,2021-12-24,2025-12-24,Expired,50000,0,1,2021-12-24,Card Expired
1454,4454444970883353,OMISHA NAYAR,Debit,Visa,2025-01-27,2028-01-27,Active,75000,0,1,2025-01-27,
429,4501965697845433,EKANTA ANDRA,Debit,Visa,2024-09-06,2029-09-06,Active,75000,0,0,2024-09-06,
1416,4721634927546533,VEDIKA NATARAJAN,Credit,Mastercard,2025-09-06,2029-09-06,Inactive,100000,0,1,2025-09-06,
973,4037771070513988,XITI RAMASWAMY,Debit,RuPay,2021-11-26,2024-11-26,Expired,25000,0,0,2021-11-26,Card Expired
1029,4051851758974386,ONI RAMACHANDRAN,Debit,RuPay,2021-02-18,2024-02-18,Expired,25000,1,1,2021-02-18,Card Expired
471,4147992367345723,LEKHA VIG,Debit,Mastercard,2026-05-25,2029-05-25,Active,50000,1,1,2026-05-25,
1142,4760598847411719,MAANAV MUKHOPADHYAY,Debit,RuPay,2021-02-06,2025-02-06,Expired,200000,0,1,2021-02-06,Card Expired
1377,4155836913127660,IKBAL DHINGRA,Debit,Mastercard,2026-01-08,2029-01-08,Active,75000,0,0,2026-01-08,
1043,4888306285004684,PETER RAMA,Debit,Visa,2026-05-26,2029-05-26,Active,150000,1,0,2026-05-26,
346,4478496396892444,HENRY DIVAN,Debit,Mastercard,2024-01-21,2027-01-21,Active,25000,1,1,2024-01-21,
355,4659566766335042,EIRAVATI SASTRY,Debit,Visa,2023-08-21,2027-08-21,Hotlisted,50000,0,1,2023-08-21,Security Risk
497,4881100533189552,FITAN PARMAR,Debit,Visa,2022-03-17,2025-03-17,Expired,150000,1,1,2022-03-17,Card Expired
652,4334208225641620,POOJA CHANDRAN,Debit,RuPay,2021-03-10,2026-03-10,Expired,50000,1,1,2021-03-10,Card Expired
1038,4806143751042529,ZANSI SURI,Credit,RuPay,2024-07-29,2027-07-29,Active,300000,0,0,2024-07-29,
1204,4107293881796398,MANBIR SALVI,Prepaid,Visa,2023-07-20,2026-07-20,Expired,25000,1,1,2023-07-20,Card Expired
333,4879683179911646,GAURANGI AHLUWALIA,Virtual,Mastercard,2023-02-07,2026-02-07,Expired,50000,0,1,2023-02-07,Card Expired
1172,4722305155905627,OMYA SIBAL,Debit,RuPay,2025-09-10,2029-09-10,Active,50000,0,1,2025-09-10,
28,4279971798205040,TIMOTHY CONTRACTOR,Debit,Visa,2024-01-01,2027-01-01,Active,75000,0,1,2024-01-01,
1293,4854382419225172,GARIMA DALAL,Debit,RuPay,2024-02-10,2028-02-10,Active,150000,0,1,2024-02-10,
328,4872793180325577,DEVIKA KAPUR,Debit,RuPay,2024-11-12,2028-11-12,Expired,200000,0,1,2024-11-12,Card Expired
928,4131212858596515,ALKA BAJAJ,Debit,Mastercard,2021-07-10,2025-07-10,Expired,75000,1,1,2021-07-10,Card Expired
1459,4457994721601142,DAYITA UPADHYAY,Credit,Mastercard,2022-09-14,2026-09-14,Active,300000,0,1,2022-09-14,
574,4571592635298364,POOJA JAGGI,Debit,Visa,2022-05-25,2026-05-25,Expired,150000,0,1,2022-05-25,Card Expired
38,4705459228683958,NILIMA KHARE,Debit,RuPay,2021-02-15,2024-02-15,Expired,25000,0,0,2021-02-15,Card Expired
995,4415532415289904,PRATYUSH NAIDU,Credit,Mastercard,2022-09-13,2026-09-13,Active,100000,0,1,2022-09-13,
432,4353101335862027,MANAN WALI,Credit,RuPay,2021-12-22,2025-12-22,Expired,500000,0,1,2021-12-22,Card Expired
753,4526631829331609,IJAYA IYENGAR,Debit,Mastercard,2025-02-12,2028-02-12,Blocked,200000,1,1,2025-02-12,Customer Request
55,4343922462851046,DIPTA SABHARWAL,Debit,Mastercard,2025-06-09,2028-06-09,Active,200000,0,1,2025-06-09,
239,4257265017011061,NAVEEN MODI,Credit,RuPay,2025-06-29,2028-06-29,Hotlisted,500000,0,0,2025-06-29,Card Reported Lost
853,4536908523913140,CHAKRIKA PATLA,Debit,RuPay,2021-08-08,2024-08-08,Expired,75000,0,1,2021-08-08,Card Expired
1033,4585541487889607,ARADHANA SWAMINATHAN,Debit,Visa,2025-05-27,2030-05-27,Active,25000,0,1,2025-05-27,
1320,4351943124635428,RANBIR MADAN,Debit,Mastercard,2023-04-10,2026-04-10,Expired,100000,0,1,2023-04-10,Card Expired
955,4351732573672798,RACHIT WALIA,Debit,Visa,2026-03-18,2030-03-18,Active,100000,0,1,2026-03-18,
280,4847598448637727,FALAN KHURANA,Debit,Mastercard,2021-09-04,2026-09-04,Active,25000,1,1,2021-09-04,
128,4643788765961114,AARAV RAM,Debit,RuPay,2021-01-30,2024-01-30,Expired,100000,1,1,2021-01-30,Card Expired
1348,4754789459943010,NISHA BARAD,Debit,Visa,2024-10-25,2028-10-25,Blocked,75000,0,0,2024-10-25,Suspicious Activity
293,4532890392267875,FIYAZ LUTHRA,Prepaid,Mastercard,2023-11-05,2027-11-05,Active,10000,0,1,2023-11-05,
1500,4944457766655268,DAVID KARNIK,Debit,Visa,2025-04-02,2030-04-02,Active,25000,0,1,2025-04-02,
777,4087906086383161,ORINDER SARMA,Debit,RuPay,2024-08-14,2029-08-14,Active,50000,0,1,2024-08-14,
245,4826364553529462,AYUSH CHAND,Debit,Visa,2023-03-26,2027-03-26,Active,75000,0,1,2023-03-26,
639,4470176794661157,OJAS BHANDARI,Debit,RuPay,2023-12-26,2027-12-26,Inactive,100000,0,1,2023-12-26,
663,4697696175686395,LILA RANDHAWA,Debit,Visa,2021-07-04,2024-07-04,Expired,100000,1,1,2021-07-04,Card Expired
1321,4630529683672845,AYAAN NARAYANAN,Debit,RuPay,2023-11-12,2026-11-12,Active,50000,0,1,2023-11-12,
123,4033716962079349,DALAJA TRIPATHI,Debit,Visa,2024-10-18,2029-10-18,Active,75000,0,1,2024-10-18,
984,4670431357942782,OLIVER KARNIK,Virtual,Visa,2025-07-24,2028-07-24,Active,25000,0,0,2025-07-24,
130,4019320490994182,UTKARSH MISHRA,Prepaid,Visa,2024-06-12,2029-06-12,Active,50000,0,1,2024-06-12,
695,4694161686298775,AARNAV GREWAL,Debit,Mastercard,2024-09-06,2028-09-06,Active,150000,1,0,2024-09-06,
1061,4476881046106169,FALGUNI NARASIMHAN,Credit,Visa,2023-02-10,2026-02-10,Expired,50000,0,1,2023-02-10,Card Expired
796,4153111568006139,BHANUMATI SANDHU,Debit,Visa,2022-11-12,2026-11-12,Blocked,25000,0,1,2022-11-12,Suspicious Activity
611,4648859567743329,CHANAKYA DEOL,Credit,RuPay,2025-12-07,2030-12-07,Active,150000,1,1,2025-12-07,
328,4086956857717527,UPASNA PATIL,Virtual,Visa,2022-09-04,2026-09-04,Active,100000,0,1,2022-09-04,
2,4786463849249278,GARIMA GANESAN,Debit,RuPay,2022-09-10,2025-09-10,Expired,50000,0,1,2022-09-10,Card Expired
866,4435812074136638,WAHAB BAJWA,Debit,RuPay,2021-12-29,2024-12-29,Expired,50000,0,1,2021-12-29,Card Expired
1149,4601952659263293,TANVI ACHARYA,Debit,RuPay,2022-10-15,2027-10-15,Active,50000,0,1,2022-10-15,
593,4057682944169157,JASMIT BHARDWAJ,Debit,Visa,2024-03-22,2029-03-22,Active,50000,1,1,2024-03-22,
792,4306124933971551,KRITIKA KAKAR,Debit,RuPay,2026-05-09,2029-05-09,Active,50000,0,1,2026-05-09,
747,4938469185144770,KARAN MAJUMDAR,Credit,Visa,2026-01-26,2030-01-26,Active,200000,1,0,2026-01-26,
1140,4793844236853247,TRIPTI MADAN,Debit,Visa,2022-05-12,2025-05-12,Expired,150000,0,1,2022-05-12,Card Expired
401,4054781216941653,BAGHYAWATI SACHDEVA,Prepaid,Mastercard,2024-01-28,2028-01-28,Active,75000,1,1,2024-01-28,
935,4516251515498556,EDHITHA VARUGHESE,Debit,Mastercard,2022-05-17,2025-05-17,Expired,200000,0,1,2022-05-17,Card Expired
640,4811362451605498,VEDIKA MENON,Debit,RuPay,2022-10-16,2026-10-16,Active,25000,0,1,2022-10-16,
1051,4795203324013004,ANUSHA LAD,Prepaid,Visa,2025-04-01,2028-04-01,Active,75000,0,1,2025-04-01,
1205,4786976322157789,DAYITA DUA,Debit,Visa,2022-05-10,2025-05-10,Expired,50000,0,1,2022-05-10,Card Expired
400,4063179284681162,ADYA MANE,Debit,Mastercard,2023-02-24,2027-02-24,Active,25000,0,1,2023-02-24,
442,4247251650217232,QABIL KALITA,Debit,RuPay,2021-10-30,2026-10-30,Active,200000,0,1,2021-10-30,
241,4203677782211655,VASUDHA NAIR,Debit,Mastercard,2021-10-13,2025-10-13,Expired,25000,0,1,2021-10-13,Card Expired
228,4736192572173152,RANVEER SAHOTA,Debit,Visa,2023-08-30,2028-08-30,Active,200000,0,1,2023-08-30,
513,4843650055089586,MANTHAN BOASE,Debit,Mastercard,2021-04-22,2024-04-22,Expired,50000,1,1,2021-04-22,Card Expired
826,4491123256277315,NEEL CHOUDHARY,Debit,Mastercard,2021-09-13,2025-09-13,Expired,50000,0,1,2021-09-13,Card Expired
508,4644207215311932,ANVI VARTY,Debit,Visa,2022-09-27,2027-09-27,Active,50000,0,1,2022-09-27,
1213,4006544545244337,SAMAR RATTA,Debit,Visa,2021-02-11,2026-02-11,Expired,100000,0,1,2021-02-11,Card Expired
432,4909695111295638,BHAVYA BEN,Debit,Visa,2021-07-05,2024-07-05,Expired,75000,0,1,2021-07-05,Card Expired
1101,4898662385656335,VANYA GARDE,Virtual,Visa,2026-06-21,2029-06-21,Active,10000,0,1,2026-06-21,
894,4757657793623827,DAYITA BEHL,Debit,Visa,2024-09-27,2027-09-27,Active,50000,0,1,2024-09-27,
750,4528498622468105,GAURANGI DUGAL,Debit,RuPay,2025-04-09,2028-04-09,Active,25000,0,1,2025-04-09,
1432,4198516540939156,LOHIT SANGHVI,Prepaid,RuPay,2021-09-13,2024-09-13,Expired,75000,0,0,2021-09-13,Card Expired
1108,4946742532851662,WAIDA DOSHI,Debit,RuPay,2023-04-18,2027-04-18,Active,200000,0,0,2023-04-18,
543,4428759271217538,VEDIKA GOPAL,Virtual,Visa,2022-06-28,2027-06-28,Active,100000,1,1,2022-06-28,
791,4161730063543088,HREDHAAN BHALLA,Debit,RuPay,2025-07-31,2029-07-31,Active,50000,1,1,2025-07-31,
1496,4429558030045718,SHAURYA BAJWA,Debit,Visa,2024-02-21,2028-02-21,Active,150000,0,1,2024-02-21,
54,4186826146346248,WILLIAM MANN,Debit,RuPay,2025-01-19,2028-01-19,Active,150000,0,1,2025-01-19,
214,4782882249518522,VARENYA DUGAL,Debit,RuPay,2026-03-19,2029-03-19,Inactive,200000,0,1,2026-03-19,
1232,4428734125671771,GIRISH AGATE,Debit,Visa,2024-08-07,2027-08-07,Active,150000,0,1,2024-08-07,
502,4048701180488092,HIRAL DUGAR,Debit,RuPay,2024-07-18,2028-07-18,Inactive,150000,0,1,2024-07-18,
75,4599730979154556,OMAJA MANNAN,Debit,Mastercard,2023-01-18,2028-01-18,Active,150000,0,1,2023-01-18,
1436,4039782629411619,SAMESH VERMA,Debit,RuPay,2021-11-15,2026-11-15,Active,50000,0,1,2021-11-15,
472,4354347147176406,PAHAL BARAD,Debit,Visa,2025-08-07,2030-08-07,Active,150000,0,1,2025-08-07,
40,4402189771466504,JONATHAN GABA,Credit,Visa,2022-08-04,2027-08-04,Active,500000,0,1,2022-08-04,
292,4432211692672479,CHANDRESH GANGULY,Credit,Visa,2021-07-15,2026-07-15,Expired,200000,0,1,2021-07-15,Card Expired
905,4806649356875665,GUNBIR LAL,Debit,Visa,2024-10-25,2029-10-25,Active,200000,0,1,2024-10-25,
852,4849342734128154,DALBIR DIN,Credit,Visa,2024-11-03,2028-11-03,Active,100000,0,1,2024-11-03,
734,4886465922975966,DAKSH MISRA,Debit,Visa,2022-12-18,2026-12-18,Active,200000,0,1,2022-12-18,
706,4403756378236677,CHARLES HANS,Debit,Mastercard,2026-04-24,2030-04-24,Active,25000,0,1,2026-04-24,
578,4344204911107660,GIRINDRA CHAR,Debit,Visa,2023-09-18,2026-09-18,Active,25000,0,1,2023-09-18,
1497,4844641510303986,YUG VERMA,Debit,Visa,2024-03-05,2029-03-05,Active,100000,0,1,2024-03-05,
176,4354746714015785,MANAN MISTRY,Credit,Mastercard,2021-02-10,2026-02-10,Expired,300000,0,1,2021-02-10,Card Expired
1407,4045276389772747,NANDINI MAJUMDAR,Debit,RuPay,2023-03-01,2026-03-01,Expired,200000,0,1,2023-03-01,Card Expired
1187,4429265196746568,RISHI MAHARAJ,Virtual,Visa,2021-06-25,2026-06-25,Expired,50000,1,1,2021-06-25,Card Expired
1444,4205230379364960,WISHI PAREKH,Credit,Visa,2025-02-09,2029-02-09,Active,150000,1,1,2025-02-09,
2,4206144387808648,ABHIMANYU NARAYANAN,Credit,Visa,2023-07-11,2028-07-11,Active,100000,0,1,2023-07-11,
966,4432624543852421,DANIEL DEO,Debit,Visa,2022-11-24,2025-11-24,Expired,150000,0,1,2022-11-24,Card Expired
1355,4836982712887763,MOHINI RAMASWAMY,Debit,Visa,2023-06-07,2027-06-07,Active,200000,0,1,2023-06-07,
1237,4352162198205289,CHAVVI YOGI,Virtual,Mastercard,2025-06-13,2028-06-13,Inactive,50000,0,1,2025-06-13,
259,4638612550881661,EIRAVATI SHARMA,Debit,RuPay,2022-11-14,2027-11-14,Active,25000,0,1,2022-11-14,
398,4252173076582155,CHANDANI BALAN,Credit,Mastercard,2024-07-25,2029-07-25,Active,50000,0,0,2024-07-25,
161,4985478864519598,CHAMELI RATTA,Prepaid,Mastercard,2023-11-04,2026-11-04,Active,50000,1,1,2023-11-04,
282,4394332131201940,YACHANA RAVI,Credit,RuPay,2022-12-05,2027-12-05,Active,150000,1,1,2022-12-05,
498,4869897391259510,GIRINDRA SAHA,Credit,Visa,2022-01-29,2027-01-29,Active,200000,0,1,2022-01-29,
122,4883998465699698,LIAM WASON,Debit,Mastercard,2023-01-18,2027-01-18,Hotlisted,150000,1,1,2023-01-18,Card Reported Lost
491,4316932385258537,SAUMYA SARNA,Debit,Visa,2025-10-05,2030-10-05,Active,150000,1,1,2025-10-05,
249,4123338859687874,THOMAS ACHARYA,Credit,RuPay,2022-06-05,2026-06-05,Expired,500000,1,1,2022-06-05,Card Expired
650,4239219938885799,ADVIKA DUGAL,Virtual,Visa,2021-09-18,2025-09-18,Expired,10000,0,1,2021-09-18,Card Expired
84,4085839340937436,TRIVENI CHOPRA,Debit,Mastercard,2022-12-30,2026-12-30,Expired,150000,0,1,2022-12-30,Card Expired
539,4067280373044735,INDRAJIT DIVAN,Debit,RuPay,2022-06-11,2025-06-11,Expired,75000,0,1,2022-06-11,Card Expired
1286,4307664584551203,HARDIK KADE,Debit,RuPay,2022-03-09,2027-03-09,Active,150000,0,1,2022-03-09,
1185,4087366121345940,GOPAL RAY,Debit,Visa,2022-01-07,2025-01-07,Expired,50000,0,0,2022-01-07,Card Expired
740,4370320118628511,MANBIR RAMAN,Debit,RuPay,2023-02-27,2026-02-27,Expired,75000,0,1,2023-02-27,Card Expired
1113,4999684226792273,HEMAL SOOD,Virtual,Visa,2024-05-04,2029-05-04,Blocked,100000,1,0,2024-05-04,Suspicious Activity
141,4144593168531549,GEORGE BIR,Debit,Visa,2024-10-25,2027-10-25,Hotlisted,150000,0,1,2024-10-25,Card Reported Lost
128,4895850191825033,ANMOL TANDON,Debit,RuPay,2024-05-20,2028-05-20,Active,75000,0,1,2024-05-20,
281,4746566178528510,SUHANI MANDA,Debit,RuPay,2025-11-05,2028-11-05,Active,75000,0,1,2025-11-05,
267,4278448365472895,RISHI KAUL,Debit,Visa,2025-02-11,2028-02-11,Hotlisted,75000,0,1,2025-02-11,Card Reported Stolen
1239,4323192654671054,MITESH KALA,Debit,RuPay,2022-04-03,2025-04-03,Expired,50000,0,1,2022-04-03,Card Expired
385,4139871549802724,MITALI KALA,Credit,Mastercard,2025-03-09,2028-03-09,Active,300000,0,1,2025-03-09,
530,4956440937337122,JANUJA PALLA,Credit,Mastercard,2026-02-03,2029-02-03,Active,300000,0,1,2026-02-03,
882,4355154094418494,LEENA SHUKLA,Debit,Visa,2023-09-29,2026-09-29,Active,100000,0,1,2023-09-29,
195,4844373281716607,MADHAV KRISHNAN,Credit,Visa,2024-10-02,2028-10-02,Active,200000,0,1,2024-10-02,
969,4800862115187737,KRISHNA MAHAL,Credit,RuPay,2025-04-03,2028-04-03,Active,150000,0,1,2025-04-03,
44,4793140824491497,YUTIKA CHADHA,Debit,Visa,2025-01-02,2030-01-02,Active,25000,0,1,2025-01-02,
1401,4855904373956945,HARINAKSHI DHAR,Debit,Visa,2022-08-14,2027-08-14,Hotlisted,25000,1,1,2022-08-14,Card Reported Lost
1198,4027305449591556,DHRITI BALAKRISHNAN,Debit,Visa,2024-06-08,2028-06-08,Active,50000,0,1,2024-06-08,
108,4776222989398359,JAI BHARGAVA,Debit,Visa,2022-08-12,2026-08-12,Expired,100000,0,0,2022-08-12,Card Expired
1449,4879740345159467,INAYA MANNAN,Debit,Mastercard,2023-02-20,2026-02-20,Expired,25000,0,1,2023-02-20,Card Expired
599,4071904666598411,INDRAJIT GILL,Debit,RuPay,2024-01-12,2027-01-12,Active,200000,0,1,2024-01-12,
567,4329353942356417,QADIM HANDA,Debit,Mastercard,2023-05-04,2026-05-04,Expired,25000,0,1,2023-05-04,Card Expired
1360,4626431485178979,IMARAN MITAL,Debit,Mastercard,2024-05-03,2028-05-03,Active,100000,0,1,2024-05-03,
586,4511520343741730,SAKSHAM SHUKLA,Debit,Visa,2021-12-18,2026-12-18,Active,100000,0,0,2021-12-18,
153,4836290894941525,SARA BORA,Debit,Visa,2025-07-16,2029-07-16,Active,75000,0,1,2025-07-16,
574,4027377566657425,ETA KOTHARI,Debit,Visa,2024-11-05,2028-11-05,Active,200000,1,1,2024-11-05,
1123,4495166757135623,GAURAV SOM,Credit,Visa,2023-10-06,2026-10-06,Active,300000,1,1,2023-10-06,
1303,4605767184009296,MAANAS MANN,Debit,Visa,2021-02-03,2025-02-03,Expired,75000,0,1,2021-02-03,Card Expired
629,4416522373895086,EIRAVATI MADAN,Debit,Mastercard,2021-07-20,2026-07-20,Expired,200000,0,1,2021-07-20,Card Expired
608,4243193914177774,ANVI PERI,Debit,Visa,2024-12-04,2028-12-04,Active,50000,0,1,2024-12-04,
1114,4584999873274548,CHAMPAK D’ALIA,Debit,Visa,2021-12-30,2025-12-30,Expired,100000,0,1,2021-12-30,Card Expired
1389,4629778328031607,HARSHIL SUBRAMANIAM,Credit,RuPay,2021-07-11,2026-07-11,Expired,150000,0,1,2021-07-11,Card Expired
809,4670243044684528,BISHAKHA DAS,Debit,Mastercard,2022-04-18,2027-04-18,Active,200000,0,1,2022-04-18,
1047,4059546723333589,CHAMELI PILLAI,Debit,Visa,2024-08-21,2029-08-21,Active,50000,0,1,2024-08-21,
505,4679532046149862,ANIKA VIRK,Debit,Visa,2021-06-18,2026-06-18,Expired,25000,0,1,2021-06-18,Card Expired
1427,4113457446393995,OSHA DAR,Debit,RuPay,2024-05-15,2028-05-15,Active,25000,0,1,2024-05-15,
216,4387670713749553,GAURIKA KORPAL,Debit,Mastercard,2026-04-11,2029-04-11,Hotlisted,100000,1,1,2026-04-11,Fraud Suspected
63,4600745148082310,CHRISTOPHER SUNDARAM,Virtual,RuPay,2024-04-02,2029-04-02,Active,25000,0,1,2024-04-02,
1104,4446429682518927,GAURIKA DOSHI,Prepaid,RuPay,2021-08-03,2026-08-03,Expired,25000,1,1,2021-08-03,Card Expired
1161,4495924524941626,CHATURA MISTRY,Debit,Mastercard,2022-08-28,2027-08-28,Active,75000,1,1,2022-08-28,
1366,4200334219064899,LEENA SAINI,Debit,Visa,2022-05-08,2027-05-08,Inactive,150000,0,1,2022-05-08,
516,4305779912923657,ANSH SHAN,Debit,Mastercard,2022-12-04,2026-12-04,Active,200000,0,1,2022-12-04,
1116,4845619794972071,TARAK DARA,Credit,Mastercard,2024-04-20,2029-04-20,Active,500000,0,1,2024-04-20,
804,4033524128806392,ANITA DASGUPTA,Debit,Visa,2021-11-06,2026-11-06,Active,100000,0,1,2021-11-06,
163,4771646344674257,BALJIWAN PINGLE,Debit,Mastercard,2023-08-31,2026-08-31,Active,75000,0,1,2023-08-31,
181,4809219072557629,MEGHA THAMAN,Debit,RuPay,2023-02-12,2027-02-12,Active,25000,1,1,2023-02-12,
691,4176256232608888,MITALI MUKHERJEE,Prepaid,RuPay,2023-07-20,2028-07-20,Active,75000,0,1,2023-07-20,
54,4947680286808195,GAYATHRI MITTAL,Debit,Visa,2024-03-01,2028-03-01,Active,25000,0,1,2024-03-01,
539,4079385657465186,IMARAN VOHRA,Debit,RuPay,2022-05-03,2026-05-03,Expired,200000,0,1,2022-05-03,Card Expired
1242,4971254623142937,ONKAR GHOSH,Credit,RuPay,2026-03-11,2029-03-11,Active,100000,1,1,2026-03-11,
192,4530652744924126,TANVEER GOLA,Debit,RuPay,2022-08-06,2026-08-06,Expired,150000,0,1,2022-08-06,Card Expired
1466,4958841911226077,DAYITA DEO,Credit,Visa,2023-12-12,2028-12-12,Active,300000,0,1,2023-12-12,
225,4819571634661087,HEMANI BIR,Debit,Visa,2025-10-13,2028-10-13,Active,200000,0,1,2025-10-13,
1236,4112425434372302,CHANDANI RAGHAVAN,Debit,Visa,2025-08-19,2030-08-19,Expired,75000,0,1,2025-08-19,Card Expired
21,4947982341556570,GAGAN SOLANKI,Debit,Mastercard,2021-04-19,2024-04-19,Expired,25000,0,1,2021-04-19,Card Expired
180,4773915781179991,DARSH MITTAL,Debit,Mastercard,2023-12-08,2028-12-08,Active,75000,0,1,2023-12-08,
551,4269821466525808,MASON RAU,Debit,RuPay,2025-03-18,2029-03-18,Active,200000,0,1,2025-03-18,
946,4035939224891883,GABRIEL CHERIAN,Debit,RuPay,2024-04-21,2028-04-21,Active,200000,0,1,2024-04-21,
202,4682601099515706,HARDIK SASTRY,Credit,Visa,2023-03-12,2026-03-12,Expired,300000,0,0,2023-03-12,Card Expired
873,4471488688592171,JACKSON OOMMEN,Debit,Visa,2023-06-03,2028-06-03,Active,200000,0,1,2023-06-03,
81,4397207314191987,AADHYA PURI,Prepaid,RuPay,2023-10-18,2027-10-18,Active,10000,0,1,2023-10-18,
1043,4188362698701612,LOPA GHOSH,Debit,RuPay,2021-04-22,2026-04-22,Expired,150000,1,1,2021-04-22,Card Expired
354,4486709778862851,ABHA BAHL,Debit,Mastercard,2021-10-11,2025-10-11,Expired,200000,0,1,2021-10-11,Card Expired
740,4170610134854947,ZAITRA TALWAR,Credit,Mastercard,2021-09-01,2025-09-01,Expired,300000,0,1,2021-09-01,Card Expired
754,4057997197888753,MEKHALA SAGAR,Debit,Visa,2025-09-11,2028-09-11,Active,25000,0,1,2025-09-11,
335,4249335670253750,OVIYA MALLICK,Virtual,RuPay,2023-11-22,2027-11-22,Active,100000,1,1,2023-11-22,
1464,4595666580492135,MITESH KALA,Debit,Visa,2025-05-10,2028-05-10,Active,100000,0,1,2025-05-10,
1191,4529556941524690,EKANI RAJU,Debit,Visa,2025-06-29,2029-06-29,Active,100000,0,0,2025-06-29,
123,4412944482891679,BACHITTAR KASHYAP,Debit,RuPay,2022-05-25,2026-05-25,Expired,200000,0,1,2022-05-25,Card Expired
65,4889215063472915,LILA PARMAR,Credit,Visa,2023-04-02,2028-04-02,Active,150000,1,1,2023-04-02,
1339,4237226889488593,VARENYA MEMON,Debit,RuPay,2023-04-15,2026-04-15,Expired,25000,1,1,2023-04-15,Card Expired
526,4322711084151634,GUNBIR BALAKRISHNAN,Virtual,Mastercard,2025-06-05,2030-06-05,Active,100000,0,1,2025-06-05,
1417,4438914175791097,QUSHI MUNI,Debit,Mastercard,2025-12-30,2028-12-30,Active,50000,1,1,2025-12-30,
1057,4516249145675157,ELIJAH RAJAGOPAL,Debit,Visa,2021-03-03,2026-03-03,Expired,200000,0,0,2021-03-03,Card Expired
539,4375820986632288,SARA WALI,Debit,Mastercard,2021-06-24,2026-06-24,Expired,150000,0,0,2021-06-24,Card Expired
787,4087724689419494,CHANCHAL GOKHALE,Debit,Visa,2022-03-05,2027-03-05,Expired,25000,0,1,2022-03-05,Card Expired
134,4291695334152971,NAKUL COMAR,Debit,RuPay,2024-01-16,2028-01-16,Active,25000,0,1,2024-01-16,
1223,4737611511523437,BAGHYAWATI LUTHRA,Debit,Mastercard,2022-11-10,2026-11-10,Expired,200000,0,1,2022-11-10,Card Expired
704,4490292733393597,CHAKRIKA SANKAR,Debit,Visa,2026-06-06,2031-06-06,Active,25000,0,1,2026-06-06,
350,4163754963236525,HITESH KARAN,Debit,Visa,2024-11-09,2028-11-09,Inactive,100000,1,1,2024-11-09,
623,4138172792378562,ADITYA HANDA,Debit,RuPay,2022-02-09,2026-02-09,Expired,200000,0,1,2022-02-09,Card Expired
692,4324239783609489,EIRAVATI DEOL,Debit,RuPay,2023-10-30,2028-10-30,Active,150000,0,1,2023-10-30,
847,4445805647484533,GEETIKA BHAKTA,Virtual,RuPay,2025-08-31,2030-08-31,Hotlisted,10000,1,1,2025-08-31,Card Reported Lost
1400,4982175161232683,ISHA BANIK,Credit,RuPay,2023-09-08,2027-09-08,Active,300000,0,0,2023-09-08,
