customer_id,account_number,account_type,balance,account_status,open_date,closed_date,created_at,branch_id
232,725626576271,Savings,281859.87,Active,2025-03-21,,2025-03-21,15
302,228949503724,Savings,243911.2,Active,2024-07-09,,2024-07-09,20
767,396787914302,Savings,448111.54,Active,2019-08-07,,2019-08-07,7
865,546985795756,Salary,106255.25,Active,2020-11-25,,2020-11-25,6
143,606127274883,Current,1590182.21,Active,2019-03-08,,2019-03-08,20
905,945742633580,Savings,244065.3,Active,2021-11-15,,2021-11-15,12
314,485917272692,Savings,318711.96,Active,2018-04-03,,2018-04-03,1
596,407496367162,Premium,4386190.76,Active,2025-12-29,,2025-12-29,1
301,465257812229,Salary,37585.36,Active,2019-05-08,,2019-05-08,8
932,431403705540,Current,273424.84,Active,2023-06-09,,2023-06-09,3
776,454929429335,Savings,479.76,Closed,2025-05-05,2026-07-27,2025-05-05,5
260,769604226936,Savings,244713.35,Active,2022-10-20,,2022-10-20,19
259,349925666801,Savings,464722.02,Active,2024-01-20,,2024-01-20,3
450,406631250700,Savings,220103.51,Active,2021-01-01,,2021-01-01,18
232,409901872622,Savings,57672.38,Active,2018-02-28,,2018-02-28,3
390,180973958096,Current,700802.74,Active,2024-03-21,,2024-03-21,9
970,690044804183,Savings,221611.32,Active,2018-04-01,,2018-04-01,8
938,352066614688,Savings,289898.75,Active,2023-10-24,,2023-10-24,20
884,221262797361,Current,1050768.2,Active,2022-03-14,,2022-03-14,14
528,110466692890,Savings,5851.29,Inactive,2020-05-21,,2020-05-21,9
974,701082152354,Salary,48942.55,Active,2020-12-06,,2020-12-06,15
681,601082550984,Current,531302.39,Active,2019-07-28,,2019-07-28,13
850,372724457896,Current,600088.51,Active,2024-11-04,,2024-11-04,5
292,976769341786,Savings,342328.98,Active,2022-11-09,,2022-11-09,8
851,694659472334,Savings,1871.51,Active,2022-09-11,,2022-09-11,8
410,123235293324,Salary,59927.8,Active,2021-05-17,,2021-05-17,10
217,381511240565,Savings,37329.52,Active,2025-08-29,,2025-08-29,13
43,240617893609,Salary,198719.97,Active,2021-03-25,,2021-03-25,13
126,947858545798,Savings,364508.58,Inactive,2022-05-13,,2022-05-13,17
889,128331317621,Current,404569.98,Active,2025-06-28,,2025-06-28,14
573,341224259628,Savings,56047.56,Active,2023-06-30,,2023-06-30,5
912,409704810502,Savings,485040.52,Active,2018-08-14,,2018-08-14,18
743,134756170259,Savings,250053.56,Active,2023-03-18,,2023-03-18,14
835,163903261993,Savings,273905.31,Active,2019-04-23,,2019-04-23,6
908,469016894619,Savings,452494.33,Active,2020-01-21,,2020-01-21,2
349,145378099935,Savings,476235.59,Active,2021-08-30,,2021-08-30,2
525,784301206096,Salary,172823.68,Active,2018-06-22,,2018-06-22,3
632,557026630666,Current,1798868.45,Active,2026-03-19,,2026-03-19,8
65,452191930814,Current,528352.29,Active,2024-12-02,,2024-12-02,7
661,245992370101,Savings,25603.05,Active,2019-07-29,,2019-07-29,18
269,909050255248,Savings,472329.76,Active,2024-01-30,,2024-01-30,7
745,969781650725,Savings,26559.72,Active,2025-08-20,,2025-08-20,15
280,265272885951,Savings,440905.2,Active,2018-01-16,,2018-01-16,13
828,988650451720,Current,972830.59,Active,2020-10-01,,2020-10-01,13
470,933422834450,Savings,279.93,Closed,2019-09-10,2022-05-20,2019-09-10,2
705,344095277285,Savings,100748.92,Active,2021-02-19,,2021-02-19,3
502,165329041290,Savings,182418.73,Active,2024-05-15,,2024-05-15,1
574,204301197650,Savings,428636.3,Active,2021-10-26,,2021-10-26,20
852,553545398090,Savings,148903.5,Active,2020-05-08,,2020-05-08,6
198,111519830129,Current,1625122.08,Active,2024-12-22,,2024-12-22,11
456,529790123629,Savings,241425.13,Active,2019-12-30,,2019-12-30,11
993,460270428970,Premium,2001618.96,Active,2023-04-01,,2023-04-01,10
219,286750395723,Savings,13090.65,Active,2022-04-03,,2022-04-03,13
122,147920696654,Current,502988.89,Active,2018-09-11,,2018-09-11,19
641,571006081887,Savings,164285.13,Active,2018-11-16,,2018-11-16,17
685,730190646968,Savings,463149.87,Active,2020-10-01,,2020-10-01,6
862,830515909074,Savings,339263.79,Active,2018-08-22,,2018-08-22,2
788,798523156770,Current,500464.74,Active,2018-12-26,,2018-12-26,18
307,993572303458,Savings,468648.64,Active,2025-11-07,,2025-11-07,8
854,628121628020,Salary,953.22,Closed,2019-07-10,2022-08-30,2019-07-10,20
666,210354672927,Savings,186952.53,Active,2021-02-12,,2021-02-12,16
164,620253428954,Current,392222.94,Frozen,2019-07-09,,2019-07-09,6
67,844587480991,Savings,77122.38,Active,2020-06-12,,2020-06-12,15
556,751406803706,Current,1135307.12,Active,2020-06-04,,2020-06-04,4
866,255997365938,Savings,322831.33,Active,2022-05-01,,2022-05-01,20
555,156916172222,Savings,83811.47,Active,2021-03-05,,2021-03-05,19
448,187311122464,Premium,1149814.41,Active,2021-04-24,,2021-04-24,15
239,141641468707,Savings,292150.33,Active,2025-11-06,,2025-11-06,11
366,365333620714,Current,1343073.13,Active,2022-11-14,,2022-11-14,15
363,483262868559,Salary,41741.9,Active,2024-02-19,,2024-02-19,7
876,290974068280,Savings,391548.36,Active,2021-09-04,,2021-09-04,11
221,145807879455,Savings,121260.21,Active,2022-07-27,,2022-07-27,20
77,655617492122,Current,1909987.24,Active,2019-05-01,,2019-05-01,11
224,196812415090,Current,947514.23,Active,2022-03-12,,2022-03-12,17
168,343163252498,Premium,2145693.74,Active,2024-03-27,,2024-03-27,10
228,918758872344,Current,126006.63,Frozen,2023-11-01,,2023-11-01,14
973,774359113772,Salary,6566.82,Active,2018-07-26,,2018-07-26,8
423,105846944854,Current,1171115.74,Active,2026-04-30,,2026-04-30,20
547,774714840756,Savings,424511.32,Active,2022-10-23,,2022-10-23,7
497,996328630109,Savings,268518.44,Active,2019-03-25,,2019-03-25,5
355,874574316772,Savings,196483.02,Active,2019-12-08,,2019-12-08,15
872,470990858339,Salary,153164.44,Active,2022-04-03,,2022-04-03,16
11,183657917489,Current,974008.08,Active,2022-06-30,,2022-06-30,6
691,440251976657,Savings,188665.33,Active,2021-01-11,,2021-01-11,9
51,600321734233,Savings,76035.1,Active,2018-04-27,,2018-04-27,3
250,372084249690,Savings,430808.26,Active,2024-11-13,,2024-11-13,2
607,457320696459,Current,1368876.74,Active,2018-06-18,,2018-06-18,4
99,486228247320,Current,1583170.82,Active,2024-08-08,,2024-08-08,7
135,186125526810,Savings,97286.57,Active,2019-11-05,,2019-11-05,7
929,900328669589,Salary,104574.95,Active,2020-12-05,,2020-12-05,17
410,688031166547,Savings,102432.82,Active,2023-06-12,,2023-06-12,9
513,213198676275,Savings,485892.62,Active,2024-01-19,,2024-01-19,16
385,241408906495,Savings,290474.18,Active,2022-06-17,,2022-06-17,4
586,604231767649,Savings,88541.97,Active,2025-12-17,,2025-12-17,12
341,984268871051,Savings,4803.29,Active,2020-12-15,,2020-12-15,10
824,207430105141,Current,1209609.78,Active,2025-10-16,,2025-10-16,8
93,247771477350,Savings,49260.43,Active,2019-08-25,,2019-08-25,14
184,411847499939,Savings,348.79,Closed,2025-10-27,2026-08-13,2025-10-27,19
464,733799023448,Current,892405.87,Active,2020-12-20,,2020-12-20,19
690,985281084409,Savings,378228.43,Active,2018-01-13,,2018-01-13,16
760,602801423731,Savings,359127.3,Active,2019-08-05,,2019-08-05,5
321,279375709374,Savings,443418.15,Active,2021-04-23,,2021-04-23,12
585,771723137540,Current,613989.19,Active,2024-05-05,,2024-05-05,1
758,479991868767,Savings,340517.54,Active,2021-12-29,,2021-12-29,4
260,791200202897,Savings,175423.29,Active,2023-05-13,,2023-05-13,16
786,530017790740,Savings,273692.48,Active,2019-04-24,,2019-04-24,14
410,193773983698,Savings,353237.87,Active,2019-06-29,,2019-06-29,16
139,340987530942,Salary,78007.99,Active,2019-10-28,,2019-10-28,17
33,913453619915,Savings,343941.65,Active,2023-12-07,,2023-12-07,15
667,923605395648,Savings,19972.33,Active,2019-09-27,,2019-09-27,11
720,122776200448,Salary,66323.48,Active,2025-01-21,,2025-01-21,15
413,477182228812,Savings,465920.83,Active,2021-08-24,,2021-08-24,19
539,945268201409,Savings,71205.15,Active,2021-10-06,,2021-10-06,19
756,566438645399,Savings,325785.86,Active,2021-01-21,,2021-01-21,6
566,734073330584,Savings,270218.31,Inactive,2023-07-03,,2023-07-03,18
530,839844089498,Current,319803.52,Inactive,2023-04-05,,2023-04-05,3
762,209787463625,Savings,57504.26,Inactive,2020-05-14,,2020-05-14,5
924,339755596893,Savings,230735.67,Active,2023-11-17,,2023-11-17,12
231,967328873564,Savings,219293.73,Active,2023-01-16,,2023-01-16,11
791,480422937226,Savings,99324.05,Active,2025-06-16,,2025-06-16,5
547,487185818402,Salary,111378.36,Inactive,2018-06-09,,2018-06-09,13
837,929115078294,Savings,298470.34,Frozen,2018-01-10,,2018-01-10,4
804,236682469356,Savings,30293.47,Active,2021-03-21,,2021-03-21,4
39,648887744075,Current,1934606.29,Active,2024-04-12,,2024-04-12,1
303,654135818993,Current,1762467.69,Frozen,2021-07-11,,2021-07-11,4
834,838158521889,Savings,240593.82,Active,2021-09-28,,2021-09-28,13
252,602107851780,Savings,56617.4,Active,2024-01-22,,2024-01-22,15
487,685717145086,Savings,279351.53,Active,2022-09-16,,2022-09-16,3
172,197765695621,Current,1638430.08,Active,2022-04-11,,2022-04-11,14
139,209308238639,Savings,356482.47,Active,2021-11-22,,2021-11-22,13
822,460794857570,Savings,175851.98,Active,2020-08-20,,2020-08-20,1
966,253834962332,Savings,22933.67,Active,2021-07-14,,2021-07-14,5
472,698288093042,Savings,405984.52,Active,2019-10-19,,2019-10-19,15
860,499410890986,Savings,133605.23,Active,2026-07-04,,2026-07-04,9
179,546957879877,Savings,397927.96,Active,2023-01-23,,2023-01-23,10
529,468959484834,Savings,414938.92,Active,2025-02-14,,2025-02-14,2
558,136037272171,Savings,128319.39,Active,2019-12-22,,2019-12-22,1
787,794648478668,Current,773433.38,Active,2023-09-19,,2023-09-19,14
831,389674692567,Savings,239193.03,Active,2021-09-24,,2021-09-24,8
939,984473256044,Current,639.83,Closed,2023-01-03,2025-04-28,2023-01-03,4
419,109074053285,Savings,82593.16,Active,2023-10-07,,2023-10-07,19
804,957606050788,Savings,391906.71,Active,2021-02-10,,2021-02-10,6
468,487813957350,Savings,440698.54,Active,2021-10-02,,2021-10-02,5
472,804263792798,Savings,397396.06,Active,2019-02-08,,2019-02-08,8
528,256835283421,Savings,140658.05,Active,2023-06-03,,2023-06-03,6
502,848040919391,Savings,359595.42,Inactive,2023-04-19,,2023-04-19,8
990,933732998700,Savings,431984.25,Active,2026-04-01,,2026-04-01,15
89,543769822354,Salary,132475.37,Active,2018-03-06,,2018-03-06,17
545,562898757070,Savings,122288.2,Inactive,2023-11-23,,2023-11-23,10
927,862131950170,Current,229720.16,Active,2020-01-03,,2020-01-03,2
50,813518155124,Salary,108272.49,Active,2021-01-01,,2021-01-01,12
488,529351136686,Salary,40353.85,Active,2018-03-29,,2018-03-29,1
452,881907314155,Savings,113471.93,Active,2024-08-31,,2024-08-31,10
606,605551490045,Savings,312431.15,Inactive,2021-08-13,,2021-08-13,1
995,379243131223,Premium,3176625.36,Active,2020-01-31,,2020-01-31,16
173,677082274531,Savings,400076.08,Active,2024-03-27,,2024-03-27,5
488,962897091912,Savings,54155.35,Active,2024-08-11,,2024-08-11,14
610,394791670947,Current,620128.78,Inactive,2025-08-29,,2025-08-29,11
654,937797798610,Salary,147035.03,Active,2018-06-07,,2018-06-07,12
77,282445254467,Savings,152951.61,Active,2025-09-02,,2025-09-02,12
289,838597927068,Savings,21201.52,Active,2025-11-11,,2025-11-11,8
6,308082095417,Current,388034.42,Active,2023-09-17,,2023-09-17,8
594,424605121797,Savings,256668.59,Active,2022-05-09,,2022-05-09,4
793,946883432286,Current,278107.53,Active,2018-10-25,,2018-10-25,4
121,396524302927,Savings,197224.93,Active,2024-11-02,,2024-11-02,19
760,382627972079,Salary,62179.31,Active,2020-07-10,,2020-07-10,5
846,240957211100,Savings,196354.47,Active,2023-08-31,,2023-08-31,20
8,385596478021,Salary,162002.76,Active,2018-02-25,,2018-02-25,1
550,209155585036,Savings,490106.67,Inactive,2025-08-07,,2025-08-07,16
66,738030161620,Premium,3937770.45,Active,2019-12-21,,2019-12-21,11
97,320414062076,Savings,254407.55,Active,2024-03-27,,2024-03-27,5
1000,886036133453,Savings,347796.8,Active,2020-11-21,,2020-11-21,18
47,734186723951,Salary,189494.53,Active,2022-12-08,,2022-12-08,20
252,401210523219,Savings,106005.99,Active,2020-04-21,,2020-04-21,12
878,173117454341,Savings,198890.87,Active,2024-07-18,,2024-07-18,19
601,812938069284,Savings,981.01,Closed,2025-08-29,2026-08-13,2025-08-29,13
238,719750729618,Premium,3749113.64,Active,2025-01-01,,2025-01-01,10
821,720815828087,Savings,392221.7,Active,2026-06-15,,2026-06-15,10
257,931038777175,Savings,772.52,Closed,2024-03-01,2026-05-27,2024-03-01,7
888,320716421619,Savings,91535.52,Active,2021-02-03,,2021-02-03,19
278,988908492502,Savings,473766.31,Active,2022-07-12,,2022-07-12,9
255,807509465881,Salary,43309.0,Active,2021-08-10,,2021-08-10,20
446,677093959351,Savings,355673.42,Active,2022-02-07,,2022-02-07,2
174,272420606149,Savings,379905.75,Active,2023-01-04,,2023-01-04,2
408,386023681492,Savings,417450.06,Active,2020-04-29,,2020-04-29,1
843,173964730485,Savings,358228.48,Active,2023-09-10,,2023-09-10,14
545,848352675708,Savings,173925.87,Active,2026-01-09,,2026-01-09,2
13,869996105180,Savings,468063.99,Active,2021-10-06,,2021-10-06,13
591,769528988353,Current,1587141.06,Active,2021-09-20,,2021-09-20,7
966,466772418449,Savings,496421.78,Active,2022-04-21,,2022-04-21,3
107,547447799468,Savings,374333.74,Active,2024-11-23,,2024-11-23,4
384,326981214204,Current,1496788.24,Active,2022-01-16,,2022-01-16,5
32,988359834140,Savings,139758.12,Active,2022-07-04,,2022-07-04,16
156,153985374292,Savings,77542.22,Active,2024-10-09,,2024-10-09,8
357,907640269139,Savings,306375.9,Active,2024-03-20,,2024-03-20,7
160,503894245891,Savings,90001.95,Active,2021-05-11,,2021-05-11,11
999,148786106984,Savings,202599.81,Active,2019-12-19,,2019-12-19,17
388,124432225368,Current,694557.49,Active,2020-04-09,,2020-04-09,6
790,439707024330,Savings,399582.5,Frozen,2021-03-26,,2021-03-26,12
208,650610472713,Current,479022.67,Active,2021-05-26,,2021-05-26,7
200,428618747810,Savings,146186.32,Active,2019-02-20,,2019-02-20,16
289,372836394145,Current,962675.46,Active,2026-06-22,,2026-06-22,2
216,425573000959,Current,1052167.7,Active,2024-04-10,,2024-04-10,4
365,399005620313,Current,1963524.74,Active,2021-05-01,,2021-05-01,1
281,629452292698,Savings,171944.57,Active,2019-11-26,,2019-11-26,20
82,130949043729,Savings,115467.25,Active,2021-10-25,,2021-10-25,5
752,848533705642,Current,27342.57,Active,2022-10-13,,2022-10-13,14
621,416663864817,Salary,138273.48,Active,2021-12-01,,2021-12-01,2
414,891404851892,Savings,234596.81,Active,2021-02-14,,2021-02-14,20
987,166503371615,Savings,628.09,Closed,2018-12-18,2022-10-24,2018-12-18,16
442,646953505286,Premium,2614377.31,Active,2018-05-10,,2018-05-10,12
904,217700345867,Savings,76893.7,Active,2023-06-12,,2023-06-12,8
462,944517185387,Savings,435372.51,Active,2021-09-27,,2021-09-27,3
845,747281821378,Salary,136191.14,Active,2025-10-10,,2025-10-10,12
105,140184455054,Savings,240953.6,Active,2020-07-12,,2020-07-12,9
819,822646579174,Savings,58551.08,Active,2025-01-16,,2025-01-16,17
293,109975160727,Salary,107788.68,Active,2020-10-07,,2020-10-07,8
794,528904264542,Savings,367017.43,Active,2018-02-27,,2018-02-27,16
811,889893970691,Salary,193281.34,Active,2021-09-25,,2021-09-25,5
735,984736956678,Savings,144974.74,Active,2020-04-20,,2020-04-20,14
786,806779538668,Savings,46215.89,Inactive,2025-12-10,,2025-12-10,16
180,899194822486,Savings,438657.44,Active,2024-11-08,,2024-11-08,13
61,946673576307,Salary,48177.9,Active,2018-02-13,,2018-02-13,16
218,122505204583,Savings,308207.12,Active,2025-11-17,,2025-11-17,9
331,330487388344,Savings,372708.26,Active,2022-03-19,,2022-03-19,19
498,574815781344,Salary,7448.41,Active,2022-04-13,,2022-04-13,18
935,701720463727,Savings,315472.01,Active,2019-08-16,,2019-08-16,19
428,100824832057,Savings,10160.08,Inactive,2018-03-09,,2018-03-09,4
773,423099185584,Savings,143749.42,Active,2018-07-22,,2018-07-22,6
585,215446465001,Savings,13394.89,Active,2021-04-28,,2021-04-28,1
232,919345351360,Salary,94980.93,Active,2020-04-08,,2020-04-08,10
367,576966525300,Savings,208465.51,Active,2026-01-30,,2026-01-30,5
580,972808874216,Current,434156.65,Active,2019-09-29,,2019-09-29,16
780,885230729586,Salary,67601.4,Inactive,2019-07-15,,2019-07-15,18
723,741090792254,Current,1931245.97,Active,2020-09-04,,2020-09-04,12
490,796131293962,Salary,825.18,Closed,2023-02-24,2023-12-05,2023-02-24,12
925,368079444534,Salary,57262.78,Active,2019-01-20,,2019-01-20,2
684,340588133109,Savings,374411.44,Active,2025-05-18,,2025-05-18,16
330,989756814760,Current,1153716.07,Active,2026-01-08,,2026-01-08,15
912,199065508614,Salary,187725.83,Active,2026-04-05,,2026-04-05,3
553,249747426933,Savings,29455.24,Active,2024-10-25,,2024-10-25,10
128,624509935538,Current,465607.01,Active,2023-01-18,,2023-01-18,1
360,717174225561,Savings,306452.19,Active,2020-03-20,,2020-03-20,2
456,673498692756,Savings,309262.8,Active,2018-06-13,,2018-06-13,7
516,652663978853,Savings,255660.6,Active,2019-06-19,,2019-06-19,4
867,109373799263,Savings,351335.69,Active,2019-06-23,,2019-06-23,15
38,332284198208,Salary,135299.91,Active,2025-06-13,,2025-06-13,12
781,176094041751,Savings,462155.87,Active,2021-03-17,,2021-03-17,7
541,806050848481,Salary,186341.15,Active,2023-02-22,,2023-02-22,17
170,496847245916,Savings,453899.17,Active,2024-08-06,,2024-08-06,19
327,427995604392,Savings,484916.43,Active,2019-01-28,,2019-01-28,10
343,961855094388,Savings,337334.65,Active,2022-02-18,,2022-02-18,18
592,576502692516,Savings,116492.62,Active,2020-03-08,,2020-03-08,9
151,909754070120,Current,1872315.95,Inactive,2019-11-05,,2019-11-05,13
783,280182410347,Savings,172643.08,Active,2022-01-30,,2022-01-30,4
629,429886869653,Current,1823017.96,Active,2020-11-21,,2020-11-21,19
29,604574398172,Savings,123957.61,Active,2020-07-20,,2020-07-20,13
461,338304669834,Savings,389696.11,Active,2019-05-01,,2019-05-01,5
208,354378485246,Salary,100770.97,Frozen,2024-06-14,,2024-06-14,19
758,453147859936,Savings,96112.68,Active,2019-04-28,,2019-04-28,10
768,968512882593,Salary,76017.25,Active,2025-05-21,,2025-05-21,14
306,464826306567,Premium,1374731.02,Active,2021-09-10,,2021-09-10,13
869,323801142177,Savings,14566.81,Active,2022-12-02,,2022-12-02,5
603,394301619971,Savings,489717.06,Active,2020-03-04,,2020-03-04,18
50,754197308638,Savings,119270.59,Active,2019-12-05,,2019-12-05,7
165,813860353169,Savings,465956.67,Active,2024-09-22,,2024-09-22,12
103,443367320680,Savings,387230.7,Active,2025-08-21,,2025-08-21,3
76,953377872009,Savings,467490.34,Active,2020-08-09,,2020-08-09,7
921,806190972728,Savings,479464.06,Active,2021-10-06,,2021-10-06,2
871,808456745322,Savings,340663.23,Active,2018-07-26,,2018-07-26,14
288,968675912404,Savings,110615.73,Active,2018-03-11,,2018-03-11,20
366,823370098426,Current,390.85,Closed,2019-09-23,2022-04-13,2019-09-23,18
821,160391427998,Premium,1163022.78,Frozen,2020-04-21,,2020-04-21,19
589,890390339918,Savings,336383.07,Active,2022-03-09,,2022-03-09,16
405,846572725414,Savings,241446.62,Active,2018-09-19,,2018-09-19,20
685,122164173308,Savings,292770.31,Inactive,2022-05-11,,2022-05-11,2
141,227483825197,Current,1993701.07,Active,2023-11-12,,2023-11-12,18
657,250716331967,Savings,72119.26,Active,2022-10-25,,2022-10-25,7
396,588020319892,Savings,284630.79,Active,2018-11-30,,2018-11-30,1
719,701660742773,Savings,396080.87,Active,2019-01-17,,2019-01-17,10
941,104085486248,Savings,497632.35,Frozen,2026-05-19,,2026-05-19,4
737,736245900972,Savings,463335.55,Active,2021-05-28,,2021-05-28,14
611,695838437899,Premium,262361.01,Active,2025-12-22,,2025-12-22,15
932,793591301167,Savings,352071.83,Active,2024-05-23,,2024-05-23,16
53,791268695222,Salary,115774.94,Active,2023-01-24,,2023-01-24,14
683,273016794010,Savings,452019.64,Inactive,2024-06-08,,2024-06-08,13
456,682140411292,Savings,262805.36,Active,2024-07-28,,2024-07-28,12
11,103253627929,Savings,104295.49,Frozen,2022-09-23,,2022-09-23,18
680,111075255885,Current,1600655.02,Active,2024-11-02,,2024-11-02,20
500,327310670040,Savings,34008.59,Active,2021-11-05,,2021-11-05,5
972,864043210286,Premium,4404494.19,Active,2022-05-21,,2022-05-21,4
820,315923515483,Savings,425194.73,Active,2020-07-12,,2020-07-12,9
703,495955032407,Savings,102815.28,Active,2018-09-10,,2018-09-10,6
491,253574674344,Current,736504.92,Frozen,2023-04-05,,2023-04-05,5
25,722188901021,Savings,348580.0,Active,2024-07-13,,2024-07-13,14
622,112371705028,Savings,331673.73,Active,2021-07-23,,2021-07-23,6
764,374847529932,Salary,137823.32,Active,2020-03-25,,2020-03-25,7
798,189124528988,Savings,30.71,Closed,2021-11-12,2023-03-30,2021-11-12,2
996,791924141919,Savings,199791.16,Active,2022-08-19,,2022-08-19,14
241,659872905931,Savings,473931.58,Active,2026-05-28,,2026-05-28,12
228,356180217583,Savings,175231.67,Active,2023-08-03,,2023-08-03,16
162,236872832149,Savings,53179.21,Active,2018-06-01,,2018-06-01,17
836,674514048266,Savings,187521.71,Active,2022-03-29,,2022-03-29,17
27,539073596970,Salary,43647.81,Active,2021-03-11,,2021-03-11,11
753,115229021819,Current,609893.82,Frozen,2023-10-31,,2023-10-31,14
211,258531280234,Savings,365935.92,Inactive,2020-12-11,,2020-12-11,9
504,699727984699,Savings,310052.6,Active,2022-07-12,,2022-07-12,1
203,829947434684,Current,961190.75,Active,2022-11-01,,2022-11-01,16
699,602344085101,Savings,357779.91,Active,2019-11-29,,2019-11-29,17
922,114838202262,Salary,61793.63,Active,2024-03-15,,2024-03-15,6
83,224229524487,Savings,345739.37,Active,2022-09-18,,2022-09-18,13
819,647162127218,Savings,440841.84,Active,2024-02-04,,2024-02-04,13
455,650318391341,Current,1756382.68,Active,2019-07-10,,2019-07-10,10
269,643545339017,Savings,9615.61,Inactive,2019-06-23,,2019-06-23,5
250,989901633647,Savings,166491.18,Active,2024-09-25,,2024-09-25,10
389,548178818664,Savings,27140.5,Active,2022-10-15,,2022-10-15,8
675,851065827847,Current,1407331.78,Active,2018-04-19,,2018-04-19,17
122,289283652625,Savings,425536.31,Active,2025-05-06,,2025-05-06,20
738,620565003151,Current,1278651.25,Active,2022-11-20,,2022-11-20,10
621,856918124707,Savings,337851.06,Active,2019-04-10,,2019-04-10,18
752,331209052160,Savings,301506.42,Active,2018-12-29,,2018-12-29,2
658,232939030524,Savings,286335.43,Active,2020-08-19,,2020-08-19,19
52,411271036500,Savings,342681.45,Active,2026-01-12,,2026-01-12,17
757,324471862650,Savings,389580.79,Active,2020-09-01,,2020-09-01,1
841,115142545017,Savings,41508.56,Active,2024-11-22,,2024-11-22,9
245,256086929057,Current,1462413.37,Active,2019-12-14,,2019-12-14,8
957,340393398315,Savings,341325.84,Active,2026-04-08,,2026-04-08,20
440,640748658150,Current,1074689.32,Active,2022-06-03,,2022-06-03,11
402,648761479281,Premium,1300476.85,Active,2024-06-21,,2024-06-21,13
297,767762404767,Savings,439530.12,Active,2024-08-02,,2024-08-02,8
980,228499751449,Savings,149211.82,Active,2019-02-10,,2019-02-10,10
121,114298681548,Savings,91682.96,Active,2025-03-11,,2025-03-11,16
938,185238650941,Savings,137896.37,Active,2023-05-06,,2023-05-06,1
350,590804194630,Savings,10358.27,Active,2025-05-08,,2025-05-08,20
239,303408571970,Premium,4978393.07,Active,2020-05-25,,2020-05-25,17
198,629789145554,Savings,439781.88,Active,2018-03-04,,2018-03-04,18
12,718406339683,Savings,176585.18,Active,2021-10-29,,2021-10-29,4
610,327397718495,Savings,323486.32,Active,2022-12-10,,2022-12-10,15
412,497830382601,Savings,212669.33,Active,2025-01-30,,2025-01-30,3
692,743434238437,Current,365706.43,Active,2023-08-31,,2023-08-31,9
563,750239033449,Current,1327419.43,Active,2021-05-28,,2021-05-28,15
1,687477643437,Salary,74493.32,Active,2018-05-07,,2018-05-07,7
948,577421269134,Savings,4907.09,Active,2019-08-05,,2019-08-05,9
859,675660124038,Savings,135779.3,Active,2024-12-12,,2024-12-12,4
517,844215417564,Premium,3005129.55,Active,2022-03-05,,2022-03-05,9
846,615451319208,Savings,223108.19,Active,2019-11-20,,2019-11-20,17
428,183165058799,Salary,20006.24,Active,2024-09-18,,2024-09-18,2
896,257321112634,Savings,246976.36,Active,2022-05-22,,2022-05-22,18
501,309333762391,Savings,65837.82,Active,2024-07-30,,2024-07-30,9
165,996577501113,Savings,404125.66,Active,2023-06-07,,2023-06-07,16
923,172132690365,Savings,480259.88,Active,2024-05-07,,2024-05-07,11
794,493305546409,Premium,3564017.46,Active,2019-08-25,,2019-08-25,12
618,888645691691,Savings,69277.24,Active,2026-07-04,,2026-07-04,14
428,410037934696,Savings,101667.27,Active,2023-05-24,,2023-05-24,9
674,825997942793,Savings,154195.32,Active,2022-03-19,,2022-03-19,8
662,610290060914,Savings,59014.4,Inactive,2019-01-11,,2019-01-11,18
882,948376978201,Current,574691.77,Active,2024-03-02,,2024-03-02,14
770,360581982017,Current,320995.82,Active,2020-11-11,,2020-11-11,19
710,706681035822,Salary,113282.58,Active,2025-03-13,,2025-03-13,3
55,395337612338,Current,926533.7,Active,2024-09-11,,2024-09-11,17
510,454972850017,Savings,62739.76,Active,2019-12-28,,2019-12-28,2
662,688223710737,Salary,169399.96,Active,2026-07-08,,2026-07-08,1
670,982008004214,Salary,93354.81,Active,2026-01-24,,2026-01-24,15
745,359444856863,Savings,199390.93,Active,2025-10-07,,2025-10-07,12
394,960619534500,Salary,34321.97,Active,2025-10-04,,2025-10-04,6
336,715946170780,Current,1405078.64,Frozen,2020-12-27,,2020-12-27,20
308,178180179239,Salary,92541.4,Active,2020-05-25,,2020-05-25,2
33,184805768796,Premium,3297368.17,Active,2018-01-07,,2018-01-07,17
558,635258812241,Salary,7981.97,Active,2021-04-07,,2021-04-07,13
735,968629542475,Current,734938.84,Active,2025-03-11,,2025-03-11,9
563,205676028851,Current,1078201.26,Active,2019-09-21,,2019-09-21,17
63,738369704200,Savings,57459.57,Active,2025-11-11,,2025-11-11,12
578,544687370155,Savings,427405.38,Active,2024-01-23,,2024-01-23,6
834,696619708409,Savings,332258.66,Active,2020-03-16,,2020-03-16,11
101,871318547106,Savings,448407.46,Inactive,2018-02-20,,2018-02-20,8
970,297985671764,Savings,392167.55,Inactive,2019-09-11,,2019-09-11,18
828,801215587419,Savings,82489.03,Active,2022-06-27,,2022-06-27,17
519,990699107671,Current,631104.6,Active,2024-02-04,,2024-02-04,3
597,696926257301,Savings,15411.69,Active,2023-10-23,,2023-10-23,20
75,205788510117,Savings,383671.67,Active,2026-05-17,,2026-05-17,12
491,848120300179,Savings,211602.46,Active,2018-04-21,,2018-04-21,15
88,223700699437,Savings,260572.05,Frozen,2024-08-29,,2024-08-29,4
889,817154094130,Savings,126391.79,Active,2022-10-18,,2022-10-18,13
194,116543074499,Savings,306125.71,Active,2020-09-23,,2020-09-23,1
664,149972361922,Savings,361232.47,Inactive,2026-06-23,,2026-06-23,14
916,918806829224,Savings,125273.46,Active,2018-05-18,,2018-05-18,19
205,189664803595,Premium,1767233.51,Active,2024-11-20,,2024-11-20,19
374,348466063210,Savings,188378.82,Active,2019-04-10,,2019-04-10,7
482,995510761828,Savings,462066.41,Frozen,2023-08-02,,2023-08-02,11
343,144186083273,Salary,148594.49,Active,2019-08-11,,2019-08-11,5
692,156716450167,Salary,26159.21,Active,2019-08-26,,2019-08-26,7
61,411276263200,Premium,4004823.47,Active,2024-08-04,,2024-08-04,4
456,220785965856,Savings,201933.33,Active,2022-10-12,,2022-10-12,20
933,181420035525,Savings,460497.24,Active,2018-09-18,,2018-09-18,9
322,669670879557,Savings,233446.6,Active,2022-12-01,,2022-12-01,11
890,493605542531,Savings,489525.08,Active,2026-06-12,,2026-06-12,8
295,124524189108,Salary,11818.0,Active,2022-05-18,,2022-05-18,8
335,130781774848,Savings,306731.58,Active,2019-04-30,,2019-04-30,15
953,603803269620,Salary,25994.63,Active,2022-11-04,,2022-11-04,17
398,959525485178,Savings,93063.34,Active,2022-08-22,,2022-08-22,15
462,158877723232,Savings,375699.88,Active,2023-06-30,,2023-06-30,12
481,296145466445,Savings,196184.04,Active,2023-04-05,,2023-04-05,20
222,653592164721,Savings,144024.19,Active,2018-04-15,,2018-04-15,2
787,391671040263,Savings,179232.39,Active,2022-01-10,,2022-01-10,15
185,217736029783,Savings,388378.41,Active,2025-01-07,,2025-01-07,19
333,344774694937,Savings,72621.91,Active,2020-10-01,,2020-10-01,13
67,297380875033,Savings,70895.69,Active,2025-12-18,,2025-12-18,19
671,478273350637,Savings,386585.31,Active,2025-12-05,,2025-12-05,13
296,854581574381,Savings,213868.38,Active,2019-09-27,,2019-09-27,20
790,754596363842,Current,471232.49,Active,2021-07-17,,2021-07-17,6
906,184810527312,Premium,1339435.93,Active,2020-11-15,,2020-11-15,13
882,680182404446,Current,1611757.15,Active,2024-04-10,,2024-04-10,1
459,352005658550,Savings,296519.73,Active,2018-10-31,,2018-10-31,12
882,348198206973,Savings,273988.59,Active,2018-12-13,,2018-12-13,13
724,656155426945,Savings,207986.98,Active,2020-09-22,,2020-09-22,8
495,107396741474,Savings,285483.3,Active,2025-07-22,,2025-07-22,18
183,675331764818,Savings,357479.67,Active,2026-07-22,,2026-07-22,11
553,439776386712,Savings,188275.47,Active,2022-02-04,,2022-02-04,14
507,711678508470,Savings,409680.64,Active,2018-08-17,,2018-08-17,5
740,963417536022,Savings,80258.5,Active,2021-11-11,,2021-11-11,5
706,505731469923,Premium,1716014.4,Active,2020-09-10,,2020-09-10,1
988,310976795715,Savings,233211.86,Active,2024-12-02,,2024-12-02,8
837,936509121265,Savings,155126.75,Active,2023-02-03,,2023-02-03,1
368,302774161504,Savings,56370.0,Active,2022-04-23,,2022-04-23,16
639,264765286464,Premium,454183.64,Active,2022-03-23,,2022-03-23,18
870,491906357046,Savings,216585.7,Active,2018-12-14,,2018-12-14,13
119,380635567960,Savings,149367.63,Active,2023-02-28,,2023-02-28,11
421,400646281642,Savings,150760.37,Active,2020-07-03,,2020-07-03,18
946,575328183418,Current,926991.82,Active,2025-09-29,,2025-09-29,13
870,347083407797,Savings,34002.53,Active,2024-12-20,,2024-12-20,3
731,410720512160,Current,376497.74,Active,2018-12-13,,2018-12-13,16
196,401387140291,Savings,473653.75,Active,2021-11-30,,2021-11-30,11
821,997813049446,Premium,270511.12,Active,2019-03-12,,2019-03-12,8
333,603143272766,Savings,168167.13,Active,2018-02-11,,2018-02-11,6
708,105920581741,Savings,63449.53,Active,2020-09-29,,2020-09-29,7
532,763817014443,Current,374675.12,Active,2022-05-26,,2022-05-26,12
99,375831658074,Salary,43802.4,Active,2023-03-22,,2023-03-22,1
239,380501653437,Savings,207301.31,Active,2021-06-29,,2021-06-29,17
401,362988877636,Salary,109973.01,Active,2024-09-02,,2024-09-02,18
449,370884403867,Premium,4738725.71,Active,2023-08-09,,2023-08-09,14
938,722155229426,Savings,66499.6,Active,2020-01-16,,2020-01-16,13
592,663770460729,Savings,167658.49,Active,2018-02-07,,2018-02-07,19
294,358994511879,Savings,82741.38,Frozen,2022-04-24,,2022-04-24,18
115,611288667767,Savings,256758.69,Active,2019-03-28,,2019-03-28,10
994,919598475076,Savings,200127.62,Active,2019-07-10,,2019-07-10,11
298,971486482181,Savings,221818.45,Active,2022-12-26,,2022-12-26,4
882,148275644891,Salary,152490.5,Active,2024-08-26,,2024-08-26,14
774,101905243940,Savings,124563.8,Active,2025-06-18,,2025-06-18,13
61,337421853075,Savings,373080.38,Active,2019-12-03,,2019-12-03,13
674,975284624176,Current,297221.7,Active,2024-10-10,,2024-10-10,1
167,959129658653,Savings,94014.8,Active,2025-11-18,,2025-11-18,11
937,920528790788,Savings,490233.9,Active,2020-04-04,,2020-04-04,16
283,282759786056,Savings,388332.87,Active,2022-04-04,,2022-04-04,8
486,698104498783,Savings,267289.94,Active,2021-03-06,,2021-03-06,9
872,600701162781,Savings,441079.54,Active,2024-05-24,,2024-05-24,15
530,744557465999,Savings,488998.74,Frozen,2026-02-03,,2026-02-03,5
275,814974977220,Savings,387049.08,Active,2023-03-05,,2023-03-05,19
985,220611559863,Savings,64066.26,Active,2019-11-14,,2019-11-14,20
816,787207755998,Savings,401426.99,Active,2025-10-07,,2025-10-07,8
505,696111763429,Salary,11201.54,Active,2018-12-16,,2018-12-16,7
128,362483422274,Premium,3444879.99,Active,2022-11-16,,2022-11-16,1
837,537819695516,Salary,13317.67,Active,2023-11-21,,2023-11-21,15
299,926596195995,Savings,51061.75,Active,2021-06-16,,2021-06-16,9
952,120763219864,Savings,71458.77,Active,2022-12-09,,2022-12-09,11
642,480508358962,Current,1073896.92,Active,2025-02-18,,2025-02-18,11
605,511514680880,Savings,71199.07,Active,2022-09-30,,2022-09-30,2
890,787378763974,Savings,322758.2,Inactive,2024-01-23,,2024-01-23,9
222,934032059822,Current,1209828.4,Active,2023-11-07,,2023-11-07,13
324,180007677561,Savings,313903.8,Active,2021-10-07,,2021-10-07,3
913,930739294994,Savings,399433.44,Active,2026-04-11,,2026-04-11,7
178,147389438683,Premium,3604655.19,Active,2025-11-08,,2025-11-08,4
537,603788331829,Savings,402087.25,Active,2019-05-15,,2019-05-15,18
493,576979129505,Savings,136484.67,Active,2021-08-12,,2021-08-12,18
427,457418454521,Savings,213735.37,Active,2026-07-13,,2026-07-13,19
146,204805130992,Salary,74291.12,Active,2020-06-25,,2020-06-25,20
378,745922799686,Current,811673.42,Active,2024-01-23,,2024-01-23,18
878,262404310749,Salary,723.9,Closed,2022-02-01,2023-06-16,2022-02-01,20
290,638962899797,Savings,238597.32,Active,2018-07-22,,2018-07-22,4
352,826487186763,Salary,23623.36,Active,2021-04-14,,2021-04-14,12
821,297359623229,Savings,227455.91,Active,2019-09-25,,2019-09-25,20
985,493924981093,Premium,3081682.25,Active,2026-04-07,,2026-04-07,7
488,939699792707,Current,1332054.88,Active,2024-01-20,,2024-01-20,16
326,550565293468,Savings,291743.34,Active,2020-02-05,,2020-02-05,13
571,956351645657,Salary,175093.26,Active,2020-10-20,,2020-10-20,9
209,806021382079,Savings,156208.95,Active,2019-11-21,,2019-11-21,14
593,219121020059,Savings,62669.02,Active,2025-10-23,,2025-10-23,8
533,792735149885,Savings,373521.69,Active,2021-06-06,,2021-06-06,18
496,264200059108,Savings,463686.43,Frozen,2020-09-15,,2020-09-15,15
406,824251630222,Savings,78674.1,Active,2023-08-20,,2023-08-20,10
633,525012175131,Savings,38622.84,Active,2018-04-07,,2018-04-07,20
209,177999458779,Savings,164528.35,Active,2023-01-15,,2023-01-15,11
212,589104077975,Savings,161565.21,Active,2025-06-01,,2025-06-01,9
55,675789084054,Savings,268685.29,Active,2018-02-02,,2018-02-02,7
604,953506134125,Savings,385515.56,Active,2023-01-27,,2023-01-27,6
422,613694150580,Savings,147599.62,Active,2023-03-21,,2023-03-21,11
563,900114811629,Savings,385993.69,Active,2019-05-08,,2019-05-08,6
287,128343614219,Savings,57083.64,Active,2022-01-20,,2022-01-20,19
495,562261512453,Salary,117772.65,Active,2019-08-18,,2019-08-18,19
129,670098647030,Savings,39110.12,Inactive,2024-06-22,,2024-06-22,10
714,882849599275,Premium,3563366.61,Active,2021-03-03,,2021-03-03,19
629,253350323205,Savings,456797.17,Active,2024-08-07,,2024-08-07,19
9,190828242551,Current,397732.33,Inactive,2026-02-19,,2026-02-19,5
330,360678087485,Savings,162560.09,Active,2018-12-21,,2018-12-21,2
142,139713855140,Salary,134374.64,Inactive,2025-07-30,,2025-07-30,2
809,926330822980,Salary,90095.85,Active,2022-09-03,,2022-09-03,3
565,563669154699,Current,1693524.89,Active,2023-03-22,,2023-03-22,12
428,242932631070,Savings,71203.83,Active,2020-06-28,,2020-06-28,5
719,351716520482,Premium,4396855.74,Frozen,2020-07-10,,2020-07-10,18
646,764196362426,Salary,714.79,Closed,2025-10-05,2026-08-13,2025-10-05,2
499,839058313456,Savings,78654.42,Active,2024-07-17,,2024-07-17,7
143,215716269823,Savings,245053.51,Active,2023-06-12,,2023-06-12,20
765,101979601125,Salary,17960.83,Active,2023-02-19,,2023-02-19,6
149,805803792617,Savings,182908.31,Active,2026-01-31,,2026-01-31,14
454,297314002100,Savings,340803.65,Inactive,2022-08-07,,2022-08-07,5
126,597509397217,Salary,9362.36,Active,2021-03-05,,2021-03-05,18
262,614101104486,Savings,186597.05,Active,2021-06-03,,2021-06-03,2
926,833106810912,Premium,4973750.31,Active,2025-04-11,,2025-04-11,15
191,154070010362,Salary,182052.11,Active,2019-03-14,,2019-03-14,9
750,927963116487,Savings,277950.07,Inactive,2026-05-14,,2026-05-14,9
199,554666311856,Savings,159053.56,Active,2026-02-28,,2026-02-28,20
258,701031448021,Salary,193663.39,Active,2025-12-01,,2025-12-01,11
51,605168578777,Savings,332855.48,Active,2018-03-05,,2018-03-05,4
557,470987652770,Current,1635155.77,Active,2019-12-03,,2019-12-03,1
707,513656997824,Savings,91852.65,Active,2021-05-24,,2021-05-24,16
638,271263243097,Savings,39666.13,Active,2024-01-27,,2024-01-27,3
635,558570086029,Savings,111474.2,Inactive,2019-02-20,,2019-02-20,8
354,298814740693,Salary,152175.28,Active,2022-09-19,,2022-09-19,13
397,838684400616,Premium,2711905.15,Active,2021-07-12,,2021-07-12,5
51,797966424494,Savings,28733.91,Active,2021-06-27,,2021-06-27,11
593,886419615527,Savings,452426.6,Active,2022-05-27,,2022-05-27,9
507,742173852739,Current,1229030.22,Active,2022-06-08,,2022-06-08,16
268,956717362457,Savings,54315.87,Active,2025-10-04,,2025-10-04,6
706,150895403452,Savings,83742.61,Active,2022-02-02,,2022-02-02,13
943,565091030495,Savings,67750.7,Active,2021-10-27,,2021-10-27,10
901,419396109165,Savings,419189.3,Active,2020-11-09,,2020-11-09,9
588,576351024930,Savings,66644.2,Active,2019-02-17,,2019-02-17,4
3,272209020410,Savings,35966.35,Inactive,2026-05-24,,2026-05-24,8
684,321555960267,Savings,405.76,Closed,2023-04-20,2026-06-23,2023-04-20,19
565,366236864940,Savings,79050.89,Active,2019-05-21,,2019-05-21,1
866,810121384976,Salary,144622.78,Active,2022-08-19,,2022-08-19,2
946,198257688328,Current,508971.83,Active,2022-09-27,,2022-09-27,4
622,262657350225,Savings,233023.27,Active,2020-10-27,,2020-10-27,20
583,280613179344,Savings,75449.43,Active,2023-09-05,,2023-09-05,9
680,685416275027,Premium,3503373.15,Active,2026-05-14,,2026-05-14,4
109,817704597169,Savings,238961.74,Active,2023-02-05,,2023-02-05,11
529,995041762828,Savings,456068.34,Active,2025-10-24,,2025-10-24,9
524,713740943112,Savings,221827.61,Active,2020-06-25,,2020-06-25,4
781,396221291660,Current,1570367.47,Active,2024-05-01,,2024-05-01,4
831,474434885972,Savings,140284.47,Active,2020-02-26,,2020-02-26,9
700,290114836196,Current,1037342.43,Active,2024-06-03,,2024-06-03,20
726,237857551947,Savings,326740.74,Active,2018-11-29,,2018-11-29,14
954,919321802666,Savings,164864.76,Active,2019-07-13,,2019-07-13,6
208,375070941143,Savings,471024.94,Active,2019-01-27,,2019-01-27,19
712,587697507165,Premium,1438827.65,Active,2018-02-25,,2018-02-25,5
954,166205793710,Savings,74903.19,Active,2025-08-18,,2025-08-18,15
64,788910170907,Savings,371251.67,Active,2025-08-31,,2025-08-31,10
29,747782205348,Current,286.78,Closed,2022-06-30,2026-02-23,2022-06-30,16
64,811038279047,Savings,1373.51,Active,2024-03-25,,2024-03-25,20
340,499937494522,Savings,43207.39,Active,2026-04-12,,2026-04-12,8
303,606868237626,Savings,429408.8,Active,2024-10-30,,2024-10-30,6
936,947932051276,Current,1067755.77,Active,2021-11-15,,2021-11-15,13
669,134535209915,Savings,178798.53,Active,2023-12-08,,2023-12-08,3
749,606431879175,Savings,68000.84,Active,2021-05-22,,2021-05-22,1
342,149682297276,Savings,284.14,Closed,2021-09-23,2022-07-28,2021-09-23,2
87,405681390750,Savings,87713.3,Active,2018-02-22,,2018-02-22,9
427,745488963604,Savings,328270.02,Active,2019-09-23,,2019-09-23,20
696,179473155857,Savings,181351.99,Active,2020-12-28,,2020-12-28,18
94,221182024774,Savings,368763.42,Active,2026-01-20,,2026-01-20,6
414,964522793080,Salary,47397.45,Active,2024-02-02,,2024-02-02,1
664,772607596629,Savings,15437.71,Active,2019-04-26,,2019-04-26,10
656,786173902088,Savings,308794.69,Active,2019-02-24,,2019-02-24,1
420,546018998292,Current,1778258.86,Active,2026-04-17,,2026-04-17,19
208,650477979102,Savings,11044.85,Active,2022-02-17,,2022-02-17,13
828,727599808128,Savings,5781.87,Active,2025-07-10,,2025-07-10,12
586,804382798706,Savings,67494.34,Active,2021-01-11,,2021-01-11,13
492,804979345602,Current,476936.17,Active,2025-02-17,,2025-02-17,9
597,173627723930,Savings,101916.92,Active,2026-02-22,,2026-02-22,14
796,229010494374,Salary,947.28,Closed,2025-12-01,2026-08-13,2025-12-01,11
266,177762104341,Savings,185936.86,Active,2023-09-12,,2023-09-12,20
101,729619587837,Savings,109912.71,Active,2018-01-25,,2018-01-25,5
43,399226817878,Savings,431987.12,Active,2019-07-12,,2019-07-12,8
579,325952731938,Savings,148424.16,Active,2022-04-13,,2022-04-13,20
359,810483870163,Savings,475415.1,Active,2019-10-11,,2019-10-11,2
272,508196978720,Savings,73228.29,Active,2022-08-25,,2022-08-25,15
102,528872033393,Salary,88377.23,Active,2019-03-01,,2019-03-01,6
893,607442491852,Savings,206893.98,Active,2023-06-18,,2023-06-18,13
461,282977473729,Savings,106154.98,Active,2022-11-12,,2022-11-12,14
254,527657341684,Current,1556657.54,Active,2022-03-22,,2022-03-22,5
550,429400235766,Savings,143063.8,Active,2025-04-11,,2025-04-11,12
177,905889223021,Savings,385753.35,Active,2022-07-02,,2022-07-02,5
97,651642854245,Savings,352202.96,Inactive,2026-03-15,,2026-03-15,17
867,740667948407,Salary,75816.84,Active,2020-12-09,,2020-12-09,10
372,147378458844,Savings,357350.35,Active,2023-08-17,,2023-08-17,11
955,769373156429,Current,671615.19,Active,2018-11-23,,2018-11-23,2
973,517769641941,Savings,489829.3,Active,2021-07-29,,2021-07-29,6
651,792392426933,Savings,395747.99,Active,2023-02-09,,2023-02-09,7
15,181337707966,Savings,30434.95,Active,2019-10-19,,2019-10-19,20
182,697138711267,Savings,220858.8,Active,2023-06-07,,2023-06-07,11
416,303059725904,Savings,154855.25,Active,2019-10-25,,2019-10-25,2
742,330078849342,Savings,191329.39,Active,2024-08-20,,2024-08-20,13
800,667176234086,Current,1668543.11,Active,2022-05-23,,2022-05-23,11
459,893702021951,Current,534340.0,Active,2021-08-25,,2021-08-25,6
407,204922987214,Current,1325572.88,Active,2020-04-17,,2020-04-17,18
466,520698504866,Savings,258020.01,Active,2022-07-13,,2022-07-13,3
425,461825676783,Savings,499125.68,Active,2018-07-27,,2018-07-27,13
505,766491830902,Savings,443946.39,Active,2019-08-13,,2019-08-13,5
190,767462816916,Savings,328626.26,Active,2020-02-03,,2020-02-03,4
861,309138059430,Savings,300453.83,Active,2023-03-22,,2023-03-22,14
951,374782647515,Current,719336.54,Active,2024-07-24,,2024-07-24,16
158,188395471771,Premium,826660.33,Active,2024-08-01,,2024-08-01,4
191,636505854097,Savings,417191.85,Active,2025-12-25,,2025-12-25,11
932,702277393681,Savings,74959.53,Active,2018-01-28,,2018-01-28,4
44,362387538194,Salary,7120.91,Active,2024-06-28,,2024-06-28,16
74,278817791228,Salary,22140.04,Active,2022-10-01,,2022-10-01,2
53,580768464795,Savings,176262.52,Active,2023-01-29,,2023-01-29,18
837,205256437493,Savings,12354.53,Active,2021-07-09,,2021-07-09,8
802,508496533088,Current,1200890.52,Active,2020-07-01,,2020-07-01,15
44,307503775886,Salary,161771.96,Active,2022-04-22,,2022-04-22,3
21,442609526543,Current,466582.08,Active,2018-07-27,,2018-07-27,1
443,895691766012,Savings,372697.28,Active,2021-07-21,,2021-07-21,10
299,930523671086,Current,535432.93,Active,2023-06-15,,2023-06-15,13
475,389875040653,Savings,343814.19,Active,2018-08-20,,2018-08-20,12
295,631442527609,Savings,329282.61,Active,2022-08-08,,2022-08-08,5
547,221175736192,Savings,214035.57,Active,2024-05-20,,2024-05-20,14
16,168850485980,Savings,794.76,Closed,2021-06-19,2021-08-19,2021-06-19,3
438,148225343984,Salary,98360.65,Active,2025-08-17,,2025-08-17,13
125,145091877111,Savings,30493.19,Active,2018-01-25,,2018-01-25,20
331,198421140152,Savings,488833.46,Active,2021-11-13,,2021-11-13,14
16,349464535038,Current,719795.87,Active,2019-02-16,,2019-02-16,18
376,565436921759,Savings,203871.49,Active,2021-11-09,,2021-11-09,13
112,301520652096,Current,970673.67,Active,2021-02-22,,2021-02-22,3
505,186661188685,Savings,80432.91,Inactive,2025-10-24,,2025-10-24,12
912,687749597131,Savings,378270.64,Inactive,2018-02-17,,2018-02-17,2
273,103460794634,Savings,316387.51,Active,2024-02-27,,2024-02-27,9
809,206679835456,Savings,288647.2,Active,2019-05-30,,2019-05-30,2
842,112059799585,Savings,148254.68,Active,2020-08-31,,2020-08-31,6
87,392065849987,Savings,122982.59,Active,2023-07-30,,2023-07-30,8
990,602213927289,Savings,393057.57,Active,2022-03-24,,2022-03-24,16
30,752883130203,Savings,99607.36,Active,2020-05-23,,2020-05-23,1
785,184731708622,Savings,464674.86,Active,2026-04-30,,2026-04-30,18
716,983555650870,Current,1757994.81,Active,2021-09-12,,2021-09-12,2
468,392883351923,Savings,464694.21,Active,2020-06-06,,2020-06-06,20
499,423454680144,Savings,74549.85,Active,2020-08-10,,2020-08-10,3
15,578274916124,Savings,113807.8,Active,2022-05-24,,2022-05-24,5
636,341523090965,Current,1202226.21,Active,2018-01-10,,2018-01-10,9
869,871844467320,Savings,35982.5,Active,2023-04-19,,2023-04-19,18
352,963039384641,Savings,86103.79,Active,2021-07-19,,2021-07-19,2
230,694015729806,Current,195498.48,Active,2024-08-12,,2024-08-12,8
493,949936619717,Savings,31014.65,Active,2021-01-06,,2021-01-06,4
523,429248814501,Savings,209454.12,Active,2019-01-10,,2019-01-10,20
572,652571998026,Savings,30131.86,Active,2022-04-10,,2022-04-10,13
478,189626266195,Savings,290711.41,Active,2019-05-06,,2019-05-06,18
230,860035577788,Savings,177256.42,Active,2018-02-10,,2018-02-10,1
41,286894227707,Salary,172465.44,Active,2018-05-11,,2018-05-11,7
906,737117782493,Savings,256729.44,Active,2022-03-27,,2022-03-27,12
984,781957820084,Savings,170427.9,Active,2024-11-06,,2024-11-06,5
595,432621209702,Savings,323019.99,Active,2018-01-13,,2018-01-13,18
379,976093666605,Savings,379360.15,Active,2021-04-11,,2021-04-11,13
917,115196753122,Savings,493461.08,Inactive,2021-09-27,,2021-09-27,2
145,923663098221,Salary,27913.52,Active,2024-03-03,,2024-03-03,14
624,817523747002,Savings,310989.0,Active,2019-03-24,,2019-03-24,12
846,183368692228,Savings,495375.87,Active,2023-05-05,,2023-05-05,1
155,902582852154,Savings,59262.82,Inactive,2020-06-10,,2020-06-10,12
635,850730373102,Savings,319674.47,Active,2018-01-03,,2018-01-03,12
835,269043887666,Savings,365606.84,Active,2025-11-13,,2025-11-13,3
207,312224736166,Savings,115760.25,Active,2024-11-18,,2024-11-18,1
601,267614886190,Current,271651.06,Active,2020-04-28,,2020-04-28,7
93,885734377829,Current,475948.25,Active,2024-10-11,,2024-10-11,14
474,527746405015,Current,405956.87,Active,2019-07-13,,2019-07-13,20
729,956986436601,Current,1173096.89,Active,2018-08-25,,2018-08-25,19
929,911635941817,Current,882905.71,Active,2023-11-25,,2023-11-25,10
607,747140603663,Savings,353357.93,Frozen,2022-01-05,,2022-01-05,6
468,941576304158,Savings,46119.0,Active,2022-11-05,,2022-11-05,20
287,401291177160,Salary,12.96,Closed,2022-04-17,2024-03-02,2022-04-17,17
653,245229340037,Salary,76816.64,Active,2021-02-23,,2021-02-23,15
186,277266396284,Savings,91596.54,Active,2022-03-12,,2022-03-12,3
820,672631767508,Savings,455637.18,Active,2023-02-11,,2023-02-11,6
236,903996991089,Savings,202631.53,Frozen,2025-03-15,,2025-03-15,14
471,300749186161,Current,392070.27,Active,2020-06-20,,2020-06-20,15
412,683210256214,Savings,374067.8,Active,2023-04-22,,2023-04-22,3
621,679401156609,Savings,21004.23,Active,2019-09-28,,2019-09-28,2
489,958409470319,Current,21749.6,Active,2022-12-16,,2022-12-16,6
126,635109424177,Savings,387156.56,Active,2020-06-05,,2020-06-05,8
462,299096833947,Savings,386792.13,Active,2019-04-29,,2019-04-29,5
154,897541694314,Savings,39234.99,Active,2018-03-30,,2018-03-30,9
982,367466591753,Savings,148849.97,Active,2019-05-02,,2019-05-02,4
203,326143534304,Savings,140773.97,Active,2018-01-04,,2018-01-04,1
562,278721061207,Current,1837912.86,Active,2023-11-02,,2023-11-02,9
822,486430764810,Current,1576221.72,Active,2024-07-23,,2024-07-23,14
609,666185568640,Premium,4932158.33,Active,2021-09-12,,2021-09-12,20
305,685884519425,Savings,28572.89,Active,2025-04-08,,2025-04-08,16
291,525554430408,Savings,299167.87,Active,2025-02-01,,2025-02-01,1
184,923517251170,Savings,460831.38,Active,2025-12-14,,2025-12-14,11
60,848169024883,Savings,195738.67,Active,2018-11-25,,2018-11-25,20
547,326749952315,Current,743029.49,Active,2020-10-06,,2020-10-06,3
114,603020789801,Savings,167927.25,Frozen,2019-11-26,,2019-11-26,11
251,643140378881,Current,1461573.46,Active,2026-03-06,,2026-03-06,11
33,924004336670,Savings,418723.05,Active,2021-06-09,,2021-06-09,9
35,399802067644,Savings,456217.82,Active,2021-11-01,,2021-11-01,4
515,892827059197,Salary,170738.6,Active,2023-12-06,,2023-12-06,13
682,456625893767,Savings,440295.21,Inactive,2025-11-27,,2025-11-27,15
507,535193574745,Salary,71330.62,Active,2023-02-07,,2023-02-07,13
690,488023105091,Current,1046822.4,Active,2022-02-11,,2022-02-11,5
202,127694704760,Savings,409099.49,Active,2024-06-03,,2024-06-03,13
605,708274520061,Salary,38460.5,Active,2020-09-22,,2020-09-22,5
204,338420820767,Salary,81693.53,Active,2023-08-21,,2023-08-21,13
145,996164450230,Current,1070983.59,Active,2023-01-22,,2023-01-22,3
179,343278182806,Savings,215692.29,Active,2025-07-30,,2025-07-30,10
625,556374853565,Savings,299883.61,Active,2018-03-04,,2018-03-04,4
872,836714043257,Savings,214967.22,Active,2019-12-12,,2019-12-12,15
452,804387937540,Savings,419007.19,Active,2024-08-25,,2024-08-25,17
51,449577947203,Savings,334116.17,Active,2020-04-30,,2020-04-30,4
790,690427046891,Savings,286112.08,Active,2020-10-07,,2020-10-07,17
306,302151657692,Savings,70888.16,Active,2020-02-03,,2020-02-03,18
434,482090239990,Savings,493391.65,Active,2020-06-11,,2020-06-11,12
287,423173284815,Savings,696.42,Closed,2021-09-07,2023-07-26,2021-09-07,16
19,601515441865,Salary,137404.96,Active,2022-04-04,,2022-04-04,8
159,240900116039,Current,1552378.99,Active,2021-07-05,,2021-07-05,13
892,915842279193,Savings,399011.68,Active,2020-11-07,,2020-11-07,4
844,777745553661,Savings,246926.89,Active,2020-01-21,,2020-01-21,6
451,699916262898,Savings,189089.98,Active,2021-05-09,,2021-05-09,6
769,116671350325,Savings,127828.46,Active,2020-06-21,,2020-06-21,6
669,434851123676,Salary,186240.47,Active,2026-06-22,,2026-06-22,9
107,615575416270,Current,1196909.83,Active,2022-11-14,,2022-11-14,20
409,782059216376,Savings,158546.03,Active,2024-06-01,,2024-06-01,5
370,744871928300,Savings,104295.39,Active,2018-04-07,,2018-04-07,16
296,382368949650,Savings,247.19,Closed,2024-01-06,2025-02-13,2024-01-06,12
207,220434518990,Savings,14461.59,Active,2018-07-18,,2018-07-18,17
259,474969599182,Savings,218893.71,Active,2022-01-19,,2022-01-19,15
241,317309033538,Savings,300333.5,Active,2024-05-03,,2024-05-03,12
356,275591411001,Savings,152427.91,Active,2022-04-18,,2022-04-18,12
847,161336530658,Savings,439355.74,Active,2024-05-01,,2024-05-01,14
798,862805684978,Savings,16936.6,Active,2019-06-06,,2019-06-06,4
321,362304988691,Savings,423502.86,Active,2025-03-15,,2025-03-15,16
332,713355557993,Savings,259244.04,Active,2022-01-08,,2022-01-08,14
838,428380733980,Savings,358114.54,Active,2022-05-08,,2022-05-08,6
435,956863008193,Savings,439732.83,Active,2021-10-08,,2021-10-08,6
344,342848356122,Current,1226473.02,Active,2024-05-27,,2024-05-27,8
381,989031935272,Savings,322106.12,Active,2024-09-30,,2024-09-30,1
468,508637503688,Salary,39302.78,Active,2023-01-26,,2023-01-26,10
923,739822549280,Savings,283182.34,Active,2024-08-18,,2024-08-18,8
841,891120209326,Salary,117340.75,Active,2023-04-01,,2023-04-01,14
254,502687139831,Savings,475705.32,Active,2022-09-09,,2022-09-09,15
822,324837995793,Premium,299404.71,Frozen,2018-03-24,,2018-03-24,3
510,644862681209,Savings,429183.45,Active,2024-10-17,,2024-10-17,8
816,759010093239,Current,387211.34,Active,2021-01-09,,2021-01-09,19
887,780171481328,Current,754018.51,Active,2019-04-11,,2019-04-11,8
916,493859770516,Savings,161530.37,Active,2019-06-01,,2019-06-01,9
843,782284044829,Savings,4803.15,Active,2019-11-11,,2019-11-11,8
457,113182334274,Savings,128014.41,Frozen,2020-01-01,,2020-01-01,9
651,286153111161,Savings,404710.32,Active,2026-05-16,,2026-05-16,13
534,380970184974,Savings,212979.48,Active,2024-09-12,,2024-09-12,13
742,805922357808,Premium,3827353.45,Active,2024-08-31,,2024-08-31,4
590,791196192982,Savings,76357.97,Active,2023-08-17,,2023-08-17,3
865,468925942148,Salary,63974.54,Active,2019-01-24,,2019-01-24,14
255,812434973896,Savings,314652.36,Active,2022-02-13,,2022-02-13,8
276,233582061833,Premium,1870676.17,Active,2018-06-13,,2018-06-13,12
665,284512651394,Current,50189.01,Active,2021-05-06,,2021-05-06,6
608,747568869748,Savings,142071.03,Active,2022-07-19,,2022-07-19,16
71,849726443778,Savings,113963.68,Active,2022-01-15,,2022-01-15,5
599,974415122769,Savings,86124.19,Active,2025-01-26,,2025-01-26,1
525,492969871762,Current,1609607.98,Active,2021-03-05,,2021-03-05,8
570,603930357123,Savings,400067.02,Active,2018-10-20,,2018-10-20,19
282,101164310390,Savings,24846.71,Active,2024-08-23,,2024-08-23,13
867,389899111242,Savings,415387.48,Active,2025-06-21,,2025-06-21,8
339,654454407945,Salary,82381.69,Active,2019-11-17,,2019-11-17,12
730,430165081065,Savings,349149.77,Active,2025-05-22,,2025-05-22,12
202,502768015786,Savings,71740.74,Active,2018-10-18,,2018-10-18,3
917,535676514220,Current,267564.06,Active,2025-07-21,,2025-07-21,19
838,156222396912,Savings,158601.6,Active,2025-11-01,,2025-11-01,8
75,161049985491,Salary,139141.69,Active,2020-04-05,,2020-04-05,13
78,762820135757,Savings,156320.58,Active,2024-11-23,,2024-11-23,4
265,392373638301,Savings,498934.17,Active,2023-04-20,,2023-04-20,16
963,376553362617,Savings,344719.4,Active,2024-11-18,,2024-11-18,3
729,674262430481,Savings,271347.16,Active,2018-05-30,,2018-05-30,8
87,474006517307,Savings,264018.15,Active,2019-07-20,,2019-07-20,5
395,135268215781,Savings,8335.65,Active,2020-08-28,,2020-08-28,1
186,671554214056,Savings,77574.0,Active,2018-07-19,,2018-07-19,20
928,690086475538,Savings,154665.74,Active,2025-06-22,,2025-06-22,18
955,244295014251,Savings,234447.88,Active,2023-01-14,,2023-01-14,13
597,754133610781,Salary,184614.37,Active,2022-05-13,,2022-05-13,5
755,584050456592,Salary,122020.71,Active,2022-04-17,,2022-04-17,11
455,937193117953,Savings,120694.11,Active,2022-08-26,,2022-08-26,11
17,327805163495,Current,1454535.1,Active,2020-06-06,,2020-06-06,14
765,635710596353,Savings,440638.88,Active,2025-04-22,,2025-04-22,5
419,799864643937,Current,981805.5,Active,2020-12-07,,2020-12-07,13
758,439854632903,Savings,293530.21,Active,2026-04-05,,2026-04-05,17
365,675143297443,Savings,335064.04,Active,2020-02-25,,2020-02-25,18
120,137342268144,Savings,87067.78,Active,2020-03-06,,2020-03-06,12
713,840899178383,Savings,473690.07,Active,2023-04-07,,2023-04-07,7
762,526742035919,Savings,250178.36,Active,2023-02-07,,2023-02-07,11
825,303932837878,Savings,229948.52,Active,2023-08-25,,2023-08-25,14
963,131792348228,Salary,179705.63,Active,2020-08-13,,2020-08-13,19
118,589341835904,Savings,105585.74,Active,2018-09-02,,2018-09-02,18
160,521812030130,Salary,29976.8,Active,2021-11-13,,2021-11-13,4
811,422856937687,Savings,251897.67,Inactive,2023-04-27,,2023-04-27,15
441,624144170206,Premium,2066883.17,Active,2018-02-25,,2018-02-25,10
824,469984947962,Savings,344599.58,Active,2021-09-29,,2021-09-29,7
42,230740481951,Salary,186823.73,Active,2018-04-08,,2018-04-08,17
629,702129592802,Savings,426352.0,Active,2021-12-13,,2021-12-13,8
314,945638525681,Current,1924905.05,Active,2021-07-17,,2021-07-17,4
855,168435580158,Savings,146576.56,Active,2025-05-23,,2025-05-23,16
726,718209730928,Savings,473564.63,Active,2019-07-25,,2019-07-25,18
765,801652982478,Savings,16045.93,Active,2020-12-20,,2020-12-20,17
153,140961702609,Salary,164419.12,Active,2021-01-06,,2021-01-06,15
85,673351546021,Savings,7864.5,Active,2020-01-04,,2020-01-04,20
810,837158125992,Savings,338424.79,Active,2019-08-12,,2019-08-12,13
665,411493440825,Current,645300.52,Active,2021-04-26,,2021-04-26,4
447,980113846517,Salary,107766.83,Active,2022-03-04,,2022-03-04,17
904,810211870552,Current,265242.22,Active,2026-04-26,,2026-04-26,11
273,590211285150,Savings,284005.78,Active,2020-05-25,,2020-05-25,9
915,870539131418,Savings,335599.9,Active,2024-03-14,,2024-03-14,4
909,577440801886,Savings,288752.45,Active,2025-04-13,,2025-04-13,1
958,500811320014,Savings,40470.66,Active,2021-06-10,,2021-06-10,17
285,340656591141,Savings,409080.56,Active,2023-04-10,,2023-04-10,18
304,650380637739,Savings,38466.73,Active,2021-12-20,,2021-12-20,6
777,715491863095,Current,513609.99,Active,2023-08-08,,2023-08-08,6
355,490451625494,Savings,491285.45,Active,2018-07-14,,2018-07-14,6
620,785900813411,Savings,325880.89,Active,2024-12-14,,2024-12-14,18
461,969427145153,Savings,486813.14,Active,2020-09-11,,2020-09-11,16
326,328775365816,Savings,112644.76,Active,2023-03-19,,2023-03-19,19
266,298376167001,Current,1683048.52,Active,2021-05-03,,2021-05-03,10
538,183252372827,Premium,3349374.29,Active,2024-11-24,,2024-11-24,17
606,464847798974,Savings,391027.09,Active,2019-03-31,,2019-03-31,3
279,455292116453,Savings,270186.76,Active,2025-02-07,,2025-02-07,10
91,309570973774,Premium,4350234.28,Active,2025-08-20,,2025-08-20,4
720,900562830706,Savings,435696.37,Active,2026-04-15,,2026-04-15,8
633,794290126648,Savings,289009.83,Active,2022-06-14,,2022-06-14,7
80,338331757520,Salary,177666.36,Active,2022-06-05,,2022-06-05,10
349,275173873038,Savings,354908.72,Active,2026-03-31,,2026-03-31,5
462,781695111236,Savings,226952.71,Active,2019-02-24,,2019-02-24,9
552,474470591710,Savings,151788.29,Active,2019-02-12,,2019-02-12,6
552,740936401820,Savings,161229.67,Active,2023-12-24,,2023-12-24,5
585,985931368109,Salary,38219.18,Active,2024-12-17,,2024-12-17,1
147,578837559477,Salary,721.76,Closed,2020-05-22,2023-12-02,2020-05-22,15
138,932766651478,Savings,474820.3,Active,2019-03-24,,2019-03-24,10
212,178361543939,Savings,248424.86,Active,2019-11-03,,2019-11-03,1
248,499052267569,Current,353841.18,Active,2020-03-23,,2020-03-23,5
658,102336192184,Savings,16058.48,Active,2025-02-21,,2025-02-21,18
220,348883253879,Savings,397108.29,Active,2026-03-31,,2026-03-31,19
816,810448670010,Current,512853.35,Active,2018-04-09,,2018-04-09,17
782,597965370977,Premium,3144063.01,Active,2024-01-29,,2024-01-29,19
288,991903584809,Savings,268376.48,Active,2022-05-22,,2022-05-22,11
493,222660348906,Salary,129668.93,Active,2018-01-15,,2018-01-15,19
114,509069109579,Salary,112478.21,Active,2021-09-06,,2021-09-06,6
339,967761643899,Savings,203329.83,Active,2023-08-04,,2023-08-04,2
115,104684940242,Salary,48554.08,Active,2022-06-05,,2022-06-05,6
836,374759133115,Savings,290222.9,Active,2020-10-03,,2020-10-03,8
239,266126532363,Salary,156258.08,Active,2022-10-16,,2022-10-16,12
57,868454062373,Salary,21005.25,Active,2024-05-18,,2024-05-18,17
897,488636332947,Savings,373498.2,Active,2025-04-16,,2025-04-16,18
537,727534711361,Savings,390183.43,Active,2022-03-10,,2022-03-10,3
120,527016012906,Savings,160151.44,Active,2018-06-18,,2018-06-18,13
808,191106699718,Savings,355377.84,Active,2026-07-08,,2026-07-08,1
604,566945549125,Savings,90.03,Closed,2019-10-04,2023-05-02,2019-10-04,7
125,728740656949,Savings,202603.59,Active,2020-06-03,,2020-06-03,5
481,342545763466,Savings,42924.5,Active,2024-02-29,,2024-02-29,1
596,890322133036,Current,1291106.9,Active,2020-06-12,,2020-06-12,18
819,439375039961,Savings,263021.12,Active,2018-09-14,,2018-09-14,12
108,724119609984,Savings,490725.02,Active,2019-04-15,,2019-04-15,10
450,998044883776,Salary,2052.17,Active,2025-04-17,,2025-04-17,15
10,457476278889,Savings,238235.94,Active,2026-04-29,,2026-04-29,2
892,888369378918,Salary,164304.62,Active,2023-10-08,,2023-10-08,20
638,317064893109,Current,1030762.88,Active,2020-05-28,,2020-05-28,20
872,642655549214,Savings,317709.13,Active,2019-02-07,,2019-02-07,13
974,886888728568,Savings,488887.45,Active,2025-07-06,,2025-07-06,13
504,956465423265,Savings,303594.7,Active,2025-04-30,,2025-04-30,17
369,278295114671,Savings,170055.33,Active,2024-07-07,,2024-07-07,6
751,640025698528,Salary,122860.5,Active,2022-06-18,,2022-06-18,8
399,835352267260,Savings,465109.72,Active,2020-05-11,,2020-05-11,16
719,480256569240,Savings,97404.41,Active,2024-09-17,,2024-09-17,18
823,268595366074,Salary,51700.23,Active,2018-01-07,,2018-01-07,15
583,834259131631,Current,621300.83,Active,2018-12-15,,2018-12-15,9
665,728223039602,Savings,325820.72,Active,2018-07-14,,2018-07-14,10
128,298678888126,Savings,142449.68,Active,2025-12-14,,2025-12-14,8
252,287189704122,Savings,53980.2,Active,2024-10-23,,2024-10-23,11
531,405044623353,Salary,17125.12,Active,2021-03-07,,2021-03-07,10
541,812242913466,Savings,358486.98,Active,2020-05-02,,2020-05-02,14
428,768862989555,Savings,383006.1,Active,2020-07-17,,2020-07-17,11
305,109129139339,Current,1102191.51,Active,2020-08-27,,2020-08-27,17
636,153644501962,Savings,119195.44,Active,2023-01-26,,2023-01-26,4
621,153057715662,Savings,51130.07,Active,2019-02-04,,2019-02-04,20
83,830279322452,Current,607123.34,Active,2019-12-17,,2019-12-17,5
17,986537317371,Premium,3866608.56,Active,2021-12-18,,2021-12-18,2
856,391458361517,Savings,177809.38,Active,2026-06-03,,2026-06-03,20
184,571794330194,Savings,97118.55,Active,2025-10-16,,2025-10-16,4
220,607372651921,Salary,139230.55,Active,2018-10-13,,2018-10-13,4
456,152649801161,Premium,3949136.05,Active,2018-01-02,,2018-01-02,3
643,217057941121,Savings,449182.84,Active,2019-03-18,,2019-03-18,3
372,781215857017,Savings,254525.68,Active,2024-05-16,,2024-05-16,16
339,506551505877,Savings,446084.71,Active,2024-03-23,,2024-03-23,10
888,583486010869,Savings,36476.3,Active,2018-01-05,,2018-01-05,12
687,288628917458,Savings,307483.52,Active,2021-11-07,,2021-11-07,1
255,288345103069,Current,1767794.7,Active,2022-07-19,,2022-07-19,8
786,200284218781,Current,135177.03,Active,2021-11-04,,2021-11-04,20
611,142140903191,Savings,41920.78,Inactive,2019-10-22,,2019-10-22,1
64,615003081372,Salary,18755.38,Active,2018-07-06,,2018-07-06,4
797,446523839572,Savings,368077.38,Inactive,2018-07-31,,2018-07-31,6
7,814400130319,Current,1745680.99,Active,2018-11-20,,2018-11-20,15
746,521487595860,Savings,87941.09,Active,2022-07-24,,2022-07-24,14
758,748428746129,Savings,457191.36,Active,2025-02-26,,2025-02-26,17
4,986508632386,Savings,340893.59,Active,2018-02-16,,2018-02-16,6
24,701440335336,Salary,81623.42,Active,2026-02-20,,2026-02-20,9
958,247610395339,Savings,185180.15,Active,2018-09-26,,2018-09-26,16
227,247305692708,Savings,481927.17,Active,2019-07-16,,2019-07-16,3
769,905989202678,Current,179.24,Closed,2026-03-02,2026-08-13,2026-03-02,15
528,532420135747,Savings,491982.25,Active,2023-07-03,,2023-07-03,8
598,310332535357,Savings,170582.05,Active,2019-07-16,,2019-07-16,8
109,614846769683,Savings,87115.97,Active,2024-12-03,,2024-12-03,6
336,439901491204,Savings,300734.23,Active,2025-06-13,,2025-06-13,2
531,244550084635,Premium,2293902.82,Active,2023-07-27,,2023-07-27,11
987,922208626150,Salary,4885.99,Active,2019-09-18,,2019-09-18,10
332,804411579724,Savings,110772.15,Active,2026-04-10,,2026-04-10,4
989,823379208343,Savings,340151.6,Active,2021-07-11,,2021-07-11,15
279,772195432071,Savings,78332.37,Active,2019-04-14,,2019-04-14,17
935,781910393863,Salary,96897.13,Active,2018-09-07,,2018-09-07,19
259,114073189795,Savings,494999.32,Active,2022-03-18,,2022-03-18,8
495,890072076583,Savings,116073.77,Active,2022-10-09,,2022-10-09,5
870,480772026055,Savings,484382.92,Active,2024-01-27,,2024-01-27,2
651,419326210498,Savings,113030.93,Active,2023-02-23,,2023-02-23,5
517,430735476690,Savings,162664.48,Active,2022-08-05,,2022-08-05,7
803,804039243201,Current,1564386.85,Active,2025-04-26,,2025-04-26,13
227,244738490542,Savings,237.84,Closed,2026-06-10,2026-08-13,2026-06-10,19
560,487052249687,Savings,331201.47,Active,2026-06-13,,2026-06-13,18
950,770306692292,Savings,366578.37,Active,2023-02-01,,2023-02-01,6
90,245341725302,Savings,17238.65,Active,2018-03-31,,2018-03-31,3
543,164135933624,Savings,82335.24,Active,2022-05-13,,2022-05-13,15
820,709286761507,Savings,172121.9,Active,2020-12-03,,2020-12-03,4
613,896232567703,Premium,1007538.13,Active,2025-07-08,,2025-07-08,8
489,760045513760,Savings,81674.01,Active,2026-05-31,,2026-05-31,16
687,551398284504,Savings,237650.97,Active,2022-06-06,,2022-06-06,15
73,393287293975,Savings,128083.4,Active,2022-10-09,,2022-10-09,3
417,307358820100,Salary,171435.5,Active,2020-10-22,,2020-10-22,12
496,797927270107,Premium,2820112.77,Active,2020-10-10,,2020-10-10,4
811,275733914666,Savings,440619.21,Active,2024-03-01,,2024-03-01,3
979,775824370044,Savings,121129.85,Active,2026-03-26,,2026-03-26,9
554,144396902763,Savings,278114.73,Active,2021-09-12,,2021-09-12,6
52,315705103426,Savings,476834.35,Active,2023-10-22,,2023-10-22,15
847,181944015203,Savings,243949.23,Active,2022-07-09,,2022-07-09,13
269,845685543876,Savings,312430.6,Active,2022-03-25,,2022-03-25,2
874,432946094237,Premium,2384276.91,Active,2024-07-19,,2024-07-19,1
13,410138664391,Savings,379827.38,Active,2023-11-24,,2023-11-24,14
879,404947665068,Salary,181958.48,Active,2019-11-19,,2019-11-19,17
313,332412086734,Savings,231308.14,Active,2023-05-31,,2023-05-31,16
335,646652152406,Savings,380983.24,Active,2024-08-29,,2024-08-29,11
600,940764611881,Savings,213495.92,Active,2024-12-30,,2024-12-30,15
339,301020326136,Current,406943.06,Active,2024-03-24,,2024-03-24,9
751,926390096200,Current,1138568.2,Active,2023-08-22,,2023-08-22,8
647,153445388041,Premium,4506176.27,Active,2020-07-16,,2020-07-16,6
716,427904565699,Salary,153553.75,Active,2023-09-23,,2023-09-23,17
6,847380961808,Savings,68830.96,Active,2022-01-04,,2022-01-04,8
320,159673697623,Savings,91086.27,Active,2020-08-24,,2020-08-24,11
633,185419561689,Savings,224268.43,Active,2023-12-02,,2023-12-02,1
706,730495998714,Savings,228034.8,Active,2022-04-03,,2022-04-03,2
153,801161156143,Current,1192751.11,Active,2023-12-03,,2023-12-03,1
398,638357188000,Savings,766.91,Closed,2021-12-01,2024-04-26,2021-12-01,19
724,430605154212,Savings,345599.54,Active,2024-05-31,,2024-05-31,10
34,453888857333,Savings,431106.58,Active,2020-01-25,,2020-01-25,8
593,331509118047,Savings,26504.28,Active,2026-07-19,,2026-07-19,17
249,787098839280,Savings,208412.49,Frozen,2020-08-05,,2020-08-05,8
370,749049576375,Premium,1488343.21,Active,2022-11-29,,2022-11-29,20
699,409915314496,Savings,27120.99,Active,2024-07-13,,2024-07-13,19
97,577530296384,Savings,397195.08,Active,2023-02-16,,2023-02-16,18
491,695625582308,Savings,473405.66,Active,2019-09-23,,2019-09-23,9
760,578956057519,Savings,490033.37,Active,2023-02-14,,2023-02-14,13
329,681831604159,Current,1701292.64,Inactive,2024-05-15,,2024-05-15,4
513,763957723978,Savings,26245.54,Active,2022-05-11,,2022-05-11,4
893,158596198565,Savings,76898.39,Active,2026-05-28,,2026-05-28,1
114,882083344727,Savings,211503.82,Active,2018-05-23,,2018-05-23,9
673,809676154775,Savings,235376.28,Active,2026-01-06,,2026-01-06,4
867,450716280631,Current,765690.94,Active,2025-03-20,,2025-03-20,15
961,617745388760,Savings,354420.48,Active,2018-11-09,,2018-11-09,4
498,857128406726,Savings,348737.89,Active,2022-10-08,,2022-10-08,20
912,108409021330,Savings,68323.41,Active,2019-01-14,,2019-01-14,5
286,672027122307,Savings,312194.7,Active,2023-05-10,,2023-05-10,5
972,840232558815,Savings,50735.57,Active,2022-09-09,,2022-09-09,5
922,999317128574,Savings,280518.01,Active,2018-08-17,,2018-08-17,2
548,987458868316,Salary,68020.34,Active,2024-03-20,,2024-03-20,9
356,757072383710,Savings,11582.56,Active,2024-06-01,,2024-06-01,17
511,192769084644,Premium,2118053.15,Active,2024-07-29,,2024-07-29,17
168,633364937115,Current,883381.64,Active,2020-07-23,,2020-07-23,8
634,249245004362,Salary,173773.72,Active,2024-10-29,,2024-10-29,8
64,665180429691,Current,400364.6,Active,2020-07-01,,2020-07-01,1
943,398098600345,Savings,38429.52,Active,2023-04-21,,2023-04-21,18
140,843500508789,Salary,79488.12,Active,2020-11-29,,2020-11-29,2
456,634682571219,Savings,378289.53,Active,2020-09-10,,2020-09-10,20
931,568492511082,Savings,421611.22,Active,2023-04-02,,2023-04-02,19
224,231383546933,Current,361476.46,Active,2024-02-03,,2024-02-03,5
400,870975474045,Salary,746.38,Closed,2019-10-01,2021-12-12,2019-10-01,4
610,230235691819,Savings,392799.02,Active,2023-03-03,,2023-03-03,15
161,965811327480,Savings,281167.69,Inactive,2026-05-16,,2026-05-16,17
130,349495782321,Savings,160257.36,Active,2026-06-20,,2026-06-20,15
332,304126032713,Savings,54751.6,Active,2022-09-05,,2022-09-05,10
418,230062713398,Current,1949230.64,Active,2021-08-11,,2021-08-11,3
727,839253613498,Savings,329991.08,Active,2024-11-05,,2024-11-05,5
854,286701627118,Savings,264424.22,Active,2022-10-22,,2022-10-22,2
955,166475348805,Savings,429531.21,Active,2018-05-23,,2018-05-23,4
139,177735114340,Savings,489358.7,Active,2019-08-21,,2019-08-21,17
595,600755798741,Current,289750.4,Active,2024-07-22,,2024-07-22,10
59,721092289450,Savings,58512.81,Active,2021-06-15,,2021-06-15,20
521,903651133366,Savings,451760.71,Active,2021-02-01,,2021-02-01,5
146,875995371955,Savings,112296.69,Active,2020-09-21,,2020-09-21,10
120,940422515553,Savings,443511.04,Active,2023-11-12,,2023-11-12,2
701,281542773403,Savings,177363.77,Active,2026-06-21,,2026-06-21,15
250,716482657942,Savings,7223.81,Active,2021-12-21,,2021-12-21,13
939,392083434919,Current,1537205.5,Active,2018-10-26,,2018-10-26,4
43,925673595596,Savings,289725.38,Active,2019-12-01,,2019-12-01,6
116,451897242133,Savings,132576.88,Active,2019-07-05,,2019-07-05,19
155,326028377863,Salary,144274.38,Active,2018-05-08,,2018-05-08,1
512,602721129766,Savings,327956.98,Active,2019-08-19,,2019-08-19,12
4,745310280461,Savings,342188.28,Active,2019-04-30,,2019-04-30,7
765,719898607137,Savings,109641.62,Active,2023-11-10,,2023-11-10,2
72,300371505372,Savings,333594.57,Inactive,2025-12-27,,2025-12-27,12
612,664009960273,Savings,14017.56,Active,2024-10-16,,2024-10-16,14
393,201797078708,Current,1376848.18,Active,2019-07-29,,2019-07-29,9
944,619140704674,Premium,2585437.73,Active,2018-08-24,,2018-08-24,14
237,564888620150,Current,1213123.54,Active,2018-12-09,,2018-12-09,5
488,974474344403,Current,1277862.52,Active,2024-10-13,,2024-10-13,13
637,867629527735,Salary,109422.6,Active,2024-06-21,,2024-06-21,11
165,427462517779,Savings,301290.72,Active,2024-06-18,,2024-06-18,14
404,556741338424,Current,470548.45,Active,2019-09-04,,2019-09-04,14
26,967382930042,Savings,324421.12,Active,2020-03-05,,2020-03-05,8
507,868582919643,Savings,429307.15,Active,2025-12-30,,2025-12-30,16
349,806014915509,Savings,364603.36,Active,2021-06-11,,2021-06-11,1
980,928107172832,Savings,297679.51,Active,2018-04-22,,2018-04-22,6
393,957598933012,Current,1475731.05,Active,2026-06-29,,2026-06-29,9
648,202820148118,Savings,34005.21,Active,2025-05-25,,2025-05-25,12
728,817088142135,Savings,192823.86,Active,2024-04-20,,2024-04-20,12
71,691291504656,Current,1230895.82,Active,2026-02-18,,2026-02-18,19
417,829094746835,Current,144539.07,Active,2025-11-20,,2025-11-20,10
659,501627820391,Salary,190239.72,Frozen,2023-01-14,,2023-01-14,20
718,839242640184,Savings,465428.51,Active,2023-09-14,,2023-09-14,10
447,142647835700,Savings,499210.98,Inactive,2021-05-29,,2021-05-29,7
551,301651274856,Current,639712.93,Active,2019-06-28,,2019-06-28,19
164,226743360318,Current,1288066.81,Active,2023-09-23,,2023-09-23,12
987,506398868820,Premium,176991.56,Active,2020-03-18,,2020-03-18,20
714,589105662491,Savings,360652.38,Active,2018-12-11,,2018-12-11,1
492,566682359032,Savings,470206.51,Active,2024-07-14,,2024-07-14,5
160,776510343960,Savings,995.45,Closed,2024-11-16,2025-05-07,2024-11-16,17
507,254372310277,Savings,118295.81,Active,2021-06-30,,2021-06-30,5
916,963744695008,Savings,247806.47,Active,2023-07-07,,2023-07-07,16
838,678120034203,Savings,17966.72,Active,2025-10-27,,2025-10-27,20
810,245940036095,Current,424841.51,Active,2018-05-20,,2018-05-20,20
311,783617134345,Savings,269068.07,Active,2022-08-29,,2022-08-29,8
632,255284566572,Salary,170583.55,Active,2018-11-21,,2018-11-21,17
946,238927188743,Savings,390768.31,Active,2018-07-17,,2018-07-17,19
295,648799031926,Savings,250432.27,Active,2024-06-27,,2024-06-27,4
1000,925276389982,Savings,388212.67,Active,2018-06-13,,2018-06-13,8
742,316617957987,Savings,119670.61,Active,2021-02-23,,2021-02-23,1
267,520080340689,Savings,456367.52,Active,2019-06-20,,2019-06-20,9
63,230513861622,Current,85268.07,Inactive,2023-11-11,,2023-11-11,9
50,659797745566,Savings,196515.54,Active,2021-10-29,,2021-10-29,14
248,887286911231,Savings,5923.03,Active,2025-06-16,,2025-06-16,5
536,626334182316,Savings,448408.29,Active,2025-05-20,,2025-05-20,5
648,521805609684,Savings,432418.55,Active,2020-08-15,,2020-08-15,2
753,795443152360,Salary,164775.79,Active,2026-02-15,,2026-02-15,16
74,904283443015,Savings,59992.38,Active,2019-11-18,,2019-11-18,10
823,374378061007,Savings,483204.06,Active,2024-09-22,,2024-09-22,7
284,994518314024,Savings,197277.64,Active,2025-03-28,,2025-03-28,18
151,490818984318,Savings,453614.9,Active,2022-03-04,,2022-03-04,16
768,440612507472,Savings,295011.61,Active,2018-03-03,,2018-03-03,18
185,967643861999,Savings,412909.87,Active,2024-05-25,,2024-05-25,10
700,388820781034,Salary,84308.13,Active,2022-07-24,,2022-07-24,6
8,424421648680,Current,307286.46,Active,2018-09-17,,2018-09-17,2
797,983059883788,Savings,153519.02,Active,2019-04-10,,2019-04-10,19
693,147110686340,Savings,74833.21,Active,2020-01-02,,2020-01-02,2
102,761174758456,Savings,148705.49,Frozen,2019-06-04,,2019-06-04,15
974,751526212950,Savings,81819.16,Active,2023-06-16,,2023-06-16,1
949,112112628151,Savings,86934.0,Active,2019-07-16,,2019-07-16,16
578,122148098814,Current,88064.89,Active,2023-04-20,,2023-04-20,15
928,317498557207,Savings,77196.47,Active,2021-04-09,,2021-04-09,10
105,741686308879,Current,1368079.28,Active,2024-06-20,,2024-06-20,20
691,646013332566,Savings,393343.61,Active,2025-06-06,,2025-06-06,20
882,169715427162,Savings,247854.14,Active,2021-04-04,,2021-04-04,4
632,433982562049,Savings,393550.22,Active,2026-07-04,,2026-07-04,14
194,821089375298,Savings,285130.82,Active,2020-11-12,,2020-11-12,19
895,736431949176,Salary,191297.48,Active,2018-08-24,,2018-08-24,15
949,965007863314,Current,512554.01,Active,2022-05-01,,2022-05-01,6
942,545541325410,Savings,855.65,Closed,2023-09-04,2025-07-05,2023-09-04,20
944,233566075275,Current,1759911.92,Active,2025-01-22,,2025-01-22,19
753,241887150561,Salary,112153.15,Active,2019-09-18,,2019-09-18,12
301,566031691472,Savings,200606.74,Active,2018-04-07,,2018-04-07,10
362,179872805988,Savings,242934.55,Active,2021-12-23,,2021-12-23,15
155,894349973378,Savings,256135.52,Active,2020-10-21,,2020-10-21,1
564,777580289947,Savings,61909.74,Active,2018-07-25,,2018-07-25,12
174,909930898595,Savings,410972.44,Active,2025-07-22,,2025-07-22,10
317,258941436591,Savings,318135.43,Active,2021-05-24,,2021-05-24,5
675,314188932684,Savings,132993.71,Inactive,2026-01-30,,2026-01-30,6
920,984523019017,Savings,320048.99,Active,2018-10-06,,2018-10-06,13
652,717367754803,Salary,14441.05,Active,2025-05-04,,2025-05-04,16
870,509978255879,Savings,345866.32,Active,2026-07-13,,2026-07-13,6
600,710223844714,Premium,2116894.27,Active,2022-09-12,,2022-09-12,17
828,764977493152,Savings,423570.6,Active,2026-07-11,,2026-07-11,16
874,362556117116,Savings,399980.19,Active,2022-08-20,,2022-08-20,12
556,701538863848,Savings,240203.97,Active,2023-03-06,,2023-03-06,11
451,353326629488,Current,680800.95,Active,2024-04-29,,2024-04-29,18
666,255540504702,Savings,198560.66,Active,2021-09-27,,2021-09-27,15
271,931157507172,Savings,70265.08,Active,2019-05-12,,2019-05-12,7
700,816133735117,Savings,495814.21,Active,2023-11-17,,2023-11-17,11
722,490614977372,Salary,177628.93,Active,2018-11-22,,2018-11-22,12
91,376821923305,Savings,147086.77,Inactive,2024-03-23,,2024-03-23,19
634,938621295689,Premium,3929498.88,Active,2026-02-27,,2026-02-27,4
268,621861229473,Savings,154.28,Closed,2022-02-13,2023-12-23,2022-02-13,3
250,187982665879,Savings,391154.79,Active,2022-10-23,,2022-10-23,4
472,504121186516,Current,951826.89,Active,2025-08-16,,2025-08-16,4
170,270290003665,Savings,64451.8,Active,2022-04-27,,2022-04-27,5
592,671068427497,Savings,421287.22,Active,2018-11-09,,2018-11-09,12
422,817241432298,Savings,486462.4,Active,2025-06-25,,2025-06-25,16
392,378747956600,Savings,389041.52,Inactive,2025-02-16,,2025-02-16,9
930,803296066047,Savings,135725.87,Active,2020-06-16,,2020-06-16,17
258,638175486474,Current,1452125.05,Active,2025-12-29,,2025-12-29,7
629,958978825444,Savings,135550.38,Inactive,2023-08-30,,2023-08-30,3
201,139307483571,Salary,876.97,Closed,2018-02-26,2020-11-20,2018-02-26,12
523,635192059830,Current,1240441.61,Active,2023-12-08,,2023-12-08,10
693,130755786499,Savings,30010.38,Active,2022-02-28,,2022-02-28,10
651,633276431738,Salary,51156.08,Active,2021-04-27,,2021-04-27,5
6,318373195830,Premium,54645.38,Active,2021-03-22,,2021-03-22,5
842,937308078469,Savings,59660.96,Active,2025-08-09,,2025-08-09,14
322,344806606311,Savings,488409.94,Active,2021-08-23,,2021-08-23,6
283,279816658657,Savings,133141.76,Active,2023-06-20,,2023-06-20,11
768,371235753454,Savings,240470.93,Active,2020-09-15,,2020-09-15,1
328,867296716094,Savings,198876.17,Active,2022-03-19,,2022-03-19,18
538,733676035421,Salary,84695.89,Active,2026-06-18,,2026-06-18,4
28,754630324131,Savings,281825.38,Inactive,2023-08-19,,2023-08-19,4
996,879905516203,Savings,432987.14,Active,2024-06-14,,2024-06-14,13
965,885285873616,Salary,127695.58,Active,2025-08-06,,2025-08-06,18
926,342818066012,Savings,157064.83,Active,2025-11-03,,2025-11-03,17
16,815055664397,Savings,103644.12,Active,2018-10-02,,2018-10-02,19
976,336776122170,Salary,160289.15,Active,2023-10-12,,2023-10-12,17
858,454204295799,Current,1846265.45,Active,2022-03-15,,2022-03-15,3
106,728081156063,Savings,295280.57,Active,2022-02-24,,2022-02-24,3
404,420509004029,Savings,299138.25,Active,2021-05-29,,2021-05-29,2
663,692457676907,Salary,53452.04,Active,2021-07-29,,2021-07-29,15
679,687438642234,Savings,154.57,Closed,2020-01-11,2021-06-27,2020-01-11,11
115,261458697613,Savings,243544.56,Active,2023-01-06,,2023-01-06,5
987,501673289277,Savings,323206.8,Active,2019-06-24,,2019-06-24,14
333,170504744044,Current,547306.2,Active,2026-03-28,,2026-03-28,7
938,138788476357,Current,1032557.41,Active,2026-05-19,,2026-05-19,16
910,947019360006,Current,1728492.18,Active,2018-05-23,,2018-05-23,19
309,351428577518,Savings,492.66,Closed,2022-05-06,2024-09-18,2022-05-06,12
742,602846898893,Savings,323698.49,Active,2019-07-12,,2019-07-12,15
973,848532739918,Current,919359.37,Active,2025-10-23,,2025-10-23,14
863,863989086921,Current,646567.1,Active,2021-01-26,,2021-01-26,8
534,921946130940,Savings,467740.2,Active,2023-06-14,,2023-06-14,15
662,169045832206,Salary,30055.52,Active,2026-05-02,,2026-05-02,3
323,289653148637,Savings,365709.25,Active,2020-10-11,,2020-10-11,10
777,397753094226,Savings,30890.14,Active,2020-10-01,,2020-10-01,2
126,695309865224,Current,1956801.42,Active,2018-08-30,,2018-08-30,4
309,223206883916,Savings,28736.41,Active,2024-05-30,,2024-05-30,4
225,250771618877,Savings,376.55,Closed,2022-05-08,2022-07-22,2022-05-08,17
443,452168174453,Premium,3951569.3,Active,2023-09-05,,2023-09-05,12
410,590541916014,Savings,58289.49,Active,2018-01-14,,2018-01-14,1
135,701202317003,Savings,94343.07,Active,2026-05-30,,2026-05-30,16
11,458071890305,Current,83468.3,Active,2019-11-10,,2019-11-10,16
783,673027872452,Savings,46422.01,Active,2022-01-29,,2022-01-29,7
164,582759365805,Savings,147020.94,Active,2025-07-23,,2025-07-23,12
443,912507280501,Savings,573.5,Closed,2019-09-08,2020-05-27,2019-09-08,11
491,434502044534,Savings,357226.08,Inactive,2022-12-16,,2022-12-16,15
457,500024674302,Current,397242.82,Active,2018-05-22,,2018-05-22,4
733,607193114771,Savings,193800.45,Active,2018-08-22,,2018-08-22,4
960,723654920079,Savings,409271.79,Active,2022-12-18,,2022-12-18,5
828,193850724736,Savings,240169.08,Active,2025-12-27,,2025-12-27,16
357,368242253022,Savings,292049.81,Active,2024-05-29,,2024-05-29,16
781,543849489485,Savings,482627.27,Active,2019-09-10,,2019-09-10,16
527,613667734483,Salary,39859.54,Active,2024-11-22,,2024-11-22,10
848,671664605411,Salary,127160.87,Active,2021-06-05,,2021-06-05,3
351,143790705956,Salary,168482.63,Active,2025-09-28,,2025-09-28,5
106,337385987589,Premium,2428190.53,Active,2019-08-09,,2019-08-09,8
267,652027605576,Premium,4449153.99,Active,2019-11-02,,2019-11-02,12
160,367567114088,Salary,138087.35,Active,2023-06-19,,2023-06-19,15
222,518220750271,Salary,78738.29,Active,2024-09-01,,2024-09-01,6
563,933048725604,Salary,145438.04,Active,2021-11-26,,2021-11-26,14
436,858401519017,Savings,226313.37,Active,2019-02-05,,2019-02-05,16
366,601104150396,Savings,433956.99,Active,2023-08-22,,2023-08-22,3
141,683292860393,Savings,89295.11,Active,2026-01-11,,2026-01-11,1
820,812435585094,Savings,372813.44,Active,2019-06-13,,2019-06-13,16
704,619225268069,Savings,137257.12,Active,2022-04-07,,2022-04-07,16
502,854866761680,Salary,38829.55,Active,2026-03-19,,2026-03-19,10
790,790530021113,Savings,351689.25,Active,2019-03-18,,2019-03-18,3
942,885532076816,Premium,257482.02,Active,2021-03-08,,2021-03-08,7
472,136901253945,Savings,327658.82,Active,2025-02-15,,2025-02-15,17
259,496264374206,Savings,8716.63,Active,2022-03-26,,2022-03-26,6
926,174118488954,Savings,108414.83,Active,2019-01-04,,2019-01-04,14
938,574866496567,Salary,24241.53,Active,2023-10-18,,2023-10-18,6
535,129742791308,Savings,98454.84,Active,2019-04-22,,2019-04-22,15
18,887863454472,Savings,160.44,Closed,2024-03-11,2026-08-06,2024-03-11,15
617,801804296841,Current,1556665.07,Active,2024-11-24,,2024-11-24,10
503,541842556527,Current,295885.45,Active,2019-10-18,,2019-10-18,18
666,151113658367,Savings,316738.7,Active,2023-05-15,,2023-05-15,13
467,879465707806,Current,1027386.65,Active,2019-06-20,,2019-06-20,6
774,105855141174,Savings,319083.09,Active,2023-11-25,,2023-11-25,9
775,195875814299,Savings,130558.53,Active,2026-04-27,,2026-04-27,9
16,538059969093,Current,1030718.99,Active,2023-07-11,,2023-07-11,18
635,982396074229,Savings,430666.96,Active,2021-09-04,,2021-09-04,1
658,754757861556,Savings,479081.86,Active,2026-08-01,,2026-08-01,13
268,691124037196,Savings,165069.41,Active,2024-12-15,,2024-12-15,11
640,150797355492,Savings,379971.51,Active,2026-04-13,,2026-04-13,1
135,312220399521,Salary,40381.19,Active,2025-01-22,,2025-01-22,4
383,607654200347,Salary,75088.12,Active,2023-02-09,,2023-02-09,15
879,970827546463,Salary,16017.08,Active,2025-03-04,,2025-03-04,7
280,426974842147,Savings,151820.2,Active,2026-04-05,,2026-04-05,13
654,917026515757,Savings,169634.41,Active,2019-07-29,,2019-07-29,11
235,119844907625,Current,1316410.35,Active,2018-04-17,,2018-04-17,6
463,852247939094,Salary,72466.34,Active,2022-08-21,,2022-08-21,15
570,548310459846,Savings,237296.57,Active,2022-02-24,,2022-02-24,12
175,594390961549,Savings,200130.02,Frozen,2025-08-06,,2025-08-06,18
478,170452691025,Salary,467.11,Closed,2025-10-22,2026-02-16,2025-10-22,11
880,676798745642,Savings,404358.2,Active,2021-11-28,,2021-11-28,13
695,281667691622,Current,1341804.34,Active,2026-07-24,,2026-07-24,6
789,303107224919,Current,1869828.03,Active,2021-11-11,,2021-11-11,9
425,547147596359,Savings,36283.06,Active,2018-09-03,,2018-09-03,15
454,982171765778,Savings,130811.27,Active,2023-12-22,,2023-12-22,8
148,138757208495,Premium,3337390.25,Active,2018-03-22,,2018-03-22,17
242,683579032379,Savings,466957.61,Active,2018-06-26,,2018-06-26,19
656,276962794203,Savings,137912.74,Active,2022-06-10,,2022-06-10,11
789,924110445161,Savings,317965.08,Active,2025-11-19,,2025-11-19,19
894,603394227713,Savings,129064.16,Active,2022-01-15,,2022-01-15,3
128,873871972389,Savings,451540.95,Active,2020-04-16,,2020-04-16,16
704,342583219058,Savings,201112.7,Inactive,2024-06-05,,2024-06-05,17
206,821378654794,Premium,4611366.99,Active,2021-06-26,,2021-06-26,12
955,475758366106,Savings,45621.83,Active,2021-12-25,,2021-12-25,11
799,395632368662,Current,1308105.57,Active,2025-06-30,,2025-06-30,15
621,194260482969,Savings,6653.67,Active,2021-11-26,,2021-11-26,10
321,606376321384,Salary,92727.59,Active,2022-04-22,,2022-04-22,12
425,766356490468,Savings,105063.6,Active,2021-01-25,,2021-01-25,3
393,363170156552,Salary,3343.01,Inactive,2018-06-03,,2018-06-03,3
647,914234756194,Salary,194261.59,Active,2025-11-29,,2025-11-29,20
564,809357641007,Savings,273944.77,Active,2024-10-28,,2024-10-28,15
733,486602159000,Salary,151713.78,Active,2022-12-30,,2022-12-30,9
949,780494107613,Savings,67049.61,Active,2026-03-15,,2026-03-15,4
496,110466153991,Current,1580380.81,Active,2023-10-07,,2023-10-07,7
418,211538892924,Salary,156000.08,Active,2024-10-25,,2024-10-25,5
510,224249755604,Savings,473363.44,Active,2024-02-15,,2024-02-15,7
653,246689153264,Savings,202985.37,Active,2019-11-14,,2019-11-14,11
926,651676741286,Savings,313280.14,Active,2026-07-19,,2026-07-19,20
238,923436356200,Savings,224670.36,Active,2024-01-14,,2024-01-14,4
738,969629805103,Salary,15173.36,Active,2023-11-03,,2023-11-03,12
130,729994588387,Savings,15017.81,Active,2023-10-10,,2023-10-10,11
275,189042113253,Salary,142177.26,Active,2021-02-23,,2021-02-23,4
81,697349537528,Savings,409555.33,Active,2021-09-05,,2021-09-05,17
703,997804123933,Salary,59857.02,Active,2022-04-15,,2022-04-15,2
640,630075654673,Salary,195387.17,Active,2021-05-06,,2021-05-06,10
563,749015702208,Salary,38394.56,Active,2022-05-21,,2022-05-21,13
462,248819989764,Savings,474285.57,Active,2022-05-15,,2022-05-15,13
813,258328407322,Current,1752033.07,Inactive,2022-11-20,,2022-11-20,5
485,454289222736,Savings,72521.13,Active,2018-06-27,,2018-06-27,12
157,367243929404,Salary,160295.87,Active,2026-07-23,,2026-07-23,19
173,411433781262,Salary,162780.73,Active,2026-04-08,,2026-04-08,11
477,395530128961,Current,1836016.33,Active,2025-03-23,,2025-03-23,13
557,428550574780,Current,425606.49,Active,2023-08-25,,2023-08-25,18
182,228468581521,Savings,119594.14,Active,2024-05-12,,2024-05-12,2
223,681557448021,Savings,457659.48,Active,2023-06-17,,2023-06-17,20
322,317595332501,Savings,386862.9,Active,2022-06-17,,2022-06-17,20
951,472929244343,Salary,77753.41,Active,2023-03-07,,2023-03-07,10
582,735692247691,Savings,101424.94,Active,2022-09-29,,2022-09-29,15
529,415255153800,Salary,100366.37,Active,2025-09-20,,2025-09-20,20
321,925096924808,Savings,69235.99,Active,2020-03-17,,2020-03-17,5
438,223936027281,Savings,208190.84,Active,2018-04-07,,2018-04-07,2
149,666385218805,Salary,113366.88,Active,2024-04-27,,2024-04-27,16
660,169153340941,Savings,323858.72,Active,2021-09-02,,2021-09-02,4
714,379258260958,Salary,90844.08,Active,2025-08-09,,2025-08-09,9
733,978866229644,Savings,198254.2,Active,2020-10-17,,2020-10-17,14
234,334330688968,Current,1096366.97,Active,2022-11-14,,2022-11-14,20
659,885150646558,Savings,102415.53,Active,2023-09-22,,2023-09-22,10
316,840863319104,Current,631809.87,Active,2023-01-06,,2023-01-06,7
30,363770365431,Current,681472.63,Active,2021-07-13,,2021-07-13,12
795,790066333892,Savings,344423.37,Active,2019-10-12,,2019-10-12,18
298,273533133232,Savings,109816.94,Active,2025-07-30,,2025-07-30,12
555,180416432220,Savings,284501.07,Active,2020-10-10,,2020-10-10,11
410,633279726723,Savings,233576.18,Active,2024-04-13,,2024-04-13,16
495,374849905608,Current,1893002.44,Active,2023-01-28,,2023-01-28,19
56,646491346815,Savings,379326.25,Inactive,2025-12-05,,2025-12-05,13
418,468355757309,Savings,85346.61,Active,2019-03-31,,2019-03-31,19
594,416627764132,Savings,105836.75,Active,2022-05-14,,2022-05-14,3
991,553906841281,Savings,440578.15,Active,2022-04-30,,2022-04-30,11
827,608570808913,Savings,8767.44,Active,2026-04-12,,2026-04-12,1
681,205993814865,Savings,446774.08,Active,2024-04-21,,2024-04-21,3
543,242966132380,Savings,269344.75,Active,2019-04-23,,2019-04-23,2
881,316098230878,Salary,21248.3,Active,2020-08-13,,2020-08-13,7
603,170715915401,Premium,1152632.94,Active,2020-03-05,,2020-03-05,8
598,294856004363,Premium,4057517.78,Active,2025-12-31,,2025-12-31,15
360,906075960337,Current,1386522.05,Active,2021-06-22,,2021-06-22,12
884,446198486843,Savings,235812.09,Active,2026-03-12,,2026-03-12,16
869,558718555669,Current,857148.01,Active,2025-05-16,,2025-05-16,13
699,444585473358,Savings,19837.22,Active,2024-02-20,,2024-02-20,6
242,529904182461,Salary,155956.77,Active,2023-04-30,,2023-04-30,9
759,773167830934,Savings,419197.7,Active,2023-04-13,,2023-04-13,9
312,672499552723,Savings,364145.5,Active,2023-11-06,,2023-11-06,19
197,739301551151,Savings,158546.77,Active,2022-04-27,,2022-04-27,12
936,257219460428,Current,370714.2,Inactive,2023-02-13,,2023-02-13,13
525,433856166902,Premium,925537.16,Active,2022-04-24,,2022-04-24,17
931,797041836985,Savings,5846.29,Active,2023-08-17,,2023-08-17,1
709,974088942921,Savings,43209.75,Active,2021-10-29,,2021-10-29,16
847,538774489964,Savings,471406.14,Active,2020-11-17,,2020-11-17,2
304,231446361694,Salary,60779.92,Inactive,2018-05-23,,2018-05-23,14
950,595802220869,Savings,471630.21,Active,2022-08-25,,2022-08-25,20
107,459029369509,Current,848537.83,Active,2023-11-15,,2023-11-15,4
773,424449156946,Savings,18086.4,Active,2020-12-27,,2020-12-27,11
150,248994247854,Savings,331.42,Closed,2025-06-02,2026-08-13,2025-06-02,16
629,510136255554,Savings,417727.18,Active,2022-06-28,,2022-06-28,3
388,802667829865,Savings,335514.83,Active,2021-12-05,,2021-12-05,9
407,744654695441,Salary,903.45,Closed,2023-01-30,2026-05-04,2023-01-30,10
653,494922048293,Premium,4277585.35,Active,2023-06-03,,2023-06-03,5
966,231312083902,Savings,56240.45,Active,2024-10-11,,2024-10-11,18
724,437764112464,Savings,75430.18,Active,2021-02-11,,2021-02-11,13
568,363146022150,Savings,303525.08,Active,2023-11-30,,2023-11-30,13
204,466765640087,Savings,13306.55,Active,2023-11-11,,2023-11-11,8
644,516443096242,Savings,152313.4,Active,2018-07-19,,2018-07-19,2
585,541246903605,Savings,431097.21,Active,2025-02-16,,2025-02-16,11
114,393315877063,Savings,412323.71,Active,2022-07-22,,2022-07-22,18
761,792254733526,Savings,347484.35,Active,2019-05-30,,2019-05-30,2
884,582688854286,Savings,493971.48,Active,2025-02-04,,2025-02-04,18
552,248206056011,Savings,370932.6,Active,2022-01-22,,2022-01-22,8
761,562076298745,Savings,191599.83,Frozen,2018-03-17,,2018-03-17,7
623,977803203022,Savings,10903.44,Frozen,2023-04-16,,2023-04-16,14
178,396529995459,Current,1954826.04,Active,2025-11-28,,2025-11-28,6
103,848554300673,Savings,97398.93,Active,2020-03-11,,2020-03-11,19
822,136152592473,Salary,75241.01,Active,2024-10-19,,2024-10-19,5
518,518664808917,Savings,260215.62,Active,2019-09-12,,2019-09-12,12
382,698657885344,Savings,352257.17,Active,2018-01-17,,2018-01-17,18
429,814690452235,Premium,1834922.48,Active,2018-10-04,,2018-10-04,15
804,655296252168,Savings,904.56,Closed,2018-12-05,2021-06-07,2018-12-05,9
158,535622252212,Salary,130731.32,Active,2018-10-31,,2018-10-31,10
41,530503726976,Savings,100804.17,Active,2019-04-11,,2019-04-11,12
470,321858549440,Current,620441.16,Active,2024-04-19,,2024-04-19,19
754,933753430149,Savings,130081.38,Active,2021-07-25,,2021-07-25,9
142,556274581565,Savings,69606.15,Active,2020-10-06,,2020-10-06,4
583,704617321810,Salary,118977.38,Active,2021-04-14,,2021-04-14,16
375,497921327668,Savings,257378.49,Active,2025-08-07,,2025-08-07,3
857,142234452425,Current,1973477.79,Frozen,2019-08-24,,2019-08-24,9
577,203818003744,Salary,124874.99,Active,2025-08-18,,2025-08-18,6
297,256476779612,Savings,91383.67,Active,2022-10-02,,2022-10-02,7
975,509341470659,Savings,437380.88,Active,2022-10-25,,2022-10-25,13
628,697096928712,Savings,445630.17,Active,2020-01-16,,2020-01-16,5
983,821699830794,Current,1032520.97,Active,2020-06-15,,2020-06-15,19
553,805272864247,Savings,190494.76,Active,2020-12-29,,2020-12-29,9
156,664487771081,Savings,84939.89,Active,2020-04-23,,2020-04-23,6
204,407936159980,Premium,4001794.99,Active,2018-01-03,,2018-01-03,9
821,141629496957,Savings,18872.2,Active,2018-10-16,,2018-10-16,15
935,317655311959,Current,1112916.62,Active,2020-04-20,,2020-04-20,14
496,550915851702,Current,1322019.72,Active,2020-09-14,,2020-09-14,17
746,213479485017,Savings,98768.5,Active,2025-03-01,,2025-03-01,19
42,860167914402,Salary,24710.34,Active,2024-01-21,,2024-01-21,8
25,673625509333,Savings,114089.18,Inactive,2025-11-11,,2025-11-11,19
56,532564221952,Premium,3886105.72,Active,2021-08-13,,2021-08-13,15
757,453177269538,Savings,42129.54,Active,2023-07-31,,2023-07-31,10
678,114536776026,Savings,429576.38,Frozen,2024-02-11,,2024-02-11,2
473,753434305304,Premium,827.38,Closed,2025-07-16,2026-08-13,2025-07-16,20
989,713599821028,Savings,426337.33,Active,2026-02-23,,2026-02-23,6
436,935030840789,Savings,33272.48,Active,2021-01-01,,2021-01-01,2
33,878448189853,Savings,465399.8,Active,2020-06-19,,2020-06-19,16
777,746948033531,Savings,214853.79,Active,2023-11-02,,2023-11-02,6
298,203325708951,Savings,112011.79,Active,2024-04-09,,2024-04-09,15
803,261973302671,Current,642721.43,Active,2018-01-11,,2018-01-11,16
675,965485355743,Savings,121255.06,Active,2025-07-24,,2025-07-24,6
40,620991272067,Savings,478783.18,Active,2020-06-05,,2020-06-05,13
710,218276977214,Salary,196525.72,Active,2023-11-30,,2023-11-30,20
629,345804426156,Savings,489350.45,Active,2020-05-17,,2020-05-17,6
227,398964333555,Savings,122626.33,Active,2018-07-13,,2018-07-13,8
921,638634607905,Current,315964.2,Active,2020-08-30,,2020-08-30,12
266,849853970332,Savings,282005.03,Active,2023-03-27,,2023-03-27,3
780,766250701810,Savings,413701.38,Active,2020-07-21,,2020-07-21,11
237,646997873451,Savings,231548.95,Active,2019-11-18,,2019-11-18,18
474,406114495097,Salary,96730.73,Active,2019-11-28,,2019-11-28,4
241,467656790096,Savings,490934.77,Active,2024-01-27,,2024-01-27,2
98,629718908144,Savings,482437.3,Active,2021-02-10,,2021-02-10,7
251,667897999957,Current,1591949.49,Active,2024-09-23,,2024-09-23,14
453,840609383097,Savings,451212.85,Active,2024-11-26,,2024-11-26,10
170,189114275702,Savings,39546.75,Active,2023-01-20,,2023-01-20,4
681,612755984657,Savings,5968.88,Active,2023-08-29,,2023-08-29,17
364,650542705887,Savings,198068.73,Active,2020-12-25,,2020-12-25,5
861,749282661567,Savings,155437.76,Active,2023-04-25,,2023-04-25,10
263,692928434796,Savings,317930.57,Active,2018-06-22,,2018-06-22,15
487,950628270189,Savings,943.65,Closed,2022-03-06,2025-04-23,2022-03-06,1
417,553771958205,Savings,63276.7,Active,2018-05-12,,2018-05-12,6
239,758664946832,Salary,20789.01,Active,2022-12-30,,2022-12-30,14
206,777175257284,Savings,391481.63,Active,2021-04-13,,2021-04-13,8
847,680392577026,Savings,396240.52,Active,2024-10-18,,2024-10-18,1
62,453588936042,Savings,260990.45,Active,2023-06-08,,2023-06-08,9
508,123257882160,Savings,496721.26,Active,2023-12-07,,2023-12-07,5
708,315235814258,Savings,118793.1,Inactive,2021-05-24,,2021-05-24,4
583,450973886611,Current,1585486.61,Active,2024-10-29,,2024-10-29,7
338,586777182533,Savings,67.6,Closed,2025-02-21,2026-06-29,2025-02-21,2
292,812113048697,Savings,130868.17,Active,2025-08-17,,2025-08-17,5
443,496239213949,Salary,1494.43,Active,2021-11-01,,2021-11-01,5
340,215307899215,Salary,10258.07,Active,2018-01-14,,2018-01-14,3
15,177352009001,Savings,127673.31,Active,2019-11-01,,2019-11-01,4
612,900184577382,Salary,88475.48,Active,2019-01-09,,2019-01-09,17
166,801564078049,Savings,180674.8,Inactive,2019-06-01,,2019-06-01,3
965,311365927380,Current,1309446.66,Active,2021-02-13,,2021-02-13,17
744,749562257686,Savings,154174.3,Active,2019-10-18,,2019-10-18,3
358,781826319128,Savings,158170.77,Active,2024-03-20,,2024-03-20,10
31,804171714777,Savings,169289.32,Active,2023-04-06,,2023-04-06,17
479,526079936035,Savings,230371.56,Active,2021-01-08,,2021-01-08,5
122,872363249056,Savings,408123.51,Inactive,2026-02-20,,2026-02-20,3
62,175093155824,Savings,23585.73,Active,2018-03-17,,2018-03-17,1
529,982302809929,Current,926970.06,Active,2019-07-27,,2019-07-27,3
868,303186941989,Savings,141648.38,Active,2023-06-05,,2023-06-05,4
798,374910874164,Salary,64293.77,Active,2019-12-27,,2019-12-27,9
82,513664879643,Savings,167851.35,Active,2026-01-11,,2026-01-11,5
744,801628568484,Salary,26021.74,Active,2020-06-05,,2020-06-05,19
188,304296078133,Savings,3860.26,Active,2024-04-04,,2024-04-04,17
191,200968560261,Savings,119002.16,Inactive,2019-09-14,,2019-09-14,3
853,461265265011,Savings,103423.75,Active,2023-08-26,,2023-08-26,1
433,378454949420,Salary,100834.69,Active,2024-07-17,,2024-07-17,13
863,712755582584,Savings,333756.59,Active,2021-05-12,,2021-05-12,19
903,635945524800,Current,1415586.8,Active,2024-09-24,,2024-09-24,1
936,165097689641,Savings,493837.32,Active,2021-11-28,,2021-11-28,12
646,113466498418,Savings,180994.73,Active,2022-06-06,,2022-06-06,8
749,378370311282,Salary,2326.68,Inactive,2025-10-27,,2025-10-27,2
49,926861901671,Current,835335.19,Active,2024-09-27,,2024-09-27,16
109,124943253247,Savings,384815.79,Active,2022-09-23,,2022-09-23,15
348,671475085223,Savings,212896.2,Active,2026-01-06,,2026-01-06,7
54,421622479128,Current,1095082.63,Active,2018-06-07,,2018-06-07,19
917,162866374398,Savings,257268.86,Active,2023-08-27,,2023-08-27,20
468,506361904502,Savings,260242.08,Active,2024-04-17,,2024-04-17,5
893,727983642893,Savings,188108.57,Active,2026-02-05,,2026-02-05,9
344,963223647488,Salary,13531.22,Active,2024-01-12,,2024-01-12,20
776,667003838476,Savings,29470.8,Active,2021-10-27,,2021-10-27,2
461,902338740552,Current,1336882.47,Active,2018-04-14,,2018-04-14,14
695,445887615410,Savings,216008.14,Active,2022-05-06,,2022-05-06,9
426,705182370782,Premium,2946368.16,Active,2019-07-31,,2019-07-31,5
875,883906049532,Savings,143404.19,Active,2020-09-11,,2020-09-11,15
127,878659034827,Savings,345919.9,Active,2018-07-23,,2018-07-23,19
39,730688341586,Savings,36892.12,Active,2023-03-30,,2023-03-30,14
794,890771771918,Savings,256892.12,Active,2018-11-03,,2018-11-03,13
942,777465443470,Salary,160293.7,Active,2022-06-18,,2022-06-18,2
15,283603282531,Savings,25483.81,Active,2021-03-13,,2021-03-13,18
618,272760361671,Premium,198211.94,Active,2019-12-28,,2019-12-28,17
540,442333409175,Savings,190871.38,Active,2019-12-13,,2019-12-13,9
202,321417538923,Savings,207990.26,Active,2024-01-01,,2024-01-01,14
758,242547103771,Savings,194945.28,Active,2018-11-24,,2018-11-24,19
124,620734281837,Savings,282709.3,Inactive,2019-03-27,,2019-03-27,13
600,204836366787,Savings,132487.88,Active,2018-08-07,,2018-08-07,3
16,101099043732,Current,485020.23,Active,2025-12-07,,2025-12-07,5
485,761297003323,Salary,166152.14,Active,2022-06-10,,2022-06-10,16
42,244496936431,Current,1603719.25,Frozen,2025-12-30,,2025-12-30,1
491,603319765006,Salary,60193.28,Active,2021-04-06,,2021-04-06,13
639,240372060552,Salary,37906.47,Active,2026-04-16,,2026-04-16,7
574,970264942050,Savings,243320.97,Active,2019-04-12,,2019-04-12,3
370,253663567301,Savings,348745.97,Active,2024-04-10,,2024-04-10,6
403,614471126731,Current,921214.48,Active,2025-07-13,,2025-07-13,9
650,655329378237,Savings,465774.5,Active,2022-06-04,,2022-06-04,19
187,812785979219,Savings,361829.7,Frozen,2019-02-17,,2019-02-17,16
497,647788498036,Savings,492439.63,Active,2022-10-10,,2022-10-10,2
841,765898442329,Salary,111856.69,Active,2021-11-28,,2021-11-28,3
623,182011170647,Salary,148549.73,Active,2021-02-04,,2021-02-04,20
996,578546507941,Savings,212450.97,Active,2022-07-19,,2022-07-19,15
321,259508689272,Current,1056139.7,Active,2025-06-20,,2025-06-20,13
155,714621596093,Savings,6967.26,Active,2024-06-29,,2024-06-29,7
152,494895171799,Current,1792357.42,Active,2023-04-11,,2023-04-11,4
338,169382217126,Salary,104529.32,Active,2022-02-25,,2022-02-25,9
197,867521953618,Savings,400155.41,Active,2018-06-13,,2018-06-13,18
269,535641232520,Current,1480068.18,Active,2024-12-15,,2024-12-15,9
510,895876068643,Savings,263291.08,Active,2021-05-03,,2021-05-03,9
831,712074094542,Salary,142466.03,Active,2023-08-26,,2023-08-26,7
541,386359173508,Salary,60306.18,Active,2021-05-27,,2021-05-27,3
953,657206509039,Savings,140670.1,Active,2025-10-02,,2025-10-02,14
797,492273780804,Savings,195232.56,Active,2024-12-11,,2024-12-11,5
381,228193880824,Savings,254442.21,Active,2020-04-21,,2020-04-21,13
34,260092052604,Salary,85677.3,Active,2025-06-23,,2025-06-23,1
953,471580551343,Savings,493055.08,Active,2024-04-13,,2024-04-13,4
599,678094880195,Savings,462927.29,Active,2018-11-24,,2018-11-24,5
472,426356356217,Savings,324395.57,Active,2022-09-25,,2022-09-25,7
50,373136395233,Premium,2609618.55,Active,2024-07-20,,2024-07-20,9
894,632003695887,Savings,135237.15,Active,2019-02-22,,2019-02-22,16
6,457949281678,Current,1138639.54,Active,2022-01-05,,2022-01-05,17
580,854534959871,Salary,121006.86,Active,2025-10-16,,2025-10-16,9
319,879160279841,Savings,267331.29,Active,2018-07-09,,2018-07-09,8
483,192392501448,Savings,17061.36,Active,2021-02-18,,2021-02-18,5
141,712910331291,Savings,369286.79,Inactive,2019-06-24,,2019-06-24,2
632,622287008788,Savings,174980.29,Active,2023-03-19,,2023-03-19,9
286,809590552981,Savings,410220.25,Active,2018-09-03,,2018-09-03,7
206,248561463033,Savings,488849.24,Active,2021-08-08,,2021-08-08,10
189,418256182206,Current,776172.38,Active,2025-03-15,,2025-03-15,20
885,270921685505,Savings,107932.97,Active,2022-01-02,,2022-01-02,5
952,207487710796,Savings,450849.84,Inactive,2025-08-19,,2025-08-19,3
790,183990093243,Savings,28707.77,Active,2023-05-06,,2023-05-06,18
435,517003712116,Current,327212.93,Active,2024-01-06,,2024-01-06,6
986,230305458588,Current,419.45,Closed,2024-06-03,2026-08-13,2024-06-03,9
193,424092972056,Savings,90163.92,Active,2018-10-27,,2018-10-27,19
104,222970879220,Savings,177358.1,Active,2024-12-22,,2024-12-22,8
346,958252588724,Savings,321694.2,Active,2019-04-22,,2019-04-22,15
399,690079483626,Savings,3512.45,Active,2019-04-27,,2019-04-27,17
208,224818404317,Savings,55428.77,Active,2025-06-30,,2025-06-30,5
328,792793469816,Savings,411762.72,Active,2019-03-10,,2019-03-10,5
601,604872558252,Salary,70030.56,Active,2022-01-24,,2022-01-24,16
246,367822063142,Savings,498770.71,Active,2019-12-03,,2019-12-03,19
507,691269001247,Savings,400639.54,Active,2020-08-24,,2020-08-24,10
234,529020533055,Savings,898.12,Closed,2025-12-16,2026-08-13,2025-12-16,7
917,295027450863,Savings,467114.94,Active,2025-07-12,,2025-07-12,20
915,557825231824,Savings,115893.95,Active,2022-12-03,,2022-12-03,9
258,871559250821,Savings,214770.74,Active,2024-12-10,,2024-12-10,11
77,387466552784,Savings,19058.85,Active,2018-10-08,,2018-10-08,4
865,958778363372,Current,365671.67,Active,2025-05-09,,2025-05-09,4
840,845756915199,Savings,499445.49,Active,2018-11-16,,2018-11-16,4
511,356043054400,Current,214549.2,Active,2023-01-09,,2023-01-09,2
525,889655082840,Current,857489.8,Active,2019-02-17,,2019-02-17,11
228,570325428069,Savings,203157.85,Active,2020-08-28,,2020-08-28,8
800,729413346211,Premium,2567083.92,Active,2024-02-12,,2024-02-12,4
